IND_DESC, LOCAL_TIV ,LOCAL_CURRENCY,REPORTDATE,PROJ_NAME,PROJECT_TYPE,PJ_SIC_NAM,SICPRODUCT,OWNER_NAME,P_STATUS_D,P_SIC_DESC,PLANT_NAME,P_ULT_NAME,PLANT_ADDR,PLANT_CITY,PLANT_ST,PL_ST_NAME,PL_COUNTRY,PLANT_ZIP,PL_PHONE,LONGITUDE,LATITUDE,PEC_ZONE,MARKET_REG,COUNTY_DES,ACT_DESC,AFE_DATE,LONG_LEAD,EQUIP_RFQ,SUB_BIDDOC,KICKOFF,COMP_YRMO,COMPLETION,CO_PRECISN,SCOPE,SCHEDULE,PLANT_ID,PL_PARENT,PARENTNAME,LIVE_DATE,PRJ_STAT,PRJ_QCDATE,CAP_DESC,REPORT_LINK,KO_SLIP,PROJ_PROB
Food & Beverage," $4,000,000 ",USD,10-Nov-25,PERRIS FEED MILL ROBOTIC STACKER ADDITIONS,Automation,Prepared Feeds for Livestock,"Meal, bone: prepared as feed for animals and fowls-mfg",Star Milling Company,Operational,Prepared Feeds for Livestock,Perris Feed Mill,Star Milling Company,24067 Water Street,Perris,CA,California,U.S.A.,925707395,+1 9516573143,-117.243184,33.818942,CA*08,West Coast U.S.A.,Riverside [western],Market Analysis,12/21/2454,9/22/2454,12/21/2454,12/23/2454,12/27/2454,12/28/2454,31-Aug-27,YEAR,"Star Milling Company has begun Market Analysis for Feed Mill Robotic Stacker Additions. DETAILS: At Existing 75,000 sqft Feed Mill & Warehouse Facility, Perform Automation Upgrade to Plant by Constructing (2-3) new Robotic Stacker Additions plus Auxiliary Equipment. REQUIRES: Stainless Steel Fabrication, Stacker Machines, Automated Systems, Robotics, Mounting Frames, Arms, Pneumatics, Material Handling Equipment, Wrappers, Controllers, Staging Equipment, Air Lines, Speed Reducers, Motors, Servo Drives, Grippers, Wrists, Mechanical Brakes/Adjustable Hard Stops, Operator Stations, Interface Panels, Cables, Input/Output Devices, Monitoring System, Relays, Controls (PLC & Cabinet) plus Electrical Distribution.","Star Milling Company continues Market Analysis for Feed Mill Robotic Stacker Additions thru 3Q26 (Jul) and anticipates finalizing Scope by 3Q26 (Sep) and receiving Final AFE Approval by 1Q27 (Jan). Subject to Approval, Star Milling Company releases RFQs and Bid Documents 1Q27 (Jan-Mar). Construction Kick-Off 3Q27 (Jul). Project Completion 3Q27 (Aug).",1517885,1517885,Star Milling Company,10-Nov-25,A,10-Nov-25,Livestock Feed,https://www.industrialinfo.com/dash/project_report.jsp?PROJECT_ID=301130558,0,Medium (70-80%)
Food & Beverage," $15,000,000 ",USD,4-Nov-24,TERRA BELLA PISTACHIO PROCESSING PLANT ADDITION,Plant Expansion,Crop Preparation Services for Market,Nut hulling and shelling,Setton Farms,Operational,Crop Preparation Services for Market,Terra Bella Pistachio Packaging,Setton Farms,9370 Road 234,Terra Bella,CA,California,U.S.A.,932709226,+1 5595356050,-119.048357,35.959604,CA*06,West Coast U.S.A.,Tulare,Preliminary Design,9/20/2454,,9/12/2454,9/14/2454,9/21/2454,9/23/2454,31-Dec-26,YEAR,"Setton Farms (As Own G/C) has begun Preliminary Design for Pistachio Processing Plant Expansion. DETAILS: At Existing (395,560 sqft) Pistachio Processing Plant and Orchard, Construct new (60,000 sqft) Building Addition plus Install new Hulling plus Associated Equipment to Process Pistachios. REQUIRES: Site Preparation, Foundation, Building, Heavy Load Flooring, Stainless Steel Fabrication, Doors/Docks, Crusher, Conveyor Systems, Aspirators, Screening System, Unloading/Storage System, Washing System, Shakers, Dryers, Shelling Equipment, Traceability System, Weighing System, Filling & Bagging Equipment,  Roasters, Washers, Tanks/Vessels, Production Line(s), Packaging Equipment, Conveyor System, Ingredient Receiving & Handling Equipment, Automated Retrieving Systems, Blanching Machines, Peeler, Cooling Machines, Racking Systems, Utility Tie-ins Plus Electrical Distribution. ENVIRONMENTAL: (A) Ducts, Vents; (L) Floor Drains, Spill Containment.","Setton Farms (As Own G/C) has begun Preliminary Design for Pistachio Processing Plant Expansion thru 1Q26 (Jan), and anticipates AFE Approval 3Q26 (Sep). Upon Approval, Setton Farms releases RFQs and Bid Documents 1Q26 (Jan-Mar). Construction Kick-Off 4Q26 (Oct). Project Completion 4Q26 (Dec).",3182938,3162188,Setton Farms,5-Nov-24,A,6-Nov-25,"Pistachios, Prepared Or Preserved Nesoi",https://www.industrialinfo.com/dash/project_report.jsp?PROJECT_ID=301022422,18,Medium (70-80%)
Food & Beverage," $800,000 ",USD,2-Sep-22,STOCKTON FATS & OIL REFINERY FACILITY ADDITION,Plant Expansion,General Warehousing & Storage,General warehousing and storage,Wilmar Oleo North America,Operational,Animal & Marine Fats & Oils,Stockton Fats & Oil Refinery,Wilmar International Limited,2008 Port Road B,Stockton,CA,California,U.S.A.,952032923,+1 2095077500,-121.321139,37.950697,CA*06,West Coast U.S.A.,San Joaquin,Permitting,6/12/2454,,6/11/2454,6/12/2454,6/13/2454,6/15/2454,31-Dec-25,YEAR,"Wilmar Oleo North America with Striplin Walker Construction, Inc has begun Permitting for Fats & Oil Refinery Facility Addition. DETAILS: At Existing 90,000 sqft Fats and Oils Refinery, Construct new Small Facility Addition (Approx. 2,000 sqft, Maintenance) plus Auxiliary Equipment. REQUIRES: Site Preparation, Foundation, Building, Insulated Metal Panels, Equipment Pads & Settings, Stainless Steel Fabrication, Shipping & Receiving Area, Drive-Thru Bays, Work Bays, Hydraulic Systems, Sealed Floors, Floor Drains, Lighting, Fire Protection & Inventory Management Systems, Fans, Pumps, Motors, Controls (PLC), Utilities, Electrical Distribution plus Office & Parts Room. ENVIRONMENTAL: (A) Vent Exhaust System, Ducting; (L) Spill Containment, Floor Drains.","Wilmar Oleo North America with Striplin Walker Construction, Inc continues Permitting for Fats & Oil& Refinery Facility Addition thru 3Q25 (Sep). Wilmar Oleo North America with Striplin Walker Construction, Inc releases RFQs and Bid Documents for Contractors and Subcontractors 3Q25 (Jul-Sep). Construction Kick-Off 4Q25 (Oct). Project Completion 4Q25 (Dec).",3199384,3176261,Wilmar Oleo North America,8-Sep-22,A,5-Dec-24,"Animal And Vegetable Fats And Oils And Their Fractions, Edible, Nesoi, Except Those Of Heading 1516",https://www.industrialinfo.com/dash/project_report.jsp?PROJECT_ID=300818097,13,Medium (70-80%)
Food & Beverage," $3,000,000 ",USD,5-Dec-24,TURLARE PISTACHIO PROCESSING PLANT (RTE) PACKAGING LINE ADDITION,Equipment Addition,Salted & Roasted Nuts & Seeds,"Nuts: salted, roasted, cooked, or canned-mfg",Horizon Nut Company,Operational,Salted & Roasted Nuts & Seeds,Tulare Pistachio Processing,Horizon Nut Company,26487 North Highway 99,Tulare,CA,California,U.S.A.,932749317,+1 5596853663,-119.366642,36.273212,CA*06,West Coast U.S.A.,Tulare,Project Scope,6/12/2454,6/5/2454,6/7/2454,6/9/2454,6/13/2454,6/14/2454,6-Nov-25,QUARTER,"Horizon Nut Company has begun developing Project Scope for Pistachio Processing Plant (RTE) Packaging Line Addition. DETAILS: At Existing 187,000 sqft Pistachio Manufacturing Plant, Perform Upgrade to Plant by Constructing (1) new Packaging Line (RTE, Ready-To-Eat) Addition plus Auxiliary Equipment. REQUIRES: Stainless Steel Fabrication, Bagging Machines, Conveyor Systems, Robotics, Palletizer, Automated Systems, Material Handling Equipment, Labelers & Sealers, Feeders, Pneumatics, Motors, Servo Drives, Feeders, Belts, Controllers, Software, Speed Reducers, Cabinets, Interface Panels, Cables, Input/Output Devices, Monitoring & Inspection System, Process Controls (PLC) & Tie-Ins plus Electrical Distribution.","Horizon Nut Company continues developing Project Scope for Pistachio Processing Plant (RTE) Packaging Line Addition thru 4Q24 (Dec) and anticipates finalizing Scope by 1Q25 (Jan) and receiving Final AFE Approval by 3Q25 (Sep). Subject to Approval, Horizon Nut Company releases RFQs and Bid Documents 2Q25 (Apr-Jun). Construction Kick-Off 4Q25 (Oct). Project Completion 4Q25 (Nov).",3119649,3111823,Horizon Nut Company,5-Dec-24,A,5-Dec-24,"Pistachios, Prepared Or Preserved Nesoi",https://www.industrialinfo.com/dash/project_report.jsp?PROJECT_ID=301031540,0,Medium (70-80%)
Food & Beverage," $750,000 ",USD,27-Feb-25,WILLIAMS RICE MILL SIFTER REPLACEMENTS,Replacement,Rice Milling,Milling of rice-mfg,Tamaki Rice Corporation,Operational,Rice Milling,Williams Rice Mill,Tamaki Rice Corporation,1701 Able Road,Williams,CA,California,U.S.A.,95987,+1 5304732862,-122.117062,39.143445,CA*02,West Coast U.S.A.,Colusa,Market Analysis,6/13/2454,,6/7/2454,6/9/2454,6/14/2454,6/14/2454,29-Nov-25,MONTH,"Tamaki Rice Corporation has begun Market Analysis for Rice Mill Sifter Replacements. Details: At Existing (23,000 Sq.ft) Rice Mill and Packaging Facility. Perform Upgrades to Rice Mill by  Replacing (2-3) old Sifters plus Auxiliary Equipment. REQUIRES: Equipment Removal/Disassembly, Stainless Steel Fabrication, Equipment Pads & Setting, Sifters, Conveyor Systems, Motors, Drives, Belts, Automated Systems, Feeders, Pulleys, Hoppers & Supporting Equipment, Speed Reducers, Material Handling Equipment, Motors, Drives, Process Controls (PLC) & Tie-Ins plus Electrical Distribution. ENVIRONMENTAL: (A) Ducting, Dust Collection System.","Tamaki Rice Corporation continues Market Analysis for Rice Mill Sifter Replacements thru 1Q25 (Feb) and anticipates AFE Approval 4Q25 (Oct). Subject to Approval, Tamaki Rice Corporation releases RFQs and Bid Documents for Contractors & Equipment 2Q25 (Apr-Jun). Construction Kick-Off 4Q25 (Nov). Project Completion 4Q25 (Nov).",3146438,3134075,Tamaki Rice Corporation,27-Feb-25,A,27-Feb-25,,https://www.industrialinfo.com/dash/project_report.jsp?PROJECT_ID=301054444,4,Medium (70-80%)
Food & Beverage," $2,500,000 ",USD,26-Jan-24,CORCORAN COTTONSEED OIL MILL SILO REBUILD,Rebuild,Cottonseed Oil Mills,"Cottonseed oil, deodorized-mfg",J G Boswell Tomato Company LLC,Operational,Cottonseed Oil Mills,Corcoran Oil Mill,J G Boswell Tomato Company LLC,710 Bainum Avenue,Corcoran,CA,California,U.S.A.,932129603,+1 5599922141,-119.55371,36.09264,CA*06,West Coast U.S.A.,Kings,Owner Review of Issue,9/18/2454,6/15/2454,9/18/2454,9/20/2454,9/21/2454,9/23/2454,31-Dec-26,QUARTER,"J G Boswell Tomato Company LLC has begun Owner Review of Issue of Capital for Cottonseed Oil Mill Grain Silo Rebuild. DETAILS: At Cottonseed Oil Mill, Dismantle Recently Damaged (1,400 Tons) Cottonseed Silo by Fire, Construct New Silo with Associated Structures plus Install Auxiliary Equipment & Systems to resume Cottonseed Storage Operations. REQUIRES: Demolition & Debris Removal, Site Preparation, Foundation, Concrete Pads, Silo Erection, Stainless Steel Fabrication, Loading/Unloading Systems, Feeders, Cranes, Conveyor Systems, Dryer, Dump Pile, Motors, Hoppers, Hydraulics, Catwalks, Handrails, Fire Protection System, Mechanical Supporting Equipment, Compressor (Air), Process Controls (PLC), Lighting plus Electrical Distribution. ENVIRONMENTAL: (A) Baghouses, Filters, Vent, Dust Collection System; (L) Spill Containment.","J G Boswell Tomato Company LLC continues Owner Review of Issue of Capital for Cottonseed Oil Mill Grain Silo Rebuild through 4Q25 (Dec) and anticipates Final AFE Approval 3Q26 (Jul). Upon Final Owner Approval, J G Boswell Tomato Company LLC awards G/C plus releases RFQs and Bid Documents for Contractors, Vendors and Specialty Trades 3Q26 (Jul-Sep). Construction Kick-Off 4Q26 (Oct). Project Completion 4Q26 (Dec).",3579460,3008807,J G Boswell Tomato Company LLC,30-Jan-24,A,5-Nov-25,Cottonseed Oil,https://www.industrialinfo.com/dash/project_report.jsp?PROJECT_ID=300949026,30,Low (0-69%)
Food & Beverage," $1,500,000 ",USD,2-Dec-24,CARSON FROZEN PIZZA PLANT PACKAGING UPGRADES,Upgrade,Food Preparations,"Pizza, refrigerated: not frozen-mfg",K T's Kitchens Inc,Operational,Food Preparations,Carson Frozen Pizza,K T's Kitchens Inc,1065 East Walnut Street,Carson,CA,California,U.S.A.,907461384,+1 3107640850,-118.256106,33.876081,CA*08,West Coast U.S.A.,Los Angeles [souther,Market Analysis,12/21/2454,9/22/2454,12/21/2454,12/23/2454,12/27/2454,12/28/2454,31-Aug-27,YEAR,"K T's Kitchens has begun Market Analysis for Frozen Pizza Plant Packaging Line Upgrades. DETAILS: At Existing 140,000 sqft Frozen Pizza Manufacturing Plant, Perform Upgrades to Packaging Lines by Constructing (1-2) new Wrapper Machines and (1-2) new Bagger Machines plus Auxiliary Equipment. REQUIRES: Equipment Removal/Disassembly, Stainless Steel Fabrication, Bagging Machines, Wrappers, Modifications to Packaging Line, Conveyor Systems, Automated Systems, Material Handling Equipment, Labelers & Sealers, Feeders, Pneumatics, Motors, Servo Drives, Feeders, Belts, Controllers, Software, Speed Reducers, Cabinets, Interface Panels, Cables, Input/Output Devices, Monitoring & Inspection System, Process Controls (PLC) & Tie-Ins plus Electrical Distribution.","K T's Kitchens continues Market Analysis for Frozen Pizza Plant Packaging Line Upgrades thru 4Q25 (Dec) and anticipates finalizing Scope by 3Q26 (Aug) and receiving Final AFE Approval by 1Q27 (Jan). Subject to Approval, K T's Kitchens releases RFQs and Bid Documents 1Q27 (Jan-Mar). Construction Kick-Off 3Q27 (Jul). Project Completion 3Q27 (Aug).",3248469,3221041,K T's Kitchens Inc,5-Dec-24,A,5-Nov-25,Pizza And Quiche,https://www.industrialinfo.com/dash/project_report.jsp?PROJECT_ID=301030729,0,Low (0-69%)
Food & Beverage," $40,000,000 ",USD,3-Jan-22,SACRAMENTO CREAMERY PRODUCTION PLANT AUTOMATED COLD STORAGE ADDITION,Storage Addition,Refrigerated Warehousing & Storage,Cold storage warehousing,HP Hood LLC,Operational,Creamery Butter,Sacramento Creamery,HP Hood LLC,8340 Belvedere Avenue,Sacramento,CA,California,U.S.A.,958265902,+1 9163864700,-121.398175,38.533886,CA*02,West Coast U.S.A.,Sacramento,Permitting,6/12/2454,,6/6/2454,6/7/2454,6/12/2454,6/15/2454,31-Dec-25,QUARTER,"HP Hood LLC with O'Neal Incorporated (Design-Build) and Automha Americas Automation Corporation (Technology Provider) has Site Permitting for Creamery Production Plant Automated Cold Storage Addition. DETAILS: At (27.15-Acre) Site Adjacent to (155,000 sqft) Creamery Production Plant, Construct (94,000 sqft; 100'H) Automated Storage and Retrieval System (ASRS) Cold Storage Warehouse Addition with Associated Equipment to Store up to 25,000 Pallets. REQUIRES: Site Preparation, Foundation, Building, Heavy Load Flooring, Insulated Wall Panels, Docks/Doors, Refrigeration System (Ammonia), Freezers, Evaporated Coils, Air Flow & Temperature Controlled Systems, Fans, Compressors (Air), Condensers, Storage Racks, Material Handling Equipment, Conveyor Systems, Robotics, Palletizers, Case Packers, Scanner, Sanitation & Safety Equipment, Inventory Management & Fire Protection Systems, Automated Storage & Retrieval System (ASRS), Charging Stations, Mechanical & Engine Rooms, Process Controls (PLC) & Utilities plus Electrical Distribution. ENVIRONMENTAL: (A) Vent Exhaust System, Ducting; (L) Spill Containment, Floor Drains.","HP Hood LLC with O'Neal Incorporated and Automha Americas Automation Corporation continues Site Permitting for Creamery Production Plant Automated Cold Storage Addition and through Detailed Design plus anticipates AFE Approval 3Q25 (Sep). Upon Approval, HP Hood LLC with O'Neal Incorporated and Automha Americas Automation Corporation releases RFQs and Bid Documents for Contractors, Subcontractors & Specialty Trades 1Q25 (Mar) thru 2Q25 (Apr). Construction Kick-Off 3Q25 (Sep). Project Completion 4Q25 (Dec).",1026009,1056705,HP Hood LLC,3-Jan-22,A,7-Jan-25,Refrigerated Warehousing & Storage,https://www.industrialinfo.com/dash/project_report.jsp?PROJECT_ID=300755654,39,Medium (70-80%)
Food & Beverage," $5,900,000 ",USD,4-Aug-25,WILLOWS CHEESE PRODUCTION PLANT ANAEROBIC DIGESTER EXPANSION,Equipment Addition,"Natural, Processed & Imitation Cheese","Cheese products, imitation or substitutes-mfg",Sierra Nevada Cheese Company,Operational,"Natural, Processed & Imitation Cheese",Willows Cheese,Sierra Nevada Cheese Company,6505 County Road #39,Willows,CA,California,U.S.A.,959889709,+1 5309348660,-122.192917,39.582823,CA*02,West Coast U.S.A.,Glenn,Permitting,6/12/2454,,6/11/2454,6/12/2454,6/13/2454,9/16/2454,1-May-26,YEAR,"Sierra Nevada Cheese Company with Biogas Energy Inc. has begun Permitting for Cheese Production Plant Anaerobic Digester Expansion.  DETAILS: At Existing (6,000 Cows) Dairy Farm, Expand old Anaerobic Digester Systems plus Install Associated Equipment  REQUIRES: Site Preparation, Foundation, Buildings, Equipment Pads (Concrete) & Settings, Concrete Sidewalls, Stainless Steel Fabrication, Heated Tanks, Anaerobic Digester, Dissolved Air Flotation Tank (DAF), Filters, Heat Exchangers, Steam Piping, Augers, Tanks, Compressors (Air), Scrubbers, Pressure Relief Valves, Mixers, Effluent Systems, Mounting Frames, Generators, Gas Flow Meters, Cooling System, Temperature & Humidity Control Systems, Switchgear, Breakers, Transformer, Buffers, Fire Protection System, Motors, Drives, Process Controls & Utilities Tie-Ins plus Electrical Distribution. ENVIRONMENTAL: (A) Emissions Controls, Scrubber System; (L) Containment Areas; (W) Wastewater Treatment Systems.","Sierra Nevada Cheese Company with Biogas Energy Inc. continues Permitting for Cheese Production Plant Anaerobic Digester Expansion and anticipates AFE Approval 3Q25 (Sep). Upon FInal Approvals, Sierra Nevada Cheese Company releases remaining RFQs and Bid Documents for Contractors, Subcontractors, Equipment Providers & Specialty Trades 3Q25 (Jul-Sep). Construction Kick-Off 4Q25 (Oct). Project Completion 2Q26 (May).",3188816,3166986,Sierra Nevada Cheese Company,6-Aug-25,A,4-Aug-25,,https://www.industrialinfo.com/dash/project_report.jsp?PROJECT_ID=301099655,0,Medium (70-80%)
Food & Beverage," $1,000,000 ",USD,22-Jul-25,BREA SPICES & EXTRACTS PLANT STORAGE RACKING SYSTEM ADDITION,Storage Addition,Food Preparations,"Spices, including grinding-mfg",Jiaherb INC,Operational,Food Preparations,Brea Spices & Extracts,Jiaherb INC,2929 East Imperial Highway,Brea,CA,California,U.S.A.,92821,+1 9734396869,-117.858033,33.911838,CA*08,West Coast U.S.A.,Orange,Permitting,6/13/2454,,6/11/2454,6/13/2454,6/15/2454,9/12/2454,31-Jan-26,MONTH,"Jiaherb INC has begun permitting for Spices & Extracts Plant Storage Racking System Addition. DETAILS: At Existing (130,925 sq.ft) Natural Ingredients Manufacturing Facility, Construct new Storage Racking Systems alongside Production Areas plus Install Associated Equipment. REQUIRES: Structural Modifications, Stainless Steel Fabrication, Storage Racks, Material Handling Equipment, Automated Storage & Retrieval Systems (AS/RS), Robotic Pickers, Fasteners/Floor Anchors, Inventory Management System plus Electrical Distribution. ENVIRONMENTAL: (A) Vents.","Jiaherb INC continues permitting for Spices & Extracts Plant Storage Racking System Addition thru 3Q25 (Jul) and anticipates receiving AFE Approval 4Q25 (Oct). Subject to Final Approval, Jiaherb INC releases RFQs and Bid Documents for Contractors and Specialty Vendors 3Q25 (Aug) thru 4Q25 (Oct). Construction Kick-Off 4Q25 (Dec). Project Completion 1Q26 (Jan).",3649226,3539076,Jiaherb INC,24-Jul-25,A,24-Jul-25,,https://www.industrialinfo.com/dash/project_report.jsp?PROJECT_ID=301095679,0,Medium (70-80%)
Food & Beverage," $1,000,000 ",USD,15-Dec-23,FAIR OAKS CRAFT BREWERY BROWNFIELD,Brownfield,Malt Beverages,Beer (alcoholic beverage)-mfg,Palm Tree Brewing Company,Planned,Malt Beverages,Fair Oaks Craft Brewery,Palm Tree Brewing Company,10148 Fair Oaks Boulevard,Fair Oaks,CA,California,U.S.A.,95628,+1 9162947340,-121.26998,38.64208,CA*02,West Coast U.S.A.,Sacramento,Owner Review of Issue,6/12/2454,2/24/2454,3/6/2454,6/5/2454,6/13/2454,9/14/2454,28-Mar-26,MONTH,"Palm Tree Brewing Company and Lifebox Studios (Architect) has begun Owner Review of Issue for Craft Brewery Brownfield. DETAILS: At Acquired (2,990 sqft) Former Jewelry Store, Perform Structural & Interior Modifications & Upgrades to Building and Install Brewhouse System plus Associated Equipment to Produce Craft Beer Products. REQUIRES: Structural & Interior Modifications, Heavy Load Flooring, Stainless Steel Fabrication, Ingredient Handling Equipment, Brewhouse, Fermentation Tanks, Brite Tanks, Keg Washer plus Filler, Storage Tanks, Case Packers, Stainless Steel Piping, Heat Exchanger, Temperature Control Systems, Heat Exchangers, Storage Racks, Taproom, Rooftop Patio, Process Piping, Control Valves, Pumps, Motors, Drives, Controls (PLC), Utilities plus Electrical Distribution. ENVIRONMENTAL: (A) Vent, Ducting, Exhaust System; (L) Spill Containment, Floor Drains.","Palm Tree Brewing Company and Lifebox Studios (Architect) continues Owner Review of Issue for Craft Brewery Brownfield and anticipates receiving AFE Approval 3Q25 (Sep). Upon Approval, Palm Tree Brewing Company releases Remaining RFQs and Bid Documents for Subcontractors/Contractors and Vendors 4Q24 (Nov) thru 1Q25 (Feb). Construction Kick-Off 4Q25 (Oct). Project Completion 1Q26 (Mar).",3574082,3478852,Palm Tree Brewing Company,15-Dec-23,A,6-Aug-25,,https://www.industrialinfo.com/dash/project_report.jsp?PROJECT_ID=300938716,18,Medium (70-80%)
Food & Beverage," $3,000,000 ",USD,29-Dec-20,NAPA GRASSROOT WINERY,Grassroot,"Wines, Brandy & Brandy Spirits",Wines-mfg,Safe Harbor Wine Storage,Operational,"Wines, Brandy & Brandy Spirits",Napa Winery,Safe Harbor Wine Storage,665 Napa Vallejo Highway,Napa,CA,California,U.S.A.,94558,+1 7072529690,-122.261287,38.214162,CA*03,West Coast U.S.A.,Napa,Permitting,6/12/2454,2/25/2454,3/6/2454,6/4/2454,6/13/2454,6/15/2454,31-Dec-25,QUARTER,"Safe Harbor Wine Storage with Greg LeDoux & Associates and Rossi Development (G/C) has begun Permitting for Grassroot Winery. DETAILS: At 12-acre site, Construct (10,000 sqft) Building for Wine Production, Bottling and Warehouse Operation plus Associated Equipment. REQUIRES: Site Preparation, Foundations, Building, Stainless Steel Fabrication, Tanks/Vessels, Ingredients Receiving & Handling Equipment, Hopper, Feeder, Presses, Crusher, Mixers, Blenders, Processing Vessels, Fermentation Tanks, Filling & Bottling Equipment, Conveyors Systems, Case Packers, Barrel Storage Racks, Fire Protection System, Temperature Controls System, Compressor (Air), Pumps, Valves, Heat Exchanger, Utilities, Process Controls (PLC), Electrical Distribution plus Mechanical Room & Offices. ENVIRONMENTAL: (A) Vent System, Ducting, Exhaust System; (L) Containment, Floor Drains.","Safe Harbor Wine Storage with Greg LeDoux & Associates and Rossi Development (G/C) continues Permitting for Grassroot Winery anticipates Final AFE Approval 3Q25 (Sep). Upon Final Capital Approval, Safe Harbor Wine Storage with Rossi Development releases RFQs and Bid Documents for Contractors/Subcontractors and Specialty Trades 4Q24 (Nov) thru 1Q25 (Jan). Construction Kick-Off 4Q25 (Oct). Project Completion 4Q25 (Dec).",3442272,3367909,Safe Harbor Wine Storage,31-Dec-20,A,5-Jun-25,Wine,https://www.industrialinfo.com/dash/project_report.jsp?PROJECT_ID=300660507,54,Low (0-69%)
Food & Beverage," $4,000,000 ",USD,26-Jul-23,NAPA GRASSROOT WINERY,Grassroot,"Wines, Brandy & Brandy Spirits",Wines-mfg,Harcross Winery Company LLC,Planned,"Wines, Brandy & Brandy Spirits",Napa Winery,Harcross Winery Company LLC,6402 Dry Creek Road,Napa,CA,California,U.S.A.,94558,+1 6508670865,-122.45922,38.40983,CA*03,West Coast U.S.A.,Napa,Permitting,6/12/2454,2/25/2454,6/8/2454,6/12/2454,6/13/2454,9/21/2454,31-Oct-26,YEAR,"Harcross Winery with Applied Civil Engineering Incorporated and Nobili Marqués Arquitectura has begun Permitting  for Grassroot Winery. DETAILS: At 51-Acre Grassroot Site, Construct (8,496 sqft) Building plus Install Associated Equipment to Produce 5,000 gallons/year of Wine. REQUIRES: Site Preparation, Foundations, Building, Equipment Pads & Setting, Stainless Steel Fabrication, Ingredients Receiving & Handling Equipment, Hopper, Feeder, Presses, Crusher, Mixers and Blenders, Processing Vessels, Fermentation Tanks, Barrels Storage, Filling and Bottling Equipment, Conveyors & Automated System, Case Packers, Storage Racks, Cooler, Material Handling Equipment, Loading Dock, Fire Protection System & Temperature Controls System, Pumps, Valves, Heat Exchanger, Utility Tie-Ins, Electrical Distribution, Process Controls (PLC) plus Tasting Room. ENVIRONMENTAL: (A) Vent System, Ducting, Exhaust System; (L) Containment, Floor Drains; (W) Wastewater Treatment Tie-Ins.","Harcross Winery with Applied Civil Engineering Incorporated and Nobili Marqués Arquitectura Continues Permitting  for Grassroot Winery Thru 3Q24 (Aug) and anticipates AFE Submittal 3Q25 (Sep). Upon Final Capital Approvals, Harcross Winery with Applied Civil Engineering Incorporated and Nobili Marqués Arquitectura awards G/C and releases RFQs and Subcontractor Bid Documents 3Q25 (Jul-Sep). Construction Kick-Off 4Q25 (Oct). Project Completion 4Q26 (Oct).",3557419,3464401,Harcross Winery Company LLC,26-Jul-23,A,16-Apr-25,,https://www.industrialinfo.com/dash/project_report.jsp?PROJECT_ID=300901602,18,Medium (70-80%)
Food & Beverage," $4,000,000 ",USD,8-Aug-24,FULTON WINERY EXPANSION,Plant Expansion,"Wines, Brandy & Brandy Spirits",Wines-mfg,Croix Estate Winery,Operational,"Wines, Brandy & Brandy Spirits",Fulton Winery,Croix Estate Winery,1406 Wood Road,Fulton,CA,California,U.S.A.,954398833,+1 7075953803,-122.77604,38.48144,CA*03,West Coast U.S.A.,Sonoma,Owner Review of Issue,6/13/2454,,6/8/2454,6/10/2454,6/14/2454,9/17/2454,30-Jun-26,YEAR,"Croix Estate Winery with MH Architects and Titan Builders has begun Owner Review of Issue (Permitting) for Winery Expansion. DETAILS: At Existing Wine Production Site Perform Structural Modifications (Demolition and Renovation) plus Construct (15,780 sqft) Barrel Storage and Install Associated Equipment to Produce (10,000 case/year) Wine. REQUIRES: Site Preparation, Foundations, Buildings, Stainless Steel Fabrication, Tanks/Vessels, Ingredients Receiving & Handling Equipment, Hopper, Feeder, Presses, Crusher, Mixers, Blenders, Processing Vessels, Fermentation Tanks, Filling & Bottling Equipment, Conveyors Systems, Case Packers, Barrel Storage Racks, Fire Protection System, Temperature Controls System, Compressor (Air), Pumps, Valves, Heat Exchanger, Utilities, Process Controls (PLC), Electrical Distribution plus Mechanical Room & Offices. ENVIRONMENTAL: (A) Vent System, Ducting, Exhaust System; (L) Containment, Floor Drains.","Croix Estate Winery with MH Architects and Titan Builders Finalizes Owner Review of Issue for Winery Expansion through Permitting plus anticipates AFE Approval 4Q25 (Oct). Upon Final Capital Approval, Croix Estate Winery with MH Architects and Titan Builders releases RFQs and Subcontractors/Contractors/Vendors Bid Documents 2Q25 (May) through 3Q25 (Jul). Construction Kick-Off 4Q25 (Nov). Project Completion 2Q26 (Jun).",3605418,3502472,Croix Estate Winery,9-Aug-24,A,17-Apr-25,Wine,https://www.industrialinfo.com/dash/project_report.jsp?PROJECT_ID=300999043,7,Medium (70-80%)
Food & Beverage," $5,000,000 ",USD,17-Apr-25,SEBASTOPOL GRASSROOT WINERY FACILITY,Grassroot,"Wines, Brandy & Brandy Spirits",Wines-mfg,Kutch Winery,Planned,"Wines, Brandy & Brandy Spirits",Sebastopol Winery,Kutch Winery,190 Wilson Road,Sebastopol,CA,California,U.S.A.,95742,+1 9172708180,-122.85931,38.39971,CA*03,West Coast U.S.A.,Sonoma,Permitting,6/13/2454,,6/7/2454,6/9/2454,6/14/2454,9/17/2454,30-Jun-26,YEAR,"Kutch Winery has Received Permit Approval for Grassroot Winery Facility. DETAILS: At (12.15-Acre) Site, Construct (10,531 sqft) Building plus Install Associated Equipment to Produce 12,000 cases/year of Wine & 500 gallons/year of spirit Products. REQUIRES: Site Preparation, Foundations, Building, Equipment Pads & Setting, Stainless Steel Fabrication, Ingredients Receiving & Handling Equipment, Hopper, Feeder, Presses, Crusher, Mixers and Blenders, Processing Vessels, Still, Fermentation Tanks, Barrels Storage, Filling and Bottling Equipment, Conveyors & Automated System, Case Packers, Storage Racks, Cooler, Material Handling Equipment, Loading Dock, Fire Protection System & Temperature Controls System, Pumps, Valves, Heat Exchanger, Utility Tie-Ins, Electrical Distribution, Process Controls (PLC) plus Tasting Room. ENVIRONMENTAL: (A) Vent System, Ducting, Exhaust System; (L) Containment, Floor Drains; (W) Wastewater Treatment Tie-Ins.","Kutch Winery received Permit Approval for Grassroot Winery Facility and anticipates receiving Final AFE Approval 4Q25 (Oct). Upon Approval, Kutch Winery awards G/C plus releases RFQs and Subcontractors/Contractors & Specialty Vendors Bid Documents 2Q25 (Apr-Jun). Construction Kick-Off 4Q25 (Nov). Project Completion 2Q26 (Jun).",3635901,3527899,Kutch Winery,17-Apr-25,A,17-Apr-25,Wine,https://www.industrialinfo.com/dash/project_report.jsp?PROJECT_ID=301068022,4,Medium (70-80%)
Food & Beverage," $8,000,000 ",USD,30-Jun-22,ST HELENA GRASSROOT WINERY,Grassroot,"Wines, Brandy & Brandy Spirits",Wines-mfg,Benjamin Ranch Winery,Planned,"Wines, Brandy & Brandy Spirits",St Helena Winery,Benjamin Ranch Winery,8895 Conn Creek Road,Calistoga,CA,California,U.S.A.,94574,+1 7079420859,-122.408,38.479,CA*03,West Coast U.S.A.,Napa,Owner Review of Issue,6/13/2454,11/16/2453,3/6/2454,6/4/2454,6/14/2454,9/23/2454,31-Dec-26,YEAR,"Benjamin Ranch Winery has begun Permitting for Grassroot Winery. DETAILS: At (85.1-Acre) Site, Construct (65,879sqft, 300,000 Gal/yr) Wine Production Facility plus Install Associated Equipment. REQUIRES: Site Preparation, Foundations, Building, Stainless Steel Fabrication, Tanks/Vessels, Ingredients Receiving & Handling Equipment, Hopper, Feeder, Presses, Crusher, Mixers, Blenders, Processing Vessels, Fermentation Tanks, Filling & Bottling Equipment, Conveyors Systems, Case Packers, Barrel Storage Racks, Fire Protection System, Temperature Controls System, Compressor (Air), Pumps, Valves, Heat Exchanger, Utilities, Process Controls (PLC), Electrical Distribution plus Mechanical Room & Offices. ENVIRONMENTAL: (A) Vent System, Ducting, Exhaust System; (L) Containment, Floor Drains.","Benjamin Ranch Winery continues Permitting for Grassroot Winery and anticipates Final AFE Approval 4Q25 (Oct). Upon Approval, Benjamin Ranch Winery awards G/C plus releases RFQs and Subcontractors/Contractors/Vendors Bid Documents 4Q24 (Nov) thru 1Q25 (Jan). Construction Kick-Off 4Q25 (Nov). Project Completion 4Q26 (Dec).",3512512,3427014,Benjamin Ranch Winery,30-Jun-22,A,28-Apr-25,Wine,https://www.industrialinfo.com/dash/project_report.jsp?PROJECT_ID=300802654,31,Low (0-69%)
Food & Beverage," $8,000,000 ",USD,16-Apr-25,NAPA GRASSROOT WINERY FACILITY,Grassroot,"Wines, Brandy & Brandy Spirits",Wines-mfg,Tesseron Vineyards,Planned,"Wines, Brandy & Brandy Spirits",Napa Winery,Tesseron Vineyards,Wall Road and Dry Creek Road,Napa,CA,California,U.S.A.,94558,+1 7073399259,-122.47325,38.40798,CA*03,West Coast U.S.A.,Napa,Owner Review of Issue,6/12/2454,,6/10/2454,6/12/2454,6/13/2454,9/21/2454,31-Oct-26,YEAR,"Tesseron Vineyards with MH Architects (Architect) has begun Owner Review of Issues for Grassroot Winery Facility. DETAILS: At (43.26-Acre) Site, Construct (~18,500 sqft) Building plus Install Associated Equipment to Produce 20,000 Gallons/year of Wine. REQUIRES: Site Preparation, Foundations, Building, Equipment Pads & Setting, Stainless Steel Fabrication, Ingredients Receiving & Handling Equipment, Hopper, Feeder, Presses, Crusher, Mixers and Blenders, Processing Vessels, Fermentation Tanks, Barrels Storage, Filling and Bottling Equipment, Conveyors & Automated System, Case Packers, Storage Racks, Cooler, Material Handling Equipment, Loading Dock, Fire Protection System & Temperature Controls System, Pumps, Valves, Heat Exchanger, Utility Tie-Ins, Electrical Distribution, Process Controls (PLC) plus Tasting Room. ENVIRONMENTAL: (A) Vent System, Ducting, Exhaust System; (L) Containment, Floor Drains; (W) Wastewater Treatment Tie-Ins.","Tesseron Vineyards with MH Architects Finalizes Owner Review of Issues for Grassroot Winery Facility plus anticipates Final AFE Approval 3Q25 (Sep). Upon Approval, Tesseron Vineyards awards G/C and releases RFQs and Subcontractors/Contractors & Specialty Vendors Bid Documents 3Q25 (Jul-Sep). Construction Kick-Off 4Q25 (Oct). Project Completion 4Q26 (Oct).",3635785,3527326,Tesseron Vineyards,17-Apr-25,A,17-Apr-25,Wine,https://www.industrialinfo.com/dash/project_report.jsp?PROJECT_ID=301067776,0,Medium (70-80%)
Food & Beverage," $10,000,000 ",USD,25-Jul-23,SAINT HELENA WINERY PRODUCTION FACILITY EXPANSION,Plant Expansion,"Wines, Brandy & Brandy Spirits",Wines-mfg,Duckhorn Wine Company,Operational,"Wines, Brandy & Brandy Spirits",Saint Helena Winery,Duckhorn Wine Company,1000 Lodi Lane,Saint Helena,CA,California,U.S.A.,945749410,+1 7079637108,-122.490352,38.52964,CA*03,West Coast U.S.A.,Napa,Owner Review of Issue,6/12/2454,2/26/2454,6/11/2454,6/12/2454,6/13/2454,9/23/2454,31-Dec-26,YEAR,"Duckhorn Wine Company with Bartelt Engineering has begun Permitting & Owner Review of Issue (Use Permit) for Winery Production Facility Expansion. DETAILS: At (30.34-Acre) Existing (160,000 Gal/yr) Winery, Construct (52,237 sqft) ""West Winery"" Wine Production Building Addition plus install New Water Tanks and Other Associated Equipment to Increase Production Capacity to 300,000 Gal/yr. REQUIRES: Site Preparation, Foundations, Building, Stainless Steel Fabrication, Tanks/Vessels, Ingredients Receiving & Handling Equipment, Hopper, Feeder, Presses, Crusher, Mixers, Blenders, Processing Vessels, Fermentation Tanks, Filling & Bottling Equipment, Conveyors Systems, Case Packers, Barrel Storage Racks, Fire Protection System, Temperature Controls System, Compressor (Air), Pumps, Valves, Heat Exchanger, Utilities, Process Controls (PLC), Electrical Distribution plus Mechanical Room & Offices. ENVIRONMENTAL: (A) Vent System, Ducting, Exhaust System; (L) Containment, Floor Drains; (W) Wastewater Treatment System.","Duckhorn Wine Company with Bartelt Engineering continues Permitting & Owner Review of Issue(Use Permit) for Winery Production Facility Expansion and anticipates AFE Approval by 3Q25 (Sep). Subject to Final Approvals, Duckhorn Wine Company awards G/C and releases Remaining RFQs and Subcontractor/Contractor/Vendor Bid Documents 3Q25 (Aug-Sep). Construction Kick-Off 4Q25 (Oct). Project Completion 4Q26 (Dec).",3557195,3464199,Duckhorn Wine Company,25-Jul-23,A,12-Aug-25,Wine,https://www.industrialinfo.com/dash/project_report.jsp?PROJECT_ID=300900979,16,Low (0-69%)
Food & Beverage," $20,000,000 ",USD,8-Apr-24,HEALDSBURG GRASSROOT WINERY,Grassroot,"Wines, Brandy & Brandy Spirits",Wine coolers (beverages)-mfg,Marietta Cellars Incorporated,Planned,"Wines, Brandy & Brandy Spirits",Healdsburg Winery,Marietta Cellars Incorporated,TBD Old Redwood Highway and Eastside Road,Healdsburg,CA,California,U.S.A.,95403,+1 7074332747,-122.8405027,38.57337181,CA*03,West Coast U.S.A.,Sonoma,Owner Review of Issue,6/12/2454,,6/11/2454,6/12/2454,6/13/2454,9/23/2454,31-Dec-26,YEAR,"Marietta Cellars Incorporated has begun Owner Review of Issue for Grassroot Winery Facility and Tasting Room. DETAILS: At (16.3 Acres) Selected Grassroot Site in Sonoma County, Construct (29,370 sqft) Wine Production Facility, and Renovate a (2,100 sqft) Farmhouse to a Tasting Room plus Install Associated Machinery and Equipment. REQUIRES: Site Preparation, Foundation, Building, Heavy Load Flooring, Insulated Wall Panels, Docks/Doors, Equipment Pads & Setting, Presses, Mixers and Blenders, Processing Vessels, Fermentation Tanks, Filling and Bottling Equipment, Conveyors & Automated System, Case Packers, Storage Racks, Material Handling Equipment, Fire Protection System & Temperature Controls System, Pumps, Valves, Electrical Distribution plus Process Controls (PLC). ENVIRONMENTAL: (A) Vent System, Ducting; (L) Containment, Floor Drains.","Marietta Cellars Incorporated continue Owner Review of Issues  for Grassroot Winery Facility and Tasting Room and anticipates Final AFE Approval 3Q25 (Sep). Subject to Final Approval, Marietta Cellars Incorporated awards G/C Releases any remaining RFQs and Subcontractor/Contractor/Vendor Bid Documents 3Q25 (Aug-Sep). Construction Kick-Off 4Q25 (Oct). Project Completion 4Q26 (Dec).",3588930,3489097,Marietta Cellars Incorporated,9-Apr-24,A,6-Feb-25,,https://www.industrialinfo.com/dash/project_report.jsp?PROJECT_ID=300966498,14,Low (0-69%)
Food & Beverage," $4,000,000 ",USD,4-Nov-25,VERNON HOT SAUCE PLANT PRODUCTION LINE ADDITION,Equipment Addition,Food Preparations,Chili pepper or powder-mfg,Tapatio Hot Sauce,Operational,Food Preparations,Vernon Hot Sauce,Tapatio Hot Sauce,4685 District Boulevard,Vernon,CA,California,U.S.A.,900582731,+1 3235878933,-118.193378,34.00008,CA*08,West Coast U.S.A.,Los Angeles [souther,Market Analysis,3/31/2455,1/1/2455,3/31/2455,4/2/2455,4/6/2455,4/7/2455,31-Aug-28,YEAR,"Tapatio Hot Sauce has begun Market Analysis for Hot Sauce Plant Production Line Addition. DETAILS: At existing 40,000 sqft Hot Sauce Manufacturing Plant, Construct (1) new Production Line Addition plus Auxiliary Equipment. REQUIRES: Stainless Steel Fabrication, Ingredient Receiving & Handling Equipment, Feeders, Processing Vessels, Flavoring & Seasoning Equipment, Cooker, Oven, Freezer/Cooler, Mixers, Sealers, Labelers, Aseptic Processing Equipment, Conveyors Systems, Robotics, Automated Systems, Material Handling Equipment, Ammonia Refrigeration System, Fillers, Belts, Motors, Drives, Tables, Stands, CIP (Clean-In-Place) System, Process Controls (PLC, Pneumatics) & Tie-Ins plus Electrical Distribution. ENVIRONMENTAL: (A) Dust Control System; (L) Spill Containment.","Tapatio Hot Sauce continues Market Analysis for Hot Sauce Plant Production Line Addition thru 4Q26 (Oct) and anticipates finalizing Scope by 3Q27 (Jul) and receiving Final AFE Approval by 1Q28 (Jan). Subject to Approval, Tapatio Hot Sauce releases RFQs and Bid Documents 1Q28 (Jan-Mar). Construction Kick-Off 3Q28 (Jul). Project Completion 3Q28 (Aug).",3262432,3232723,Tapatio Hot Sauce,4-Nov-25,A,4-Nov-25,"Food Preparations Not Elsewhere Specified Or Included, Canned",https://www.industrialinfo.com/dash/project_report.jsp?PROJECT_ID=301129209,0,Low (0-69%)
Food & Beverage," $1,000,000 ",USD,29-Oct-25,ANAHEIM FOOD FLAVORS PLANT 4Q26 MAINTENANCE TURNAROUND,"Maintenance Event (Outages, Turnarounds, Shutdowns)",Flavoring Extracts & Flavoring Syrups,"Flavoring extracts, pastes, powders, and syrups-mfg",Firmenich Incorporated,Operational,Flavoring Extracts & Flavoring Syrups,Anaheim Food Flavors,DSM-Firmenich AG,424 South Atchison Street,Anaheim,CA,California,U.S.A.,928054045,+1 7145352871,-117.905481,33.83351,CA*08,West Coast U.S.A.,Orange,Scheduled Maintenance,9/18/2454,,9/18/2454,9/20/2454,9/22/2454,9/22/2454,27-Nov-26,QUARTER,"Firmenich Incorporated performs Planning and Scheduling for Flavors Plant 4Q26 Maintenance Turnaround. PERFORM ROUTINE INSPECTIONS AND REPAIRS TO: Plant with production areas producing various Flavor Chemicals. REQUIRES MRO AND NDE OF: Reactor Vessels, Heat Exchangers, Agitators, Mixers, Compressors (Gas & Air), Switchgear, Steam Piping (SS/Stainless Steel), Pipe Racks, Crystallizers, Distillation Columns, Absorber, Extruders, Level Indicators, Digital Transmitters/Controllers, PSV's, Flowmeters, Tanks, Controls (PLC), Pumps and Motors (VS), Packaging Equipment, Conveyors, Cooling Tower/Water Chiller, Utility/Process Water, Electric Utilities. ENVIRONMENTAL MRO: (A) Vent System.",Firmenich Incorporated continues with Maintenance Planning and Scheduling and will release Equipment RFQs and Subcontractor Bid Documents 3Q26 (Jul-Sep). 1-Week Plant-wide Outage to Kick-Off 4Q26 (Nov). Completion 4Q26 (Nov). Based on Production Scheduling.,1501849,1013759,Firmenich Incorporated,4-Nov-25,A,4-Nov-25,,https://www.industrialinfo.com/dash/project_report.jsp?PROJECT_ID=301127443,0,High (81-99%)
Food & Beverage," $50,000,000 ",USD,31-Oct-24,RANCHO CUCAMONGA DISTRIBUTION CENTER PHASE II EXPANSION,Plant Expansion,General Warehousing & Storage,"Storage, general",Reyes Coca-Cola Bottling,Operational,General Warehousing & Storage,Rancho Cucamonga Distribution Center,Reyes Holdings LLC,10670 6th Street,Rancho Cucamonga,CA,California,U.S.A.,917305912,+1 9099803121,-117.572779,34.08553,CA*08,West Coast U.S.A.,San Bernardino [sout,Market Analysis,12/21/2454,,12/21/2454,12/24/2454,12/26/2454,4/11/2455,31-Dec-28,YEAR,"Reyes Coca-Cola Bottling Company has begun Market Analysis for Bottling & Distribution Center Phase II Expansion. DETAILS: At Planned (620,000 sqft) Bottling Facility and Distribution Center (Project 300911983), Construct new Building Expansion (Sqft Unknown) plus Install new Automated Production Lines & Warehouse Machinery with Associated Equipment & Systems to Expand Operations. REQUIRES: Demolition, Site Preparation, Foundations, Building, Heavy Load Flooring, Docks/Doors, Stainless Steel Fabrication, Ingredients Handling & Storage Equipment, Processing Tanks/Vessels, Filtration Vessels, Membrane System, Process Piping, Hi-Pressure Pumps, Clean-In-Place (CIP) System, De-Palletizer, Canning & Bottling Lines, Filler Machines, Rinsers, Labelers, Case Packers, Conveyors, Automated System, Palletizers, Material Handling Equipment, Charging Stations, Fire Protection System, Temperature Control System, Pumps, Motors, Electrical Distribution, Process Controls (PLC), Mechanical Room, Utilities plus Offices. ENVIRONMENTAL: (A) Vent Exhaust System, Ducting; (L) Spill Containment, Floor Drains; (W) Wastewater Treatment System.","Reyes Coca-Cola Bottling Company continues Market Analysis for Bottling & Distribution Center Phase II Expansion plus anticipates AFE Approval 1Q27 (Jan). Upon Final Approvals, Reyes Coca-Cola Bottling Company awards Design Build plus releases RFQs and Bid Documents for Subcontractors/Contractors/Vendors & Specialty Trades 1Q27 (Jan) thru 2Q27 (Apr). Construction Kick-Off 2Q27 (Jun). Project Completion 4Q28 (Dec).",3307549,3266401,Reyes Coca-Cola Bottling,31-Oct-24,A,4-Nov-25,General Warehousing & Storage,https://www.industrialinfo.com/dash/project_report.jsp?PROJECT_ID=301022062,0,Low (0-69%)
Food & Beverage," $5,000,000 ",USD,6-Nov-23,VISALIA GRASSROOT PHASE II FEED MANUFACTURING PLANT,Grassroot,Prepared Feeds for Livestock,"Alfalfa, prepared as feed for animals-mfg",HydroGreen Global,On Hold,Prepared Feeds for Livestock,Visalia Feed Manufacturing,CubicFarm Systems Corporation,TBA In Visalia Area,Visalia,CA,California,U.S.A.,93291,+1 6052777271,-119.38346,36.35116,CA*06,West Coast U.S.A.,Tulare,Market Analysis,12/23/2454,12/21/2454,12/23/2454,12/24/2454,12/25/2454,4/4/2455,29-May-28,YEAR,"Hydrogreen Global Incorporated with Hansen Industries (Partner & C/M) has begun Marketing Analysis for the Phase II Grassroot Feed Manufacturing Plant. DETAILS: At TBA Grassroot Site located in Visalia, As Part of Multi-Phase Development, Construct (20,000 Sqft) Building and Install (10) HydroGreen GLS 808 Machines plus Install Associated Equipment to Produce 23,000 tons/year to Supply Regional Dairy Farms. REQUIRES: Site Preparation, Stainless Steel Fabrication, Building, Heavy Load Flooring, Equipment Pads & Setting, Ingredients Handling Equipment, Storage Silos/Bins, Blending and Mixing Tanks, GLS 808 Machines (10), Processing Vessels, Grinding & Batching Systems, Spray Dryers, Extractors, Separators, Conditioning and Extrusion Equipment, Process Piping, Automated & Conveyor Systems, Weighing System, Filling and Packaging Equipment, Case Packers, Palletizers, Storage Racks, Inventory Control Management, Compressor (Air), Temperature Control System, Fire Protection System, Motors, Pumps, Drives, Lighting, Heat Exchanger, Utilities, Electrical Distribution, Process Controls (PLC). ENVIRONMENTAL: (A) Dust Control Systems, Vents, Exhaust System, Ducts; (L) Spill Containment, Floor Drains.","Hydrogreen Global Incorporated with Hansen Industries (Partner & C/M) continues Marketing Analysis for the Phase II Grassroot Feed Manufacturing Plant Thru 1Q27 (Jan) and anticipate receiving Final AFE Approval 1Q27 (Mar). Upon Final Corporate and Funding Approval, Hydrogreen Global Incorporated with Hansen Industries release RFQ's and Bid Documents for the Contractors, Subcontractors, & Specialty Vendors 1Q27 (Mar) thru 2Q27 (Apr). Construction Kick-Off 2Q27 (May). Project Completion 2Q28 (May).",3569075,3443090,HydroGreen Global,6-Nov-23,A,3-Nov-25,,https://www.industrialinfo.com/dash/project_report.jsp?PROJECT_ID=300927611,34,Low (0-69%)
Food & Beverage," $10,000,000 ",USD,20-Sep-24,MENDOTA BROWNFIELD PISTACHIOS HULLING PLANT,Brownfield,Crop Preparation Services for Market,Hulling and shelling of tree nuts,Stamoules Produce Company,Engineered,Crop Preparation Services for Market,Mendota Pistachios,Stamoules Produce Company,40004 W Panoche Road,Mendota,CA,California,U.S.A.,93640,+1 5596554581,-120.515518,36.686868,CA*06,West Coast U.S.A.,Fresno,Permitting,6/12/2454,11/25/2453,6/11/2454,6/12/2454,6/12/2454,9/19/2454,15-Aug-26,YEAR,"Opa Pistachios (Subsidiary of Stamoules Produce Company) with Ross and Sons Refrigeration and Construction has begun Permitting and Owner Review of Issue (Final Capital Approval) for Brownfield Pistachios Hulling Plant. DETAILS: At (98-Acre) Site Adjacent to Company's Existing Growing Site, As First Phase of Four Phase Campus Development, Construct (22,940 sqft) Huller Building, (5,608 sqft) Drive-Over Dumping Pit, (3,900 sqft) Pre-Cleaning Area, (18) Steel Silos, and (10) Dryers Plus Associated Equipment to Produce Pistachios. REQUIRES: Site Preparation, Foundation, Building, Heavy Load Flooring, Stainless Steel Fabrication, Doors/Docks, Shelling Equipment, Roasters, Washers, Tanks/Vessels, Production Line(s), Packaging Equipment, Conveyor System, Ingredient Receiving & Handling Equipment, Automated Retrieving Systems, Blanching Machines, Peeler, Cooling Machines, Racking Systems, Utility Tie-ins Plus Electrical Distribution. ENVIRONMENTAL: (A) Ducts, Vents; (L) Floor Drains, Spill Containment.","Opa Pistachios (Subsidiary of Stamoules Produce Company) with Ross and Sons Refrigeration and Construction continues Permitting for Brownfield Pistachios Hulling Plant Thru 3Q25 (Jul) and anticipates Final AFE Approval by 3Q25 (Sep. Subject to Final Owner Approval, Opa Pistachios (Subsidiary of Stamoules Produce Company) with Ross and Sons Refrigeration and Construction releases remaining RFQs and Bid Documents 3Q25 (Aug-Sep). Construction Kick-Off 3Q25 (Sep). Project Completion 3Q26 (Aug).",3610708,3506961,Opa Pistachios,24-Sep-24,A,9-Jun-25,"Nuts, Nesoi, Fresh Or Dried, Shelled",https://www.industrialinfo.com/dash/project_report.jsp?PROJECT_ID=301010473,10,Medium (70-80%)
Food & Beverage," $8,000,000 ",USD,6-Jun-24,COACHELLA PRODUCE PROCESSING FACILITY REBUILD,Rebuild,Crop Preparation Services for Market,"Sorting, grading, and packing of fruits and vegetables",Daaks International Incorporated,Shuttered,Crop Preparation Services for Market,Coachella Produce,Daaks International Incorporated,85400 Grapefruit Boulevard,Coachella,CA,California,U.S.A.,92236,+1 7603986000,-116.1769,33.68368,CA*09,West Coast U.S.A.,Riverside [eastern],Site Study,6/12/2454,,6/11/2454,6/12/2454,6/13/2454,9/23/2454,31-Dec-26,YEAR,"Daaks International Incorporated has begun Site Study for Produce Processing Facility Rebuild. DETAILS: At Existing (50,000 sqft) Produce Processing & Warehousing Facility Damaged by Fire, Demolish and Removal Damaged Structures plus Reconstruct New Building plus Install Associated Equipment & Machinery to Resume Operations. REQUIRES: Site Preparation, Foundation, Building, Heavy Load Flooring, Docks/Doors, Produce Receiving & Handling Equipment, Hoppers, Grader Machines, Sorters, Bagging Machines, Conveyors Systems, Labeling Machines, Sealers, Weighers/Scales, Material Handling Equipment, Inspection & Monitoring Equipment, Storage Rack System, Lighting, Temperature and Humidity Control System, Inventory Management, Fire Protection System, Utilities, Controls (PLC, Pneumatics) plus Electrical Distribution. ENVIRONMENTAL: (A) Ventilation System, Ducting; (L) Spill Containment, Floor Drains.","Daaks International Incorporated continues Site Study for Produce Processing Facility Rebuild through Project Justification and Design plus anticipates AFE Approval 3Q25 (Sep). Upon Approval, Daaks International Incorporated awards G/C plus releases RFQs and Bid Documents for Contractors/Subcontractors and Specialty Vendors 3Q25 (Aug-Sep). Construction Kick-Off 4Q25 (Oct). Project Completion 4Q26 (Dec).",3596931,3495802,Daaks International Incorporated,7-Jun-24,A,8-Jul-25,"Fruit, Dried, Nesoi, Other Than That Of Headings 0801 To 0806",https://www.industrialinfo.com/dash/project_report.jsp?PROJECT_ID=300982471,12,Medium (70-80%)
Food & Beverage," $10,290,000 ",USD,23-Apr-25,OAKDALE DAIRY FARM COVERED LAGOON DIGESTER ADDITION,Unit Addition,Dairy Farms,"Milk production, dairy cattle farm",6-X Dairy,Operational,Dairy Farms,Oakdale Dairy Farm,6-X Dairy,6624 Crane Road,Oakdale,CA,California,U.S.A.,95361,+1 2095956858,-120.88038,37.7349,CA*06,West Coast U.S.A.,Stanislaus,Project Justification,6/12/2454,,6/11/2454,6/13/2454,6/13/2454,12/26/2454,30-Jun-27,YEAR,"6-X Dairy with California Bioenergy LLC (EPC) has begun Project Justification for Dairy Farm Covered Lagoon Digester Addition. DETAILS: At Existing Animals Dairy Farm, Construct Double-lined New Covered Lagoon Digester with Auxiliary Equipment to Transform Methane from Cow Manure to Reduce Methane Emissions and Produce Renewable Natural Gas. REQUIRES: Foundation, Stainless Steel Fabrication, Biogas Collection System, Baffles Walls, Weir Boards, Plate Coolers, Sprinkler Pens, Pumps, Storage Tanks, Screens, Chillers, Blowers, Gas Compressors, Gas Flow Meters, Cooling System, Buffers, Fire Protection System, Motors, Drives, Valves, Piping, Process Controls & Utilities Tie-Ins plus Electrical Distribution. ENVIRONMENTAL: (A) Emissions Controls, Scrubber System; (L) Containment Areas; (W) Wastewater Treatment Lagoon.","6-X Dairy with California Bioenergy LLC Finalizes Project Justification for Dairy Farm Covered Lagoon Digester Addition through Permitting plus anticipates Final AFE 3Q25 (Sep). Upon Approval, California Bioenergy LLC Releases Remaining RFQs and Bid Documents for Contractors, Subcontractors & Specialty Trades 3Q25 (Aug) through 4Q25 (Oct). Construction Kick-Off 4Q25 (Oct). Project Completion 2Q27 (Jun).",3636630,3528303,6-X Dairy,23-Apr-25,A,23-Apr-25,"Natural Gas, Gaseous (Methane)",https://www.industrialinfo.com/dash/project_report.jsp?PROJECT_ID=301069757,0,Medium (70-80%)
Food & Beverage," $5,500,000 ",USD,18-Apr-25,PIXLEY DAIRY FARM WASTEWATER TREATMENT EXPANSION,Plant Expansion,Dairy Farms,"Milk production, dairy cattle farm",R Vander Eyk Dairy,Operational,Dairy Farms,Pixley Dairy Farm,R Vander Eyk Dairy,9441 Avenue 104,Pixley,CA,California,U.S.A.,932569694,+1 5595093195,-119.36219,35.974966,CA*06,West Coast U.S.A.,Tulare,Project Scope,6/12/2454,,6/10/2454,6/12/2454,6/13/2454,9/16/2454,31-May-26,YEAR,"R Vander Eyk Dairy has begun Project Scope for Dairy Farm Wastewater Treatment Expansion. DETAILS: At Existing (2,800 cows, 500-acre) Dairy Farm, Construct Vermifiltration System plus Install Associated Equipment REQUIRES: Site Preparation, Foundation, Buildings, Equipment Pads (Concrete) & Settings, Concrete Sidewalls, Stainless Steel Fabrication, Heated Tanks, Vermifiltration System, Filters, Heat Exchangers, Steam Piping, Augers, Tanks, Compressors (Air), Scrubbers, Pressure Relief Valves, Mixers, Effluent Systems, Mounting Frames, Generators, Gas Flow Meters, Cooling System, Temperature & Humidity Control Systems, Switchgear, Breakers, Transformer, Buffers, Fire Protection System, Motors, Drives, Process Controls & Utilities Tie-Ins plus Electrical Distribution. ENVIRONMENTAL: (A) Emissions Controls, Scrubber System; (L) Containment Areas; (W) Wastewater Treatment Systems.","R Vander Eyk Dairy continues Project Scope for Dairy Farm Wastewater Treatment Expansion thru 3Q25 (Jul), and Anticipates AFE Approval 3Q25 (Sep), Upon Approval, R Vander Eyk Dairy releases RFQs and Bid Documents for Contractors, Subcontractors, Equipment Providers & Specialty Trades 3Q25 (Jul-Sep). Construction Kick-Off 4Q25 (Oct). Project Completion 2Q26 (May).",3353918,3301733,R Vander Eyk Dairy,18-Apr-25,A,18-Apr-25,Milk,https://www.industrialinfo.com/dash/project_report.jsp?PROJECT_ID=301068358,0,Medium (70-80%)
Food & Beverage," $11,640,000 ",USD,9-Feb-24,GUSTINE DAIRY FARM COVERED LAGOON DIGESTER ADDITION,Unit Addition,Dairy Farms,"Milk production, dairy cattle farm",Pires Dairy Farms,Operational,Dairy Farms,Gustine Dairy Farm,Pires Dairy Farms,1622 Kniebes Road,Gustine,CA,California,U.S.A.,953229505,+1 2096523530,-120.98335,37.26486,CA*06,West Coast U.S.A.,Merced,Project Justification,6/12/2454,,6/9/2454,6/11/2454,6/12/2454,12/26/2454,30-Jun-27,YEAR,"Pires Dairy Farms with California Bioenergy LLC (EPC) has begun Project Justifiction for Dairy Farm Covered Lagoon Digester Addition. DETAILS: At Existing (6,000+) Animals Dairy Farm, Construct New Covered Lagoon Digester with Auxiliary Equipment to Transform Methane from Cow Manure to Reduce Methane Emissions and Produce Renewable Natural Gas. REQUIRES: Foundation, Stainless Steel Fabrication, Biogas Collection System, Baffles Walls, Weir Boards, Plate Coolers, Sprinkler Pens, Pumps, Storage Tanks, Screens, Chillers, Blowers, Gas Compressors, Gas Flow Meters, Cooling System, Buffers, Fire Protection System, Motors, Drives, Valves, Piping, Process Controls & Utilities Tie-Ins plus Electrical Distribution. ENVIRONMENTAL: (A) Emissions Controls, Scrubber System; (L) Containment Areas; (W) Wastewater Treatment Lagoon.","Pires Dairy Farms with California Bioenergy LLC Finalizes Project Justification for Dairy Farm Covered Lagoon Digester Addition through Permitting plus anticipates Final AFE 3Q25 (Sep). Upon Approval, California Bioenergy LLC Releases Remaining RFQs and Bid Documents for Contractors, Subcontractors & Specialty Trades 2Q25 (Jun) through 3Q25 (Aug). Construction Kick-Off 3Q25 (Sep). Project Completion 2Q27 (Jun).",3581188,3483863,Pires Dairy Farms,9-Feb-24,A,22-Apr-25,"Natural Gas, Gaseous (Methane)",https://www.industrialinfo.com/dash/project_report.jsp?PROJECT_ID=300951988,17,Medium (70-80%)
Food & Beverage," $4,000,000 ",USD,28-Feb-23,SANTA BARBARA KELP CULTIVATION AND HATCHERY EXPANSION,Plant Expansion,Food Crops Grown Under Cover,Algae Oil,Ocean Rain Forest,Operational,Food Crops Grown Under Cover,Santa Barbara Kelp Hatchery,Ocean Rain Forest,2 Miles Off Of Santa Barbara Port,Santa Barbara,CA,California,U.S.A.,93101,+1 8057294830,-119.8835403,34.24568972,CA*07,West Coast U.S.A.,Santa Barbara,Project Scope,6/12/2454,11/19/2453,3/7/2454,6/7/2454,6/13/2454,6/15/2454,31-Dec-25,YEAR,"Ocean Rain Forest has begun Developing Project Scope for Kelp Cultivation and Hatchery Expansion. DETAILS: At Existing (45 Acres) Kelp Farm and (Sqft: Unknown) Hatchery, Expand Farm and Facility (Size Unknown) plus Install Associated Equipment. REQUIRES: Site Preparation, Foundation, Building, Equipment Pads, Grinders, Extruders, Cleaning and Cutting Equipment, Dryers, Mixing and Blending Equipment, Conveyors, Hoppers, Material Handling Equipment, Fire Protection System, Electrical Distribution plus Process Controls Integration (PLC). ENVIRONMENTAL: (A) Vent System, Ducting; (L) Containment, Drains, (EW) Environmental (Water).","Ocean Rain Forest continues to Develop Project Scope for Kelp Cultivation and Hatchery Expansion and anticipates Final AFE Approval, 3Q25 (Sep). Subject to Final Approval, Ocean Rain Forest Releases RFQs and Bid Documents for Contractors & Subcontractors 4Q24 (Dec) thru 2Q25 (Apr). Construction Kick-Off 4Q25 (Oct). Project Completion 4Q25 (Dec).",3540849,3449471,Ocean Rain Forest,28-Feb-23,A,7-Mar-25,,https://www.industrialinfo.com/dash/project_report.jsp?PROJECT_ID=300863987,26,Low (0-69%)
Food & Beverage," $11,000,000 ",USD,3-Jan-25,ROSEVILLE PASTA PRODUCTION PLANT EXPANSION,Plant Expansion,Food Preparations,"Pasta, uncooked: packaged with other ingredients-mfg",Nate's Fine Foods,Operational,Food Preparations,Roseville Pasta Production Plant,Nate's Fine Foods,8880 Industrial Avenue,Roseville,CA,California,U.S.A.,95678,+1 9167426700,-121.306624,38.7914301,CA*04,West Coast U.S.A.,Placer,Project Scope,6/13/2454,,6/7/2454,6/9/2454,6/14/2454,12/21/2454,23-Jan-27,MONTH,"Nate's Fine Foods has begun Project Scope for Pasta Production Plant Expansion. Details: At Existing (40,000 sqft) Pasta Manufacturing Plant, Perform Expansion by Constructing new (Sq.ft:unknown) Building Addition and new Kettle Line plus Auxiliary Equipment. REQUIRES: Site Preparation, Foundation, Building, Heavy Load Flooring, Insulated Wall Panels, Docks/Doors, Stainless Steel Fabrication, Ovens, Mixers, Kettles, Blending Ingredient Vessels, Pasta Press, Pre-Dryer, Extruders, Formers, Conveyor Systems, Robotics, Filling & Packaging Machines, Cutters, Loading/Unloading Systems, Spiral Freezer, Automated Systems, Storage Rack System, Material Handling Equipment, Packaging Lines, Cutting Machines, Palletizer, Compressor (Air), Lighting, Temperature and Humidity Control System, Charging Stations, Inventory Management & Fire Protection System, Stackers, Boilers, Seeders, Dryers, Motors, Servo Drives, Process Controls (Pneumatics, PLC) & Tie-Ins, Belts, Office Areas, Utilities Tie-Ins plus Electrical Distribution. ENVIRONMENTAL: (A) Vent Exhaust System, Ducting; (L) Spill Containment, Floor Drains; (W) Wastewater Treatment System.","Nate's Fine Foods continues Project Scope for Pasta Production Plant Expansion thru 1Q25 (Jan) and anticipates  receiving Final AFE Approval by 4Q25 (Oct). Subject to Final Approval, Nate's Fine Foods releases RFQs and Bid Documents 2Q25 (Apr-Jun). Construction Kick-Off 4Q25 (Nov). Project Completion 1Q27 (Jan).",3618374,3513404,Nate's Fine Foods,3-Jan-25,A,3-Jan-25,,https://www.industrialinfo.com/dash/project_report.jsp?PROJECT_ID=301038857,4,Medium (70-80%)
Food & Beverage," $4,000,000 ",USD,14-Apr-22,MADERA COLD STORAGE SOLAR PHOTOVOLTAIC SYSTEM ADDITION,Equipment Addition,Electricity/Steam [IPP],Industrial Owned Power Generation,Origo Cold Madera LLC,Operational,Refrigerated Warehousing & Storage,Madera Cold Storage,Amond World,2647 Condor Road,Madera,CA,California,U.S.A.,936379471,+1 5594818559,-120.0992699,36.9885149,CA*06,West Coast U.S.A.,Madera,AFE Submittal,6/13/2454,,6/6/2454,6/9/2454,6/14/2454,9/23/2454,31-Dec-26,QUARTER,"Origo Cold Madera LLC with VR Design Incorporated has begun Detailed Design & submitted for AFE Approval for Cold Storage Warehouse Solar Photovoltaic System Addition. DETAILS: At Currently Planned Cold Storage Warehouse (Project IDs: 300782768 and 300782797), Construct new Solar Farm Addition plus Install Associated Equipment. REQUIRES: Site Preparation, Concrete Pads, Support Structures, Pilings, Tracking Array Stands, Solar Panels, Cooling System, Power Inverters/Converters, Sun Tracking System, Underground DC wiring and Cabling Installation, Power Inverters, MCC/DCS, Transformers, Breakers, Switchgear, Fencing plus Security System. ENVIRONMENTAL: (L) Excavation Road, Access Roads.","Origo Cold Madera LLC with VR Design Incorporated continues Detailed Design and awaits AFE Approval for Cold Storage Warehouse Solar Photovoltaic System Addition and anticipates Final AFE Approval 4Q25 (Oct). Subject to Final Approvals, Cold Storage Warehouse Solar Photovoltaic System Addition releases RFQs and Bid Documents for Contractors, Subcontractors & Equipment Providers 1Q25 (Mar) thru 2Q25 (Jun). Construction Kick-Off 4Q25 (Nov). Project Completion 4Q26 (Dec).",3503085,3419198,Amond World,14-Apr-22,A,7-Aug-25,Electricity,https://www.industrialinfo.com/dash/project_report.jsp?PROJECT_ID=300782808,25,Medium (70-80%)
Food & Beverage," $25,000,000 ",USD,10-Oct-24,VISALIA GRASSROOT PRODUCE WAREHOUSE,Grassroot,Refrigerated Warehousing & Storage,"Storage, frozen or refrigerated goods",Fowler Packing Company,Under Construction,Refrigerated Warehousing & Storage,Visalia Warehouse,Fowler Packing Company,804 North Kelsey,Visalia,CA,California,U.S.A.,93291,+1 5598345911,-119.382933,36.333362,CA*06,West Coast U.S.A.,Tulare,Detailed Design,6/14/2454,,6/6/2454,6/8/2454,6/15/2454,9/22/2454,30-Nov-26,YEAR,"Fowler Packing Company (aka G4 Development Company) has begun Detailed Design for Grassroot Produce Warehouse. DETAILS: At 23-Acre Grassroot Site, Construct (423,540 sqft) Warehouse Building plus Install Associated Systems. REQUIRES: Site Preparation, Foundation, Building, Insulated Wall Panels, Heavy Load Flooring, Docks/Doors, Storage Racks, Evaporated Coils, Air Flow & Temperature Controlled Systems, Fans, Compressors (Air), Material Handling Equipment, Fire Protection Systems, Lighting Systems, Condensers, Charging Stations, Mechanical & Engine Rooms, Offices, Controls (PLC), Utilities plus Electrical Distribution. ENVIRONMENTAL: (A) Vent Exhaust System, Ducting; (L) Spill Containment, Floor Drains.","Fowler Packing Company (aka G4 Development Company) continues Detailed Design for Grassroot Produce Warehouse and anticipates Final AFE Approval 4Q25 (Nov). Upon Final Approval,Fowler Packing Company awards G/C and releases remaining RFQs and Bid Documents for Contractors, Subcontractors & Specialty Vendors 1Q25 (Mar) through 2Q25 (May). Building Construction Kick-Off 4Q25 (Dec). Project Completion 4Q26 (Nov).",3612932,1033816,Fowler Packing Company,11-Oct-24,A,4-Aug-25,General Warehousing & Storage,https://www.industrialinfo.com/dash/project_report.jsp?PROJECT_ID=301015684,6,Medium (70-80%)
Food & Beverage," $50,000,000 ",USD,19-Mar-25,TRACY GRASSROOT DISTRIBUTION CENTER,Grassroot,Refrigerated Warehousing & Storage,"Storage, frozen or refrigerated goods",Costco Wholesale Corporation,Planned,Refrigerated Warehousing & Storage,Tracy Distribution Center,Costco Wholesale Corporation,W Schulte and Hansen Road,Tracy,CA,California,U.S.A.,95377,+1 2092216200,-121.511325,37.720241,CA*06,West Coast U.S.A.,San Joaquin,Market Analysis,6/15/2454,,6/13/2454,6/15/2454,9/12/2454,3/31/2455,31-Jan-28,MONTH,"Costco Wholesale Corporation has begun Market Analysis for Grassroot Distribution Center. DETAILS: At 104-Acre Grassroot Site in San Joaquin County, Construct new (2,000,000 sq.ft) Food Distribution Center plus Install Auxiliary Equipment. REQUIRES: Site Preparation, Foundation, Buildings, Heavy Load Flooring, Structural Modifications, Insulated Wall Panels, Docks/Doors, Freezers/Coolers, Refrigeration Systems (Ammonia), Storage Racks, Evaporated Coils, Air Flow & Temperature Controlled Systems, Fans, Compressors (Air), Inventory Management & Fire Protection Systems, Lighting, Condensers, Engine Rooms, Office Areas, Controls (PLC), Utilities plus Electrical Distribution. ENVIRONMENTAL: (A) Vent Exhaust System, Ducting; (L) Spill Containment, Drains.","Costco Wholesale Corporation continues Market Analysis for Grassroot Distribution Center thru 1Q25 (Mar) anticipates AFE Approval by 4Q25 (Dec). Subject to Approval, Costco Wholesale Corporation  selects G/C and releases remaining RFQs and Bid Documents for Contractors and Specialty Vendors 4Q25 (Oct-Dec). Construction Kick-Off 1Q26 (Jan). Project Completion 1Q28 (Jan).",3632083,1056001,Costco Wholesale Corporation,19-Mar-25,A,19-Mar-25,,https://www.industrialinfo.com/dash/project_report.jsp?PROJECT_ID=301059392,0,Low (0-69%)
Food & Beverage," $100,000,000 ",USD,20-Aug-24,NUEVO GRASSROOT COMMERCE CENTER COLD STORAGE (RIVERSIDE),Grassroot,Refrigerated Warehousing & Storage,"Warehousing, cold storage or refrigerated",Richland Developers Incorporated,Planned,Refrigerated Warehousing & Storage,Nuevo (Riverside) Cold Storage,Richland Developers Incorporated,RR9P+M3C,Nuevo,CA,California,U.S.A.,92571,+1 9492617010,-117.164861,33.819167,CA*08,West Coast U.S.A.,Riverside [western],Project Scope,6/15/2454,,6/10/2454,6/15/2454,9/12/2454,4/7/2455,31-Aug-28,YEAR,"Richland Developers Incorporated (dba Richland Communities) with T&B Planning Incorporated (Land Development Consultant) has begun Developing Project Scope for Grassroot Cold Storage Warehouse. DETAILS: At Selected (582-Acre, 16 parcels) Grassroot Site at proposed Stoneridge Commerce Center, As Part of Multi-Use Development, Construct Speculative (2,940,000 sqft) High-Cube Cold Storage Warehouses (Multiple Buildings) plus Install Associated Equipment. REQUIRES: Site Preparation, Foundation, Building, Heavy Load Flooring, Insulated Wall Panels (Metal), Stainless Steel Fabrication, Doors/Docks, Air Curtains, Freezers/Coolers, Refrigeration System (Ammonia), Storage Racks, Evaporated Coils, Air Flow & Temperature Controlled Systems, Condensers, Evaporator Motors, Automatic Fans, Sensors, Refrigeration Control Systems, Fans, Compressors (Air), Material Handling & Packaging Equipment, Inventory Management & Fire Protection Systems, Lighting, Mechanical & Engine Rooms, Office Areas, Controls (PLC), Utilities & Tie-Ins plus Electrical Distribution. ENVIRONMENTAL: (A) Vent Exhaust System, Ducting; (L) Spill Containment, Floor Drains.","Richland Developers Incorporated with T&B Planning Incorporated continues Developing Project Scope for Grassroot Cold Storage Warehouses through Detailed Design & Permitting plus anticipates Final AFE Approval 4Q25 (Dec). Subject to Final Approval, Richland Developers Incorporated awards G/C plus releases RFQs and Bid Documents for Contractors, Subcontractors & Equipment Providers 3Q25 (Jul) through 4Q25 (Dec). Construction Kick-Off 1Q26 (Jan). Project Completion 3Q28 (Aug).",3606587,3503445,Richland Developers Incorporated,21-Aug-24,A,19-Dec-24,Refrigerated Warehousing & Storage,https://www.industrialinfo.com/dash/project_report.jsp?PROJECT_ID=301001867,0,Medium (70-80%)
Food & Beverage," $80,000,000 ",USD,29-Jun-23,MECCA DESALINATION PLANT EXPANSION,Plant Expansion,Water Supply,Desalination of Water,Global Water Farms,Planned,Water Supply,Mecca Pilot Desalination Plant,Global Water Farms,Coachella Canal Road and System Road,Mecca,CA,California,U.S.A.,92254,+1 8669283716,-115.698,33.43945,CA*09,West Coast U.S.A.,Riverside [eastern],Capital Approval,6/11/2454,,6/4/2454,6/7/2454,6/12/2454,9/23/2454,1-Dec-26,YEAR,"Global Water Farms with Heptagon Seven has Capital Approval for Desalination Plant Expansion. DETAILS: At Acquired 641-Acre Site in Lower Coachella Valley, Construct Building Addition (Size Unknown) and Install Desalter with Brine Water Reverse Osmosis Treatment System and Associated Equipment to Process Distilled Water. REQUIRES: Site Preparation, Building, Wells, Foundations/Concrete, Brine System, Storage Tanks, Intake/Discharge Pipelines, Zero Liquid Discharge Waste Stream Desalination System, R/O Unit, Membrane Filtration System, Hi-Press Pumps, Flush Tank, Heat Exchangers, Utilities Tie-Ins plus Process Controls. ENVIRONMENTAL: (A) Ducting; (L) Containment; (W) Filtration System.",Global Water Farms with Heptagon Seven has received Capital Approval for Desalination Plant Expansion. Global Water Farms awards G/C and releases  Subcontractor Equipment RFQs and Bid Documents 1Q25 (Jan) thru 2Q25 (Apr). Construction Kick-Off 3Q25 (Sep).  Project Completion 4Q26 (Dec).,3554346,3461771,Global Water Farms,30-Jun-23,A,7-Jul-25,Desalinated Water,https://www.industrialinfo.com/dash/project_report.jsp?PROJECT_ID=300894970,4,High (81-99%)
Food & Beverage," $10,000,000 ",USD,7-May-24,MENIFEE GRASSROOT WINERY FACILITY,Grassroot,"Wines, Brandy & Brandy Spirits",Wine coolers (beverages)-mfg,The Austin Vineyard,Planned,"Wines, Brandy & Brandy Spirits",Menifee Winery,The Austin Vineyard,TBD CA-47 and Briggs Road,Menifee,CA,California,U.S.A.,92585,+1 3034751555,-117.1365794,33.74341073,CA*08,West Coast U.S.A.,Riverside [western],Owner Review of Issue,6/14/2454,,6/6/2454,6/7/2454,9/12/2454,9/21/2454,31-Oct-26,YEAR,"The Austin Vineyard with Principe and Associates (Architect) with Stage Ranch Farm Management LLC (Consultant) continues Owner Review of Issue for Grassroot Winery Facility. DETAILS: At (22.32 Acres) Selected Site in Superior, Construct new (19,084 sqft) Winery Facility plus Associated Equipment. REQUIRES: Site Preparation, Foundation, Building, Heavy Load Flooring, Stainless Steel Fabrication, Ingredients Receiving & Handling Equipment, Hopper, Feeder, Presses, Crusher, Mixers, Blenders, Processing Vessels, Fermentation Tanks, Barrels Storage, Filling & Bottling Equipment, Compressor (Air), Conveyors Systems, Automated System, Case Packers, Storage Racks, Fire Protection System, Temperature Controls System, Pumps, Valves, Heat Exchanger, Utilities, Electrical Distribution, Process Controls (PLC). ENVIRONMENTAL: (A) Vent System, Ducting, Exhaust System; (L) Containment, Floor Drains.",The Austin Vineyard with Principe and Associates (Architect) with Stage Ranch Farm Management LLC (Consultant) continues Owner Review of Issue for Grassroot Winery Facility with The Austin Vineyard releasing remaining Bid Documents and RFQs for Contractors/Subcontractors and Equipment Provider 1Q25 (Mar) thru 2Q25 (Apr). Construction Kick-Off 1Q26 (Jan). Project Completion 4Q26 (Oct).,3592689,3492004,The Austin Vineyard,7-May-24,A,3-Nov-25,,https://www.industrialinfo.com/dash/project_report.jsp?PROJECT_ID=300974072,16,Medium (70-80%)
Food & Beverage," $1,500,000 ",USD,29-Oct-24,TRACY MEAT (BEEF) PROCESSING PLANT AUTOMATED PACKING UPGRADE,Automation,Meat Packing Plants,Beef-mitse-mfg,American Custom Meats,Operational,Meat Packing Plants,Tracy Meat Processing,American Custom Meats,4276 North Tracy Boulevard,Tracy,CA,California,U.S.A.,953041501,+1 2098398800,-121.433707,37.767971,CA*06,West Coast U.S.A.,San Joaquin,Project Scope,9/12/2454,6/14/2454,9/12/2454,9/14/2454,9/18/2454,9/19/2454,30-Aug-26,YEAR,"American Custom Meats (As Own G/C) has begun Developing Project Scope for Meat (Beef) Processing Plant Automated Packing Upgrade. DETAILS: At Existing 65,000 sqft (Beef) Processing Plant, Reduce Labor Costs by Performing Automation Upgrades to (1) old Packing Line plus Auxiliary Equipment. REQUIRES: Equipment Removal/Disassembly, Stainless Steel Fabrication, Robotics PLUS AUTOMATED UPGRADES TO: Packing Lines, Loading Systems, Fillers, Case Packers, Stackers, Check-Weigher, Portioning Equipment, Palletizers, Tables, Hopper, Material Handling Equipment, Belts, Conveyor Systems, Labelers, Printers, Motors, Drives, Software & Monitoring Systems, Process Controls (PLC, Pneumatics) & Tie-Ins plus Electrical Distribution.","American Custom Meats (As Own G/C) continues Developing Project Scope for Meat (Beef) Processing Plant Automated Packing Upgrade thru 3Q25 (Jul) and anticipates finalizing Scope by 4Q25 (Oct) and receiving Final AFE Approval by 1Q26 (Jan). Subject to Final Owner Approval, American Custom Meats releases RFQs and Bid Documents 1Q26 (Jan-Mar). Construction Kick-Off 3Q26 (Jul). Project Completion 3Q26 (Aug).",3268425,3237554,American Custom Meats,30-Oct-24,A,3-Nov-25,Meat Of Bovine Animals (Beef),https://www.industrialinfo.com/dash/project_report.jsp?PROJECT_ID=301021116,0,Medium (70-80%)
Food & Beverage," $6,000,000 ",USD,21-Nov-24,NAPA GRASSROOT WINERY 'BONNY'S VINEYARD',Grassroot,"Wines, Brandy & Brandy Spirits","Wine cellars, bonded: engaged in blending wines-mfg",Meyer Family Enterprises,Operational,"Wines, Brandy & Brandy Spirits",Napa Winery Production Facility,Meyer Family Enterprises,1555 Skellenger Lane,Napa,CA,California,U.S.A.,94558,+1 7076036003,-122.386913,38.458916,CA*03,West Coast U.S.A.,Napa,Detailed Design,6/13/2454,,6/7/2454,6/11/2454,6/14/2454,9/19/2454,29-Aug-26,YEAR,"Meyer Family Enterprises with CMP Civil Engineering & Land Survey, Inc (Civil Engineer) has begun Detailed Design for Grassroot Winery. DETAILS: At Grassroot (25.54-Acre) Site, Construct (10,996 sqft) Wine Production Building with a (1,426 sqft Covered Crush Pad, a (392 sqft) Uncovered Mechanical Yard, (1,255 sqft) Covered Patio Space & On-Site Wastewater Treatment System with (3) 10,000/gal Water Storage Tanks plus Install Associated Equipment to Produce (30,000 Gal/yr) Wine Products. REQUIRES: Site Preparation, Foundations, Building, Stainless Steel Fabrication, Tanks/Vessels, Ingredients Receiving & Handling Equipment, Hopper, Feeder, Presses, Crusher, Mixers, Blenders, Processing Vessels, Wastewater Treatment, Fermentation Tanks, Filling & Bottling Equipment, Conveyors Systems, Case Packers, Barrel Storage Racks, Fire Protection System, Temperature Controls System, Compressor (Air), Pumps, Valves, Heat Exchanger, Utilities, Process Controls (PLC), Electrical Distribution plus Mechanical Room & Offices. ENVIRONMENTAL: (A) Vent System, Ducting, Exhaust System; (L) Containment, Floor Drains.","Meyer Family Enterprises with CMP Civil Engineering & Land Survey, Inc (Civil Engineer) has begun Detailed Design for Grassroot Winery thru 1Q25 (Mar), anticipates AFE Approval 4Q25 (Oct). Upon Final Approval, Meyer Family Enterprises awards G/C and releases RFQs and Subcontractor/Contractor/Vendor Bid Documents 2Q25 (Apr) thru 3Q25 (Aug). Construction Kick-Off 4Q25 (Nov). Project Completion 3Q26 (Aug).",3617917,3513102,Meyer Family Enterprises,21-Nov-24,A,13-Oct-25,,https://www.industrialinfo.com/dash/project_report.jsp?PROJECT_ID=301027426,6,Medium (70-80%)
Food & Beverage," $12,000,000 ",USD,13-Dec-24,AMERICAN CANYON GRASSROOT WINERY AND STORAGE WAREHOUSE,Grassroot,General Warehousing & Storage,"Storage, general",Metropolitan Van and Storage,Planned,General Warehousing & Storage,American Canyon Wine Storage,Metropolitan Van and Storage,Tcehcnology Way and Morris Ct,American Canyon,CA,California,U.S.A.,94558,+1 8882498410,-122.294018,38.205448,CA*03,West Coast U.S.A.,Napa,Permitting,6/13/2454,,6/4/2454,6/7/2454,6/14/2454,9/12/2454,1-Jan-26,QUARTER,"Metropolitan Van and Storage with RMW Architecture & Interiors has begun Permitting for Grassroot Winery and Storage Warehouse. DETAILS: At (13.2-Acre) Site, Construct (143,000 sqft/450,000 gal/yr) Wine Production and Storage Warehouse with Associated Equipment to Produce and Store Packaged Wine Products. REQUIRES: Site Preparation, Foundations, Building, Heavy Load Flooring, Insulated Wall Panels, Docks/Doors, Storage Racks, Scanner, Palletizer, Automated Retrieval System, Material Handling Equipment, Automated & Conveyors System, Refrigeration System, Air Flow & Temperature Controlled System, Condenser, Evaporator Coils, Fans, (Air) Compressor, Inventory Management & Fire Protection Systems, Controls (PLC), Utilities, Electrical Distribution plus Offices. ENVIRONMENTAL: (A) Vent, Ducting; (L) Spill Containment, Floor Drains.",Metropolitan Van and Storage with RMW Architecture & Interiors continues Permitting for Grassroot Winery and Storage Warehouse and anticipates Final AFE Approval 4Q25 (Oct). Metropolitan Van and Storage with RMW Architecture & Interiors awards G/C and releases RFQs and Subcontractor Bid Documents 1Q25 (jan) through 2Q25 (Apr). Construction Kick-Off 4Q25 (Nov). Project Completion 1Q26 (Jan).,3620913,3515353,Metropolitan Van and Storage,13-Dec-24,A,13-Dec-24,,https://www.industrialinfo.com/dash/project_report.jsp?PROJECT_ID=301034207,6,Medium (70-80%)
Food & Beverage," $20,000,000 ",USD,3-Jul-24,AMERICAN CANYON GRASSROOT WINE WAREHOUSE,Grassroot,General Warehousing & Storage,General warehousing and storage,ICC/Stravinski,Engineered,General Warehousing & Storage,American Canyon Wine Warehouse,ICC/Stravinski,1055 Commerce Court,American Canyon,CA,California,U.S.A.,94503,+1 5596740906,-122.272763,38.185897,CA*03,West Coast U.S.A.,Napa,Owner Review of Issue,6/13/2454,,6/6/2454,6/7/2454,6/14/2454,9/14/2454,31-Mar-26,YEAR,"Stravinski Development Group (as SDG Commerce 220) with RSA+ and Industrial Commercial Contractors has begun Owner Review of Issues for Grassroot Wine Warehouse. DETAILS: At 10.45-Acre Grassroot Site, Construct new (219,834 sqft) Warehouse plus Install Auxiliary Equipment. REQUIRES: Building, Heavy Load Flooring, Insulated Wall Panels, Equipment Pads & Settings, Docks/Doors, Drive-In Ramps, Material Handling Equipment, Heavy Load Flooring, Temperature Control System, Storage Racks, Inventory Management System, Early Suppression Fast Response (ESFR) Systems plus Electrical Distribution. ENVIRONMENTAL: (A) Vents, Ducts; (L) Spill Containment, Floor Drains.","Stravinski Development Group with RSA+ and Industrial Commercial Contractors continues Owner review of Issue for Grassroot Wine Warehouse and anticipates AFE Submittal 4Q25 (Oct). Upon Final Approvals, Industrial Commercial Contractors releases remaining RFQs and Bid Documents for Subcontractors/Finishing Contractors & Equipment Providers 1Q25 (Mar) thru 2Q25 (Apr). Construction Kick-Off 4Q25 (Nov). Project Completion 1Q26 (Mar).",3600864,3140065,ICC/Stravinski,12-Jul-24,A,7-Jul-25,Special Warehousing & Storage,https://www.industrialinfo.com/dash/project_report.jsp?PROJECT_ID=300990135,14,Medium (70-80%)
Food & Beverage," $50,000,000 ",USD,17-Sep-25,SHAFTER GRASSROOT ALMOND WAREHOUSE,Grassroot,General Warehousing & Storage,General warehousing and storage,The Wonderful Company,Under Construction,General Warehousing & Storage,Shafter Almond Warehouse,The Wonderful Company,Santa Fe Way,Shafter,CA,California,U.S.A.,93263,+1 3109665700,-119.212145,35.459865,CA*09,West Coast U.S.A.,Kern,Market Analysis,6/13/2454,,6/9/2454,6/11/2454,6/14/2454,9/19/2454,31-Aug-26,MONTH,"The Wonderful Company (As Own GC) has begun Market Analysis for Grassroot Almond Warehouse. DETAILS: AT (1,000 Acre) Grassroot Site, Construct (1,000,000 Sq.ft) Almond Storage Warehouse plus Install Associated Equipment. REQUIRES: Site Preparation, Foundation, Building, Heavy Load Flooring, Insulated Wall Panels, Docks/Doors, Equipment Pads & Settings, Steel Fabrication, Storage Racks, Air Flow & Temperature Controlled Systems, Receiving & Handling Equipment, Hopper, Feeder, Conveyors, Washer, Sorter, Grader, Filling, Case Packers, Palletizer, Metal Detectors & Inspection Systems, Automated Systems & Robotics, Motor, Pumps, Heat Exchanger, Compressors (Air), Material Handling & Packaging Equipment, Inventory Management & Fire Protection Systems, Condensers, Process Controls (PLC), Utilities & Tie-Ins plus Electrical Distribution. ENVIRONMENTAL: (A) Vent, Exhaust System, Ducting; (L) Spill Containment, Drains.","The Wonderful Company continues Market Analysis for Grassroot Almond Warehouse thru 3Q25 (Sep) and anticpates AFE Approval 4Q25 (Oct). Upon Approval, The Wonderful Company Releases RFQs and Bid Documents for Vendors and Contractors 2Q25 (Jun) thru 3Q25 (Aug). Construction Kick-off 4Q25 (Nov). Project Completion 3Q26 (Aug).",3657174,1058258,The Wonderful Company,22-Sep-25,A,22-Sep-25,,https://www.industrialinfo.com/dash/project_report.jsp?PROJECT_ID=301113136,2,Medium (70-80%)
Food & Beverage," $8,000,000 ",USD,31-Oct-25,ESCALON TOMATO SAUCE PLANT PROCESSING LINE ADDITION,Equipment Addition,"Canned Fruits, Vegetables, Preserves, Jams & Jellies","Tomato juice and cocktails, canned-mfg",Escalon Premier Brands Incorporated,Operational,"Canned Fruits, Vegetables, Preserves, Jams & Jellies",Escalon Tomato Sauce,The Kraft Heinz Company,1905 McHenry Avenue,Escalon,CA,California,U.S.A.,953209601,+1 2095526002,-121.000186,37.787624,CA*06,West Coast U.S.A.,San Joaquin,Market Analysis,3/31/2455,12/31/2454,3/31/2455,4/2/2455,4/6/2455,4/7/2455,31-Aug-28,YEAR,"Escalon Premier Brands Incorporated (Subsidiary of The Kraft Heinz Company) begun Market Analysis for Tomato Sauce Plant Processing Line Addition. DETAILS: At Existing 430,000 sqft Tomato Sauce Processing Plant, Construct (1) new Processing Line Addition plus Auxiliary Equipment. REQUIRES: Stainless Steel Fabrication, Ingredient Handling & Receiving Equipment, Mixing & Blending Systems, Bucket Elevator, Washers, Sorters, Evaporator, Preheater, Cooking Vessels, Kettles, Extractors, Conveyors, Automated Systems, Aseptic Filling Equipment, Labeler & Sealer, Material Handling Equipment, Process Piping, Pumps, Belts, Heat Exchanger, Motors, Drives, Process Controls (PLC, Pneumatics) & Tie-Ins plus Electrical Distribution. ENVIRONMENTAL: (A) Ducting; (L) Spill Containment.","Escalon Premier Brands Incorporated continues Market Analysis for Tomato Sauce Plant Processing Line Addition thru 3Q26 (Jul) and anticipates finalizing Scope by 3Q27 (Sep) and receiving Final AFE Approval by 1Q28 (Jan). Subject to Approval, Escalon Premier Brands Incorporated releases RFQs and Bid Documents 1Q28 (Jan-Mar). Construction Kick-Off 3Q28 (Jul). Project Completion 3Q28 (Aug).",1045726,1064716,Escalon Premier Brands Incorporated,31-Oct-25,A,31-Oct-25,Tomato Paste,https://www.industrialinfo.com/dash/project_report.jsp?PROJECT_ID=301128493,0,Low (0-69%)
Food & Beverage," $4,000,000 ",USD,31-Oct-25,ESCALON TOMATO SAUCE PLANT ROBOTIC PALLETIZER ADDITION,Automation,"Canned Fruits, Vegetables, Preserves, Jams & Jellies","Tomato juice and cocktails, canned-mfg",Escalon Premier Brands Incorporated,Operational,"Canned Fruits, Vegetables, Preserves, Jams & Jellies",Escalon Tomato Sauce,The Kraft Heinz Company,1905 McHenry Avenue,Escalon,CA,California,U.S.A.,953209601,+1 2095526002,-121.000186,37.787624,CA*06,West Coast U.S.A.,San Joaquin,Market Analysis,12/21/2454,9/22/2454,12/21/2454,12/23/2454,12/27/2454,12/28/2454,31-Aug-27,YEAR,"Escalon Premier Brands Incorporated (Subsidiary of The Kraft Heinz Company) has begun Market Analysis for Tomato Sauce Plant Robotic Palletizer Addition. DETAILS: At Existing 430,000 sqft Tomato Sauce Manufacturing Plant, Perform Automation Upgrade to Plant by Constructing (1) new Robotic Palletizer Addition plus Auxiliary Equipment. REQUIRES: Stainless Steel Fabrication, Robotic Palletizer Machine, Mounting Frames, Arms, Pneumatics, Automated System, Wrapper, Case Erecting/Loading & Sealing Equipment, Controllers, Staging Equipment, Air Lines, Speed Reducers, Motors, Servo Drives, Grippers, Wrists, Mechanical Brakes/Adjustable Hard Stops, Operator Stations, Interface Panels, Cables, Input/Output Devices, Monitoring System, Relays, Controls (PLC & Cabinet) plus Electrical Distribution.","Escalon Premier Brands Incorporated continues Market Analysis for Tomato Sauce Plant Robotic Palletizer Addition thru 2Q26 (Apr) and anticipates finalizing Scope by 3Q26 (Jul) and receiving Final AFE Approval by 1Q27 (Jan). Subject to Approval, Escalon Premier Brands Incorporated releases RFQs and Bid Documents 1Q27 (Jan-Mar). Construction Kick-Off 3Q27 (Jul). Project Completion 3Q27 (Aug).",1045726,1064716,Escalon Premier Brands Incorporated,31-Oct-25,A,31-Oct-25,Tomato Paste,https://www.industrialinfo.com/dash/project_report.jsp?PROJECT_ID=301128484,0,Low (0-69%)
Food & Beverage," $40,000,000 ",USD,31-Oct-25,SOUTHERN CALIFORNIA GRASSROOT FRUIT PACKING PLANT,Grassroot,Crop Preparation Services for Market,"Fruit sorting, grading, and packing",Fruitist,Planned,Crop Preparation Services for Market,Southern California Fruit Packing,Fruitist,Southern California,Los Angeles,CA,California,U.S.A.,90067,+1 4247771770,-118.39956,34.05454,CA*08,West Coast U.S.A.,Los Angeles [souther,Project Scope,9/14/2454,,9/12/2454,9/14/2454,9/15/2454,12/22/2454,1-Feb-27,YEAR,"Fruitist has begun Developing Project Scope for Grassroot Fruit Packing Plant. DETAILS: At Selected Grassroot Site in Southern California Area, Construct new Temperature Controlled Building (SQFT: UNKNOWN) plus Install Associated Equipment to Process and Pack Blueberries Products. REQUIRES: Site Preparation, Foundation, Building, Insulated Wall Panels, Heavy Load Flooring, Docks/Doors, Equipment Pads & Settings, Hoppers, Feeders, Graders, Sorters, Washer, Weigher System, Filler, Bagging & Packaging Equipment, Case Packer, Palletizer, Material Handling Equipment, Conveyors & Automated Systems, Refrigeration System, Cooler, Compressors (Air), Condensers, Heat Exchanger, Motors, Drives, Stands, Controls (PLC & Pneumatics) & Utility Tie-Ins plus Electrical Distribution. ENVIRONMENTAL: (A) Dust Collection, Ducting, Vent/Exhaust System; (L) Floor Drains, Spill Containment.","Fruitist Continues Developing Project Scope for Grassroot Fruit Packing Plant through Site Selection and Project Justification plus anticipates Final AFE Approval 1Q26 (Mar). Subject to Final Approval, Fruitist awards G/C and releases RFQs and Bid Documents for Contractors, Subcontractors & Equipment Providers 1Q26 (Jan-Mar). Estimated Construction Kick-Off 2Q26 (Apr). Project Completion 1Q27 (Feb).",3664622,3504659,Fruitist,31-Oct-25,A,31-Oct-25,"Blueberries, Fresh",https://www.industrialinfo.com/dash/project_report.jsp?PROJECT_ID=301128573,0,Medium (70-80%)
Food & Beverage," $3,000,000 ",USD,30-Oct-25,YUBA CITY FRUIT PROCESSING LINE ADDITION,Equipment Addition,Crop Preparation Services for Market,"Fruit sorting, grading, and packing",Sunsweet Growers Incorporated,Operational,Crop Preparation Services for Market,Yuba City Fruit Packaging,Sunsweet Growers Incorporated,901 North Walton Avenue,Yuba City,CA,California,U.S.A.,959939370,+1 5306745010,-121.641756,39.138938,CA*02,West Coast U.S.A.,Sutter,Equipment Studies,9/12/2454,,9/12/2454,9/14/2454,9/15/2454,9/17/2454,30-Jun-26,MONTH,"Sunsweet Growers Incorporated has begun Equipment Studies for Fruit Processing Line Addition. DETAILS: At Existing (1,070,000 Sq.ft) Fruit Packing & Sorting Production Facility,  Construct (1) new Fruit Processing Line plus Auxiliary Equipment. REQUIRES: Stainless Steel Fabrication, Washers, Trimmers, Feeders, Scales, Bagger Machines, Robotics, Metal Detectors, Material Handling Equipment, Automated Systems, Pneumatics, Conveyor Systems, Sorters, Labelers & Sealers, Feeders, Motors, Drives, Belts, Weighers, Software & Monitoring Equipment, Process Controls (PLC, Pneumatics) & Tie-Ins plus Electrical Distribution. ENVIRONMENTAL: (A) Ventilation, Ducting; (L) Spill Containment.","Sunsweet Growers Incorporated continues Equipment Studies for Fruit Processing Line Addition thru 4Q25 (Oct) and anticipates receiving Final AFE Approval by 1Q26 (Jan). Subject to Approval, Sunsweet Growers Incorporated releases RFQs and Bid Documents 1Q26 (Jan-Mar). Construction Kick-Off 2Q26 (Apr). Project Completion 2Q26 (Jun).",1011248,1019965,Sunsweet Growers Incorporated,30-Oct-25,A,30-Oct-25,,https://www.industrialinfo.com/dash/project_report.jsp?PROJECT_ID=301127483,0,Medium (70-80%)
Food & Beverage," $14,000,000 ",USD,2-Nov-23,MADERA FOOD PREPARATIONS PLANT EXPANSION,Plant Expansion,Food Preparations,"Tortillas, fresh or refrigerated-mfg",Gruma Corporation,Operational,Food Preparations,Madera Food Preparations,Gruma Corporation,23865 Avenue 18,Madera,CA,California,U.S.A.,936389644,+1 5596753400,-120.115033,37.011917,CA*06,West Coast U.S.A.,Madera,Market Analysis,12/21/2454,9/22/2454,12/21/2454,12/23/2454,12/25/2454,1/1/2455,30-Dec-27,YEAR,"Gruma Corporation (Recently Acquired by Azteca Milling) has begun Market Analysis for Food Preparations Plant Expansion. DETAILS: At Existing 70,000 sqft Food Preparations Manufacturing Plant, Perform Expansion by Constructing new Food Preparations Production Facility (SQFT: Unknown) Addition plus Auxiliary Equipment. REQUIRES: Site Preparation, Foundation, Building, Structural Modifications, Heavy Load Flooring, Insulated Wall Panels, Doors, Stainless Steel Fabrication, Ingredient Receiving & Handling Equipment, Feeders, Processing Vessels, Flavoring & Seasoning Equipment, Cooker, Oven, Freezer/Cooler, Sealers, Labelers, Conveyors Systems, Robotics, Automated Systems, Material Handling Equipment, Ammonia Refrigeration System, Fillers, Air Flow & Temperature Controlled Systems, (Air) Compressors, Fire Protection & Inventory Management Systems, Belts, Motors, Drives, Tables, Stands, CIP (Clean-In-Place) System, Process Controls (PLC, Pneumatics, Utilities Tie-Ins plus Electrical Distribution. ENVIRONMENTAL: (A) Vent Exhaust System, Ducting; (L) Spill Containment, Floor Drains.","Gruma Corporation continues Market Analysis for Food Preparations Plant Expansion thru 3Q26 (Sep) and anticipates finalizing Scope by 4Q26 (Nov) and receiving Final AFE Approval 1Q27 (Jan). Subject to Final Corporate Approval, Gruma Corporation releases RFQs and Bid Documents 1Q27 (Jan-Mar). Construction Kick-Off 2Q27 (May). Project Completion 4Q27 (Dec).",1082325,1057908,Gruma Corporation,9-Nov-23,A,30-Oct-25,"Food Preparations Not Elsewhere Specified Or Included, Frozen",https://www.industrialinfo.com/dash/project_report.jsp?PROJECT_ID=300927147,12,Low (0-69%)
Food & Beverage," $170,000,000 ",USD,8-Jul-14,DANA POINT GRASSROOT DOHENY OCEAN DESALINATION PLANT,Grassroot,Water Supply,Desalination of Water,South Coast Water District,Planned,Water Supply,Dana Point Desalination,South Coast Water District,Del Obispo Street,Dana Point,CA,California,U.S.A.,92629,+1 9494994555,-117.685586,33.466066,CA*08,West Coast U.S.A.,Orange,AFE Submittal,9/19/2454,7/10/2452,9/15/2454,9/17/2454,9/20/2454,4/11/2455,31-Dec-28,YEAR,"South Coast Water District with GHD Inc (Consultant) and Filanc-Acciona Team (PDBOM Joint Venture) has began AFE Submittal for Grassroot Doheny Ocean Desalination Plant. DETAILS: At Select (5-Acre) Grassroot Site located in Doheny, Construct (UNKNOWN sqft) Production Building, Construct Supply and Distribution Pipelines and Install new Reverse Osmosis Unit to process 5 MGD (5MM gal/dy) Seawater into Potable Drinking Water. REQUIRES: Site Preparation, Foundation, Buildings, Multiple Slant Intake Wells, Foundations/Concrete, Brine System, Storage Tanks, Intake/Discharge Pipelines, Pre-Treatment System, Reverse Osmosis Unit, Energy REcovery Systems, RO Concentrate Disposal, SCADA System, Chemical Delivery and Dosing Systems, Clean-In-Place System, Membrane Filtration System, Pipeline Surge Suppression System, Hi-Press Pumps, Flush Tank, Heat Exchangers, Utilities Tie-Ins plus Process Controls. ENVIRONMENTAL: (A) Ducting; (L) Containment; (W) Filtration System.","South Coast Water District with GHD Inc with Filanc-Acciona Team continues AFE Submittal for Grassroot Doheny Desalination Plant and anticipates Final Design and AFE Approval 3Q26 (Aug). Subject to Final Approvals, South Coast Water with GHD Inc with Filanc-Acciona Team releases any remaining RFQs and Bid Documents for Contractors and Sub-Contractors 2Q26 (Apr) through 2Q26 (Jun). Construction Kick-Off 3Q26 (Sep). Project Completion 4Q28 (Dec).",3126215,3117568,South Coast Water District,8-Jul-14,A,30-Oct-25,Desalinated Water,https://www.industrialinfo.com/dash/project_report.jsp?PROJECT_ID=300172497,117,Low (0-69%)
Food & Beverage," $3,000,000 ",USD,20-Mar-25,LOS ANGELES POULTRY PROCESSING PLANT AUTOMATED PROCESSING LINE UPGRADE,Automation,Poultry Slaughtering & Processing,"Chickens, processed: fresh, frozen, canned, or cooked-mfg",Los Angeles Poultry Company,Operational,Poultry Slaughtering & Processing,Los Angeles Poultry Processing,Los Angeles Poultry Company,4816 Long Beach Avenue,Los Angeles,CA,California,U.S.A.,900581915,+1 3232321619,-118.242857,33.999733,CA*09,West Coast U.S.A.,Los Angeles [norther,Market Analysis,3/31/2455,12/31/2454,3/31/2455,4/2/2455,4/7/2455,4/8/2455,30-Sep-28,YEAR,"Los Angeles Poultry Company has begun Market Analysis for Poultry Processing Plant Automated Processing Line Upgrade. DETAILS: At Existing 50,000 sqft Poultry Processing Plant, Perform Automation Upgrade to Plant by Automating (1) Poultry Processing Line (Portion Cutting) plus Auxiliary Equipment. REQUIRES: Equipment Removal/Disassembly, Modifications to Processing Line, Stainless Steel Fabrication, Robotics, Water-Jet Portioning Machines, Blades, Horizontal Slicers, Unloaders, Cutting Modules, Automated Systems, Fat Removing Modules, Guides, Scanning System, Dividers, Scraper Plates, Conveyor Systems, Motors, Drives, Belts, Process Controls (PLC, Pneumatics) & Tie-Ins plus Electrical Distribution. ENVIRONMENTAL: (A) Ducting; (L) Containment.","Los Angeles Poultry Company continues Market Analysis for Poultry Processing Plant Automated Processing Line Upgrade thru 2Q26 (Apr) and anticipates finalizing Scope 3Q27 (Jul) and receiving Final AFE Approval by 1Q28 (Jan). Subject to Approval, Los Angeles Poultry Company releases RFQs and Bid Documents 1Q28 (Jan-Mar). Construction Kick-Off 3Q28 (Aug). Project Completion 3Q28 (Sep).",3268845,3237866,Los Angeles Poultry Company,21-Mar-25,A,29-Oct-25,Chicken (Live Birds to be Processed),https://www.industrialinfo.com/dash/project_report.jsp?PROJECT_ID=301059742,0,Low (0-69%)
Food & Beverage," $4,000,000 ",USD,20-Mar-25,LOS ANGELES POULTRY PROCESSING PLANT AUTOMATED PACKAGING UPGRADE,Automation,Poultry Slaughtering & Processing,"Chickens, processed: fresh, frozen, canned, or cooked-mfg",Los Angeles Poultry Company,Operational,Poultry Slaughtering & Processing,Los Angeles Poultry Processing,Los Angeles Poultry Company,4816 Long Beach Avenue,Los Angeles,CA,California,U.S.A.,900581915,+1 3232321619,-118.242857,33.999733,CA*09,West Coast U.S.A.,Los Angeles [norther,Market Analysis,9/14/2454,6/14/2454,9/12/2454,9/14/2454,9/19/2454,9/20/2454,30-Sep-26,YEAR,"Los Angeles Poultry Company has begun Market Analysis for Poultry Processing Plant Automated Packaging Upgrade. DETAILS: At Existing 150,000 sqft Poultry Processing Plant, Perform Automation Upgrade to Plant by Automating Pack-Out Areas (Palletizers, Case Packers and Case Erectors) plus Auxiliary Equipment. REQUIRES: Equipment Removal/Disassembly, Modifications to Packaging Lines, Stainless Steel Fabrication, Case Packer Machines, Robotics, Case Erectors, Mounting Frames, Arms, Pneumatics, Automated Systems, Wrappers, Case Erecting/Loading & Sealing Equipment, Controllers, Staging Equipment, Air Lines, Speed Reducers, Motors, Servo Drives, Grippers, Wrists, Mechanical Brakes/Adjustable Hard Stops, Operator Stations, Interface Panels, Cables, Input/Output Devices, Monitoring System, Relays, Controls (PLC & Cabinet) plus Electrical Distribution.","Los Angeles Poultry Company continues Market Analysis for Poultry Processing Plant Automated Packaging Upgrade thru 3Q25 (Jul) and anticipates finalizing Scope 3Q25 (Sep) and receiving Final AFE Approval by 1Q26 (Mar). Subject to Approval, Los Angeles Poultry Company releases RFQs and Bid Documents 1Q26 (Jan-Mar). Construction Kick-Off 3Q26 (Aug). Project Completion 3Q26 (Sep).",3268845,3237866,Los Angeles Poultry Company,21-Mar-25,A,29-Oct-25,Chicken (Live Birds to be Processed),https://www.industrialinfo.com/dash/project_report.jsp?PROJECT_ID=301059770,0,Low (0-69%)
Food & Beverage," $2,500,000 ",USD,29-Oct-25,SANTA FE SPRINGS COFFEE PLANT BAGGING LINE REPLACEMENTS,Replacement,Roasted Coffee,"Coffee roasting, except by wholesale grocers-mfg",Apffels Fine Coffees,Operational,Roasted Coffee,Santa Fe Springs Coffee,Apffels Fine Coffees,12115 Pacific Street,Santa Fe Springs,CA,California,U.S.A.,906702989,+1 5623090400,-118.070381,33.953374,CA*08,West Coast U.S.A.,Los Angeles [souther,Market Analysis,12/21/2454,9/22/2454,12/21/2454,12/23/2454,12/27/2454,12/28/2454,31-Aug-27,YEAR,"Apffels Fine Coffees has begun Market Analysis for Coffee Plant Bagging Line Replacements. DETAILS: At Existing 96,000 sqft Coffee Manufacturing Plant, Perform Upgrade to Plant by Replacing (2) old Bagging Lines plus Auxiliary Equipment. REQUIRES: Bagging Lines Removal/Disassembly, Stainless Steel Fabrication, Bagging Machines, Conveyor Systems, Robotics, Automated Systems, Material Handling Equipment, Labelers & Sealers, Feeders, Pneumatics, Motors, Servo Drives, Feeders, Belts, Controllers, Software, Speed Reducers, Cabinets, Interface Panels, Cables, Input/Output Devices, Monitoring & Inspection System, Process Controls (PLC) & Tie-Ins plus Electrical Distribution.","Apffels Fine Coffees continues Market Analysis for Coffee Plant Bagging Line Replacements thru 3Q26 (Jul) and anticipates finalizing Scope by 4Q26 (Oct) and receiving Final AFE Approval by 1Q27 (Jan). Subject to Approval, Apffels Fine Coffees releases RFQs and Bid Documents 1Q27 (Jan-Mar). Construction Kick-Off 3Q27 (Jul). Project Completion 3Q27 (Aug).",3259209,3230023,Apffels Fine Coffees,29-Oct-25,A,29-Oct-25,Coffee,https://www.industrialinfo.com/dash/project_report.jsp?PROJECT_ID=301127363,0,Low (0-69%)
Food & Beverage," $12,000,000 ",USD,11-Mar-24,YUBA CITY FRUIT PROCESSING LINE UPGRADE,Upgrade,Crop Preparation Services for Market,"Fruit sorting, grading, and packing",Sunsweet Growers Incorporated,Operational,Crop Preparation Services for Market,Yuba City Fruit Packaging,Sunsweet Growers Incorporated,901 North Walton Avenue,Yuba City,CA,California,U.S.A.,959939370,+1 5306745010,-121.641756,39.138938,CA*02,West Coast U.S.A.,Sutter,AFE Submittal,9/19/2454,3/5/2454,9/15/2454,9/17/2454,9/19/2454,9/20/2454,30-Sep-26,QUARTER,"Sunsweet Growers Incorporated has begun developing Project Scope & dubmitted for AFE Approval for Fruit Processing Line Upgrade. DETAILS: At Existing 1.07MM sqft Fruit Packing & Sorting Production Facility, Perform Upgrade to Existing Prune Processing Line by adding (1) new Cannister (PMC) plus Associated Equipment. REQUIRES: Equipment Removal/Disassembly, Stainless Steel Fabrication, Cannister, Clean-In-Place Systems, Process Piping, Motors, Pumps, Drives, Belts, Cables, Inspection Equipment, Process Controls (PLC) and Utilities Tie-Ins plus Electrical Distribution. ENVIRONMENTAL: (A) Ducting; (L) Spill Containment.","Sunsweet Growers Incorporated continues developing Project Scope & awaits AFE Approval for Fruit Processing Line Upgrade and anticipates final AFE Approval 3Q26 (Aug). Subject to approval, Sunsweet Growers releases RFQs and Bid Documents for Vendors, Contractors and Subcontractors (Paper Machinery Corporation or Similar Vendor) 2Q26 (Apr-Jun). Project Kick-Off 3Q26 (Aug). Project Completion 3Q26 (Sep).",1011248,1019965,Sunsweet Growers Incorporated,12-Mar-24,A,29-Oct-25,"Fruit, Dried, Nesoi, Other Than That Of Headings 0801 To 0806",https://www.industrialinfo.com/dash/project_report.jsp?PROJECT_ID=300959348,17,Medium (70-80%)
Food & Beverage," $5,000,000 ",USD,14-Apr-23,"PASO ROBLES  ""THE HANGAR"" BREWERY EXPANSION",Plant Expansion,Malt Beverages,Breweries-mfg,BarrelHouse Brewing Company,Under Construction,Malt Beverages,Paso Robles Brewery,BarrelHouse Brewing Company,298 Sherwood Road,Paso Robles,CA,California,U.S.A.,93446,+1 8052961128,-120.6557,35.61532,CA*07,West Coast U.S.A.,San Luis Obispo,Construction - Merit Shop,6/12/2454,,6/10/2454,6/12/2454,6/13/2454,9/23/2454,29-Dec-26,YEAR,"BarrelHouse Brewing Company with Carvalho Construction (G/C) and Ryan Brockett Architect Inc has begun Construction for ""The Hangar"" Brewery Expansion. DETAILS: At (10-Acre) Site with (100,000 sqft, 50-BBl) Brewhouse, Construct Building Addition (Size Unknown) on Acquired (5-Acre) Eastern Site with plus Install Associated Equipment plus Taproom. REQUIRES: Structural Modifications & Renovations, Stainless Fabrication, Ingredient Handling Equipment, Brewhouse, Brite Tanks, Fermentation Tanks, Barrels, Heat Exchangers, Keg Washer & Filler, Material Handling Equipment, Automated Systems, Glycol Chilling System, Stainless Steel Piping, Compressor (Air), Pumps, Motors, Drives, Valves, Flowmeters, Process Controls (PLC), Utilities, Lighting, Solar Arrays, Electrical Distribution plus Taproom and Patio. ENVIRONMENTAL: (A) Exhaust System, Vents, Ducting; (L) Spill Containment, Floor Drains.","BarrelHouse Brewing Company with Carvalho Construction (G/C) and Ryan Brockett Architect Inc Continues Construction for""The Hangar"" Brewery Expansion and anticipates AFE Submittal 3Q25 (Sep). Upon Final Approvals, BarrelHouse Brewing Company awards G/C and releases Remaining RFQs and Bid Documents for Contractors, Subcontractors & Specialty Trades as needed 3Q25 (Jul-Sep). Construction Kick-Off 4Q25 (Oct). Project Completion 4Q26 (Dec).",3545933,3159375,BarrelHouse Brewing Company,14-Apr-23,A,28-Oct-25,Beer,https://www.industrialinfo.com/dash/project_report.jsp?PROJECT_ID=300874832,3,High (81-99%)
Food & Beverage," $10,000,000 ",USD,27-Oct-25,TEHACHAPI VEGETABLE GREENHOUSE EXPANSION,Plant Expansion,Food Crops Grown Under Cover,Greenhouses for food crops,Millennium Pacific Greenhouses Partnership,Planned,Food Crops Grown Under Cover,Tehachapi Vegetable Greenhouse,Millennium Pacific Greenhouses Partnership,20570 Pellisier Road,Tehachapi,CA,California,U.S.A.,93561,+1 6617507300,-118.60023,35.11736,CA*09,West Coast U.S.A.,Kern,Detailed Design,9/12/2454,,9/12/2454,9/14/2454,9/16/2454,9/20/2454,30-Sep-26,YEAR,"Millennium Pacific Greenhouses Partnership with KUBO (Design/Build) has begun Detailed Design Vegetable Greenhouse Expansion. DETAILS: At Newly (62-Acre) Site, Formerly Revol Greens Greenhouse Facility, Renovate (16-Acre) Unused Greenhouse Building Plus Install Associated Equipment including State-of-the-art Environmental Controls and LED Lighting Systems to Expand Vegetable Production. REQUIRES: Insulated Wall Panels, Docks/Doors, Robotics, Sorting Machines, Growing Trays, Tray Racking System, Air Circulation System, Automatic Irrigation System, Closed Loop Grow Systems, Automated Control Systems & Robotics, Grow Lights, Piping, Boilers, Sorters, Traceability System, Silos, Material Handling Equipment, Weighing System, Case Packers, Palletizers, Storage Racks, Compressor (Air), Temperature Sensors & Controls, Inventory Control System, Electrical Distribution, Lighting, Fire Protection System, Motors, Control Valves plus Process Controls (PLC). ENVIRONMENTAL: (A) Vent System, Ducting; (L) Containment Areas, Drainage & Run-off System.","Millennium Pacific Greenhouses Partnership with KUBO continues Detailed Design Vegetable Greenhouse Expansion through 4Q25 (Oct), and Anticipates AFE Approval 1Q26 (Jan). Upon Approval, Millennium Pacific Greenhouses Partnership with KUBO releases Remaining RFQs and Bid Documents for Contractors, Subcontractors, Equipment Providers & Specialty Trades as needed 1Q26 (Jan-Mar). Construction Kick-Off 2Q26 (May). Project Completion 3Q26 (Sep).",3663440,3551184,Millennium Pacific Greenhouses Partnership,28-Oct-25,A,27-Oct-25,"Vegetables, Nesoi, Fresh Or Chilled",https://www.industrialinfo.com/dash/project_report.jsp?PROJECT_ID=301126096,0,Medium (70-80%)
Food & Beverage," $10,000,000 ",USD,26-Apr-22,KERMAN ALMOND PROCESSING FACILITY PHASE IV EXPANSION,Plant Expansion,Crop Preparation Services for Market,Almond hulling and shelling,Sran Family Orchards,Operational,Crop Preparation Services for Market,Kerman Almond Processing,Sran Family Orchards,1750 N Siskiyou Avenue,Kerman,CA,California,U.S.A.,936309707,+1 5598468983,-120.076351,36.759634,CA*06,West Coast U.S.A.,Fresno,Economic Evaluation,9/18/2454,3/5/2454,9/15/2454,9/17/2454,9/19/2454,12/23/2454,31-Mar-27,YEAR,"Sran Family Orchards/Diamond West Farming with iT Architecture has begun Permitting for Almond Processing Facility Phase IV Expansion. DETAILS: As Fourth Phase of Multi-Phase Expansion at Existing (19.72-Acre, 127,800 sqft) Nut Processing Facility and Orchard (Project #300786155 in Permitting), Construct new (52,000 sqft) Building Addition plus new Install Associated Equipment. REQUIRES: Site Preparation, Foundation, Building, Heavy Load Flooring, Stainless Steel Fabrication, Doors/Docks, Shelling Equipment, Roasters, Washers, Tanks/Vessels, Production Line(s), Packaging Equipment, Conveyor System, Ingredient Receiving & Handling Equipment, Automated Retrieving Systems, Blanching Machines, Peeler, Cooling Machines, Racking Systems, Utility Tie-ins Plus Electrical Distribution. ENVIRONMENTAL: (A) Ducts, Vents; (L) Floor Drains, Spill Containment.","Sran Family Orchards with iT Architecture and Style-Line Construction continues Permitting for Almond Processing Facility Phase IV Expansion Thru 4Q25 (Oct) and anticipates AFE Approval 3Q26 (Jul). Upon Final Capital Approvals, Sran Family Orchards with iT Architecture awards G/C and releases RFQs and Bid Documents for Contractors/Subcontractors and Specialty Vendors 2Q26 (Apr-Jun). Estimated Construction Kick-Off 3Q26 (Aug). Project Completion 1Q27 (Mar).",3502578,3420376,Sran Family Orchards,26-Apr-22,A,27-Oct-25,Almonds,https://www.industrialinfo.com/dash/project_report.jsp?PROJECT_ID=300786162,33,Low (0-69%)
Food & Beverage," $15,000,000 ",USD,26-Apr-22,KERMAN ALMOND PROCESSING FACILITY PHASE V EXPANSION,Plant Expansion,Crop Preparation Services for Market,Almond hulling and shelling,Sran Family Orchards,Operational,Crop Preparation Services for Market,Kerman Almond Processing,Sran Family Orchards,1750 N Siskiyou Avenue,Kerman,CA,California,U.S.A.,936309707,+1 5598468983,-120.076351,36.759634,CA*06,West Coast U.S.A.,Fresno,Project Scope,12/27/2454,6/13/2454,12/27/2454,12/29/2454,12/29/2454,4/6/2455,31-Jul-28,YEAR,"Sran Family Orchards/Diamond West Farming with iT Architecture has begun Developing Project Scope for Almond Processing Facility Phase V Expansion. DETAILS: As Last Phase of Multi-Phase Expansion at Existing (19.72-Acre, 127,800 sqft) Nut Processing Facility and Orchard (Project #300786155 in Permitting), Construct new (90,000 sqft) Shop Building Addition plus new Install Associated Equipment. REQUIRES: Site Preparation, Foundation, Building, Heavy Load Flooring, Stainless Steel Fabrication, Doors/Docks, Office Space, Tanks/Vessels, Conveyor System, Racking Systems, Utility Tie-ins Plus Electrical Distribution. ENVIRONMENTAL: (A) Ducts, Vents; (L) Floor Drains, Spill Containment.","Sran Family Orchards with iT Architecture and Style-Line Construction continues Developing Project Scope for Almond Processing Facility Phase V Expansion Thru 4Q25 (Oct) and anticipates AFE Approval 3Q27 (Jul). Upon Final Capital Approvals, Sran Family Orchards with iT Architecture awards G/C and releases RFQs and Bid Documents for Contractors/Subcontractors and Specialty Vendors 3Q27 (Jul-Sep). Estimated Construction Kick-Off 3Q27 (Sep). Project Completion 3Q28 (Jul).",3502578,3420376,Sran Family Orchards,28-Apr-22,A,27-Oct-25,Almonds,https://www.industrialinfo.com/dash/project_report.jsp?PROJECT_ID=300786165,34,Low (0-69%)
Food & Beverage," $5,000,000 ",USD,24-Oct-25,CLOVIS FROZEN FRUITS PLANT AUTOMATED PACKAGING LINE UPGRADE,Automation,"Frozen Fruits, Fruit Juices & Vegetables","Frozen fruits, fruit juices, and vegetables-mfg",Wawona Frozen Foods Incorporated,Operational,"Frozen Fruits, Fruit Juices & Vegetables",Clovis Frozen Fruits,Wawona Frozen Foods Incorporated,100 West Alluvial Avenue,Clovis,CA,California,U.S.A.,936119176,+1 5592992901,-119.71455,36.843898,CA*06,West Coast U.S.A.,Fresno,Market Analysis,12/21/2454,9/22/2454,12/21/2454,12/23/2454,12/27/2454,12/28/2454,31-Aug-27,YEAR,"Wawona Frozen Foods Incorporated has begun Market Analysis for Frozen Fruits Plant Automated Packaging Line Upgrade. DETAILS: At Existing 130,000 sqft Frozen Fruit Processing Plant, Perform Automation Upgrade to (1) old Packaging Line (2-3 Filler Machines, 2-3 X-Ray Machines and 2-3 Color Sorters) plus Auxiliary Equipment. REQUIRES: Packaging Line Removal/Disassembly, Stainless Steel Fabrication, Robotics PLUS AUTOMATION UPGRADES TO: Color Sorter Machines, Fillers, X-Ray Machines, Feeders, Material Handling Equipment, Conveyor Systems, Weighers & Scales, Hoppers, Loading/Unloading Equipment, Motors, Drives, Belts, Inspection & Monitoring Equipment, Process Controls (PLC & Pneumatics) & Tie-Ins plus Electrical Distribution.","Wawona Frozen Foods Incorporated continues Market Analysis for Frozen Fruits Plant Automated Packaging Line Upgrade thru 3Q26 (Aug) and anticipates finalizing Scope by 4Q26 (Oct) and receiving Final AFE Approval by 1Q27 (Jan). Subject to Final Approval, Wawona Frozen Foods Incorporated releases RFQs and Bid Documents 1Q27 (Jan-Mar). Construction Kick-Off 3Q27 (Jul). Project Completion 3Q27 (Aug).",1512937,1512937,Wawona Frozen Foods Incorporated,24-Oct-25,A,24-Oct-25,"Peaches, Otherwise Prepared Or Preserved, Whether Or Not Containing Sweetening Or Spirit, Nesoi",https://www.industrialinfo.com/dash/project_report.jsp?PROJECT_ID=301125556,0,Low (0-69%)
Food & Beverage," $49,000,000 ",USD,25-Aug-25,RANCHO CORDOVA/SACRAMENTO COLD STORAGE EXPANSION,Plant Expansion,Refrigerated Warehousing & Storage,Cold storage warehousing,Trader Joe's,Planned,General Warehousing & Storage,Rancho Cordova/Sacramento Cold Storage,Trader Joe's,12100 Atlanta Circle,Rancho Cordova,CA,California,U.S.A.,95742,+1 6265993700,-121.22102,38.62568,CA*02,West Coast U.S.A.,Sacramento,Construction - Merit Shop,6/11/2454,,6/11/2454,6/13/2454,6/11/2454,9/18/2454,1-Jul-26,YEAR,"Trader Joe's (as Sacramento Cold Storage) with HPA Architecture Incorporated and Uprite Construction has begun Construction for Distribution Center Cold Storage Expansion. DETAILS: At (55-Acre) Site with Recently Acquired (441,618 sqft) Distribution Center Building, Construct (182,822 sqft) Cold Storage Buidling Addtion and (6280 sqft) Maintenance Building plus Perform Structural Modifications and Install Associated Equipment. REQUIRES: Demolition/Site Preparation, Foundation, Building, Heavy Load Flooring, Insulated Metal Panels, Equipment Pads, Doors/Docks, Freezers/Coolers, Refrigeration System, Multi-Temperature Cooler, Storage Racks, Evaporated Coils, Air Flow & Temperature Controlled Systems, Fans, Compressors (Air), Material Handling, Vapor Mitigation Systems, LED Lighting System, Condensers, Controls (PLC), Utilities & Tie-Ins plus Electrical Distribution. ENVIRONMENTAL: (A) Vent Exhaust System, Ducting; (L) Spill Containment, Drains.",Trader Joe's (as Sacramento Cold Storage) with HPA Architecture Incorporated and Uprite Construction continues Construction for Cold Storage Expansion and releases remaining releases RFQS and Bid Documents for Contractors and Subcontractors as needed 3Q25 (Aug) through 4Q25 (Oct). Site Prepartion Kick_off 3Q25 (Aug). Construction Kick-Off 4Q25 (Nov). Project Completion 3Q26 (Jul).,3654070,3109236,Trader Joe's,29-Aug-25,A,20-Oct-25,,https://www.industrialinfo.com/dash/project_report.jsp?PROJECT_ID=301105786,0,High (81-99%)
Food & Beverage," $10,000,000 ",USD,30-Nov-23,WOODLAND GRASSROOT OLIVE OIL PRODUCTION PLANT,Grassroot,"Shortening, Margarine, Fats & Oils",Olive oil-mfg,Acesur North America,Planned,"Shortening, Margarine, Fats & Oils",Woodland Olive Oil Production,Grupo Acesur Coosur,"TBA Woodland, CA Area",Woodland,CA,California,U.S.A.,95776,+1 9149250450,-121.73318,38.69405,CA*02,West Coast U.S.A.,Yolo,Project Scope,9/12/2454,,6/8/2454,6/10/2454,9/13/2454,9/22/2454,30-Nov-26,YEAR,"Acesur North America has begun Developing Project Scope for Grassroot Olive Oil Production Plant. DETAILS: At TBA 356-Ha (3.8MM sqft) Site in Woodland, CA, Plant new (200,000+ Olive trees) Olive Grove and Construct (UNKNOWN sqft) Building Addition to Process & Package Olive Oil plus Install Associated Equipment. REQUIRES: Site Preparation, Foundation, Buildings, Heavy Load Flooring, Insulated Wall Panels, Stainless Steel Fabrication, Heavy Load Flooring, Truck Dumps,  Storage Bins and Silos, Transfer System,  Aspirators,  Milling and Grinding Equipment, Scale, Storage Tanks, Extractors, Separators, Heat Exchangers, Evaporators, Packaging Equipment, Conveyor Systems, Pelletizing Mill  Pumps, Motors plus Process Controls (PLC). ENVIRONMENTAL MRO: (A) Vents, Dust Collection System; (W) Wastewater Treatment System.","Acesur North America continues Developing Project Scope for Grassroot Olive Oil Production Plant and anticipates receiving AFE Approval 2Q25 (May). Upon Final Approvals, Acesur North America awards G/C plus releases RFQs and Bid Documents for Contractors, Subcontractors and Suppliers 2Q25 (May) thru 3Q25 (Jul). Construction Kick-Off 1Q26 (Feb). Project Completion 4Q26 (Nov).",3572220,3336769,Acesur North America,30-Nov-23,A,20-Oct-25,,https://www.industrialinfo.com/dash/project_report.jsp?PROJECT_ID=300934924,16,Low (0-69%)
Food & Beverage," $15,000,000 ",USD,29-Jun-23,MECCA GRASSROOT PILOT DESALINATION PLANT,Grassroot,Water Supply,Desalination of Water,Global Water Farms,Planned,Water Supply,Mecca Pilot Desalination Plant,Global Water Farms,Coachella Canal Road and System Road,Mecca,CA,California,U.S.A.,92254,+1 8669283716,-115.698,33.43945,CA*09,West Coast U.S.A.,Riverside [eastern],Project Justification,9/14/2454,3/6/2454,9/12/2454,9/14/2454,9/15/2454,9/23/2454,26-Dec-26,QUARTER,"Global Water Farms with Heptagon Seven has begun Project Justification for Grassroot Pilot Desalination Plant. DETAILS: At Selected 2.78-Acre Site of Acquired 641-Acre Lot Grassroot Site in Lower Coachella Valley, Construct (13,484 sqft) Building and Install Desalter with  Brine Water Reverse Osmosis Treatment System and Associated Equipment to Process Distilled Water. REQUIRES: Site Preparation, Building, Wells, Foundations/Concrete, Brine System, Storage Tanks, Intake/Discharge Pipelines, Zero Liquid Discharge Waste Stream Desalination System, R/O Unit, Membrane Filtration System, Hi-Press Pumps, Flush Tank, Heat Exchangers, Utilities Tie-Ins plus Process Controls. ENVIRONMENTAL: (A) Ducting; (L) Containment; (W) Filtration System.",Global Water Farms with Heptagon Seven continues Project Justification for Grassroot Pilot Desalination Plant and anticipates receiving AFE Approval 1Q26 (Mar). Global Water Farms awards G/C and releases  Subcontractor Equipment RFQs and Bid Documents 1Q26 (Jan-Mar). Construction Kick-Off 2Q26 (Apr). Project Completion 4Q26 (Dec).,3554346,3461771,Global Water Farms,30-Jun-23,A,20-Oct-25,Desalinated Water,https://www.industrialinfo.com/dash/project_report.jsp?PROJECT_ID=300894961,28,Low (0-69%)
Food & Beverage," $8,000,000 ",USD,17-Oct-25,DENAIR ALMOND PROCESSING LINE ADDITION,Equipment Addition,Crop Preparation Services for Market,Hulling and shelling of tree nuts,California Nut Company,Operational,Crop Preparation Services for Market,Denair Almond Processing,California Nut Company,5166 Sperry Road,Denair,CA,California,U.S.A.,953168503,+1 2096327511,-120.80023,37.563242,CA*06,West Coast U.S.A.,Stanislaus,Market Analysis,3/31/2455,12/31/2454,3/31/2455,4/2/2455,4/6/2455,4/7/2455,31-Aug-28,YEAR,"California Nut Company has begun Market Analysis for Almond Processing Line Addition. DETAILS: At Existing 152,000 sqft Almond Processing Plant, Construct (1) new Processing Line Addition plus Auxiliary Equipment. REQUIRES: Stainless Steel Fabrication, Roaster Unit, Sheller, Automated Systems, Drying Chamber, Blanchers, Cleaners, Sorters, Conveyor Systems, Belts, Feeders, Motors, Drives, Case Packer, Trays, Fans, Material Handling Equipment, Temperature & Process Controls (PLC) & Tie-Ins plus Electrical Distribution. ENVIRONMENTAL: (A) Dust Collection System; (L) Containment.","California Nut Company continues Market Analysis for Almond Processing Line Addition thru 3Q26 (Jul) and anticipates finalizing Scope by 4Q27 (Oct) and receiving Final AFE Approval by 1Q28 (Jan). Subject to Approval, California Nut Company releases RFQs and Bid Documents 1Q28 (Jan-Mar). Construction Kick-Off 3Q28 (Jul). Project Completion 3Q28 (Aug).",3189095,3167270,California Nut Company,20-Oct-25,A,17-Oct-25,Almonds,https://www.industrialinfo.com/dash/project_report.jsp?PROJECT_ID=301123310,0,Low (0-69%)
Food & Beverage," $1,000,000 ",USD,18-Oct-24,PORTERVILLE CHICKEN COOKED PLANT 2025 MAINTENANCE PROGRAM,Maintenance Program,Poultry Slaughtering & Processing,"Chickens, processed: fresh, frozen, canned, or cooked-mfg",Foster Farms Incorporated,Operational,Poultry Slaughtering & Processing,Porterville Chicken Cooked Plant,Atlas Holdings LLC,770 North Plano Street,Porterville,CA,California,U.S.A.,932576329,+1 5597935501,-119.006796,36.079645,CA*06,West Coast U.S.A.,Tulare,Maintenance Programs,6/4/2454,,6/4/2454,6/11/2454,6/4/2454,6/15/2454,31-Dec-25,QUARTER,"Foster Farms Plans for 2025 Maintenance Programs at (2MM birds/wk) Chicken Cooked Plant. NORMAL INSPECTION/REPAIR OF: Receiving & Storage Areas, Poultry Processing Equipment and Packaging Lines plus Associated Equipment Weekly on Saturdays and Sundays. REQUIRES REPAIRS/REPLACEMENTS TO: Cutters, Slicers, Material Handling Equipment, Refrigeration System (Ammonia), High-Pressure Pump & Water Jets, Filling and Packaging Equipment, Ovens, Cookers, Fryers, Lighting, Form/Fill & Seal Machine, Wrappers, Controls, Labelers, Case Packers, Scales, Automated & Conveyors Systems, Motors, Boilers, Drives, Pumps, Heat Exchangers, Palletizer, Process Piping plus Process Controls (PLC). ENVIRONMENTAL MRO: (A) Vent/Exhaust System, Ducting, Dust Collection System; (L) Floor Drains; (W) Wastewater Treatment System; Wet Scrubber.",Foster Farms Incorporated to finalize Maintenance Planning and Scheduling 1Q21 (Jan) plus release Equipment RFQs and Subcontractor Bid Documents as needed to Support In-House Maintenance Staff 1Q25 (Jan) through 3Q25 (Aug). Foster Farms Incorporated indicates Maintenance Shutdown Kick-Off and Completions Over Weekends/Holidays 1Q25 (Jan) through 4Q25 (Dec). (Subject to Production Schedules).,1508185,1028324,Foster Farms Incorporated,18-Oct-24,A,20-Oct-25,Chicken (Processed Poultry Products),https://www.industrialinfo.com/dash/project_report.jsp?PROJECT_ID=301018028,0,High (81-99%)
Food & Beverage," $10,000,000 ",USD,3-Sep-24,ONTARIO WAREHOUSE EXPANSION,Plant Expansion,Refrigerated Warehousing & Storage,Cold storage warehousing,Domino's Pizza Incorporated,Operational,Refrigerated Warehousing & Storage,Ontario Warehouse,Domino's Pizza Incorporated,301 South Rockefeller Avenue,Ontario,CA,California,U.S.A.,917617865,+1 9093901990,-117.553759,34.061252,CA*08,West Coast U.S.A.,San Bernardino [sout,Construction - Merit Shop,3/4/2454,,3/3/2454,3/6/2454,3/5/2454,6/15/2454,31-Dec-25,QUARTER,"Domino's Pizza Incorporated with Pure Development Incorporated and Arco National Construction has begun Construction for Warehouse Expansion. DETAILS: At (6.7-Acre) Site with Existing (451131 sqft) Warehouse, Perform Demolition of Existing Structures (Vacant Industrial Buildings) and Construct (66,000 sqft) Building Addition plus Associated Equipment to Expand Warehouse Operations. REQUIRES: Demolition, Building, Heavy Load Flooring, Insulated Wall Panels (Metal), Heavy Load Flooring, Doors/Docks, Conveyor Systems, Packaging Equipment,  Freezing & Packaging Equipment, Material Handling Equipment, Ammonia Refrigeration System, Motors, Pumps, Servo Drives, Belts, Boiler, Metal Detectors, Labelers & Sealers, Process Controls (PLC & Pneumatics) & Tie-Ins plus Electrical Distribution. ENVIRONMENTAL: (A) Ventilation & Exhaust Ducting Tie-Ins; (L) Spill Containment.",Domino's Pizza Incorporated with Pure Development Incorporated and Arco National Construction continues Construction for Warehouse Expansion and releases remaining RFQs and Bid Documents for Contractors and Subcontractors 3Q24(Aug) through 4Q24 (Nov). Project Kick-Off 4Q24 (Oct). Project Completion 4Q25 (Dec).,1051543,1069057,Domino's Pizza Incorporated,4-Sep-24,A,17-Oct-25,Refrigerated Warehousing & Storage,https://www.industrialinfo.com/dash/project_report.jsp?PROJECT_ID=301006051,-3,High (81-99%)
Food & Beverage," $500,000 ",USD,14-Oct-24,SANTA ANA COOKIE & CRACKER PRODUCTION PLANT 4Q25 MAINTENANCE SHUTDOWN,"Maintenance Event (Outages, Turnarounds, Shutdowns)",Cookies & Crackers,Cookies-mfg,DF Stauffer Biscuit Company,Operational,Cookies & Crackers,Santa Ana Cookies and Crackers,Meiji Holdings Company Limited,4041 West Garry Avenue,Santa Ana,CA,California,U.S.A.,927046315,+1 7145466855,-117.925082,33.706366,CA*08,West Coast U.S.A.,Orange,Scheduled Maintenance,6/11/2454,,6/12/2454,6/13/2454,6/15/2454,6/15/2454,31-Dec-25,MONTH,"DF Stauffer Biscuit has begun Planning and Scheduling for 4Q25 Maintenance Shutdown (200,000 sqft) Cookie & Cracker Production Plant. NORMAL INSPECTION/REPAIR OF: Receiving & Storage Areas, Processing and Packaging Lines plus Associated Support Equipment, Mixing & Blending Vessels, Silos, Tanks, Ammonia Refrigeration System, Process Piping, Depositors, Ovens, Molders, Rollers, Rounders, Dryers, Coolers, Dividers, Filling and Packaging Equipment, Temperature Sensors, Scales, Conveyor Systems, Motors, Pumps plus Process Controls (PLC). ENVIRONMENTAL MRO: (A) Ventilation, Exhaust System, Hoods; (L) Drains, Spill Containment.","DF Stauffer Biscuit expects to finalize Maintenance Planning and Scheduling and releases RFQs and Bid Documents plus selects Suppliers and Subcontractors as needed to Support In-House Maintenance Staff 3Q25 (Sep) thru 4Q25 (Oct). DF Stauffer indicates (1-Week, Annual) Maintenance Shutdown Kick-Off & Completion 4Q25 (Late-Dec). (Subject to Production Schedules)",1056180,3478114,Meiji America Incorporated,15-Oct-24,A,15-Oct-25,"Bread, Pastry, Cakes, Biscuits And Similar Baked Products",https://www.industrialinfo.com/dash/project_report.jsp?PROJECT_ID=301016577,0,High (81-99%)
Food & Beverage," $6,000,000 ",USD,25-Jan-23,MANTECA GRASSROOT BREWERY,Grassroot,Malt Beverages,Beer (alcoholic beverage)-mfg,Loma Brewing Company,Under Construction,Malt Beverages,Manteca Brewery,Loma Brewing Company,1181 Milo Candini Drive,Manteca,CA,California,U.S.A.,95336,+1 2093281141,-121.257091,37.789238,CA*06,West Coast U.S.A.,San Joaquin,Construction - Merit Shop,3/4/2454,11/27/2453,3/2/2454,3/6/2454,3/4/2454,9/12/2454,31-Jan-26,YEAR,"Loma Brewing Company with Diede Construction (GC) Inc continues Construction for Grassroot Brewery. DETAILS: At Selected Site in Manteca, Construct new (10,000 sqft) Brewery and (2,500 sqft) Taproom plus Auxiliary Equipment. REQUIRES: Site Preparation, Building, Heavy Load Flooring, Stainless Steel Fabrication, Ingredient Handling Equipment, Brewhouse, Fermentation Tanks, Storage Tanks, Brite Tanks, Kegs Washer, Fillers, Bottling/Canning Line, Ammonia Refrigeration System, Filtration Systems, Temperature & Humidity Control Systems, Storage Racks, Process Piping, Pumps, Motors, Drives, Fire Protection System, Control Valves, Utilities, Heat Exchanger, Process Controls (PLC) plus Electrical Distribution. ENVIRONMENTAL: (A) Dust Collection System, Exhaust System, Vent, Ducting; (L) Spill Containment, Floor Drains.","Loma Brewing Company with Diede Construction Inc (GC) continues Construction for Grassroot Brewery. Loma Brewing Company with Diede Construction Inc releases any remaining RFQs and Bid Documents for Contractors, Subcontractors & Specialty Trades 3Q24 (Jul) thru 4Q24 (Nov). Construction Kick-Off 3Q24 (Sep). Project Completion 1Q26 (Jan).",3536789,3446715,Loma Brewing Company,25-Jan-23,A,15-Oct-25,Beer,https://www.industrialinfo.com/dash/project_report.jsp?PROJECT_ID=300854331,13,High (81-99%)
Food & Beverage," $25,000,000 ",USD,8-Sep-23,DENAIR ALMOND PROCESSING PLANT STORAGE EXPANSION,Plant Expansion,General Warehousing & Storage,"Warehousing, general",California Nut Company,Operational,Crop Preparation Services for Market,Denair Almond Processing,California Nut Company,5166 Sperry Road,Denair,CA,California,U.S.A.,953168503,+1 2096327511,-120.80023,37.563242,CA*06,West Coast U.S.A.,Stanislaus,Construction - Merit Shop,6/10/2454,,6/6/2454,6/7/2454,6/11/2454,9/15/2454,29-Apr-26,YEAR,"California Nut Company with Hartman Engineering and Contruction (D/B) and MVE Inc has begun Construction for Almond Processing Plant Storage Expansion. DETAILS: At Existing (152,000 sqft) Almond Processing & Storage Campus, Construct new (210,000 sqft) Storage Buildings (with (1) 100,000 sqft Building and (4) 25,000 sqft Cold/Dry Storage Buildings) plus Install Associated Equipment to Meet Food Safety Handling Requirements. REQUIRES: Site Preparation, Foundation, Building, Interior Modifications & Equipment Removal, Heavy Load Flooring, Stainless Steel Fabrication, Loaders/Unloaders, Conveyor Systems, Automated Systems & Robotics, Metal Detectors & Inspection Systems, Automated Systems & Robotics, Racking Systems, Utility Tie-ins Plus Electrical Distribution. ENVIRONMENTAL: (A) Ducts, Vents; (L) Floor Drains, Spill Containment; (W) Wastewater Treatment Systems.","California Nut Company with Hartman Engineering and Construction (D/B) continues Construction for Almond Processing Plant Storage Expansion and anticipates Final AFE Approval 3Q25 (Jul). California Nut Company releases RFQs and Bid Documents for Contractors, Subcontractors, Equipment Providers & Specialty Trades 1Q25 (Mar) thru 2Q25 (Apr). Construction Kick-Off 3Q25 (Aug). Project Completion 2Q26 (Apr).",3189095,3167270,California Nut Company,8-Sep-23,A,15-Oct-25,Almonds,https://www.industrialinfo.com/dash/project_report.jsp?PROJECT_ID=300911974,13,High (81-99%)
Food & Beverage," $1,500,000 ",USD,19-Sep-24,DENAIR ALMOND PROCESSING PLANT SORTER ADDITIONS,Equipment Addition,Crop Preparation Services for Market,Hulling and shelling of tree nuts,California Nut Company,Operational,Crop Preparation Services for Market,Denair Almond Processing,California Nut Company,5166 Sperry Road,Denair,CA,California,U.S.A.,953168503,+1 2096327511,-120.80023,37.563242,CA*06,West Coast U.S.A.,Stanislaus,Market Analysis,12/21/2454,9/22/2454,12/21/2454,12/23/2454,12/27/2454,12/29/2454,30-Sep-27,YEAR,"California Nut Company has begun Market Analysis for Almond Processing Plant Sorter Additions. DETAILS: At Existing 152,000 sqft Almond Processing Facility, Construct (3) new Electronic Sorter Additions plus Auxiliary Equipment. REQUIRES: Stainless Steel Fabrication, Sorter Machines, Infrared Scanning Equipment, Input Systems, Ejectors, Vibrators, Nozzles, Conveyor Systems, Material Handling Equipment, Feeders, Motors, Drives, Belts & Rollers, Process Controls (PLC, Pneumatics) plus Electrical Distribution. ENVIRONMENTAL: (A) Dust Collection System; (L) Containment.","California Nut Company continues Market Analysis for Almond Processing Plant Sorter Additions thru 3Q25 (Sep) and anticipates finalizing Scope by 3Q26 (Jul) and receiving Final AFE Approval by 1Q27 (Jan). Subject to Approval, California Nut Company releases RFQs and Bid Documents 1Q27 (Jan-Mar). Construction Kick-Off 3Q27 (Jul). Project Completion 3Q27 (Sep).",3189095,3167270,California Nut Company,20-Sep-24,A,15-Oct-25,Almonds,https://www.industrialinfo.com/dash/project_report.jsp?PROJECT_ID=301010083,0,Low (0-69%)
Food & Beverage," $1,500,000 ",USD,9-Oct-24,ANAHEIM BAKERY PLANT MIXER UPGRADES,Upgrade,"Bread & Bakery Products, Except Cookies & Crackers","Bakery products, fresh: bread, cakes, doughnuts, and pastries-mfg",SunRich Foods International,Operational,"Bread & Bakery Products, Except Cookies & Crackers",Anaheim Bakery,SunRich Foods International,1240 North Barsten Way,Anaheim,CA,California,U.S.A.,928061822,+1 7146327577,-117.863504,33.855178,CA*08,West Coast U.S.A.,Orange,Project Scope,9/12/2454,6/14/2454,9/12/2454,9/14/2454,9/16/2454,9/17/2454,30-Jun-26,YEAR,"SunRich Foods International has begun Developing Project Scope for Bakery Mixer Upgrades. DETAILS: At Existing 25,000 sqft Bakery (Pancakes & Mixes) Production Facility, Perform Upgrades to Production Lines by Constructing (2) new Mixer Units plus Auxiliary Equipment. REQUIRES: Equipment Disassembly/Removal, Stainless Steel Fabrication, Mixer Units, Hydraulics, Mixer Bowls, High-Speed Agitators, Motors, Drives, Belts, Gearboxes, Rollers & Stretch Bars, Automated Systems, Process Controls (PLC, Pneumatics) & Tie-Ins plus Electrical Distribution. ENVIRONMENTAL: (A) Ducting; (L) Containment.","SunRich Foods International Continues Developing Project Scope for Bakery Mixer Upgrades thru 2Q25 (Apr) and anticipates finalizing Scope by 3Q25 (Jul) and receiving Final AFE Approval by 1Q26 (Jan). Subject to Final Owner Approval, SunRich Foods International releases RFQs and Bid Documents 1Q26 (Jan-Mar). Construction Kick-Off 2Q26 (May). Project Completion 2Q26 (Jun).",3248567,3221121,SunRich Foods International,11-Oct-24,A,14-Oct-25,"Bread, Pastry, Cakes, Biscuits And Similar Baked Products",https://www.industrialinfo.com/dash/project_report.jsp?PROJECT_ID=301015242,0,Low (0-69%)
Food & Beverage," $2,500,000 ",USD,9-Oct-24,ANAHEIM BAKERY PLANT PACKAGING LINE UPGRADES,Upgrade,"Bread & Bakery Products, Except Cookies & Crackers","Bakery products, fresh: bread, cakes, doughnuts, and pastries-mfg",SunRich Foods International,Operational,"Bread & Bakery Products, Except Cookies & Crackers",Anaheim Bakery,SunRich Foods International,1240 North Barsten Way,Anaheim,CA,California,U.S.A.,928061822,+1 7146327577,-117.863504,33.855178,CA*08,West Coast U.S.A.,Orange,Market Analysis,12/21/2454,9/22/2454,12/21/2454,12/23/2454,12/27/2454,12/28/2454,29-Aug-27,YEAR,"SunRich Foods International has begun Market Analysis for Bakery Plant Packaging Line Upgrades. DETAILS: At Existing 20,000 sqft Bakery Manufacturing Plant, Upon Completion of Planned Bakery Plant Mixer Upgrades (Project ID: 301015242), Perform Upgrades to Packaging Line by Constructing (2-3) new Packing Machines (Baggers & Formers) plus Auxiliary Equipment. REQUIRES: Equipment Removal/Disassembly, Stainless Steel Fabrication, Bagging Machines, Formers, Modifications to Packaging Line, Conveyor Systems, Automated Systems, Material Handling Equipment, Labelers & Sealers, Feeders, Pneumatics, Motors, Servo Drives, Feeders, Belts, Controllers, Software, Speed Reducers, Cabinets, Interface Panels, Cables, Input/Output Devices, Monitoring & Inspection System, Process Controls (PLC) & Tie-Ins plus Electrical Distribution.","SunRich Foods International continues Market Analysis for Bakery Plant Packaging Line Upgrades thru 4Q25 (Oct) and anticipates finalizing Scope by 3Q26 (Aug) and receiving Final AFE Approval by 1Q27 (Jan). Subject to Final Owner Approval, SunRich Foods International releases RFQs and Bid Documents 1Q27 (Jan-Mar). Construction Kick-Off 3Q27 (Jul). Project Completion 3Q27 (Aug).",3248567,3221121,SunRich Foods International,11-Oct-24,A,14-Oct-25,"Bread, Pastry, Cakes, Biscuits And Similar Baked Products",https://www.industrialinfo.com/dash/project_report.jsp?PROJECT_ID=301015276,0,Low (0-69%)
Food & Beverage," $8,000,000 ",USD,13-Oct-25,MIRA LOMA BREAD BAKERY PLANT PRODUCTION LINE REPLACEMENT,Replacement,"Bread & Bakery Products, Except Cookies & Crackers","Bread, including frozen-mfg",Galasso's Bakery,Operational,"Bread & Bakery Products, Except Cookies & Crackers",Mira Loma Bread Bakery,Galasso's Bakery,10820 San Sevaine Way,Mira Loma,CA,California,U.S.A.,917521116,+1 9513601211,-117.51933,34.016025,CA*08,West Coast U.S.A.,Riverside [western],Market Analysis,12/21/2454,9/22/2454,12/21/2454,12/23/2454,12/27/2454,12/28/2454,31-Aug-27,YEAR,"Galasso's Bakery has begun Market Analysis for Bread Bakery Plant Production Line Replacement. DETAILS: At Existing 110,000 sqft Bakery Manufacturing Plant, Dismantle & Replace (1) old Production Line plus Auxiliary Equipment. REQUIRES: Production Line Removal/Disassembly, Stainless Steel Fabrication, Ingredient Handling Equipment, Vessels/Tanks, Feeders, Mixers, Roll Sheeting Systems, Laminating Equipment, Oil Spraying Machines, Topping Dispensers, Conveyors Systems, Continuous Dough Processing Equipment, Automated Systems, Metal Detectors, Tunnel Baking Oven, Cooling Racks, Dividers, Cracker/Cookie Breaker Machines, Wrappers, Packaging Line, Case Packers, Rolls, Hoppers, Tables, Material Handling Equipment, Compressors (Air), Process Piping, Drives, Motors, Process Controls (PLC) & Tie-Ins plus Electrical Distribution. ENVIRONMENTAL: (A) Vent Exhaust, Ducting; (L) Containment.","Galasso's Bakery continues Market Analysis for Bread Bakery Plant Production Line Replacement thru 2Q26 (Jun) and anticipates finalizing Scope by 3Q26 (Sep) receiving Final AFE Approval by 1Q27 (Jan). Subject to Approval, Galasso's Bakery releases RFQs and Bid Documents 1Q27 (Jan-Mar). Construction Kick-Off 3Q27 (Jul). Project Completion 3Q27 (Aug).",3359648,3306156,Galasso's Bakery,14-Oct-25,A,13-Oct-25,"Bread, Pastry, Cakes, Biscuits And Similar Baked Products",https://www.industrialinfo.com/dash/project_report.jsp?PROJECT_ID=301121365,0,Low (0-69%)
Food & Beverage," $35,000,000 ",USD,13-Oct-25,VICTORVILLE GRASSROOT PET TREATS MANUFACTURING PLANT,Grassroot,Dog & Cat Food,Dog food-mfg,American Jerky Company,Under Construction,Dog & Cat Food,Victorville Pet Treats,American Jerky Company,Hesperia Road and Nisqualli Road,Victorville,CA,California,U.S.A.,92395,+1 9095458650,-117.28951,34.48387,CA*09,West Coast U.S.A.,San Bernardino [nort,Construction - Merit Shop,6/8/2454,,6/8/2454,6/10/2454,6/12/2454,9/21/2454,1-Oct-26,QUARTER,"American Jerky Company with Oltman's Construction has begun Construction for Grassroot Pet Treats Manufacturing Plant. DETAILS: At (9.9-Acre) Grassroot Sitre, Construct (231,448 sqft) Dried Meat Pet Treats Manufacturing with (75,000 sqft Freezer Space) plus Install Associated Equipment. REQUIRES: Building, Stainless Steel Fabrication, Ingredient Receiving and Handling Equipment, Storage Silos, Processing Vessels, Feeders, Mixing & Blending Equipment, Grinders, Extruders, Dryers, Pallet Racking, Cookers, Formers, Inspection System, Freeezer, Conveyors, Weighing System, Filling & Bagging Lines, Packaging Equipment, Case Packers, Palletizers, Fire Protection System, Temperature Control System, Motors, Drives, Compressors (Air), Electrical Distribution, Docks/Doors, Utilities plus Process Controls (PLC). ENVIRONMENTAL: (A) Ventilation System, Exhaust System, Dust Collection System; (L) Spill Containment, Floor Drains.","American Jerky Company with Oltman's Construction for Grassroot Pet Treats Manufacturing Plant and releases any remaining RFQs and Bid Documents for Contractors, Subcontractors and Specialty Vendors 2Q25 (May) Thru 3Q25 (Jul). Site Preparation Kick-Off 3Q25 (Sep). Construction Kick-Off 4Q25 (Oct). Project Completion 4Q26 (Oct).",3661341,3550128,American Jerky Company,13-Oct-25,A,13-Oct-25,,https://www.industrialinfo.com/dash/project_report.jsp?PROJECT_ID=301121383,0,High (81-99%)
Food & Beverage," $2,000,000 ",USD,17-Oct-24,TRACY GRASSROOT COLD STORAGE FOOD DISTRIBUTION FACILITY,Grassroot,Refrigerated Warehousing & Storage,Refrigerated warehousing,Atwal Properties,Planned,Refrigerated Warehousing & Storage,Tracy Food Distribution Facility,Atwal Properties,1018 Welty Road,Tracy,CA,California,U.S.A.,95377,+1 2092980313,-121.287635,37.638255,CA*06,West Coast U.S.A.,San Joaquin,Permitting,6/12/2454,,6/14/2454,6/15/2454,9/12/2454,9/19/2454,31-Aug-26,YEAR,"Atwal Properties with NorthStar Engineering Group (Engineer) has begun Permitting for the Grassroot Cold Storage Food Distribution Facility. DETAILS: At (2.6-Acre) Grassroot Site, Construct (20,000 Sqft) Cold Storage & Distribution Facility (5,000 sqft Office and 15,000 sqft Cold Storage with 40 Stalls for Tractor/Trailers) plus Install Associated Equipment. REQUIRES: Site Preparations, Foundation, Building, Heavy Load Flooring, Insulated Wall Panels, Docks/Doors, Cooler/Freezer, Refrigeration System (Ammonia/CO2), Evaporator Coils, Robotics & High-Tech Equipment, Conveyors, Automated Storage & Retrieving System (ASRS), Palletizer, Cameras, Pneumatics, Sorting Systems, Computer Systems, Loading/Unloading Areas, Material Handling Equipment, Air Flow & Temperature Controlled Systems, Engine Room, Screw Compressors, Fans, Storage Racks, Condenser, Fire Protection & Inventory Management Systems, Controls (PLC), Utilities Tie-Ins plus Electrical Distribution. ENVIRONMENTAL: (A) Vent Exhaust System, Ducting; (L) Spill Containment, Floor Drains.","Atwal Properties with NorthStar Engineering Group (Engineer) has begun Permitting for the Grassroot Cold Storage Food Distribution Facility thru 4Q24 (Nov), and anticipates AFE Approval 3Q25 (Sep). Upon Approval, Atwal Properties with NorthStar Engineering Group releases remaining RFQs and Bid Documents for Contractors, Subcontractors, Equipment Providers & Specialty Trades 4Q25 (Nov-Dec). Construction Kick-Off 1Q26 (Jan). Project Completion 3Q26 (Aug).",3613753,3509557,Atwal Properties,18-Oct-24,A,13-Oct-25,Refrigerated Warehousing & Storage,https://www.industrialinfo.com/dash/project_report.jsp?PROJECT_ID=301017665,9,Medium (70-80%)
Food & Beverage," $20,000,000 ",USD,15-Jul-25,LOS ANGELES GRASSROOT CONFECTIONERY PLANT,Grassroot,Candy & Confectionery Products,Confectionery-mfg,Ginbis Co. LTD,Planned,Candy & Confectionery Products,Los Angeles Confectionery,Ginbis Co. LTD,TBD,Los Angeles,CA,California,U.S.A.,90012,+81 336640331,-118.239649,34.051534,CA*08,West Coast U.S.A.,Los Angeles [souther,Market Analysis,9/21/2454,,9/21/2454,9/23/2454,12/21/2454,4/2/2455,31-Mar-28,MONTH,"Ginbis Co. LTD has begun Market Analysis for Grassroot Confectionery Plant. DETAILS: At Selected Site in USA, Construct new Confectionery and Cookie Manufacturing Plant (SQFT: Unknown) with Auxiliary Equipment to Produce Crackers and Confectionery Products. REQUIRES: Site Preparation, Foundation, Building, Stainless Steel Fabrication, Production Lines, Robotics, Cleaners, Roasters, Pasteurizers, Treatment & Crushing Equipment, Grinders, Presses, Storage Tanks & Vessels, Processing Tanks & Vessels, Feed System, Ovens, Mixers, Refiners, Dehullers, Depositors & Molders, Weighing System, Clean-In-Place (CIP) System, Inspection Equipment, Packaging Lines, Case Packers, Palletizers, Ammonia Refrigeration System, Compressors (Air), Charging Stations, Storage Racking, Motors, Drives, Pumps, Belts, Automated Systems, Conveyor Systems, Air Flow & Temperature Controlled System, Process Piping, Material Handling Equipment, Boiler, Lighting, Fire Protection System, Office Areas, Utility Tie-Ins plus Process Controls (PLC, Pneumatics) Tie-Ins. ENVIRONMENTAL: (A) Vent Exhaust System, Ducting; (L) Spill Containment, Floor Drains; (W) Wastewater Treatment System.","Ginbis Co. LTD continues Market Analysis for Grassroot Confectionery Plant thru Site Selection and Permitting plus anticipates receiving Final AFE Approval by 4Q26 (Oct). Subject to Approval, Ginibis Co. LTD awards G/C plus releases RFQs and Bid Documents 4Q26 (Oct-Dec). Construction Kick-Off 1Q27 (Jan). Project Completion 2Q28 (Mar).",3648137,3538257,Ginbis Co. LTD,15-Jul-25,A,13-Oct-25,"Mixes And Doughs For The Prep Of Cookies (Sweet Biscuits), Waffles And Wafers, Containing Cocoa Powder In A Proportion By Weight Of",https://www.industrialinfo.com/dash/project_report.jsp?PROJECT_ID=301093545,0,Low (0-69%)
Food & Beverage," $3,000,000 ",USD,8-Oct-25,FRESNO DAIRY PRODUCTS 2026 MAINTENANCE PROGRAM,Maintenance Program,Fluid Milk,"Milk processing (pasteurizing, homogenizing, vitaminizing, bottling)-mfg",Producers Dairy,Operational,Fluid Milk,Fresno Dairy Products,"Shehadey Family Foods, LLC",250 East Belmont Avenue,Fresno,CA,California,U.S.A.,937011405,+1 5592646583,-119.808709,36.750097,CA*06,West Coast U.S.A.,Fresno,Maintenance Programs,6/10/2454,,6/12/2454,9/17/2454,6/13/2454,9/21/2454,31-Oct-26,QUARTER,"Producers Dairy Plans 2026 Maintenance Program at (132,600 sqft) Beverage Bottling Plant. NORMAL INSPECTIONS/REPAIR OF: Receiving and Storage Areas, Bottling & Packaging Equipment, Utilities plus Support Equipment During Annual Maintenance Program. REQUIRES REPAIRS/REPLACEMENTS TO: Ingredients Handling & Storage Equipment, Processing Vessels, Tanks, Blow-Molding Line, Process Piping, Rinsers & Fillers, Packaging Equipment, Labeling System, Conveyors System, Case Packers, Palletizers, Automated Systems, Motors, Drives, Pumps, Clean-In-Place (CIP) System, Valves, Refrigeration System, Heat Exchangers, (2) Boilers, Utilities plus Process Controls (PLC). ENVIRONMENTAL MRO: (A) Vent/Exhaust System, Ducting, Leak Detection; (W) Wastewater Treatment System.","Producers Dairy continues Maintenance Planning and expects to finalize Scheduling 3Q25 (Jul). Subject to Completion, Producers Dairy releases RFQs and Specialty Subcontractor Bid Documents as needed to support In-House Maintenance Staff 3Q25 (Sep) through 2Q26 (Jun). Producers Dairy indicates (2-3 Days, weekend) Preventative Maintenance Program Kick-Off 4Q25 (Oct) and Completion 4Q26 (Oct). (Subject to Production Schedule).",3161682,3145254,Producers Dairy,9-Oct-25,A,8-Oct-25,Milk,https://www.industrialinfo.com/dash/project_report.jsp?PROJECT_ID=301120199,0,High (81-99%)
Food & Beverage," $23,000,000 ",USD,25-Oct-24,FRESNO DAIRY PRODUCTS ENERGY EFFICIENCY UPGRADES,Efficiency Program,Fluid Milk,"Milk processing (pasteurizing, homogenizing, vitaminizing, bottling)-mfg",Producers Dairy,Operational,Fluid Milk,Fresno Dairy Products,"Shehadey Family Foods, LLC",250 East Belmont Avenue,Fresno,CA,California,U.S.A.,937011405,+1 5592646583,-119.808709,36.750097,CA*06,West Coast U.S.A.,Fresno,Project Scope,9/20/2454,,9/15/2454,9/17/2454,9/21/2454,12/22/2454,28-Feb-27,YEAR,"Producers Dairy has begun developing Project Scope for Dairy Products Energy Efficiency Upgrades. DETAILS: At Existing (132,600 sqft) Fluid Milk Production Facility, As Part of Net-Zero Greenhouse Gas Emissions Initiative (TIV:$23M), Perform Complete Overhaul to Utility Systems throughout The Plant to Make Necessary Improvements to Increase Energy Efficiency and Reduce Emissions. REQUIRES: Equipment Dismantlement & Removal, Heat Pumps, Electric Heaters, Electric Boilers, Biogas Boilers, Solar Thermal, Solar Photovoltaic, Thermal Energy Storage, Anaerobic Digesters, Monitoring System, Relays, Reactors, Circuit Breakers, Connectors, Conduit, Tracking Array Stands, Underground DC Wiring & Cabling Installation, Piping and Fittings, Power Inverters, Motor Control Center (MCC), Distributed Control System (DCS), Transformers, Breakers, Switchgear, Interface Stations, Control Valves, Digital Transmitters & Controllers, Heat Exchangers, Pumps, Motors, Temperature Sensors, Utilities, Controls (PLC) plus Electrical Distribution. ENVIRONMENTAL: (A) Vent/Exhaust System, Ducting; (L) Spill Containment, Floor Drains; (W) Wastewater Treatment System.","Producers Dairy continues developing Project Scope for Dairy Products Energy Efficiency Upgrades thru 1Q25 (Feb), and anticipates AFE Approval 3Q25 (Sep). Upon Approval, Producers Dairy releases RFQs and Bid Documents for Contractors, Subcontractors & Vendors 2Q25 (Apr-Jun). Construction Kick-Off 4Q25 (Oct). Project Completion 1Q26 (Feb).",3161682,3145254,Producers Dairy,27-Oct-24,A,8-Oct-25,Milk,https://www.industrialinfo.com/dash/project_report.jsp?PROJECT_ID=301020171,15,Medium (70-80%)
Food & Beverage," $6,000,000 ",USD,6-Oct-23,LOS BANOS TOMATO PLANT COOKER UNIT ADDITION,Equipment Addition,"Canned Fruits, Vegetables, Preserves, Jams & Jellies","Sauces, tomato-based-mfg",The Morning Star Company,Operational,"Canned Fruits, Vegetables, Preserves, Jams & Jellies",Los Banos Tomato,The Morning Star Company,13448 Volta Road,Los Banos,CA,California,U.S.A.,936359785,+1 2098268000,-120.920574,37.093357,CA*06,West Coast U.S.A.,Merced,Project Scope,9/20/2454,6/5/2454,9/18/2454,9/20/2454,9/21/2454,9/23/2454,31-Dec-26,QUARTER,"The Morning Star Company has begun developing Project Scope for Tomato Plant Cooker Unit Addition. DETAILS: At Existing 201,000 sqft Tomato Processing Plant, Perform Upgrade to Pre-Cooking Process by Constructing (1) new Cooker Unit Addition plus Auxiliary Equipment. REQUIRES: Structural, Stainless Steel Fabrication, Insulated Wall Panels, Cooker Vessel/Shell, Steam Chambers, Vertical Shaft, Fluidized Bed/Tray Dryer, Steam Chests, Heat Exchangers, Cooler, Stack, Decks, Sweep Arms, Screw Conveyors, Gearbox, Screens, Condenser, Bars & Supports, Motors, Drives, Pumps, Valves, Process Controls Integration, Utilities Tie-Ins plus Electrical Distribution. ENVIRONMENTAL: (A) Vapor Recovery System, Emission Monitoring, Ducting, Ventilation, Dust Collection System; (L) Spill Containment.","The Morning Star Company continues developing Project Scope for Tomato Plant Cooker Unit Addition thru 4Q25 (Oct) and anticipates finalizing Scope by 4Q25 (Nov) and receiving Final AFE Approval by 3Q26 (Sep). Subject to Approval, The Morning Star Company releases RFQs and Bid Documents 3Q26 (Jul-Sep). Construction Kick-Off 4Q26 (Oct). Project Completion 4Q26 (Dec).",3010823,3009229,The Morning Star Company,9-Oct-23,A,8-Oct-25,Tomato Paste,https://www.industrialinfo.com/dash/project_report.jsp?PROJECT_ID=300919283,24,Low (0-69%)
Food & Beverage," $600,000 ",USD,3-Apr-25,WILLIAMS RICE MILL EQUIPMENT UPGRADES,Upgrade,Rice Milling,Milling of rice-mfg,American Commodity Company LLC,Operational,Rice Milling,Williams Rice Mill,American Commodity Company LLC,6133 Able Road,Williams,CA,California,U.S.A.,95987,+1 5304732827,-122.122297,39.146358,CA*02,West Coast U.S.A.,Colusa,Market Analysis,6/12/2454,,6/11/2454,6/12/2454,6/13/2454,6/15/2454,31-Dec-25,MONTH,"American Commodity Company LLC has begun Market Analysis for Rice Mill Equipment Upgrades. DETAILS: At Existing (60,000 Sq.ft) Rice Mill, Perform Upgrades to Rice Mill by Replacing old Whitener Machines to Increase Production of Rice Mill plus Auxiliary Equipment. REQUIRES: Equipment Removal/Disassembly, Stainless Steel Fabrication, Whitening Machines, Cylinders, Augers, Spouts, Conveyor Systems, Robotics, Automated Systems, Material Handling Equipment, Labelers & Sealers, Feeders, Pneumatics, Motors, Drives, Gearboxes, Feeders, Belts, Controllers, Software, Speed Reducers, Cabinets, Interface Panels, Cables, Input/Output Devices, Monitoring & Inspection System, Process Controls (PLC) & Tie-Ins plus Electrical Distribution. ENVIRONMENTAL: (A) Dust Collection System","American Commodity Company LLC continues Market Analysis for Rice Mill Equipment Upgrades thru 2Q25 (Apr) and anticipates receiving Final AFE Approval by 3Q25 (Sep). Subject to Final Approval, American Commodity Company LLC  releases RFQs and Bid Documents 3Q25 (Jul-Sep). Construction Kick-Off 4Q25 (Oct). Project Completion 4Q25 (Dec).",3146416,3134068,American Commodity Company LLC,14-Apr-25,A,14-Apr-25,,https://www.industrialinfo.com/dash/project_report.jsp?PROJECT_ID=301064398,0,Low (0-69%)
Food & Beverage," $600,000 ",USD,8-May-25,OXNARD JELLY PROCESSING PLANT PACKAGING LINE AUTOMATION UPGRADES,Automation,"Canned Fruits, Vegetables, Preserves, Jams & Jellies","Jellies, edible: including imitation-mfg",J M Smucker Company,Operational,"Canned Fruits, Vegetables, Preserves, Jams & Jellies",Oxnard Jelly Processing,J M Smucker Company,800 Commercial Avenue,Oxnard,CA,California,U.S.A.,930307234,+1 8054875483,-119.172719,34.193952,CA*07,West Coast U.S.A.,Ventura,Market Analysis,6/12/2454,,6/10/2454,6/12/2454,6/14/2454,9/12/2454,31-Jan-26,MONTH,"J M Smucker Company has begun Market Analysis for Jelly Processing Plant Packaging Line Automation Upgrades. DETAILS: At Existing (67,000 sq.ft) Fruit Jellies Manufacturing Plant, Perform Automation Upgrades to (1) Packaging Line by Constructing (1-2) Automatic Weighers plus Auxiliary Equipment. REQUIRES: Packaging Line Removal/Disassembly, Stainless Steel Fabrication, Filler Machines, Baggers, Conveyor Systems, Palletizers, Case Packer Machines, Feeders, Cappers, Sealers, Material Handling Equipment, Automated Systems/Robotics, Weighers, Hoppers, Loading/Unloading Equipment, Belts, Motors, Drives, Inspection & Monitoring Equipment, Process Controls (PLC & Pneumatics) & Tie-Ins plus Electrical Distribution.","J M Smucker Company has begun Market Analysis for Jelly Processing Plant Packaging Line Automation Upgrades thru 2Q25 (Apr) and anticipates receiving Final AFE Approval by 3Q25 (Sep). Subject to Final Approval, J M Smucker Company releases RFQs and Bid Documents 3Q25 (Jul-Sep). Construction Kick-Off 4Q25 (Nov). Project Completion 1Q26 (Jan).",1503356,1510649,J M Smucker Company,9-May-25,A,8-May-25,,https://www.industrialinfo.com/dash/project_report.jsp?PROJECT_ID=301073944,0,Low (0-69%)
Food & Beverage," $1,000,000 ",USD,8-Nov-24,SARATOGA WINERY STORAGE,Plant Expansion,"Wines, Brandy & Brandy Spirits",Wines-mfg,House Family Vineyards,Operational,"Wines, Brandy & Brandy Spirits",Saratoga Vineyard,House Family Vineyards,13336 Old Oak Way,Saratoga,CA,California,U.S.A.,95070,+1 8009757191,-122.048861,37.275895,CA*03,West Coast U.S.A.,Santa Clara,Detailed Design,6/13/2454,,6/10/2454,6/12/2454,6/13/2454,6/15/2454,31-Dec-25,YEAR,"House Family Vineyards with AECOM (Consultant) has begun Detailed Design for Winery Storage. DETAILS: At Existing (73-Acre) Winery and Vineyard, Construct new (2,600 sqft) Wine Barrel Cave and Modify Existing (1,200 sqft) Tasting Deck. REQUIRES: Site Preparation, Building, Heavy Load Flooring, Material Handling Equipment, Inventory Management System, Storage Racks, Lighting, Humidity & Temperature Control System, Fire Protection System plus Electrical Distribution. ENVIRONMENTAL: (A) Ventilation System, Ducting; (L) Spill Containment, Floor Drains.","House Family Vineyards with AECOM (Consultant) has begun Detailed Design for Winery Storage Expansion thru 1Q25 (Feb), and Anticipates AFE Approval 4Q25 (Oct). Upon Approval, House Family Vineyards with AECOM releases remaining RFQs and Bid Documents for Contractors, Subcontractors, Equipment Providers & Specialty Trades 3Q25 (Jul-Sep). Construction Kick-Off 4Q25 (Oct). Project Completion 4Q25 (Dec).",3616266,3511597,House Family Vineyards,26-Nov-24,A,26-Nov-24,Wine,https://www.industrialinfo.com/dash/project_report.jsp?PROJECT_ID=301023543,6,Medium (70-80%)
Food & Beverage," $5,000,000 ",USD,10-Apr-23,CRESTON VINEYARD WINE PRODUCTION ADDITION,Plant Expansion,"Wines, Brandy & Brandy Spirits",Wines-mfg,Ella's Vineyard,Operational,"Wines, Brandy & Brandy Spirits",Creston Vineyard and Winery,Ella's Vineyard,8790 East Highway 41,Creston,CA,California,U.S.A.,93432,+1 8057049446,-120.538157,35.535257,CA*07,West Coast U.S.A.,San Luis Obispo,Permitting,6/13/2454,2/26/2454,6/9/2454,6/12/2454,6/13/2454,9/14/2454,28-Mar-26,YEAR,"Ella's Vineyard/Morris Winery has begun Permitting for Vineyard Wine Production Addition. DETAILS: At Existing Vineyard, Construct (7,200 sqft) Wine Production Facility with (4,200 sqft Production/Barrel Storage Area) and a (2,586 sqft) Subterranean Storage Cave plus Install Associated Equipment to Produce (2,700 cases/year) of Wine.
REQUIRES: Site Preparation, Foundations, Building, Stainless Steel Fabrication, Ingredients Receiving & Handling Equipment, Storage Tanks, Hopper, Feeder, Presses, Crusher, Mixers, Blenders, Processing Vessels, Fermentation Tanks, Filling & Bottling Equipment, Conveyors Systems, Case Packers, Barrel Storage Racks, Fire Protection System, Temperature Controls System, Compressor (Air), Pumps, Valves, Heat Exchanger, Utilities, Process Controls (PLC), Electrical Distribution plus Mechanical Room & Offices. ENVIRONMENTAL: (A) Vent System, Ducting, Exhaust System; (L) Spill Containment, Floor Drains;","Ella's Vineyard/Morris Winery continues Permitting for Vineyard Wine Production Expansion and anticipates AFE Approval 4Q25 (Oct). Upon Final Capital Approval, Ella's Vineyard/Morris Winery awards G/C plus Releases RFQs and Subcontractors, Contractors and Specialty Vendors Bid Documents 2Q25 (Jun) thru 3Q25 (Sep). Construction Kick-Off 4Q25 (Oct). Project Completion 1Q26 (Mar).",3545311,3453992,Ella's Vineyard,14-Apr-23,A,16-Apr-25,Wine,https://www.industrialinfo.com/dash/project_report.jsp?PROJECT_ID=300873178,26,Low (0-69%)
Food & Beverage," $3,000,000 ",USD,8-Apr-25,HICKMAN ALMOND PROCESSING WAREHOUSE DRY STORAGE FACILITY EXPANSION PHASE I,Plant Expansion,Salted & Roasted Nuts & Seeds,"Nuts: salted, roasted, cooked, or canned-mfg",Rolling Hills Nut Company,Operational,Salted & Roasted Nuts & Seeds,Hickman Almond Processing,Rolling Hills Nut Company,3443 Montpelier Road,Hickman,CA,California,U.S.A.,953239611,+1 2098741400,-120.73625,37.584599,CA*06,West Coast U.S.A.,Stanislaus,Preliminary Design,6/13/2454,,6/11/2454,6/13/2454,6/13/2454,9/14/2454,31-Mar-26,YEAR,"Rolling Hills Nut Company has begun Preliminary Design for Almond Processing Warehouse Dry Storage Facility Expansion Phase I. DETAILS: At Existing (90,100 sqft) Almond Processing & Storage Campus Phase I of VI, Construct new (~15,000 sqft) Dry Storage Warehouse plus Install Associated Equipment. REQUIRES: Site Preparation, Foundation, Building, Heavy Load Flooring, Insulated Wall Panels, Docks/Doors, Equipment Pads & Settings, Steel Fabrication, Storage Racks, Air Flow & Temperature Controlled Systems, Receiving & Handling Equipment, Hopper, Feeder, Conveyors, Washer, Sorter, Grader, Filling, Case Packers, Palletizer, Metal Detectors & Inspection Systems, Automated Systems & Robotics, Motor, Pumps, Heat Exchanger, Compressors (Air), Material Handling & Packaging Equipment, Inventory Management & Fire Protection Systems, Condensers, Process Controls (PLC), Utilities & Tie-Ins plus Electrical Distribution. ENVIRONMENTAL: (A) Vent, Exhaust System, Ducting; (L) Spill Containment, Drains.","Rolling Hills Nut Company continues Preliminary Design for Almond Processing Warehouse Dry Storage Facility Phase I Expansion thru 3Q25 (Jul), and Anticipates AFE Approval 4Q25 (Oct). Upon Approval, Rolling Hills Nut Company Selects G/C and Releases RFQs and Bid Documents for Vendors and Contractors 3Q25 (Aug) thru 4Q25 (Oct). Construction Kick-off Expected 4Q25 (Oct). Project Completion 1Q26 (Mar).",3189228,3167384,Rolling Hills Nut Company,8-Apr-25,A,8-Apr-25,Almonds,https://www.industrialinfo.com/dash/project_report.jsp?PROJECT_ID=301065145,0,Medium (70-80%)
Food & Beverage," $3,000,000 ",USD,17-Dec-24,BURLINGAME CHOCOLATE FACTORY PRODUCTION LINE ADDITION,Unit Addition,Chocolate & Cocoa Products,"Chocolate, instant-mfg",Guittard Chocolate Company,Operational,Chocolate & Cocoa Products,Burlingame Chocolate Production,Guittard Chocolate Company,10 Guittard Road,Burlingame,CA,California,U.S.A.,940102203,+1 6506974427,-122.381214,37.596546,CA*03,West Coast U.S.A.,San Mateo,Project Scope,6/12/2454,,6/7/2454,6/9/2454,6/12/2454,6/12/2454,30-Sep-25,QUARTER,"Guittard Chocolate Company has begun Project Scope for Chocolate Factory Production Line Addition. DETAILS: At Existing (114,900 sqft) Chocolate Manufacturing Plant, Construct (1) new Production Line Addition plus Auxiliary Equipment. REQUIRES: Stainless Steel Fabrication, Mixers, Storage Tanks, Melters, Ingredient Handling and Storage, Processing Vessels, Molders, Cooling System, Robotics, Conveyors, Weighing Systems, Grinders, Blenders, Molders, Filling & Packaging Lines, Conveyor Systems, Material Handling Equipment, Case Packers, Motors, Drives, Belts, Process Controls (PLC, Pneumatics) & Tie-Ins plus Electrical Distribution. ENVIRONMENTAL: (A) Vent Ducting; Dust Control System; (L) Spill Containment.","Guittard Chocolate Company has begun Project Scope for Chocolate Factory Production Line Addition thru 3Q25 (Jul), and anticipates receiving Final AFE Approval by 3Q25 (Sep). Subject to Approval, Guittard Chocolate Company releases RFQs and Bid Documents 2Q25 (Apr-Jun). Construction Kick-Off 3Q25 (Sep). Project Completion 3Q25 (Sep).",3201042,1067654,Guittard Chocolate Company,18-Dec-24,A,17-Dec-24,Confectionery,https://www.industrialinfo.com/dash/project_report.jsp?PROJECT_ID=301034987,2,Medium (70-80%)
Food & Beverage," $4,000,000 ",USD,2-Oct-25,BIGGS RICE MILL AUTOMATED PACKAGING LINE ADDITION,Automation,Rice Milling,Milling of rice-mfg,Sunwest Milling Company,Operational,Rice Milling,Biggs Rice Mill,Sunwest Foods,507 Bannock Street,Biggs,CA,California,U.S.A.,95917,+1 5308685421,-121.712666,39.409972,CA*02,West Coast U.S.A.,Butte,Market Analysis,12/21/2454,9/22/2454,12/21/2454,12/23/2454,12/27/2454,12/28/2454,31-Aug-27,YEAR,"Sunwest Milling Company (Subsidiary of Sunwest Milling Company) has begun Market Analysis for Rice Mill Automated Packaging Line Addition. DETAILS: At Existing 701,000 T/yr Rice Mill, Perform Automation Upgrade to Rice Mill by Constructing (1) new Automated Packaging Line Addition plus Auxiliary Equipment. REQUIRES: Stainless Steel Fabrication, Packing Machines, Conveyor Systems, Robotics, Automated Systems, Material Handling Equipment, Labelers & Sealers, Bagging Machines, Palletizer Machine, Feeders, Pneumatics, Motors, Servo Drives, Feeders, Belts, Controllers, Software, Speed Reducers, Cabinets, Interface Panels, Cables, Input/Output Devices, Monitoring & Inspection System, Process Controls (PLC) & Tie-Ins plus Electrical Distribution. ENVIRONMENTAL: (A) Dust Collection System.","Sunwest Milling Company continues Market Analysis for Rice Mill Automated Packaging Line Addition thru 2Q26 (May) and anticipates finalizing Scope by 3Q26 (Jul) and receiving Final AFE Approval by 1Q27 (Jan). Subject to Final Approval, Sunwest Milling Company releases RFQs and Bid Documents 1Q27 (Jan-Mar). Construction Kick-Off 3Q27 (Jul). Project Completion 3Q27 (Aug).",3146436,3134071,Sunwest Milling Company,2-Oct-25,A,2-Oct-25,Rice,https://www.industrialinfo.com/dash/project_report.jsp?PROJECT_ID=301118982,0,Low (0-69%)
Food & Beverage," $1,500,000 ",USD,2-Oct-25,BIGGS RICE MILL (TOTE) PACKING LINE ADDITION,Equipment Addition,Rice Milling,Milling of rice-mfg,Sunwest Milling Company,Operational,Rice Milling,Biggs Rice Mill,Sunwest Foods,507 Bannock Street,Biggs,CA,California,U.S.A.,95917,+1 5308685421,-121.712666,39.409972,CA*02,West Coast U.S.A.,Butte,Project Scope,9/12/2454,6/15/2454,9/12/2454,9/14/2454,9/18/2454,9/19/2454,31-Aug-26,YEAR,"Sunwest Milling Company (Subsidiary of Sunwest Foods) has begun developing Project Scope for Rice Mill (Tote) Packing Line Addition. DETAILS: At Existing 701,000 T/yr Rice Mill, Perform Upgrade to Rice Mill by Constructing (1) new (Tote) Packing Line (1,800 lbs.-2,000 lbs. product) Addition plus Auxiliary Equipment. REQUIRES: Stainless Steel Fabrication, Packing Machines, Conveyor Systems, Robotics, Automated Systems, Material Handling Equipment, Labelers & Sealers, Bagging Machines, Feeders, Pneumatics, Motors, Servo Drives, Feeders, Belts, Controllers, Software, Speed Reducers, Cabinets, Interface Panels, Cables, Input/Output Devices, Monitoring & Inspection System, Process Controls (PLC) & Tie-Ins plus Electrical Distribution. ENVIRONMENTAL: (A) Dust Collection System.","Sunwest Milling Company continues developing Project Scope for Rice Mill (Tote) Packing Line Addition thru 4Q25 (Oct) and anticipates finalizing Scope by 4Q25 (Nov) and receiving Final AFE Approval by 1Q26 (Jan). Subject to Final Approval, Sunwest Milling Company releases RFQs and Bid Documents 1Q26 (Jan-Mar). Construction Kick-Off 3Q26 (Jul). Project Completion 3Q26 (Aug).",3146436,3134071,Sunwest Milling Company,2-Oct-25,A,2-Oct-25,Rice,https://www.industrialinfo.com/dash/project_report.jsp?PROJECT_ID=301118973,0,Low (0-69%)
Food & Beverage," $7,000,000 ",USD,2-Oct-25,MADERA ALMOND PROCESSING LINE ADDITION,Equipment Addition,Crop Preparation Services for Market,Almond hulling and shelling,California Custom Processing LLC,Operational,Crop Preparation Services for Market,Madera Almond Processing,California Custom Processing LLC,3211 Aviation Drive,Madera,CA,California,U.S.A.,936378678,+1 5594165122,-120.099385,36.987036,CA*06,West Coast U.S.A.,Madera,Market Analysis,3/31/2455,12/31/2454,3/31/2455,4/2/2455,4/6/2455,4/7/2455,31-Aug-28,YEAR,"California Custom Processing LLC has begun Market Analysis for Almond Processing Line Addition. DETAILS: At Existing 110,000 sqft Almond Processing Plant, Construct (1) new Processing Line Addition plus Auxiliary Equipment. REQUIRES: Stainless Steel Fabrication, Roaster Unit, Sheller, Automated Systems, Drying Chamber, Blanchers, Cleaners, Sorters, Conveyor Systems, Belts, Feeders, Motors, Drives, Case Packer, Trays, Fans, Material Handling Equipment, Temperature & Process Controls (PLC) & Tie-Ins plus Electrical Distribution. ENVIRONMENTAL: (A) Dust Collection System; (L) Containment.","California Custom Processing LLC continues Market Analysis for Almond Processing Line Addition thru 3Q26 (Jul) and anticipates finalizing Scope by 4Q27 (Oct) and receiving Final AFE Approval by 1Q28 (Jan). Subject to Approval, California Custom Processing LLC releases RFQs and Bid Documents 1Q28 (Jan-Mar). Construction Kick-Off 3Q28 (Jul). Project Completion 3Q28 (Aug).",3219857,3194005,California Custom Processing LLC,2-Oct-25,A,2-Oct-25,Almonds,https://www.industrialinfo.com/dash/project_report.jsp?PROJECT_ID=301119034,0,Low (0-69%)
Food & Beverage," $5,000,000 ",USD,13-Aug-21,MADERA GRASSROOT CRAFT BREWERY,Grassroot,Malt Beverages,Beer (alcoholic beverage)-mfg,Riley's Brewing Company,Planned,Malt Beverages,Madera Craft Brewery,Riley's Brewing Company,Riverstone Community off Highway 41 and Avenue 12,Madera,CA,California,U.S.A.,93636,+1 5596738021,-119.79515,36.917,CA*06,West Coast U.S.A.,Madera,Preliminary Engineering,6/9/2454,8/15/2453,6/9/2454,6/12/2454,6/12/2454,9/14/2454,30-Mar-26,QUARTER,"Riley's Brewing Company with Stantec (Design Engineering) has begun Preliminary Engineering for Grassroot Craft Brewery. DETAILS: At Selected Grassroot Site at the Riverstone Development, Construct 2-Story Craft Brewery (SQFT: Unknown) Building plus Install Associated Equipment. REQUIRES: Site Preparation, Building, Heavy Load Flooring, Stainless Steel Fabrication, Ingredient Handling Equipment, Brewhouse, Fermentation Tanks, Storage Tanks, Brite Tanks, Kegs Washer, Fillers, Ammonia Refrigeration System, Filtration Systems, Temperature & Humidity Control Systems, Storage Racks, Controls (PLC), Process Piping, Pumps, Motors, Drives, Fire Protection System, Control Valves, Electrical Distribution. ENVIRONMENTAL: (A) Vent, Ducting; (L) Spill Containment, Floor Drains.","Riley's Brewing Company with Stantec (Design Engineering) continues Preliminary Engineering for Grassroot Craft Brewery. Riley's Brewing Company plus Stantec releases remaining RFQs and Bid Documents for Contractors, Subcontractors, Equipment Providers & Specialty Trades 2Q25 (Jun) thru 3Q25 (Sep). Construction Kick-Off 3Q25 (Sep). Project Completion 1Q26 (Mar).",3472296,3392756,Riley's Brewing Company,13-Aug-21,A,25-Jun-25,Beer,https://www.industrialinfo.com/dash/project_report.jsp?PROJECT_ID=300718721,44,High (81-99%)
Food & Beverage," $2,500,000 ",USD,14-May-25,SACRAMENTO BAKERY FACILITY PACKAGING LINE AUTOMATION EQUIPMENT ADDITION,Automation,"Bread & Bakery Products, Except Cookies & Crackers","Pastries, except frozen: e.g., Danish, French-mfg",Mary Ann's Baking Company,Operational,"Bread & Bakery Products, Except Cookies & Crackers",Sacramento Bakery,Mary Ann's Baking Company,8371 Carbide Ct Unit 100,Sacramento,CA,California,U.S.A.,95828,+1 9166817444,-121.39577,38.47632,CA*02,West Coast U.S.A.,Sacramento,Planning and Scheduling,6/7/2454,6/4/2454,6/8/2454,6/10/2454,6/12/2454,6/14/2454,30-Nov-25,QUARTER,"Mary Ann's Baking Company has begun Planning & Scheduling for Bakery Facility Packaging Line Automation Equipment Addition. DETAILS: At Existing (183,500 sqft) Bakery, Install (1) New Pick-and-place Line (Schubert) plus Auxiliary Equipment to Automate Danish and Muffins Packaging Operations. REQUIRES: Equipment Removal/Disassembly, Stainless Steel Fabrication, Modifications to Packaging Line, Robotics, Automated Systems, Case Packer Machine, Conveyors, Box Packing Machine, Material Handling Equipment, Wrappers, Controllers, Staging Equipment, Air Lines, Speed Reducers, Motors, Servo Drives, Grippers, Pneumatics, Operator Stations, Interface Panels, Cables, Input/Output Devices, Monitoring System, Relays, Controls (PLC & Cabinet) & Tie-Ins plus Electrical Distribution.",Mary Ann's Baking Company continues Planning & Scheduling for Bakery Facility Packaging Line Automation Equipment Addition plus Releases RFQ's and Contractors/Subcontractors Bid Documents 2Q25 (May) through 3Q25 (jul). Construction Kick-Off 3Q25 (Sep). Project Completion 4Q25 (Nov).,3639037,3530714,Mary Ann's Baking Company,14-May-25,A,14-May-25,,https://www.industrialinfo.com/dash/project_report.jsp?PROJECT_ID=301075447,2,High (81-99%)
Food & Beverage," $160,000,000 ",USD,19-Nov-24,TORRANCE DESALINATION PLANT EXPANSION,Plant Expansion,Water Supply,Desalination of Water,Water Replenishment District,Operational,Water Supply,Torrance Desalination Plant,Water Replenishment District,20520 Madrona Avenue,Torrance,CA,California,U.S.A.,90503,+1 5622754300,-118.341775,33.844508,CA*08,West Coast U.S.A.,Los Angeles [souther,Detailed Design,6/14/2454,,3/5/2454,6/14/2454,6/15/2454,12/28/2454,2-Aug-27,YEAR,"Water Replenishment District with McCarthy-Jacobs (Joint Venture) has begun Detailed Design for Desalination Plant Expansion. DETAILS: At Existing Goldsworthy Desalter Facility, Expand Facility to Increase Capacity to 10,000 MG/yr). REQUIRES: Buildings, Structural Modifications, Prefilters, Order Control System, RO Feed tank and Pump Station, Chemical Storage, (150,000 gal) Subsurface Water Storage Tank and Pump Station, Decarbonator Air Stripping Unit, Chemical Feed System, GAC Systems, Nano-Filtration Clean-in-Place and Flushing Systems, Pipelines, Groundwater Extraction Wells, Brine Conveyance Facilities, Membrane Filtration System, Hi-Press Pumps, Flush Tank, Feed & Transfer Pumps, Evaporative Concentration System, Heat Exchangers, Utilities Tie-Ins plus Process Controls. ENVIRONMENTAL: (A) Ducting; (L) Containment; (W) Filtration System.",Water Replenishment District with McCarthy-Jacobs (Joint-Venture) continues Detailed Design for Desalination Plant (Regional Brackish Water Reclamation Program) Expansion and releases remaining RFQs and Bid documents for Contractors and Subcontractors 4Q24 (Oct) through 4Q25 (Nov). Project Kickoff 4Q25 (Dec). Project Completion 3Q27 (Aug).,3617515,3512784,Water Replenishment District,20-Nov-24,A,5-Sep-25,Desalinated Water,https://www.industrialinfo.com/dash/project_report.jsp?PROJECT_ID=301026456,7,Medium (70-80%)
Food & Beverage," $10,000,000 ",USD,2-Jan-25,SONOMA GRASSROOT WINERY,Grassroot,"Wines, Brandy & Brandy Spirits",Wines-mfg,Fremont Ranch LLC,Planned,"Wines, Brandy & Brandy Spirits",Sonoma Winery,Fremont Ranch LLC,4310 Fremont Drive,Sonoma,CA,California,U.S.A.,95476,+1 7072871026,-122.3957065,38.2533222,CA*03,West Coast U.S.A.,Sonoma,Project Justification,6/12/2454,,6/7/2454,6/9/2454,6/13/2454,9/17/2454,30-Jun-26,YEAR,"Fremont Ranch LLC with Backen & Backen Architecture (Architect) and Summit Engineering (Engineering) has begun Project Justification (Site Approval) for Grassroot Winery. DETAILS: At (58.65-Acre) Grassroot Site, Construct 61,933 sqft Wine Production and Bottling Operation plus Associated Equipment to Produce (30,000 cases/year) of Wine Products. REQUIRES: Site Preparation, Foundations, Building, Stainless Steel Fabrication, Tanks/Vessels, Ingredients Receiving & Handling Equipment, Hopper, Feeder, Presses, Crusher, Mixers, Blenders, Processing Vessels, Fermentation Tanks, Filling & Bottling Equipment, Wine Cave, Tasting Room, Conveyors Systems, Case Packers, Barrel Storage Racks, Fire Protection System, Temperature Controls System, Compressor (Air), Pumps, Valves, Heat Exchanger, Utilities, Process Controls (PLC), Electrical Distribution plus Tasting Room & Offices. ENVIRONMENTAL: (A) Vent System, Ducting, Exhaust System; (L) Spill Containment, Floor Drains.","Fremont Ranch LLC with Backen & Backen Architecture and Summit Engineering Finalzes Project Justification (Site Approval) for Grassroot Winery and Proceeds with Detailed Design & Building Permit plus anticipates Final AFE Approval 3Q25 (Sep). Upon Approval, Fremont Ranch LLC awards G/C plus releases RFQs and Bid Documents for Contractors/Subcontractors and Specialty Trades 2Q25 (Apr-Jun). Construction Kick-Off 4Q25 (Oct). Project Completion 2Q26 (Jun).",3621141,3515504,Fremont Ranch LLC,7-Jan-25,A,31-Jan-25,Wine,https://www.industrialinfo.com/dash/project_report.jsp?PROJECT_ID=301038677,3,Medium (70-80%)
Food & Beverage," $500,000 ",USD,2-Mar-23,SANTEE BREWERY FERMENTATION TANK ADDITIONS,Equipment Addition,Malt Beverages,Beer (alcoholic beverage)-mfg,BNS Brewing and Distilling Company,Operational,Malt Beverages,Santee Brewery,BNS Brewing and Distilling Company,10960 Wheatlands Avenue #101,Santee,CA,California,U.S.A.,920715617,+1 6199560952,-116.958381,32.846254,CA*10,West Coast U.S.A.,San Diego,Project Justification,6/12/2454,,6/10/2454,6/12/2454,6/13/2454,6/15/2454,31-Dec-25,YEAR,"BNS Brewing and Distilling Company has begun Market Analysis & Project Justification for Craft Brewery Fermentation Tank Additions. DETAILS: At Current (18,351 sqft) Craft Brewery, Construct (2-3) 20-Bbl Fermentation Tanks plus Install Auxiliary Equipment to Increase Production Capacity. REQUIRES: Stainless Steel Fabrication, Equipment Pads & Settings, Material Handling Equipment, Fermentation Tanks, Flow Meters, Gauges, Valves, Motors, Pumps, Drives, Level Indicators, Temperature Control System, Process Controls plus Electrical Distribution. ENVIRONMENTAL: (A) Vents, Ducts; (L) Spill Containment.","BNS Brewing and Distilling Company continues Market Analysis &  Project Justification for Craft Brewery Fermentation Tank Additions and anticipates Final AFE Approval 3Q25 (Sep). Subject to Final Approval, BNS Brewing and Distilling Company releases RFQs and Bid Documents for Contractors/Subcontractors & Equipment Providers 3Q25 (Jul-Sept). Construction Kick-Off 4Q25 (Oct). Project Completion 4Q25 (Dec).",3186313,3164941,BNS Brewing and Distilling Company,3-Mar-23,A,11-Mar-25,Beer,https://www.industrialinfo.com/dash/project_report.jsp?PROJECT_ID=300864436,0,Medium (70-80%)
Food & Beverage," $5,000,000 ",USD,4-Dec-23,PLEASANTON GRASSROOT BREWERY,Grassroot,Malt Beverages,Beer (alcoholic beverage)-mfg,Danville Brewing Company,Planned,Malt Beverages,Pleasanton Craft Brewery,Danville Brewing Company,3595 Utah Street,Pleasanton,CA,California,U.S.A.,94566,+1 9252174172,-121.859227,37.6688718,CA*03,West Coast U.S.A.,Alameda,Owner Review of Issue,6/12/2454,,6/8/2454,6/10/2454,6/13/2454,9/16/2454,31-May-26,YEAR,"Danville Brewing Company with Field Paoli Architects (Architect) and Eric F Anderson Incorporated (G/C) Reviews Owner of Issue for Grassroot Craft Brewery. DETAILS: At Grassroot Site, Construct (8,600 sqft) Microbrewery & (1,850 sqft) Biergarten plus Install Brewhouse with Associated Equipment to Produce Craft Beer Products. REQUIRES: Site Preparation, Foundation, Building, Heavy Load Flooring, Insulated Wall Panels, Stainless Fabrication, Ingredients Handling & Storage Equipment, Brewhouse, Brewing Kettles, Fermentation Tanks, Piping, Fillers, Conveyors, Case Packers, Cooler, Refrigeration System, Compressor (Air), Pumps, Valves, Motors, Heat Exchanger, Taproom, Electrical Distribution, Process Controls (PLCs), Utilities plus Taproom. ENVIRONMENTAL: (A) Vent Ducting, Exhaust System; (L) Floor Drains, Sill Containment.","Danville Brewing Company with Field Paoli Architects and Eric F Anderson Incorporated finalizes Reviews Owner of Issue for Grassroot Brewery and anticipates receiving Final AFE Approval 3Q25 (Sep). Upon Approval, Danville Brewing Company with Eric F Anderson Incorporated releases RFQs and Bid Documents for Subcontractors, Contractors & Specialty Vendors 2Q25 (May) through 3Q25 (Jul). Construction Kick-Off 4Q25 (Oct). Project Completion 2Q26 (May).",3572522,3477596,Danville Brewing Company,4-Dec-23,A,22-May-25,Beer,https://www.industrialinfo.com/dash/project_report.jsp?PROJECT_ID=300935453,14,Medium (70-80%)
Food & Beverage," $7,000,000 ",USD,9-Jun-23,LOS BANOS TOMATO PROCESSING AND PACKING PLANT EXPANSION,Plant Expansion,"Canned Fruits, Vegetables, Preserves, Jams & Jellies",Tomato paste-mfg,The Morning Star Company,Operational,"Canned Fruits, Vegetables, Preserves, Jams & Jellies",Los Banos Tomato Processing and Packing,The Morning Star Company,12045 South Ingomar Grade Road,Los Banos,CA,California,U.S.A.,936359796,+1 2098267100,-120.944998,37.112987,CA*06,West Coast U.S.A.,Merced,AFE Submittal,6/13/2454,3/7/2454,6/9/2454,6/10/2454,6/14/2454,9/15/2454,1-Apr-26,YEAR,"The Morning Star Company (As Own G/C) has begun Permitting & submitted for AFE Approval for Tomato Processing and Packaging Plant Expansion. DETAILS: At Existing (300,000 sqft) Tomato Processing and Packaging Plant Construct (+- 15,000 Sqft) Building (Cafeteria and Breakroom) Addition plus Auxiliary Equipment to Expand Production of Tomato Sauce. REQUIRES: Building, Equipment Pads & Settings, Stainless Steel Fabrication, Ingredient Handling and Storage Equipment, Automated Systems, Material Handling & Packaging Equipment, Mixers, Blenders, Processing Vessels/Tanks, Filler Machine, Conveyor Systems, Motors, Drives, CIP (Clean-In-Place) System, Printers & Labelers, Software & Monitoring Equipment, Process Controls (PLC) & Tie-Ins plus Electrical Distribution. ENVIRONMENTAL: (A) Ventilation, Ducting; (L) Spill Containment.","The Morning Star Company (As Own G/C) awaits AFE Approval for Tomato Processing Packaging Plant Expansion Thru 4Q24 (Dec) and anticipates Final Permit Approval 4Q25 (Oct). Subject to Final Corporate Approval, The Morning Star Company releases RFQs and Bid Documents for Contractors and Subcontractors 2Q25 (Jun) thru 3Q25 (Jul). Construction Kick-Off 4Q25 (Nov). Project Completion 2Q26 (Apr).",3010825,3009229,The Morning Star Company,13-Jun-23,A,30-Jul-25,,https://www.industrialinfo.com/dash/project_report.jsp?PROJECT_ID=300889243,26,Low (0-69%)
Food & Beverage," $50,000,000 ",USD,27-Sep-24,RANCHO SANTA FE GRASSROOT BRACKISH WATER DESALINATION PLANT,Grassroot,Water Supply,Desalination of Water,Olivehain Municipal Water District,Planned,Water Supply,Rancho Santa Fe Desalination Plant,Olivehain Municipal Water District,Rancho Sant Fe area,Rancho Santa Fe,CA,California,U.S.A.,92091,+1 7607536466,-117.200631,32.991087,CA*10,West Coast U.S.A.,San Diego,Market Analysis,12/27/2454,,12/25/2454,12/29/2454,3/31/2455,10/23/2455,1-Jul-30,YEAR,"Olivehain Municipal Water District (OMWD) performs Site and Feasibility Studies for a Grassroot Brackish Water Desalination Plant. DETAILS At Grassroot Site in San Dieguito Valley, Construct (1 or 1.2 MGD) BWRO/Reverse Osmosis Desalination Plant to Produce Potable Water. REQUIRES: Site Preparation, Foundations/Concrete, Buildings, Water In-Take System, Collection Pumps, Well Drilling, Injection System, Storage Tanks, Intake/Discharge Pipelines, Pre-Treatment & Post-Treatment Systems, Reverse Osmosis Unit, Pipeline, Screens,  Chemical Feed & Storage Facilities, Brine Conveyance Facilities, Membrane Filtration System, Hi-Press Pumps, Flush Tank, Feed & Transfer Pumps, Evaporative Concentration System, Heat Exchangers, Utilities Tie-Ins plus Process Controls. ENVIRONMENTAL: (A) Ducting; (L) Containment; (W) Filtration System.","Olivehain Municipal Water District (OMWD) continues Site and Feasibility Studies and anticipates AFE Submittal 3Q27 (Jul). Upon Final Funding and Approvals, Olivehain Municipal Water District (OMWD) awards D/B and releases RFQs and Bid Documents for Contractors and Subcontractors 2Q27 (May) through 3Q27 (Sep). Construction Kick-Off 1Q28 (Jan). Project Completion 3Q30 (Jul).",3611804,3507859,Olivehain Municipal Water District,27-Sep-24,A,30-Sep-25,Desalinated Water,https://www.industrialinfo.com/dash/project_report.jsp?PROJECT_ID=301013111,0,Low (0-69%)
Food & Beverage," $3,000,000 ",USD,29-Mar-24,VISALIA DAIRY PROCESSING PLANT BUTTER ROOM EXPANSION (PHASE II),Plant Expansion,Creamery Butter,"Butter, creamery and whey-mfg",California Dairies Incorporated,Operational,Fluid Milk,Visalia Dairy,California Dairies Incorporated,2000 North Plaza Street,Visalia,CA,California,U.S.A.,932919358,+1 5596252200,-119.392872,36.344088,CA*06,West Coast U.S.A.,Tulare,Permitting,9/18/2454,6/15/2454,9/18/2454,9/20/2454,9/20/2454,12/22/2454,27-Feb-27,QUARTER,"California Dairies Incorporated with E A Bonelli + Associates Incorporated (A&E) has begun Permitting for Dairy Processing Plant Butter Room Expansion (Phase II). DETAILS: At (260,000 sqft) Dairy Processing Plant, As Part of Phase II of III, Construct New (1,650 sqft) Building Addition plus Install Associated Equipment & System to Increase Production of Butter Products. REQUIRES: Structural Modifications and Addition, Stainless Steel Fabrication, Mixers, Tanks/Vessels, Homogenizer, Separator, Pasteurization System, Heat Exchangers, Refrigeration System (Ammonia), Blending System, Condensers, Butter Packing Lines, Conveyor Systems, Robotics, Material Handling Equipment, Automated System, Pumps, CIP (Clean-In-Place) System, Motors, Drives, Process Controls (PLC) & Tie-Ins plus Electrical Distribution. ENVIRONMENTAL: (A) Ducting, Ventilation, Exhaust System; (L) Spill Containment, Floor Drains.","California Dairies Incorporated with E A Bonelli + Associates Incorporated Finalizes Permitting for Dairy Processing Plant Butter Room Expansion (Phase II) Thru 4Q25 (Dec) and anticipates AFE Approval 3Q26 (Sep). Upon Final Corporate Approval, California Dairies Incorporated awards G/C plus releases RFQs and Bid Documents for Contractors, Subcontractors & Equipment Providers 3Q26 (Jul-Sep). Construction Kick-Off 3Q25 (Sep). Project Completion 1Q27 (Feb).",1014284,1024583,California Dairies Incorporated,29-Mar-24,A,30-Sep-25,Butter,https://www.industrialinfo.com/dash/project_report.jsp?PROJECT_ID=300965259,23,Medium (70-80%)
Food & Beverage," $1,500,000 ",USD,29-Sep-25,RIVERSIDE DAIRY 1Q26 MAINTENANCE SHUTDOWN,"Maintenance Event (Outages, Turnarounds, Shutdowns)",Fluid Milk,"Milk processing (pasteurizing, homogenizing, vitaminizing, bottling)-mfg",Stremicks Heritage Foods LLC,Operational,Fluid Milk,Riverside Dairy,Stremicks Heritage Foods LLC,11503 Pierce Street,Riverside,CA,California,U.S.A.,925053350,+1 9513521344,-117.497894,33.915745,CA*08,West Coast U.S.A.,Riverside [western],Scheduled Maintenance,9/12/2454,,9/12/2454,9/13/2454,9/13/2454,9/13/2454,25-Feb-26,QUARTER,"Stremicks Heritage Foods LLC plans 1Q26 Maintenance Shutdown of (200,000 sqft) Dairy Plant. NORMAL INSPECTION/MRO TO: Storage Silos, Ingredient Handling and Preparation Equipment, Dryers, High Temperature Sterilization Equipment, Packaging Lines plus Auxiliary Equipment. REQUIRES REPAIRS/REPLACEMENTS TO: Tanks, Vessels, Homogenizers, Separators, Pasteurization System, Conveyors, Cooler/Freezer, Refrigeration System (Ammonia), Condensers, Evaporative Coils, CIP (Clean-In-Place) System, Boiler, Material Handling & Packaging Equipment, Air Flow System (Fans), Compressors (Air), pH Regulators, Scales, Flowmeters, Hoppers, Mixers, Screens, Blending Equipment, Temperature Controls, Sensors, Pumps, Motors, Drives, Process Controls. ENVIRONMENTAL MRO: (A) Vent System, Scrubber, Ducting; (L) Spill Containment, Dust Collection System, Floor Drains; (W) Wastewater Treatment","Stremicks Heritage Foods LLC continues with Maintenance Planning and expects to finalize Schedule 1Q26 (Jan) plus releases Equipment RFQs and Bid Documents to Support In-House Maintenance Crew 1Q26 (Jan-Feb). Stremicks Heritage Foods LLC indicates (4-Day, Annual) Maintenance Shutdown Kick-Off & Completion 1Q26 (Feb). (Subject to Production Schedule).",3298767,1516232,Stremicks Heritage Foods LLC,30-Sep-25,A,29-Sep-25,,https://www.industrialinfo.com/dash/project_report.jsp?PROJECT_ID=301117708,0,High (81-99%)
Food & Beverage," $6,300,000 ",USD,25-Sep-25,ALTURAS/MODOC COUNTY GRASSROOT MEAT PROCESSING PLANT,Grassroot,Meat Packing Plants,Meat packing plants-mfg,Superior California Economic Development,Planned,Meat Packing Plants,Alturas/Modoc County Meat Processing,Superior California Economic Development,Alturas Area,Alturas,CA,California,U.S.A.,96101,+1 5302252760,-120.70679,41.42081,CA*02,West Coast U.S.A.,Modoc,Market Analysis,9/20/2454,,9/21/2454,9/23/2454,12/21/2454,1/1/2455,31-Dec-27,YEAR,"Superior California Economic Development with Morrison has begun Market Analysis for Grassroot Meat Processing Plant. DETAILS: At Grassroot Site in Alturas (or Cedarville) Area, Construct new Meat Processing Facility (Size Unknown) plus Install Associated Equipment to Process Meat. REQUIRES: Site Preparation, Foundation, Building, Heavy Load Flooring, Doors/Docks, Insulated Wall Panels, Animal Receiving & Handling Equipment, Stunning System, Carcass Rail System, Hoists, Pullers, Cut-Up & Trimming Equipment, Washing System, Work Platforms, Conveyors Systems, Packaging Lines, Vacuum Sealers, Case Packers, Labelers, Material Handling Equipment, Valves, Motors, MCC, Pumps, Filtration Systems, Condenser, Evaporator, Drives, Refrigeration System, Chillers, Coolers, Compressors (Air), Heat Exchangers, Process Piping, Process Controls (PLC) System plus Electrical Distribution. ENVIRONMENTAL: (A) Vents, Ducts, Odor Control System, Exhaust System; (L) Spill Containment, Floor Drains; (W) Wastewater Treatment System.","Superior California Economic Development with Morrison has begun Market Analysis for Grassroot Meat Processing Plant and anticipates AFE approval 3Q26 (Sep). Subject to Final Approvals, Superior California Economic Development with Selected Operator awards G/C plus releases RFQs and Bid Documents for Contractor and Subcontractors 4Q26 (Oct-Dec). Construction Kick-Off 1Q27 (Jan). Project Completion 4Q27 (Dec).",3658469,3547287,Superior California Economic Development,30-Sep-25,A,25-Sep-25,,https://www.industrialinfo.com/dash/project_report.jsp?PROJECT_ID=301116125,0,Low (0-69%)
Food & Beverage," $7,400,000 ",USD,29-Sep-25,LOS ANGELES BREWERY CANNING LINE ADDITIONS,Equipment Addition,Malt Beverages,Breweries-mfg,Anheuser-Busch InBev,Operational,Malt Beverages,Los Angeles Brewery,Anheuser-Busch InBev,15800 Roscoe Boulevard,Van Nuys,CA,California,U.S.A.,914061350,+1 8189895300,-118.478129,34.220448,CA*08,West Coast U.S.A.,Los Angeles [souther,Market Analysis,12/21/2454,,12/21/2454,12/23/2454,12/25/2454,12/27/2454,31-Jul-27,MONTH,"Anheuser-Busch InBev has begun Market Analysis for Los Angeles Brewery Canning Line Additions.  DETAILS: At Existing (1,135,000 Sq.ft) Brewery, Expand production by Constructing (2) new Canning Line Additions plus Auxiliary Equipment. REQUIRES: Stainless Steel Fabrication, Feeders, Washers, Filler Machines, Rinsers, Automated Systems, Robotics, Can Seaming Machines, Palletizers, Case Packer Machines, Flowmeters, Process Piping, Operator Stations, Consoles & Panels, Sensors, Belts, Motors, Drives, Motors, Process Controls (PLC, Pneumatics) & Tie-Ins plus Electrical Distribution. ENVIRONMENTAL: (A) Ducting; (L) Spill Containment.","Anheuser-Busch InBev continues Market Analysis for Los Angeles Brewery Canning Line Additions thru 3Q25 (Sep) and anticipates receiving Final AFE Approval by 1Q27 (Jan). Subject to Approval, Anheuser-Busch InBev releases RFQs and Bid Documents 1Q27 (Jan-Mar). Construction Kick-Off 2Q27 (May). Project Completion 3Q27 (Jul).",1013072,1042563,Anheuser-Busch InBev,29-Sep-25,A,29-Sep-25,,https://www.industrialinfo.com/dash/project_report.jsp?PROJECT_ID=301117702,0,Low (0-69%)
Food & Beverage," $8,000,000 ",USD,29-Sep-23,STOCKTON MEAT PROCESSING PLANT EXPANSION,Plant Expansion,Meat Packing Plants,Pork-mitse-mfg,Alpine Meats,Operational,Meat Packing Plants,Stockton Meat Processing,Alpine Meats,9850 Lower Sacramento Road,Stockton,CA,California,U.S.A.,952103915,+1 2094772691,-121.319057,38.0421,CA*06,West Coast U.S.A.,San Joaquin,Economic Evaluation,12/23/2454,12/21/2454,12/23/2454,12/25/2454,12/27/2454,1/1/2455,31-Dec-27,YEAR,"Alpine Meats has begun Economic Evaluation and Market Analysis for Meat Processing Plant Expansion. DETAILS: At Existing 70,000 sqft Meat (Sausage & Pork) Processing Plant, Perform Expansion to Plant by Constructing new Production Facility (SQFT: Unknown) Addition plus Auxiliary Equipment. REQUIRES: Site Preparation, Foundation, Building, Heavy Load Flooring, Doors, Stainless Steel Fabrication, Cookers/Ovens, Slicer Machines, Cooler/Freezer Units, (Ammonia) Refrigerated System, Automated Systems, Robotics, Former Machines, Grinders, Cutters, Labelers & Printers, Motors, Drives, Belts, Conveyor Systems, Fans, Evaporated Cooling Coils, Material Handling Equipment, Compressor (Air), Heat Exchangers, Process Piping, Storage Rack System, Lighting, Temperature and Humidity Control System, Inventory Management & Fire Protection System, Software & Monitoring Systems, Utilities, Temperature & Process Controls (PLC) plus Electrical Distribution. ENVIRONMENTAL: (A) Ventilation System, Ducting, Dust Collection System; (L) Spill Containment, Floor Drains.","Alpine Meats continues Economic Evaluation and Market Analysis for Meat Processing Plant Expansion thru 4Q26 (Nov) and anticipates finalizing Scope by 1Q27 (Jan) and receiving Final AFE Approval by 1Q27 (Mar). Subject to Final Corporate Approval, Alpine Meats releases RFQs and Bid Documents 1Q27 (Mar) thru 2Q27 (May). Construction Kick-Off 3Q27 (Jul). Project Completion 4Q27 (Dec).",3266296,3235897,Alpine Meats,29-Sep-23,A,29-Sep-25,"Swine, Hog or Pork",https://www.industrialinfo.com/dash/project_report.jsp?PROJECT_ID=300918466,12,Low (0-69%)
Food & Beverage," $11,500,000 ",USD,22-Sep-25,DAVIS CHICKPEAS FLOUR PRODUCTION PLANT EXPANSION,Equipment Addition,"Dried & Dehydrated Fruits, Vegetables & Soup Mixes","Dehydrated fruits, vegetables, and soups-mfg",NuCicer,Operational,"Dried & Dehydrated Fruits, Vegetables & Soup Mixes",Davis Chickpeas,NuCicer,28605 County Road 104,Davis,CA,California,U.S.A.,95618,+1 5303040760,-121.69477,38.52097,CA*02,West Coast U.S.A.,Yolo,Economic Evaluation,9/12/2454,,9/12/2454,9/14/2454,9/19/2454,9/23/2454,31-Dec-26,YEAR,"NuCicer has begun Economic Evaluation for Chickpea Flour Production Plant Expansion. DETAILS: At Exiting Chickpea Protein and Flour Faciltiy,  Construct Addition (Size Unknown) plus Auxiliary Equipment to  Develop Chickpea Products. REQUIRES: Stainless Steel Fabrication, Equipment Pads & Settings, Ingredient Handling & Storage Equipment, Hooper, Dryer, Automated Systems, Monitoring & Inspection Equipment, Screening System, Traceability System, Weighing System, Filling Lines, Sealing & Packaging Equipment, Pumps, Motors, Drives, Compressor (Air), Process Controls (PLC) plus Electrical Distribution. ENVIRONMENTAL: (A) Dust Control System.","NuCicer has begun Economic Evaluation for Chickpea Flour Production Plant Expansion and anticipates AFE Approval by 1Q26 (Jan). Subject to Approval, NuCicer awards G/C and releases RFQs and Bid Documents 1Q26 (Jan-Mar). Construction Kick-Off 3Q26 (Aug). Project Completion 4Q26 (Dec).",3657787,3546716,NuCicer,29-Sep-25,U,22-Sep-25,,https://www.industrialinfo.com/dash/project_report.jsp?PROJECT_ID=301114499,0,Low (0-69%)
Food & Beverage," $10,000,000 ",USD,26-Sep-25,NAPA/CARNEROS GRASSROOT WINERY,Grassroot,"Wines, Brandy & Brandy Spirits",Wines-mfg,Cliff Lede Vineyards,Planned,"Wines, Brandy & Brandy Spirits",Napa Winery,Cliff Lede Vineyards,Neuenschwander Road and HWY 12,Napa,CA,California,U.S.A.,94559,+1 7079448642,-122.36568,38.25099,CA*03,West Coast U.S.A.,Napa,Permitting,9/13/2454,,9/13/2454,9/15/2454,9/16/2454,12/27/2454,1-Jul-27,YEAR,"Cliff Lede Vineyards (aka Nights in White Satin Winery) awaits Permitting for Grassroot Winery. DETAILS: At (60-Acre) Grassroot Site, Construct (51,720 sqft) Winery (42,290 sqft Production/Storage; 9,430 sqft Hospitality) plus Install Associated Equipment to Produce (120,000 Gal/yr) Wine Products. REQUIRES: Site Preparation, Foundations, Building, Stainless Steel Fabrication, Tanks/Vessels, Ingredients Receiving & Handling Equipment, Hopper, Feeder, Presses, Crusher, Mixers, Blenders, Processing Vessels, Fermentation Tanks, Filling & Bottling Equipment, Conveyors Systems, Case Packers, Barrel Storage Racks, Fire Protection System, Temperature Controls System, Compressor (Air), Pumps, Valves, Heat Exchanger, Utilities, Process Controls (PLC), Electrical Distribution plus Mechanical Room & Offices. ENVIRONMENTAL: (A) Vent System, Ducting, Exhaust System; (L) Containment, Floor Drains; (W) Wastewater Treatment.","Cliff Lede Vineyards (aka Nights in White Satin Winery) continues Permitting for Grassroot Winery and anticipates AFE Approval 1Q26 (Feb). Upon Final Approvals, Cliff Lede Vineyards awards G/C and releases RFQs and Subcontractor/Contractor/Vendor Bid Documents 1Q26 (Feb-Apr). Construction Kick-Off 2Q26 (May). Project Completion 3Q27 (Jul).",3658656,3547454,Cliff Lede Vineyards,26-Sep-25,A,26-Sep-25,,https://www.industrialinfo.com/dash/project_report.jsp?PROJECT_ID=301116585,0,Medium (70-80%)
Food & Beverage," $6,000,000 ",USD,26-Sep-25,MODESTO BEEF & PORK PROCESSING PLANT FREEZER FACILITY ADDITION,Storage Addition,Refrigerated Warehousing & Storage,"Warehousing, cold storage or refrigerated",Compass Foods home of Campfire Meats,Operational,Meat Packing Plants,Modesto Beef & Pork Processing,Compass Foods home of Campfire Meats,601 Zeff Road,Modesto,CA,California,U.S.A.,953513942,+1 2098699900,-120.996473,37.620679,CA*06,West Coast U.S.A.,Stanislaus,Market Analysis,12/21/2454,,12/21/2454,12/23/2454,12/25/2454,12/29/2454,30-Sep-27,YEAR,"Compass Foods home of Campfire Meats has begun Market Analysis for Beef & Pork Processing Plant Freezer Facility Addition. DETAILS: At Existing 30,000 sqft Beef & Pork Processing Plant, Construct new Freezer Warehouse (20,000 sqft, Glycol or R24 Refrigeration) Addition plus Auxiliary Equipment. REQUIRES: Site Preparation, Foundation, Building, Structural Modifications, Heavy Load Flooring, Doors, Insulated Wall Panels, Cooler/Freezer Units, Refrigeration System (Traditional, R22 or Similar Preferred System), Coolers, Evaporator Coils, Air Flow & Temperature Controlled Systems, (Air) Compressor, Fans, Storage Racks, Condenser, Fire Protection & Inventory Management Systems, Charging Stations, Palletizer, Controls (PLC, Pneumatics), Utilities, Process Piping plus Electrical Distribution. ENVIRONMENTAL: (A) Vent Exhaust System, Ducting; (L) Spill Containment, Floor Drains.","Compass Foods home of Campfire Meats continues Market Analysis for Beef & Pork Processing Plant Freezer Facility Addition thru 2Q26 (Apr) and anticipates finalizing Scope by 3Q26 (Aug) and receiving Final AFE Approval by 1Q27 (Jan). Subject to Final Approval, Compass Foods home of Campfire Meats releases RFQs and Bid Documents 1Q27 (Jan-Mar). Construction Kick-Off 2Q27 (May). Project Completion 3Q27 (Sep).",3263628,3426662,Compass Foods home of Campfire Meats,26-Sep-25,A,26-Sep-25,Refrigerated Warehousing & Storage,https://www.industrialinfo.com/dash/project_report.jsp?PROJECT_ID=301116606,0,Low (0-69%)
Food & Beverage," $4,000,000 ",USD,26-Sep-25,MODESTO BEEF & PORK PLANT PROCESSING LINE ADDITION,Equipment Addition,Meat Packing Plants,Hog slaughtering plants-mfg,Compass Foods home of Campfire Meats,Operational,Meat Packing Plants,Modesto Beef & Pork Processing,Compass Foods home of Campfire Meats,601 Zeff Road,Modesto,CA,California,U.S.A.,953513942,+1 2098699900,-120.996473,37.620679,CA*06,West Coast U.S.A.,Stanislaus,Market Analysis,3/31/2455,12/31/2454,3/31/2455,4/2/2455,4/6/2455,4/7/2455,31-Aug-28,YEAR,"Compass Foods home of Campfire Meats has begun Market Analysis for Beef & Pork Processing Line Addition. DETAILS: At existing 97,000 sqft Beef & Pork Processing Plant, Construct (1) new Processing Line Addition plus Auxiliary Equipment. REQUIRES: Stainless Steel Fabrication, Bleeding & Dressing Rails, Cutters & Unloaders, Knives, Ovens/Cookers, Raw Ingredient Handling Systems, Scalders, Stunners, Robotics, Loading Equipment, Tunnel Freezer, Sizers, Grinders, Storage Tanks, Processing Vessels, Separators, Fillers, Material Handling Equipment, Conveyor Systems, Sorters, Hoppers, Cooler/Chiller, Automated Systems, Process Piping, Motors, Drives, Tables, Chains, Belts, Process Controls (PLC, Pneumatics) & Tie-Ins plus Electrical Distribution. ENVIRONMENTAL: (A) Ventilation, Ducting; (L) Spill Containment.","Compass Foods home of Campfire Meats continues Market Analysis for Beef & Pork Processing Line Addition thru 3Q26 (Sep) and anticipates finalizing Scope by 4Q27 (Oct) and receiving Final AFE Approval by 1Q28 (Jan). Subject to Final Approval, Compass Foods home of Campfire Meats releases RFQs and Bid Documents 1Q28 (Jan-Mar). Construction Kick-Off 3Q28 (Jul). Project Completion 3Q28 (Aug).",3263628,3426662,Compass Foods home of Campfire Meats,26-Sep-25,A,26-Sep-25,Meat Of Bovine Animals (Beef),https://www.industrialinfo.com/dash/project_report.jsp?PROJECT_ID=301116617,0,Low (0-69%)
Food & Beverage," $1,500,000 ",USD,14-May-24,MODESTO MEAT PLANT PROCESSING UPGRADES,Upgrade,Meat Packing Plants,Meat packing plants-mfg,Compass Foods home of Campfire Meats,Operational,Meat Packing Plants,Modesto Beef & Pork Processing,Compass Foods home of Campfire Meats,601 Zeff Road,Modesto,CA,California,U.S.A.,953513942,+1 2098699900,-120.996473,37.620679,CA*06,West Coast U.S.A.,Stanislaus,Market Analysis,9/15/2454,,9/13/2454,9/15/2454,9/16/2454,9/18/2454,31-Jul-26,YEAR,"Compass Foods home of Campfire Meats has begun Market Analysis for Meat Processing Plant Automation Upgrades. DETAILS: At Existing (65,000 sqft) Meat Processing Plant, To Decrease Labor Costs, Perform Automation Upgrades to (1) Processing Line plus Auxiliary Equipment. REQUIRES: Processing Lines Removal/Disassembly, Stainless Steel Fabrication, Robotics, Modifications to Processing Lines, Grinders, Loaders, Cooker, Mixers, Batching System, Knives, Cutters, Automated Systems, Stuffer Machines, Emulsifiers, Material Handling Equipment, Slicers, Weighers/Scales, Thermo-formers, Conveyor Systems, Portioners, Linking & Separating Equipment, Palletizers, Case Packers, Belts, Motors, Drives, Software, Monitoring Equipment, Process Controls (PLC, Pneumatics) & Tie-Ins plus Electrical Distribution. ENVIRONMENTAL: (A) Ventilation, Ducting; (L) Spill Containment.","Compass Foods home of Campfire Meats continues Market Analysis for Meat Processing Plant Automation Upgrades and anticipates Final AFE Approval 2Q26 (Apr). Subject to Final Approval, Compass Foods home of Campfire Meats releases RFQs and Bid Documents 1Q26 (Feb) thru 2Q26 (Apr). Construction Kick-Off 2Q26 (May). Project Completion 3Q26 (Jul).",3263628,3426662,Compass Foods home of Campfire Meats,15-May-24,A,26-Sep-25,,https://www.industrialinfo.com/dash/project_report.jsp?PROJECT_ID=300976077,12,Low (0-69%)
Food & Beverage," $10,000,000 ",USD,23-Sep-24,MENDOTA PISTACHIOS PLANT PHASE IV EXPANSION,Plant Expansion,Crop Preparation Services for Market,Hulling and shelling of tree nuts,Stamoules Produce Company,Engineered,Crop Preparation Services for Market,Mendota Pistachios,Stamoules Produce Company,40004 W Panoche Road,Mendota,CA,California,U.S.A.,93640,+1 5596554581,-120.515518,36.686868,CA*06,West Coast U.S.A.,Fresno,Market Analysis,1/1/2455,,3/31/2455,4/2/2455,4/2/2455,7/11/2455,1-Mar-29,YEAR,"Opa Pistachios (Subsidiary of Stamoules Produce Company) has begun Market Analysis for Pistachios Plant Phase IV Expansion. DETAILS: At (98-Acre) Site Adjacent to Company's Existing Growing Site, As Fourth Phase of Four Phase Campus Development, Construct (16,893 sqft) Second Huller Building, Drive-Over Dumping Pit, new Pre-Cleaning Area, (30) Steel Silos, and (20) Dryers Plus Associated Equipment to Produce Pistachios. REQUIRES: Site Preparation, Foundation, Building, Heavy Load Flooring, Stainless Steel Fabrication, Doors/Docks, Shelling Equipment, Roasters, Washers, Tanks/Vessels, Production Line(s), Packaging Equipment, Conveyor System, Ingredient Receiving & Handling Equipment, Automated Retrieving Systems, Blanching Machines, Peeler, Cooling Machines, Racking Systems, Utility Tie-ins Plus Electrical Distribution. ENVIRONMENTAL: (A) Ducts, Vents; (L) Floor Drains, Spill Containment.","Opa Pistachios (Subsidiary of Stamoules Produce Company) continues Market Analysis for Pistachios Phase IV Plant Expansion and anticipates Final AFE Approval by 4Q27 (Dec). Subject to Final Approval, Opa Pistachios (Subsidiary of Stamoules Produce Company) awards G/C (Ross and Sons Refrigeration and Construction or Similar) and releases RFQs and Bid Documents 1Q28 (Jan-Mar). Construction Kick-Off 1Q28 (Mar). Project Completion 1Q29 (Mar).",3610708,3506961,Opa Pistachios,24-Sep-24,A,24-Sep-25,"Nuts, Nesoi, Fresh Or Dried, Shelled",https://www.industrialinfo.com/dash/project_report.jsp?PROJECT_ID=301010992,0,Low (0-69%)
Food & Beverage," $35,000,000 ",USD,21-Oct-20,SAINT HELENA WINERY REBUILD,Rebuild,"Wines, Brandy & Brandy Spirits",Wines-mfg,Cain Vineyard & Winery,Operational,"Wines, Brandy & Brandy Spirits",Saint Helena Winery,Cain Vineyard & Winery,3800 Langtry Road,Saint Helena,CA,California,U.S.A.,945749772,+1 7079631616,-122.536416,38.497687,CA*03,West Coast U.S.A.,Napa,Project Scope,9/15/2454,9/12/2454,9/16/2454,9/18/2454,9/20/2454,12/23/2454,30-Mar-27,QUARTER,"Cain Vineyard & Winery (As Own G/C) has begun Developing Full Project Scope for Winery Rebuild. DETAILS: At Existing Winery Recently Destroyed by Fire, Rebuild (SQFT: Unknown) Facility plus Install Associated Equipment. REQUIRES: Demolishment & Removal of Existing Structures, Site Preparation, Foundation, Building, Heavy Load Flooring, Insulated Wall Panels, Stainless Steel Fabrication, Conveyor Systems, Fermentation Tanks, Vessels, Process Piping, Washers, Cleaners, Grinders, Material Handling & Packaging Equipment, Automated Systems & Robotics, Palletizers, Storage Rack System, Lighting, Temperature & Humidity Control System, Motors, Pumps, Drives, Bottling Equipment, Storage Racks, Inventory Management System, Fire Protection System plus Electrical Distribution. ENVIRONMENTAL: (A) Vent System, Ducting, Exhaust System; (L) Spill Containment, Floor Drains.","Cain Vineyard & Winery (As Own G/C) continues Developing Full Project Scope for Winery Rebuild and Thru 1Q26 (Jan) and anticipates Final AFE Approval 2Q26 (Apr). Subject to Final Owners Approval, Cain Vineyard & Winery releases RFQs and Bid Documents for Contractors, Subcontractors, Equipment Providers and Specialty Trades 2Q26 (May) Thru 3Q26 (Jul). Construction Kick-Off 3Q26 (Sep). Project Completion 1Q27 (Mar).",3434020,3361525,Cain Vineyard & Winery,23-Oct-20,A,24-Sep-25,Wine,https://www.industrialinfo.com/dash/project_report.jsp?PROJECT_ID=300642261,64,Low (0-69%)
Food & Beverage," $8,000,000 ",USD,20-Sep-24,MENDOTA PISTACHIOS PLANT PHASE III STORAGE EXPANSION,Storage Addition,Crop Preparation Services for Market,Hulling and shelling of tree nuts,Stamoules Produce Company,Engineered,Crop Preparation Services for Market,Mendota Pistachios,Stamoules Produce Company,40004 W Panoche Road,Mendota,CA,California,U.S.A.,93640,+1 5596554581,-120.515518,36.686868,CA*06,West Coast U.S.A.,Fresno,Market Analysis,1/1/2455,,3/31/2455,4/2/2455,4/3/2455,4/11/2455,31-Dec-28,YEAR,"Opa Pistachios (Subsidiary of Stamoules Produce Company) has begun Market Analysis for Pistachios Plant Phase III Expansion. DETAILS: At (98-Acre) Site Adjacent to Company's Existing Growing Site, As Second Phase of Four Phase Campus Development, Construct (10-12) Silos and (10) Dryer Units and Install new Processing, Sorting and Packing Equipment Plus Associated Equipment to  Expand Production. REQUIRES: Foundation, Building plus INSTALLATION OF: Doors/Docks, Heavy Load Flooring, Equipment Pads, Equipment Setting, Processing Lines, Conveyor System, Roasters, Washers, Processing Piping, Motors, Pumps, Valves, Tanks/Vessels, Coolers, Ingredient Receiving & Handling Equipment, Automated Systems, Packaging Equipment, Dry Warehouse Space, Packaging Equipment, Utility Tie-Ins plus Electrical Distribution. ENVIRONMENTAL: (A) Vents, Ducts; (L) Spill Containment, Floor Drains.","Opa Pistachios (Subsidiary of Stamoules Produce Company) continues Market Analysis for Pistachios Plant Phase III Storage Expansion and anticipates Final AFE Approval by 4Q27 (Dec). Subject to Final Approval, Opa Pistachios (Subsidiary of Stamoules Produce Company) awards G/C (Ross and Sons Refrigeration and Construction or Similar) and releases RFQs and Bid Documents 1Q28 (Jan-Mar). Construction Kick-Off 2Q28 (Apr). Project Completion 4Q28 (Dec).",3610708,3506961,Opa Pistachios,24-Sep-24,A,24-Sep-25,"Nuts, Nesoi, Fresh Or Dried, Shelled",https://www.industrialinfo.com/dash/project_report.jsp?PROJECT_ID=301010483,12,Low (0-69%)
Food & Beverage," $15,000,000 ",USD,20-Sep-24,MENDOTA PISTACHIOS PHASE II PLANT EXPANSION,Plant Expansion,Crop Preparation Services for Market,Hulling and shelling of tree nuts,Stamoules Produce Company,Engineered,Crop Preparation Services for Market,Mendota Pistachios,Stamoules Produce Company,40004 W Panoche Road,Mendota,CA,California,U.S.A.,93640,+1 5596554581,-120.515518,36.686868,CA*06,West Coast U.S.A.,Fresno,Market Analysis,9/18/2454,,9/21/2454,9/23/2454,12/21/2454,1/1/2455,31-Dec-27,YEAR,"Opa Pistachios (Subsidiary of Stamoules Produce Company) has begun Market Analysis for Pistachios Phase II Plant Expansion. DETAILS: At (98-Acre) Site Adjacent to Company's Existing Growing Site, As Second Phase of Four Phase Campus Development, Construct (155,690 sqft) Processing Plant Plus Associated Equipment to Produce Pistachios. REQUIRES: Foundation, Building plus INSTALLATION OF: Doors/Docks, Heavy Load Flooring, Equipment Pads, Equipment Setting, Processing Lines, Conveyor System, Roasters, Washers, Processing Piping, Motors, Pumps, Valves, Tanks/Vessels, Coolers, Ingredient Receiving & Handling Equipment, Automated Systems, Packaging Equipment, Dry Warehouse Space, Packaging Equipment, Utility Tie-Ins plus Electrical Distribution. ENVIRONMENTAL: (A) Vents, Ducts; (L) Spill Containment, Floor Drains; (W) Wastewater Treatment.","Opa Pistachios (Subsidiary of Stamoules Produce Company) continues Market Analysis for Pistachios Phase II Plant Expansion and anticipates Final AFE Approval by 3Q25 (Jul). Subject to Final Approval, Opa Pistachios (Subsidiary of Stamoules Produce Company) awards G/C (Ross and Sons Refrigeration and Construction or Similar) releases RFQs and Bid Documents 4Q26 (Oct-Dec). Construction Kick-Off 1Q27 (Jan). Project Completion 4Q27 (Dec).",3610708,3506961,Opa Pistachios,30-Sep-24,A,24-Sep-25,"Nuts, Nesoi, Fresh Or Dried, Shelled",https://www.industrialinfo.com/dash/project_report.jsp?PROJECT_ID=301010477,12,Low (0-69%)
Food & Beverage," $5,000,000 ",USD,23-Sep-25,MODESTO SNACK FOOD PLANT 2026 MAINTENANCE SHUTDOWN,Maintenance Program,"Potato Chips, Corn Chips & Similar Snacks",Corn chips and related corn snacks-mfg,Frito-Lay Incorporated,Operational,"Potato Chips, Corn Chips & Similar Snacks",Modesto Snack Food,PepsiCo Incorporated,600 Garner Road,Modesto,CA,California,U.S.A.,953570514,+1 2095445400,-120.920751,37.631419,CA*06,West Coast U.S.A.,Stanislaus,Maintenance Programs,6/15/2454,,9/12/2454,9/20/2454,9/14/2454,9/20/2454,30-Sep-26,MONTH,"Frito-Lay Incorporated (Division of PepsiCo Incorporated) plans for 2026 Maintenance Shutdown of (589,000 Sq.ft) Snack Food Production Plant. NORMAL INSPECTION/REPAIR OF: Line #1 (Potato Chip): (1) Cooker, Oil Mist Eliminator, (1) Mechanical Seasoner, Line #2 (Light Potato Chip): (1) Cooker, (2) Post Cooker Conditioning Units (Steam & 05MM btu/hr Dryer), (1) Mechanical Seasoner, Line #3 (Tortilla Chip): (2) Pre-Cookers, (2) Ovens (3.2MM btu/hr. each), (1) Cooker, (1) Mechanical Seasoner, (1) Ambient Cooler, Line #4 (Tortilla Chip): (2) Pre-Cookers, (2) Ovens (5.58MM btu/hr. each), (1) Cooker, (1) Mechanical Seasoner, Line #5 (Sun Chip): Hammermill, (3) Pre-Cookers (Model: Hamilton SA300GAL), (1) Fryer, (1) Oil Mist Eliminator, (1) Seasoner, Line #7 (Fried Cheese Puff): Pneumatic Transfer System (Corn Meal), (2) Blenders, (6) Extruders, (1) Chaff Tumbler, (1) Fryer, (1) Oil Mist Eliminator, (1) Seasoner plus Packaging Lines, Potato Starch Loadout Equipment, Corn Receiving & Storage Systems plus Associated Support Equipment & Systems. REQUIRES REPAIRS/REPLACEMENTS TO: Dryers, (1) Boiler (50.5MM btu/hr), (1) Starch Dryer, (2) Storage Silos (5,130 cu.ft/ea.), (1) Storage Silo (3,139 cu.ft), Slicers, Mixing & Blending Vessels, Seasoning System, Ovens, Fryers, Weighing System, Sealers, Filling & Packaging Equipment, Processing & Storage Tanks/Vessels, Conveyors System, Robotics, Automated Systems, Process Piping, Motors, Drives, Heat Exchangers, Screens, Belts, Material Handling Equipment, Process Controls (PLC, Pneumatics). ENVIRONMENTAL MRO: (A) Vent/Exhaust System, Dust Collection System, Ducting; (L) Liners; (W) Wastewater Treatment Plant.","Frito-Lay Incorporated continues with Maintenance Planning and Finalized Schedule 4Q25 (Dec) plus releases RFQs and Bid Documents for Subcontractors & Specialty Trades as needed to Support In-House Maintenance Staff 1Q26 (Jan) through 3Q26 (Sep). Frito-Lay Incorporated anticipates 1st (4-Day, Annual) Maintenance Shutdown Kick-Off & Completion 1Q26 (Mar). Frito-Lay Incorporated anticipates 2nd (4-Day, Annual) Maintenance Shutdown Kick-Off & Completion 4Q26 (Sep).",1013795,1000748,Frito-Lay Incorporated,23-Sep-25,A,23-Sep-25,,https://www.industrialinfo.com/dash/project_report.jsp?PROJECT_ID=301115075,0,Medium (70-80%)
Food & Beverage," $10,000,000 ",USD,23-Sep-25,MODESTO SNACK FOOD PLANT PRODUCTION LINE ADDITION,Equipment Addition,"Potato Chips, Corn Chips & Similar Snacks",Potato chips and related corn snacks-mfg,Frito-Lay Incorporated,Operational,"Potato Chips, Corn Chips & Similar Snacks",Modesto Snack Food,PepsiCo Incorporated,600 Garner Road,Modesto,CA,California,U.S.A.,953570514,+1 2095445400,-120.920751,37.631419,CA*06,West Coast U.S.A.,Stanislaus,Project Scope,9/14/2454,,9/15/2454,9/17/2454,9/18/2454,9/20/2454,30-Sep-26,MONTH,"Frito-Lay Incorporated has begun Project Scope for Snack Food Plant Production Line Addition. DETAILS: At Existing (589,000 Sq.ft) Potato Chip Manufacturing Plant, Construct (1) new  Production Line Addition plus Auxiliary Equipment.  REQUIRES: Stainless Steel Fabrication, Ingredient Handling System, Oven/Fryer, Automated Systems, Robotics, Conveyor Systems, Hoppers, Pumps, Feeders, Material Handling Equipment, Sorters, Filling and Bagging Equipment, Labelers, Motors, Drives, Belts, Process Controls (PLC, Pneumatics) & Tie-Ins plus Electrical Distribution. ENVIRONMENTAL: (A) Dust Collection System; (L) Containment.","Frito-Lay Incorporated continues Project Scope for Snack Food Plant Production Line Addition thru 3Q25 (Sep) anticipates receiving Final AFE Approval by 1Q26 (Mar). Subject to Final Approval, Frito-Lay Incorporated releases RFQs and Bid Documents 2Q26 (Apr-Jun). Construction Kick-Off 3Q26 (Jul). Project Completion 3Q26 (Sep).",1013795,1000748,Frito-Lay Incorporated,23-Sep-25,A,23-Sep-25,,https://www.industrialinfo.com/dash/project_report.jsp?PROJECT_ID=301115081,0,Low (0-69%)
Food & Beverage," $35,000,000 ",USD,7-Apr-23,LOS BANOS ALMOND PROCESSING PLANT EXPANSION,Plant Expansion,Production of Tree Nuts,Almond groves and farms,RPAC LLC,Operational,Production of Tree Nuts,Los Banos Almond Processing,RPAC LLC,21490 South Ortigalita Road,Los Banos,CA,California,U.S.A.,936359793,+1 2098260272,-120.872628,36.977719,CA*06,West Coast U.S.A.,Merced,Preliminary Design,6/12/2454,,6/6/2454,6/7/2454,6/13/2454,6/15/2454,31-Dec-25,YEAR,"RPAC LLC (Parreira Almond Processing Company LLC) has begun Preliminary Design for Almond Processing Plant Expansion. DETAILS: At Existing (17,841 sqft) Almond Processing Plant, Construct new (101,235 sqft) Building Addition plus Install new Associated Equipment. REQUIRES: Site Preparation, Foundation, Building, Heavy Load Flooring, Stainless Steel Fabrication, Doors/Docks, Shelling Equipment, Roasters, Washers, Tanks/Vessels, Production Line(s), Packaging Equipment, Conveyor System, Ingredient Receiving & Handling Equipment, Automated Retrieving Systems, Blanching Machines, Peeler, Cooling Machines, Racking Systems, Utility Tie-ins Plus Electrical Distribution. ENVIRONMENTAL: (A) Ducts, Vents; (L) Floor Drains, Spill Containment.","RPAC LLC (Parreira Almond Processing Company LLC) continues Preliminary Design for Almond Processing Plant Expansion and anticipates AFE Approval 3Q25 (Sep). Upon Final Approvals, RPAC LLC releases RFQs and Bid Documents for Contractors/Subcontractors and Specialty Vendors 1Q25 (Mar) thru 2Q25 (Apr). Construction Kick-Off 4Q25 (Oct). Project Completion 4Q25 (Dec).",3189226,3151232,RPAC LLC,13-Apr-23,A,23-Sep-25,,https://www.industrialinfo.com/dash/project_report.jsp?PROJECT_ID=300872936,25,Medium (70-80%)
Food & Beverage," $700,000 ",USD,22-Sep-25,NAPA WINERY PRODUCTION FACILITY EXPANSION,Plant Expansion,"Wines, Brandy & Brandy Spirits","Bonded wine cellars, engaged in blending wines-mfg",Arrow & Branch,Operational,"Wines, Brandy & Brandy Spirits",Napa Winery,Arrow & Branch,5215 Solano Avenue,Napa,CA,California,U.S.A.,94558,+1 7072003640,-122.341109,38.362621,CA*03,West Coast U.S.A.,Napa,Permitting,6/15/2454,,9/12/2454,9/13/2454,9/14/2454,9/19/2454,1-Aug-26,YEAR,"Arrow & Branch has begun Permitting for Winery Production Facility Expansion. DETAILS: At Existing (35,000 gal/year) Winery, Perform Structural Modifications to Convet Existing Space to Production, Construct (3,600 sqft) Wine Production Expansion Plus Install new Wastewater Treatment System and Associated Equipment to Increase Production to (45,000 Gal/yr) of Wine Products. REQUIRES: Structural Modifications, Building Addition, Stainless Steel Fabrication, Ingredients Receiving & Handling Equipment, Storage Tanks, Hopper, Feeder, Presses, Crusher, Mixers, Blenders, Processing Vessels, Fermentation Tanks, Filling & Bottling Equipment, Conveyors Systems, Case Packers, Fire Protection System, Temperature Controls System, Compressor (Air), Pumps, Valves, Heat Exchanger, Utilities, Process Controls (PLC), Electrical Distribution plus Mechanical Room & Offices. ENVIRONMENTAL: (A) Vent System, Ducting, Exhaust System; (L) Containment, Floor Drains.","Arrow & Branch continues Permitting for Winery Production Facility Expansion and anticipates AFE 4Q25 (Dec). Upon Final Approvals, Arrow and Branch awards G/C (Nordby Construction or Similar) plus releases RFQs and Subcontractor/Contractor/Vendor Bid Documents 1Q26 (Jan-Feb). Construction Kick-Off 1Q26 (Mar). Project Completion 3Q26 (Aug).",3517966,3431700,Arrow & Branch,22-Sep-25,A,22-Sep-25,,https://www.industrialinfo.com/dash/project_report.jsp?PROJECT_ID=301114479,0,Medium (70-80%)
Food & Beverage," $3,000,000 ",USD,18-Sep-25,DOWNEY DAIRY PACKAGING AUTOMATION UPGRADE,Automation,Fluid Milk,"Milk processing (pasteurizing, homogenizing, vitaminizing, bottling)-mfg",Rockview Farms,Operational,Fluid Milk,Downey Dairy Products,Rockview Farms,7011 Stewart and Gray Road,Downey,CA,California,U.S.A.,902414347,+1 5629275511,-118.162052,33.944606,CA*08,West Coast U.S.A.,Los Angeles [souther,Market Analysis,9/14/2454,,9/15/2454,9/17/2454,9/19/2454,9/21/2454,31-Oct-26,MONTH,"Rockview Farms has begun Market Analysis for Dairy Plant Packaging Equipment Automation Upgrade.  DETAILS: At Existing (21,000 Sq.ft) Dairy Processing Plant, Perform Automation Upgrade to (1) old Packaging Line by Constructing (1-2) new (1/2 Gal.) Filler Machines plus Auxiliary Equipment. REQUIRES: Equipment Removal/Disassembly, Stainless Steel Fabrication, Filler Machines, Palletizer Machines, Mounting Frames, Pneumatics, Conveyor Systems, Wrappers, Case Erecting/Loading & Sealing Equipment, Controllers, Sealer Machines, Rinsers, Capper Machines, Motors, Servo Drives, Belts, Operator Stations, Interface Panels, Cables, Input/Output Devices, Monitoring System, Relays, Controls (PLC & Cabinet) plus Electrical Distribution.","Rockview Farms continues Market Analysis for Dairy Plant Packaging Equipment Automation Upgrade thru 3Q25 (Sep) and anticipates receiving Final AFE Approval by 1Q26 (Mar). Subject to Approval, Rockview Farms releases RFQs and Bid Documents 2Q26 (Apr-Jun). Construction Kick-Off 3Q26 (Aug). Project Completion 4Q26 (Oct).",3100419,3096875,Rockview Farms,18-Sep-25,A,18-Sep-25,,https://www.industrialinfo.com/dash/project_report.jsp?PROJECT_ID=301113600,0,Low (0-69%)
Food & Beverage," $750,000 ",USD,15-Feb-22,EMPIRE FEED MILL SILO ADDITIONS,Storage Addition,Prepared Feeds for Livestock,"Livestock feeds, supplements, and concentrates-mfg",Modesto Milling,Operational,Prepared Feeds for Livestock,Empire Feed Mill,Modesto Milling,142 Linley Avenue,Empire,CA,California,U.S.A.,95319,+1 2095239167,-120.904854,37.637194,CA*06,West Coast U.S.A.,Stanislaus,Economic Evaluation,9/18/2454,6/13/2454,9/17/2454,9/19/2454,9/20/2454,9/21/2454,30-Oct-26,MONTH,"Modesto Milling has begun Economic Evaluation for Feed Mill Silo Additions. DETAILS: At Existing (50,000 sqft) Feed Mill Increase Capacity by Constructing (2-3) new Steel Silos  (200-500 Tonne ea) plus Auxiliary Equipment. REQUIRES: Site Preparation, Foundations, Equipment Pads, Stainless Steel Fabrication, Equipment Pads and Setting, Welded Seam Construction, Storage Silos, Shafts, Feeders, Sidewalls & Stiffeners, Hoppers & Supporting Equipment, Bracing, Access Ladders/Stairs, Upper & Lower Conveyor Systems, Belts & Rollers, Handrails, Bin Manholes, Roofs & Lids, Latches & Hinges, Discharge Unit, Brackets, Gauges, Bearings, Controls (PLC) & Utilities Tie-Ins plus Electrical Distribution. ENVIRONMENTAL: (A) Dust Collection, Ventilation; (L) Spill Containment.",Modesto Milling continues Economic Evaluation for Mill Silo Additions thru 4Q25 (Oct) and anticipates AFE Approval 3Q26 (Jul). Subject to Final Corporate Approval Modesto Milling releases RFQs and Bid Documents 2Q26 (Jun) thru 3Q26 (Aug). Construction Kick-Off 3Q26 (Sep). Project Completion 4Q26 (Oct).,3145561,3133597,Modesto Milling,23-Feb-22,A,18-Sep-25,Livestock Feed,https://www.industrialinfo.com/dash/project_report.jsp?PROJECT_ID=300766887,51,Low (0-69%)
Food & Beverage," $6,000,000 ",USD,7-Sep-21,BEAUMONT SNACKS PLANT EXPANSION,Plant Expansion,"Potato Chips, Corn Chips & Similar Snacks",Pork rinds-mfg,Rudolph Foods Company,Operational,"Potato Chips, Corn Chips & Similar Snacks",Beaumont Snacks,Rudolph Foods Company,920 West 4th Street,Beaumont,CA,California,U.S.A.,922232675,+1 9093882202,-116.997619,33.927171,CA*08,West Coast U.S.A.,Riverside [western],Economic Evaluation,9/20/2454,6/6/2454,9/18/2454,9/20/2454,9/21/2454,1/1/2455,31-Dec-27,YEAR,"Rudolph Foods Company has begun Economic Evaluation and Market Analysis for Snacks Plant Expansion. DETAILS: At Existing 127,688 sqft Pork Rinds Snacks Manufacturing Plant, Perform Expansion by Constructing new Production Facility Addition (SQFT: Unknown) plus Auxiliary Equipment. REQUIRES: Site Preparation, Foundation, Building, Heavy Load Flooring, Doors, Stainless Steel Fabrication, Ovens/Fryers, Robotics, Conveyor Systems, Feeders, Hoppers, Loading/Unloading Equipment, Automated Systems, Labelers, Scales, Pneumatics, Motors, Drives, Belts, Compressors (Air), Pumps, Material Handling Equipment, Storage Rack System, Temperature and Humidity Control System, Inventory Management & Fire Protection System, Office Areas, Utilities Tie-Ins, Process Controls (PLC) plus Electrical Distribution. ENVIRONMENTAL: (A) Ventilation System, Ducting, Dust Collection System; (L) Spill Containment, Floor Drains.","Rudolph Foods Company continues Economic Evaluation and Market Analysis for Snacks Plant Expansion thru 1Q23 (Jan) and anticipates finalizing Scope by 1Q25 (Mar) and receiving Final AFE Approval by 3Q26 (Sep). Subject to Final Approval, Rudolph Foods Company releases RFQs and Bid Documents 3Q26 (Jul-Sep). Construction Kick-Off 4Q26 (Oct). Project Completion 4Q27 (Dec).",3248036,3220674,Rudolph Foods Company,9-Sep-21,A,18-Sep-25,Corn Chips And Similar Crisp Savory Snack Foods,https://www.industrialinfo.com/dash/project_report.jsp?PROJECT_ID=300724763,38,Low (0-69%)
Food & Beverage," $15,000,000 ",USD,17-Sep-25,SODA SPRINGS GRASSROOT WATER BOTTLING PLANT,Grassroot,Bottled & Canned Soft Drinks & Carbonated Waters,"Mineral water, carbonated: bottled or canned-mfg",Tahoe Artesian Water,Planned,Bottled & Canned Soft Drinks & Carbonated Waters,Soda Springs Water Bottling,Tahoe Artesian Water,53010 Donner Pass Road,Soda Springs,CA,California,U.S.A.,95724,+1 5302133533,-120.44659,39.31206,CA*04,West Coast U.S.A.,Nevada,Permitting,9/13/2454,,9/15/2454,9/17/2454,9/18/2454,12/23/2454,1-Mar-27,YEAR,"Tahoe Artesian Water with NJA Architecture has begun Permitting for Grassroot Water Bottling Plant. DETAILS: At (80-Acre) Site with (3) Existing Artesian Wells, Construct (80,000 sqft) Bottling Plant Plus Install Associated Equipment to Process (60,000 gal/d) Artesian Water. REQUIRES: Site Preparation, Foundation, Building, Heavy Load Flooring, Insulated Wall Panels, Equipment Pads & Settings, Pumps, Drives, Motors, Fillers, Cappers, Bottling Line, Packaging Equipment, Labelers, Case Packers, Conveyor System, Palletizers, Process Piping, Material Handling Equipment, Office Space, Lighting, Process Controls (PLC), Utility Tie-ins plus Electrical Distribution. ENVIRONMENTAL: (A) Vents, Ducts; (L) Floor Drains, Spill Containment.","Tahoe Artesian Water with NJA Architecture continues Permitting for Grassroot Water Bottling Plant and anticipates AFE 1Q26 (Feb). Upon Final Approvals, Tahoe Artesian Water awards G/C and releases RFQs and Bid Documents for Contractors, Subcontractors & Equipment Providers 2Q26 (Apr-Jun). Construction Kick-Off 3Q26 (Jul). Project Completion 1Q27 (Mar).",3657154,3546155,Tahoe Artesian Water,17-Sep-25,A,17-Sep-25,,https://www.industrialinfo.com/dash/project_report.jsp?PROJECT_ID=301113101,0,Medium (70-80%)
Food & Beverage," $175,000,000 ",USD,14-Feb-19,SAMOA PHASE II FISH PROCESSING PLANT ADDITION,Plant Expansion,Animal Aquaculture,Finfish farms,Nordic Aquafarms,Planned,Animal Aquaculture,Samoa Salmon Aquaculture,Nordic Aquafarms,Samoa Pull Mill,Samoa,CA,California,U.S.A.,95501,+1 2075055728,-124.183534,40.79772,CA*01,West Coast U.S.A.,Humboldt,Project Scope,7/15/2455,11/27/2453,7/15/2455,7/17/2455,7/18/2455,10/25/2455,30-Sep-30,YEAR,"Nordic Aquafarms USA with Projects Delivered (Consultant) has begun Developing Full Project Scope for Phase II Fish Processing Plant Addition. DETAILS: At Currently Planned Fish Aquaculture on 33-Acre Site (Project ID:300503510), As Part of Capital Plan (TIV: 400,000,000), Construct new Fish Processing Plant (SQFT: UNKNOWN) plus Install Associated Equipment. REQUIRES: Building, Heavy Load Flooring, Doors/Docks, Tanks, Scale & Hopper System, Lift Conveyor, Boning & Trimming Station, Descaling Machine, Feed Tank, Pre-Cleaner, Steam Cooking System, Blancher & Pasteurizer, Automatic Infeed System, Peeler, Cleaner & Separator, Inspection System, Grader, Chiller, Weighing System, Filling & Packaging Equipment, Case Packers, Refrigeration System (Ammonia), Cooler & Freezer, Piping, Air Flow & Temperature Control System, Motors, Pumps, Drives, Compressors (Air), Condenser, Utilities, Process Controls (PLC), Electrical Distribution plus Offices. ENVIRONMENTAL: (A) Ventilation & Exhaust System, Odor Control, Ducting; (L) Floor Drains, Spill Containment; (W) Wastewater Treatment System.","Nordic Aquafarms USA continues Developing Project Scope for Phase II Fish Processing Plant Addition Thru 1Q29 (Jan) and anticipates AFE Approval 3Q29 (Jul). Subject to Final Capital Approval, Nordic Aquafarms Selects G/C and releases RFQs and Bid Documents for Contractor/Subcontractors and Equipment Providers 3Q29 (Jul-Sep). Construction Kick-Off 3Q29 (Oct). Project Completion 3Q30 (Sep).",3356733,3262320,Nordic Aquafarms,14-Feb-19,A,17-Sep-25,,https://www.industrialinfo.com/dash/project_report.jsp?PROJECT_ID=300503557,85,Medium (70-80%)
Food & Beverage," $2,000,000 ",USD,15-Sep-25,CYPRESS WAFER SNACKS MANUFACTURING PLANT EQUIPMENT ADDITION,Equipment Addition,Cookies & Crackers,Cookies-mfg,Tandem Foods,Operational,"Bread & Bakery Products, Except Cookies & Crackers",Cypress Warehouse,Tandem Foods,5665 Corporate Avenue,Cypress,CA,California,U.S.A.,90630,+1 5627190300,-118.033605,33.808117,CA*08,West Coast U.S.A.,Orange,Market Analysis,9/12/2454,,9/12/2454,9/13/2454,9/14/2454,9/23/2454,31-Dec-26,YEAR,"Tandem Foods has begun Market Analysis for Wafer Snacks Production Plant Equipment Addition. DETAILS: At Existing (147,403) Former Warehose Facility, Perform Structural Modificatiosn PLus Install new Production Line(s) and Equipment to Expand Production of Wafer Snacks. REQUIRES: Stainless Steel Fabrication, Ingredient Handling Equipment, Vessels/Tanks, Feeders, Mixers, Oven, Roll Sheeting Systems, Laminating Equipment, Oil Spraying Machines, Topping Dispensers, Conveyors Systems, Continuous Dough Processing Equipment, Metal Detectors, Cooling Racks, Dividers, Cracker/Cookie Breaker Machines, Packaging Line, Robotics, Case Packers, Material Handling Equipment, Compressors (Air), Rolls, Hoppers, Tables, Process Piping, Belts, Drives, Motors, Process Controls (PLC, Pneumatics) & Tie-Ins plus Electrical Distribution. ENVIRONMENTAL: (A) Vent Exhaust, Ducting; (L) Containment.","Tandem Foods has begun Market Analysis for Wafer Snacks Production Plant Equipment Additionand anticipates AFE Approval 1Q26 (Jan). Subject to Final ApprovalS, Tandem Foods releases RFQs and Bid Documents for COntractors and Subcontractors 1Q26 (Jan-Feb). Construction Kick-Off 1Q26 (Mar). Project Completion 4Q26 (Dec).",3652358,3100973,Tandem Foods,15-Sep-25,A,15-Sep-25,,https://www.industrialinfo.com/dash/project_report.jsp?PROJECT_ID=301112160,0,Medium (70-80%)
Food & Beverage," $4,000,000 ",USD,27-Aug-24,STEVENSON DAIRY FARM PHASE II EXPANSION,Plant Expansion,Dairy Farms,Dairy farms,Silva Dairy Farms,Operational,Dairy Farms,Stevenson Dairy Farm,Silva Dairy Farms,1499 North Edminster Road,Stevinson,CA,California,U.S.A.,95374,+1 2097526582,-120.896613,37.309314,CA*06,West Coast U.S.A.,Merced,Market Analysis,12/22/2454,12/21/2454,12/22/2454,12/23/2454,12/23/2454,4/11/2455,26-Dec-28,YEAR,"Silva Dairy Farms has begun Marketing Analysis for Dairy Farm Phase II Expansion. DETAILS: At (43-Acre, 4,500 Milking Cows) Dairy Farm, As Part of 3-Phase Expansion, Construct Phase I Building Additions Additional Barns, Feed Storage and Waste Storage Facilities plus Associated Machinery and Auxiliary Equipment to Increase Milk Production. REQUIRES: Demolition, Building, Freestall Barns, Equipment Pads & Setting, Automated Feeding & Watering System, Milk Handling/Storage System, Milk Silos, Milking Parlors, Sanitation and Sterilization Equipment, Piping, Vacuum Pumps, Cooler, Manure Storage Tanks, Manure Lagoons, Utility Tie-Ins, Electrical Distribution plus Process Controls (PLC). ENVIRONMENTAL: (A) Vent System, Ducting, Dust Collection, Fans, Odor Control System; (L) Spill Containment, Floor Drains; (W) Groundwater Monitoring Wells, Storm Water Retention Pond.","Silva Dairy Farms Continues Marketing Analysis for Dairy Farm Phase II Expansion Thru 1Q27 (Jan) and anticipates Final AFE Approval 1Q27 (Feb). Subject to Final Owner Approval, Silva Dairy Farms awards G/C and releases RFQs and Bid Documents for Contractors, Subcontractors & Vendor Providers 1Q27 (Feb-Mar). Construction Kick-Off 1Q27 (Mar). Project Completion 4Q28 (Dec).",3607763,3504329,Silva Dairy Farms,3-Sep-24,A,12-Sep-25,,https://www.industrialinfo.com/dash/project_report.jsp?PROJECT_ID=301004072,2,Low (0-69%)
Food & Beverage," $4,000,000 ",USD,27-Aug-24,STEVINSON DAIRY FARM PHASE I EXPANSION,Plant Expansion,Dairy Farms,Dairy farms,Silva Dairy Farms,Operational,Dairy Farms,Stevenson Dairy Farm,Silva Dairy Farms,1499 North Edminster Road,Stevinson,CA,California,U.S.A.,95374,+1 2097526582,-120.896613,37.309314,CA*06,West Coast U.S.A.,Merced,Permitting,9/12/2454,,9/12/2454,9/13/2454,9/14/2454,12/25/2454,28-May-27,YEAR,"Silva Dairy Farms has begun Permitting for Dairy Farm Phase I Expansion. DETAILS: At (43-Acre, 4,500 Milking Cows) Dairy Farm, As Part of 3-Phase  Expansion, Construct Phase I Building Additions Additional Barns, Feed Storage and Waste Storage Facilities plus Associated Machinery and Auxiliary Equipment to Increase Milk Production. REQUIRES: Demolition, Building, Freestall Barns, Equipment Pads & Setting, Automated Feeding & Watering System, Milk Handling/Storage System, Milk Silos, Milking Parlors, Sanitation and Sterilization Equipment, Piping, Vacuum Pumps, Cooler, Manure Storage Tanks, Manure Lagoons, Utility Tie-Ins, Electrical Distribution plus Process Controls (PLC). ENVIRONMENTAL: (A) Vent System, Ducting, Dust Collection, Fans, Odor Control System; (L) Spill Containment, Floor Drains; (W) Groundwater Monitoring Wells, Storm Water Retention Pond.","Silva Dairy Farms has begun Permitting for Dairy Farm Phase I Expansion Thru 4Q25 (Dec) and anticipates Final AFE Approval 1Q26 (Jan). Subject to Final Owner Approval, Silva Dairy Farms awards G/C and releases RFQs and Bid Documents for Contractors, Subcontractors & Vendor Providers 1Q26 (Jan-Feb). Construction Kick-Off 1Q26 (Mar). Project Completion 2Q27 (May).",3607763,3504329,Silva Dairy Farms,3-Sep-24,A,12-Sep-25,Milk,https://www.industrialinfo.com/dash/project_report.jsp?PROJECT_ID=301004068,8,Medium (70-80%)
Food & Beverage," $5,000,000 ",USD,27-Aug-24,STEVENSON DAIRY FARM PHASE III EXPANSION,Plant Expansion,Dairy Farms,Dairy farms,Silva Dairy Farms,Operational,Dairy Farms,Stevenson Dairy Farm,Silva Dairy Farms,1499 North Edminster Road,Stevinson,CA,California,U.S.A.,95374,+1 2097526582,-120.896613,37.309314,CA*06,West Coast U.S.A.,Merced,Market Analysis,4/1/2455,3/31/2455,4/1/2455,4/2/2455,4/2/2455,7/16/2455,29-Aug-29,YEAR,"Silva Dairy Farms has begun Marketing Analysis for Dairy Farm Phase III Expansion. DETAILS: At (43-Acre, 4,500 Milking Cows) Dairy Farm, As Part of 3-Phase Expansion, Construct Phase I Building Additions Additional Barns, Feed Storage and Waste Storage Facilities plus Associated Machinery and Auxiliary Equipment to Increase Milk Production. REQUIRES: Demolition, Building, Freestall Barns, Equipment Pads & Setting, Automated Feeding & Watering System, Milk Handling/Storage System, Milk Silos, Milking Parlors, Sanitation and Sterilization Equipment, Piping, Vacuum Pumps, Cooler, Manure Storage Tanks, Manure Lagoons, Utility Tie-Ins, Electrical Distribution plus Process Controls (PLC). ENVIRONMENTAL: (A) Vent System, Ducting, Dust Collection, Fans, Odor Control System; (L) Spill Containment, Floor Drains; (W) Groundwater Monitoring Wells, Storm Water Retention Pond.","Silva Dairy Farms Continues Marketing Analysis for Dairy Farm Phase III Expansion and anticipates Final AFE Approval 1Q28 (Feb). Subject to Final Owner Approval, Silva Dairy Farms awards G/C and releases RFQs and Bid Documents for Contractors, Subcontractors & Vendor Providers 1Q28 (Feb-Mar). Construction Kick-Off 1Q28 (Mar). Project Completion 4Q29 (Dec).",3607763,3504329,Silva Dairy Farms,28-Aug-24,A,12-Sep-25,Milk,https://www.industrialinfo.com/dash/project_report.jsp?PROJECT_ID=301004070,2,Low (0-69%)
Food & Beverage," $650,000,000 ",USD,14-Feb-19,SAMOA BROWNFIELD PHASE I FISH AQUACULTURE FACILITY,Brownfield,Animal Aquaculture,Finfish farms,Nordic Aquafarms,Planned,Animal Aquaculture,Samoa Salmon Aquaculture,Nordic Aquafarms,Samoa Pull Mill,Samoa,CA,California,U.S.A.,95501,+1 2075055728,-124.183534,40.79772,CA*01,West Coast U.S.A.,Humboldt,Permitting,12/27/2454,11/17/2453,12/27/2454,12/29/2454,12/29/2454,7/20/2455,31-Dec-29,MONTH,"Nordic Aquafarms USA with Gilbane Building Company (C/M) continues Permitting for Brownfield Phase I Fish Aquaculture Facility. DETAILS: At Former Samoa Pulp Mill (33-acre), As Part Capital Plan (TIV: 400,000,000), Lease & Demolish Existing Structures & Construct new State-Of-The-Art Fish Aquaculture Facility (600,000 sqft) to Produce 10K T/yr of Yellowtail Kingfish plus Auxiliary Equipment. REQUIRES: Demolition, Site Preparation, Foundation, Buildings, Heavy Load Flooring, Stainless Steel Fabrication, Tanks, Filtration Systems, Nursery, Recirculation Aquaculture Systems (RAS), Aeration Equipment, Heating Units, Automated Systems, Chillers, pH Systems, Extensive Piping, Inventory Management & Fire Protection System, Pumps, Motors, Drives, Process Controls (PLC) plus Electrical Distribution. ENVIRONMENTAL: (A) Ventilation, Exhaust System, Ducting; (L) Spill Containment, Liners; (W) Wastewater Treatment System.Hatchery, Central Utility Plant, (55,244 sqft) Wastewater Treatment Building, Oxygen Generation Plant, (284,332 sqft) Production Module Building, Processing/Admin Building, 3-5 MW Rooftop Mounted PV Solar Array, 20 Megawatt (MW) Electrical Switchyard, Moving Bed Biofilm Reactor (MBBR), Membrane Bioreactor (MBR), UV-CSterilization, Fish Transport Piping, Tanks, Feed Storage, Heat Exchangers, Heat Pump, Cranes/Hoists, Overhead Doors, Loading Docks, Fish Processing Equipment (Gutting, Filleting, Cleaning), Freezer Storage, Purging Equipment.","Nordic Aquafarms USA continues Permitting for Brownfield Phase I Fish Aquaculture Facility and anticipates Final AFE Approval 3Q25 (Sep). Subject to Final Corporate and State Approval, Nordic Aquafarms releases remaining RFQs and Bid Documents for Contractors/Subcontractors and Equipment Providers 3Q27 (Jul-Sep). Construction Kick-Off 3Q27 (Sep). Project Completion 4Q29 (Dec).",3356733,3262320,Nordic Aquafarms,14-Feb-19,A,15-Sep-25,"Food Preparations Not Elsewhere Specified Or Included, Frozen",https://www.industrialinfo.com/dash/project_report.jsp?PROJECT_ID=300503510,83,Low (0-69%)
Food & Beverage," $12,000,000 ",USD,24-Aug-23,OLIVEHURST COLD STORAGE COLD STORAGE FACILITY ADDITION PHASE II,Plant Expansion,Refrigerated Warehousing & Storage,Cold storage warehousing,Feather River Cold Storage,Operational,Refrigerated Warehousing & Storage,Olivehurst Cold Storage,Feather River Cold Storage,3791 Feather River Blvd,Olivehurst,CA,California,U.S.A.,95961,+1 5307493224,-121.58361,39.06275,CA*02,West Coast U.S.A.,Yuba,Market Analysis,12/28/2454,,12/27/2454,12/28/2454,12/29/2454,4/6/2455,3-Jul-28,YEAR,"CTW Logistics and Bridecap Partners has begun Marketing Analysis for Cold Storage Facility Addition Phase II. DETAILS: At (13.7-acre) Site Adjacent to Existing (222,659 sqft) Two-Building Food Dry and Cold Storage Campus, Construct new (100,000 sqft) Refrigerated Warehouse plus Install Associated Equipment to Expand Cold Storage in Region. REQUIRES: Site Preparation, Foundation, Building, Stainless Steel Fabrication, Insulated Wall Panels (Metal), Equipment Pads & Settings, Heavy Load Flooring, Doors/Docks, Racking System, Ammonia Refrigeration System, Material Handling Equipment, Chillers, Coolers, Temperature Control Systems, Inventory Management System, Piping, Valves, Fire Protection System, Utility Tie-Ins plus Electrical Distribution. ENVIRONMENTAL: (A) Vents, Ducts; (L) Spill Containment, Floor Drains.","CTW Logistics and Bridecap Partners continues Marketing Analysis for Cold Storage Facility Addition Phase II and anticipates AFE Submittal 3Q27 (Aug). Upon Final Approvals, CTW Logistics and Bridecap Partners awards G/C and releases RFQs and Bid Documents for Contractors, Subcontractors, Equipment Providers & Specialty Trades 3Q27 (Jul-Aug). Construction Kick-Off 3Q27 (Sep). Project Completion 3Q28 (Jul).",3560616,3467159,Feather River Cold Storage,31-Aug-23,A,11-Sep-25,Refrigerated Warehousing & Storage,https://www.industrialinfo.com/dash/project_report.jsp?PROJECT_ID=300908471,36,Low (0-69%)
Food & Beverage," $2,500,000 ",USD,11-Oct-24,FRESNO FRUIT PACKAGING LINE ADDITION,Equipment Addition,Crop Preparation Services for Market,"Fruit sorting, grading, and packing",Fowler Packing Company,Operational,Crop Preparation Services for Market,Fresno Fruit Packaging,Fowler Packing Company,8570 South Cedar Avenue,Fresno,CA,California,U.S.A.,937258905,+1 5598345911,-119.751689,36.607969,CA*06,West Coast U.S.A.,Fresno,Market Analysis,9/12/2454,6/15/2454,9/12/2454,9/14/2454,9/19/2454,9/20/2454,30-Sep-26,YEAR,"Fowler Packing Company has begun Market Analysis for Fruit Packaging Line Addition. DETAILS: At Existing 480,000 sqft Fruit Packaging Facility, Construct (1) new Fruit Packaging Line (Navel Oranges Product) Addition plus Auxiliary Equipment. REQUIRES: Stainless Steel Fabrication, Grader Machines, Sorters, Bagger Machines, Feeders, Conveyor Systems, Sizers, Packaging Chutes, Elevator, Hand Dumps, Material Handling Equipment, Water Lines, Catwalks, Automated Systems, Robotics, Software, Feeders, Motors, Drives, Belts, Sensors, Process Controls (PLC, Pneumatics) & Tie-Ins plus Electrical Distribution.","Fowler Packing Company continues Market Analysis for Fruit Packaging Line Addition thru 2Q25 (May) and anticipates finalizing Scope by 4Q25 (Oct) and receiving Final AFE Approval by 1Q26 (Jan). Subject to Approval, Fowler Packing Company releases RFQs and Bid Documents 1Q26 (Jan-Mar). Construction Kick-Off 3Q26 (Aug). Project Completion 3Q26 (Sep).",1019057,1033816,Fowler Packing Company,15-Oct-24,A,11-Sep-25,"Fruit, Dried, Nesoi, Other Than That Of Headings 0801 To 0806",https://www.industrialinfo.com/dash/project_report.jsp?PROJECT_ID=301016081,0,Low (0-69%)
Food & Beverage," $16,000,000 ",USD,24-Aug-23,OLIVEHURST COLD STORAGE COLD STORAGE FACILITY ADDITION PHASE I,Plant Expansion,Refrigerated Warehousing & Storage,Cold storage warehousing,Feather River Cold Storage,Operational,Refrigerated Warehousing & Storage,Olivehurst Cold Storage,Feather River Cold Storage,3791 Feather River Blvd,Olivehurst,CA,California,U.S.A.,95961,+1 5307493224,-121.58361,39.06275,CA*02,West Coast U.S.A.,Yuba,Preliminary Design,6/12/2454,,6/7/2454,6/9/2454,6/13/2454,9/16/2454,1-May-26,YEAR,"CTW Logistics and Bridecap Partners has begun Preliminary Design for Cold Storage Facility Addition Phase I. DETAILS: At (13.7-acre) Site Adjacent to Existing (222,659 sqft) Two-Building Food Dry and Cold Storage Campus, Construct new (100,000 sqft) Refrigerated Warehouse plus Install Associated Equipment to Expand Cold Storage in Region. REQUIRES: Site Preparation, Foundation, Building, Stainless Steel Fabrication, Insulated Wall Panels (Metal), Equipment Pads & Settings, Heavy Load Flooring, Doors/Docks, Racking System, Ammonia Refrigeration System, Material Handling Equipment, Chillers, Coolers, Temperature Control Systems, Inventory Management System, Piping, Valves, Fire Protection System, Utility Tie-Ins plus Electrical Distribution. ENVIRONMENTAL: (A) Vents, Ducts; (L) Spill Containment, Floor Drains.","CTW Logistics and Bridecap Partners continues Preliminary Design for Cold Storage Facility Addition Phase I and anticipates AFE Submittal 3Q25 (Sep). Upon Final Approvals, CTW Logistics and Bridecap Partners awards G/CQ and releases RFQs and Bid Documents for Contractors, Subcontractors, Equipment Providers & Specialty Trades 2Q25 (Apr-Jun). Construction Kick-Off 425 (Oct). Project Completion 2Q26 (May).",3560616,3467159,Feather River Cold Storage,31-Aug-23,A,9-Sep-25,Refrigerated Warehousing & Storage,https://www.industrialinfo.com/dash/project_report.jsp?PROJECT_ID=300908468,15,Medium (70-80%)
Food & Beverage," $1,500,000 ",USD,11-Aug-23,AUBURN NANO-BREWERY EQUIPMENT ADDITION,Equipment Addition,Malt Beverages,Breweries-mfg,Two Ass Brewing Company,Operational,Malt Beverages,Auburn Nano-Brewery,Two Ass Brewing Company,140 Hoffman Avenue,Auburn,CA,California,U.S.A.,956034210,+1 5305372333,-121.067801,38.904489,CA*04,West Coast U.S.A.,Placer,Market Analysis,9/12/2454,,9/12/2454,9/14/2454,9/15/2454,9/23/2454,31-Dec-26,YEAR,"Two Ass Brewing Company along with Elaine Lieske Architects has begun Market Analysis for Nano-Brewery Equipment Addition. DETAILS: At Existing (2,200 sqft, 7-Bbl) Brewery, Perform Structural Modifications plus Install Associated Equipment to Increase Beer Production. REQUIRES: Structural Modifications, Concrete Pads, Stainless Steel Fabrication, Brite Tanks, Fermentation Tanks, Chillers, Flow Meters, Gauges, Valves, Motors, Pumps, Drives, Level Indicators, Process Piping, Temperature Control System, Process Controls (PLC), Heat Exchanger plus Electrical Distribution. ENVIRONMENTAL: (A) Vent/Exhaust System, Ducts; (L) Spill Containment.","Two Ass Brewing Company along with Elaine Lieske Architects continues Market Analysis for Nano-Brewery Equipment Addition and anticipates AFE Submittal 1Q26 (Jan). Upon Final Approvals, Two Ass Brewing Company releases RFQs and Bid Documents for Subcontractors & Equipment Providers 1Q26 (Jan-Mar). Construction Kick-Off 2Q26 (Apr). Project Completion 4Q26 (Dec).",3559077,3462473,Two Ass Brewing Company,14-Aug-23,A,5-Sep-25,Beer,https://www.industrialinfo.com/dash/project_report.jsp?PROJECT_ID=300905243,3,Medium (70-80%)
Food & Beverage," $2,500,000 ",USD,30-Sep-24,MORGAN HILL MUSHROOMS PRODUCTION PLANT EQUIPMENT UPGRADES,Upgrade,"Canned Fruits, Vegetables, Preserves, Jams & Jellies","Mushrooms, canned-mfg",Monterey Mushrooms Incorporated,Operational,"Canned Fruits, Vegetables, Preserves, Jams & Jellies",Morgan Hill Mushrooms,Monterey Mushrooms Incorporated,642 Hale Avenue,Morgan Hill,CA,California,U.S.A.,950379221,+1 4088251000,-121.704469,37.163827,CA*03,West Coast U.S.A.,Santa Clara,Construction - Merit Shop,6/5/2454,,6/5/2454,6/7/2454,6/9/2454,6/15/2454,31-Dec-25,YEAR,"Monterey Mushrooms Incorporated as Self (GC) has begun Construction for Mushrooms Production Plant Equipment Upgrades. DETAILS: At Existing Mushroom Growing and Processing Plant, Perform Structural Modifications and Install Upgrades to Existing Equipment and Systems to Modernize Operations. REQUIRES: Structural Modifications, Growing & Sorting Rooms, Compressor & Boiler Room, Coolers, Palletizer, Shelving/Racks, Packaging & Wrapping Machines, Cooling Chambers, Automatic Sorting Line Equipment, Growing Nets, Doors, Drivers, Batteries, Modules, Conditioning Units, Controls plus Electrical Distribution. ENVIRONMENTAL: (A) Dust Collection System, Ventilation, Ducting.",Monterey Mushrooms as Self (GC) continues Construction for Mushrooms Production Plant Equipment Upgrades plus releases Equipment RFQs and Bid documents for Contractors and Subcontractors as needed 1Q25 (Feb) through 2Q25 (Apr). Construction Kick-Off 2Q25 (Jun). Project Completion 4Q25 (Dec).,3107911,1068208,Monterey Mushrooms Incorporated,30-Sep-24,A,4-Sep-25,Mushrooms,https://www.industrialinfo.com/dash/project_report.jsp?PROJECT_ID=301013705,0,High (81-99%)
Food & Beverage," $22,000,000 ",USD,17-Apr-25,MERCED AGRICULTURAL INNOVATION CENTER BROWNFIELD,Brownfield,Crop Preparation Services for Market,"Sorting, grading, and packing of fruits and vegetables",Merced College,Engineered,Crop Preparation Services for Market,Merced Agricultural Innovation,Merced College,University Drive,Merced,CA,California,U.S.A.,95348,+1 2093846000,-120.47195,37.3377,CA*06,West Coast U.S.A.,Merced,Construction - Merit Shop,6/4/2454,,6/7/2454,6/9/2454,6/9/2454,12/26/2454,30-Jun-27,QUARTER,"Merced College with Darden Architects Incorporated (Architect) and Marko Construction Group Incorporated (G/C) has begun Construction for Agricultural Innovation Center Brownfield. DETAILS: At College Campus, Construct New (20,000 sqft) Building Addition (known as AgTEC Innovation Center) plus install Associated Equipment to expand Research and Development to Revolutionize Agricultural Education. REQUIRES: Foundations, Building, Insulated Wall Panels, Docks/Doors, Heavy Load Flooring, Ingredients Handling & Storage Equipment, Steam Kettles, Processing Vessels, Mixing & Grinding Equipment, CIP System, Foreign Material Inspection, Ovens & Ranges, Filling & Packaging Equipment, Refrigeration System, Cooler/Freezer, Laboratory Stations & Equipment, Training Rooms, Data Recorders, Analytical Equipment, Biofilters, Pumps, Valves, Compressor (Air), Process Piping, Temperature & Humidity Control Systems, Utilities, Fire Protection and Security Systems, Heat Exchanger, Process Controls (PLC) plus Electrical Distribution. ENVIRONMENTAL: (A) Exhaust System, Ventilation, Ducting, (L) Underground Plumbing, Containment Areas, Drainage & Run-off System; (W) Wastewater Treatment System Tie-Ins, Holding Ponds.","Merced College with Darden Architects Incorporated and Marko Construction Group Incorporated continues Construction for Agricultural Innovation Center Brownfield plus Releases Remaining RFQs and Bid Documents for Contractors, Subcontractors & Specialty Trades as needed 2Q25 (May-Jun). Construction Kick-Off 2Q25 (Jun). Project Completion 2Q27 (Jun).",3635938,3527917,Merced College,21-Apr-25,A,4-Sep-25,,https://www.industrialinfo.com/dash/project_report.jsp?PROJECT_ID=301068107,0,High (81-99%)
Food & Beverage," $18,000,000 ",USD,3-Sep-25,AMERICAN CANYON SPECIALTY FOODS PLANT EXPANSION,Plant Expansion,"Pickled Fruits & Vegetables, Salad Dressings, Vegetable Sauces & Seasonings","Vegetables, pickled and brined-mfg",Mezzetta Incorporated,Operational,"Pickled Fruits & Vegetables, Salad Dressings, Vegetable Sauces & Seasonings",American Canyon Specialty Foods,Mezzetta Incorporated,105 Mezzetta Court,American Canyon,CA,California,U.S.A.,945039604,+1 7076481050,-122.276734,38.192816,CA*03,West Coast U.S.A.,Napa,Project Scope,9/14/2454,,9/15/2454,9/17/2454,9/18/2454,12/27/2454,1-Jul-27,YEAR,"Mezzetta Incorporated has begun Developing Project Scope for Specialty Foods Plant Expansion. DETAILS: At Newly Acquire (116,000 sqft) Former Manufacturing Plant Next Door to Existing Facility, Perform Structural Modifications plus Install New Production Lines with Associated Machinery & Equipment. REQUIRES: Structural Modifications & Upgrades, Docks/Doors, Heavily Load Flooring, Insulated Wall Panels, Stainless Steel Fabrication, Ingredients Receiving & Handling Equipment, Storage Tanks, Mixers, Pasteurizers, Homogenizers, Processing Vessels, CIP (Clean-In-Place) Systems, Conveyors & Automated Systems, Filling & Packaging Equipment, Material Handling Equipment, Storage Racks, Palletizers, Ammonia Refrigeration System, Air Flow & Temperature Controlled System, Process Piping, Lighting, Fire Protection System, Pumps, Compressor (Air), Evaporators, Condensers, Heat Exchanger, Motors, Process Controls (PLC), Utilities plus Electrical Distribution. ENVIRONMENTAL: (A) Dust Collector System, Vent/Exhaust System, Ducting; (L) Spill Containment, Floor Drains.","Mezzetta Incorporated continues Developing Project Scope for Specialty Foods Plant Expansion and anticipates AFE 1Q26 (Mar). Upon Final Approvals, Mezzetta Incorporated awards G/C plus releases RFQs and Bid Documents for Contractors, Subcontractors, Equipment Providers & Specialty Trades as needed 2Q25 (Apr-Jun). Construction Kick-Off 3Q26 (Jul). Project Completion 3Q27 (Jul).",3067351,3066527,Mezzetta Incorporated,3-Sep-25,U,3-Sep-25,,https://www.industrialinfo.com/dash/project_report.jsp?PROJECT_ID=301109133,0,Low (0-69%)
Food & Beverage," $2,000,000 ",USD,15-May-25,HEMET BROWNFIELD VEGETABLE DISTRIBUTION FACILITY,Brownfield,Farm Product Warehousing & Storage,"Warehousing and storage, farm product: other than refrigerated",Dosner Organic Farms,Operational,Farm Product Warehousing & Storage,Hemet Vegetable Distribution Facility,Dosner Organic Farms,630 West Latham Avenue,Hemet,CA,California,U.S.A.,92543,+1 3237209225,-116.97746,33.7503,CA*08,West Coast U.S.A.,Riverside [western],Permitting,6/12/2454,,6/8/2454,6/12/2454,6/13/2454,6/15/2454,31-Dec-25,YEAR,"Dosner Organic Farms with Herron+Rumansoff Architects (Architect) has begun Permitting for Brownfield Vegetable Distribution Facility. DETAILS: At Acquired (26,248 sqft) Former Church Site, Perform Structural Modifications & Renovations plus Install Refrigeration System with Associated Equipment to Store & Distribute Organic Vegetables. REQUIRES: Structural Modifications & Renovations, Heavy Load Flooring, Material Handling Equipment, Ammonia Refrigeration System, Cooler/Freezer, Air Compressors, Condenser, Evaporator Coils, Piping, Air Flow & Temperature Control Systems, Fans, Storage Racks, Fire Protection System, Inventory Management Systems, Lighting, Controls (PLC), Utilities, Electrical Distribution plus Office. ENVIRONMENTAL: (A) Dust Collector, Vent/Exhaust System, Ducting; (L) Spill Containment.","Dosner Organic Farms with Herron+Rumansoff Architects (Architect) continues Permitting for Brownfield Vegetable Distribution Facility thru 2Q25 (Apr), and Anticipates AFE Approval 3Q25 (Sep). Upon Approval, Dosner Organic Farms with Herron+Rumansoff Architects Releases RFQs and Bid Documents for Subcontractors, Vendors & Specialty Trades 2Q25 (May) thru 3Q25 (Sep). Construction Kick-Off 4Q25 (Oct). Project Completion 4Q25 (Dec).",3639231,3530907,Dosner Organic Farms,15-May-25,A,7-Aug-25,General Warehousing & Storage,https://www.industrialinfo.com/dash/project_report.jsp?PROJECT_ID=301075956,1,Medium (70-80%)
Food & Beverage," $1,100,000 ",USD,31-Jul-25,SAINT HELENA GRASSROOT WINERY,Grassroot,"Wines, Brandy & Brandy Spirits",Wines-mfg,Schlatter Family Estate,Planned,"Wines, Brandy & Brandy Spirits",Saint Helena Winery,Schlatter Family Estate,1111 Conn Valley,Saint Helena,CA,California,U.S.A.,94574,+1 7079683417,-122.41537,38.50727,CA*03,West Coast U.S.A.,Napa,Permitting,6/15/2454,,9/12/2454,9/13/2454,9/14/2454,9/23/2454,31-Dec-26,YEAR,"Schlatter Family Estate (aka Merryvale) with Signum Architecture has begun Permitting for Grassroot Winery. DETAILS: At (35.82-Acre) Site, Construct New 4998 Sqft Winery (including Wine Cave and Covered Crush Pad/Bottling Area) for Wine Production (5,000+ Gal/yr). REQUIRES: Site Preparation, Foundations, Building, Stainless Steel Fabrication, Tanks/Vessels, Ingredients Receiving & Handling Equipment, Hopper, Feeder, Presses, Crusher, Mixers, Blenders, Processing Vessels, Fermentation Tanks, Filling & Bottling Equipment, Wine Cave, Tasting Room, Conveyors Systems, Case Packers, Barrel Storage Racks, Fire Protection System, Temperature Controls System, Compressor (Air), Pumps, Valves, Heat Exchanger, Utilities, Process Controls (PLC), Electrical Distribution plus Tasting Room. ENVIRONMENTAL: (A) Vent System, Ducting, Exhaust System; (L) Spill Containment, Floor Drains; (W) Wastewater Treatment.","Schlatter Family Estate (aka Merryvale) with Signum Architecture has begun Permitting for Grassroot Winery and anticipates Final AFE Approval 2Q26 (Apr). Upon Final Approvals, Vineyard House Winery awards G/C plus releases RFQs and Bid Documents for Contractors/Subcontractors and Specialty Vendors 4Q25 (Oct-Dec). Construction Kick-Off 1Q26 (Mar). Project Completion 4Q26 (Dec).",3650843,3540392,Schlatter Family Estate,31-Jul-25,A,31-Jul-25,,https://www.industrialinfo.com/dash/project_report.jsp?PROJECT_ID=301099118,0,Medium (70-80%)
Food & Beverage," $2,500,000 ",USD,15-Aug-24,EARLIMART ALMOND PROCESSOR PLANT PHASE II EXPANSION,Plant Expansion,Salted & Roasted Nuts & Seeds,"Nuts, dehydrated or dried-mfg",Treehouse California Almonds,Operational,Salted & Roasted Nuts & Seeds,Earlimart Almond Processor,Treehouse California Almonds,6914 Road 160,Earlimart,CA,California,U.S.A.,932199627,+1 5597575020,-119.214283,35.914605,CA*06,West Coast U.S.A.,Tulare,Owner Review of Issue,6/12/2454,,6/9/2454,6/10/2454,6/14/2454,9/17/2454,26-Jun-26,YEAR,"Treehouse California Almonds with GMA Engineering (Architect) and Beckenhauer Incorporated (GC) continues Owner Review of Issue for Almond Processor Plant Phase II Expansion. DETAILS: At Existing, Almond Processing Multi-Building Campus, Construct (8,000 sqft) Fumigation Building Additions to Dry Storage Building to Diversify the Packaging of Materials On-site and Use Additional Property for Wastewater Treatment and Irrigation of Crops. REQUIRES: Building Modifications, Stainless Steel Fabrication, Equipment Pads & Settings, Pressure Vessels/Tanks, Fumigation Chambers, Residue Management, Skids, Pre-Filters, Pressure Gauges, Motors & Pumps, Drives, Starters, Throttling & High-Pressure Relief Valves, Monitors, Recirculation Loops, Flowmeters, Stainless Steel High-Pressure Piping, Solid State & Flow Controls (PLC) & Tie-Ins plus Electrical Distribution; (A) Ducting, Filtration System; (L) Spill Containment, Liners, Ponds.","Treehouse California Almonds with GMA Engineering (Architect) and Beckenhauer Incorporated (GC) continues Owner Review of Issue for Almond Processor Plant Phase II Expansion and anticipates Final AFE Approval by 3Q25 (Sep). Subject to Finals Approval, Treehouse California Almonds awards G/C and releases RFQs and Bid Documents 2Q24 (Jun) thru 3Q25 (Jul). Construction Kick-Off 4Q25 (Nov). Project Completion 2Q26 (Jun).",3189555,3167709,Treehouse California Almonds,15-Aug-24,A,5-Aug-25,Almonds,https://www.industrialinfo.com/dash/project_report.jsp?PROJECT_ID=301000826,3,Medium (70-80%)
Food & Beverage," $2,000,000 ",USD,20-Mar-25,DINUBA FROZEN FOODS ROBOTIC PALLETIZERS ADDITION,Equipment Addition,Frozen Specialties,"Dinners, frozen: packaged-mfg",Ruiz Foods Incorporated,Operational,Frozen Specialties,Dinuba Frozen Foods,Ruiz Foods Incorporated,501 South Alta Avenue,Dinuba,CA,California,U.S.A.,936182100,+1 5595915510,-119.399558,36.539017,CA*06,West Coast U.S.A.,Tulare,Market Analysis,6/12/2454,,6/10/2454,6/12/2454,6/14/2454,6/15/2454,31-Dec-25,DAY,"Ruiz Foods Incorporated has begun Market Analysis for Frozen Foods Robotic Palletizers Addition. DETAILS: At Existing (280,700 sq.ft) Frozen Mexican Food Manufacturing Plant, Perform Upgrade to Plant by Constructing (2) New Robotic Palletizers (Cobot) plus Auxiliary Equipment. REQUIRES: Stainless Steel Fabrication, Robotic Palletizer Machine, Mounting Frames, Arms, Pneumatics, Automated System, Wrapper, Case Erecting/Loading & Sealing Equipment, Controllers, Staging Equipment, Air Lines, Speed Reducers, Motors, Servo Drives, Grippers, Wrists, Mechanical Brakes/Adjustable Hard Stops, Operator Stations, Interface Panels, Cables, Input/Output Devices, Monitoring System, Relays, Controls (PLC & Cabinet) plus Electrical Distribution.","Ruiz Foods Incorporated continues Market Analysis for Frozen Foods Robotic Palletizers Addition thru 1Q25 (Mar) and anticipates receiving final AFE Approval by 3Q25 (Sep). Subject to Approval, Ruiz Foods Incorporated releases RFQs and Bid Documents 3Q25 (Jul-Sep). Construction Kick-Off 4Q25 (Nov). Project Completion 4Q25 (Dec).",1011262,1019995,Ruiz Foods Incorporated,20-Mar-25,A,5-Aug-25,,https://www.industrialinfo.com/dash/project_report.jsp?PROJECT_ID=301059819,0,Medium (70-80%)
Food & Beverage," $17,000,000 ",USD,21-Nov-19,BRAWLEY BEEF PROCESSING PLANT ENERGY EFFICIENCY UPGRADES,Upgrade,Meat Packing Plants,Cattle slaughtering plants-mfg,O W B Packers LLC,Operational,Meat Packing Plants,Brawley Beef Processing,One World Beef,57 Shank Road,Brawley,CA,California,U.S.A.,92227,+1 7603512700,-115.520373,32.995198,CA*09,West Coast U.S.A.,Imperial,Owner Review of Issue,6/12/2454,8/14/2453,6/8/2454,6/9/2454,6/13/2454,9/22/2454,30-Nov-26,QUARTER,"O W B Packers (Division of One World Beef) has begun Owner Review of Issue for Beef Processing Plant Energy Efficiency Upgrades. DETAILS: At Existing (337,000 sqft) Beef Processing Plant, Perform Energy Efficiency Upgrades to Existing Facility plus Install Associated Equipment. REQUIRES: Interior Modifications & Upgrades, Stainless Steel Fabrication, Equipment Pads & Settings plus UPGRADES & MODIFICATIONS TO: Automation & Robotics, Processing & Packaging Lines, Conveyor Systems, Loading/Unloading Equipment, Pneumatics, Mounting Frames, Monitoring System, Relays, Reactors, Heat Exchangers, Boilers, Pumps & Motors, Level Indicators, Circuit Breakers, Connectors, Conduit, Tracking Array Stands, Photovoltaic Panels, Hydraulic Fluids, Underground DC Wiring & Cabling Installation, Power Inverters, Motor Control Center (MCC), Distributed Control System (DCS), Transformers, Breakers, Switchgear, Interface Stations, Control Valves, Digital Transmitters & Controllers, Temperature Sensors, Electric Utilities, Controls (PLC) plus Electrical Distribution. ENVIRONMENTAL: (A) Ventilation and Ducting; (L) Spill Containment.","O W B Packers continues Owner Review of Issue for Beef Processing Plant Energy Efficiency Upgrades Thru 4Q24 (Dec) and anticipates Final AFE Approval 3Q25 (Sep). O W B Packers releases RFQs and Bid Documents for Design Firm, Contractors, Subcontractors, Equipment Providers & Specialty Trades 2Q25 (May-Jun). Construction Kick-Off 2Q25 (Jun). Project Completion 4Q26 (Nov).",1052694,3208445,O W B Packers LLC,21-Nov-19,A,6-Aug-25,Meat Of Bovine Animals (Beef),https://www.industrialinfo.com/dash/project_report.jsp?PROJECT_ID=300564734,64,Low (0-69%)
Food & Beverage," $5,000,000 ",USD,31-Jan-25,YUBA CITY WALNUT PROCESSING PLANT REBUILD,Rebuild,Crop Preparation Services for Market,Walnut hulling and shelling,Dale Packing Incorporated,Mothballed,Crop Preparation Services for Market,Yuba City Walnut,Dale Packing Incorporated,Garden Highway,Yuba City,CA,California,U.S.A.,95991,+1 5306712577,-121.60211,38.97829,CA*02,West Coast U.S.A.,Sutter,Project Scope,6/12/2454,,6/7/2454,6/9/2454,6/13/2454,9/13/2454,28-Feb-26,YEAR,"Dale Packing Incorporated has begun developing Project Scope for Walnut Processing Plant Rebuild. DETAILS: At (30,000 sqft) Walnut Processing Plant Recently Damaged by Fire, Dismantle Damaged Structures and Equipment plus Construct New Structures (SQFT:Unknown) and Install Associated Machinery & Equipment to Resume Operations. REQUIRES: Debris Removal, Site Preparation, Foundation, Building, Heavy Load Flooring, Doors, Stainless Steel Fabrication, Walnut Receiving & Handling Equipment, Storage Bins, Washing & Cleaning System, Processing Line, Shakers, Dryers, Shelling Equipment, Vacuum System, Sorters, Heaters, Screens, Packaging Lines, Conveyor Systems, Drives, Fire Protection Systems, Compressor (Air), Pumps, Heat Exchanger, Motors, Process Controls (PLC, Pneumatics) plus Electrical Distribution. ENVIRONMENTAL MRO: (A) Vent/Exhaust System, Filters, Dust Collection System, Ducting; (L) Spill Containment, Floor Drains.","Dale Packing Incorporated continues developing Project Scope for Walnut Processing Plant Rebuild through Project Justification and Detailed Design plus anticipates AFE Approval 3Q25 (Sep). Upon Approval, Dale Packing awards G/C plus releases RFQs and Bid Documents for Contractors, Subcontractors, Equipment Providers & Specialty Trades 2Q25 (Apr-Jun). Construction Kick-Off 4Q25 (Oct). Project Completion 1Q26 (Feb).",3626455,3519523,Dale Packing Incorporated,31-Jan-25,A,31-Jan-25,,https://www.industrialinfo.com/dash/project_report.jsp?PROJECT_ID=301046706,4,Medium (70-80%)
Food & Beverage," $4,500,000 ",USD,26-Nov-19,HANFORD (SMITH) POULTRY FARM PHASE II EXPANSION,Plant Expansion,"Broiler, Fryer & Roaster Chickens","Chicken farms or ranches, raising for slaughter",Pitman Family Farms,Operational,"Broiler, Fryer & Roaster Chickens",Hanford (Smith) Poultry Farm,Pitman Family Farms,12565 Kansas Avenue,Hanford,CA,California,U.S.A.,932309570,+1 5598759300,-119.683059,36.20927,CA*06,West Coast U.S.A.,Kings,Owner Review of Issue,6/12/2454,3/7/2454,6/7/2454,6/8/2454,6/13/2454,6/15/2454,29-Dec-25,QUARTER,"Pitman Family Farms with Quad Knopf (Environmental Engineering Consultant) (As Own G/C) continues Owner Review of Issue for Poultry Farm Phase II Expansion. DETAILS: At Existing 170,000 Birds/yr Poultry Farm, As Phase II of Planned II Phase Expansion to Expand to 1,020,000 Birds, Demolish (8) Existing Poultry Barns and Construct (18) Barns (27,000 sqft/ea or 54'W x 500'L) to Store 27,000 Birds/ea. plus Install Associated Equipment to Raise 6MM Chickens/yr. REQUIRES: Demolishment (8-Structures), Site Preparation, Foundations, Buildings (Wood & Metal Framed), Insulated Roofs & Sidewalls, Metal End Walls, Compacted Cement Floors, Mechanical Feed Lines, Heaters (Gas), Exhaust & Circulating Fans, Water Lines, Electrical Service Panels, Incinerator, Ventilation Systems (Negative Pressure), Feed Storage Silos, Automated Systems, Humidifiers, Temperature Control Systems, Compressors (Air), Utilities, Office Building, Electrical Distribution plus Controls. ENVIRONMENTAL: (A) Vents & Exhaust System, Odor Control, Ventilation System, Dust Collection; (L) Containment.","Pitman Family Farms with Quad Knopf (As Own G/C) continues Owners Review of Issue for Poultry Farm Phase II Expansion with Final AFE Approval 3Q25 (Sep). Pitman Family Farms releases RFQs and Bid Documents for Contractors, Subcontractors, Equipment Providers & Specialty Trades 2Q25 (Apr-May). Construction Kick-Off 4Q25 (Oct). Project Completion 4Q25 (Dec).",3391492,3192865,Pitman Family Farms,28-Nov-19,A,6-Feb-25,"Chickens, Young (Broilers, Fryers, Roasters And Capons), Not Cut In Pieces, Frozen",https://www.industrialinfo.com/dash/project_report.jsp?PROJECT_ID=300566506,55,Medium (70-80%)
Food & Beverage," $2,000,000 ",USD,29-Aug-25,FORESTVILLE WINERY UPGRADES,Upgrade,"Wines, Brandy & Brandy Spirits",Wines-mfg,Red Car Winery,Planned,"Wines, Brandy & Brandy Spirits",Forestville Winery,Red Car Winery,5566 Highway 116 North,Forestville,CA,California,U.S.A.,95436,+1 3106898417,-122.88178,38.46279,CA*03,West Coast U.S.A.,Sonoma,Permitting,6/14/2454,,6/14/2454,6/15/2454,9/12/2454,9/18/2454,1-Jul-26,QUARTER,"Red Car Winery (aka Crowell King Ridge LLC) with Greg LeDoux & Associates has begun Permitting for Winery Upgrades. DETAILS: At Recently Acquired Winery, Perform Structural Upgrades plus Construct new (2790 sqft) Barrel Storage and (320 sqft) Cold Storage plus Auxiliary Equipment. REQUIRES: Equipment Removal/Disassembly, Stainless Steel Fabrication, Condensing Towers, Modifications to Refrigeration System (Ammonia), Piping, Evaporative Coils, Aluminum Fins, Tubing, Centrifugal Fans, Air-Inlet Screens, Water Distribution System, Shafts, Float Valves, Inlet/Outlet Devices, Recirculating Pumps, Dampers, Temperature Sensors, Level Indicators, Flowmeters, Motors, Drives, Controllers, Expansion Valves, Ports, Temperature & Process Controls Integration & Utilities Tie-Ins plus Electrical Distribution. ENVIRONMENTAL: (A) Ducting; (L) Containment.","Red Car Winery (aka Crowell King Ridge LLC) with Greg LeDoux & Associates awaits Permitting for Winery Upgrades and anticipates AFE Approval 4Q25 (Nov). Upon Final Approvals, Red Car Winery (aka Crowell King Ridge LLC) with Greg LeDoux & Associates Releases RFQ's and Bid Documents for Contractors and Subcontractors as needed 4Q25 (Nov-Dec). Construction Kick-Off 1Q26 (Jan). Project Completion 3Q26 (Jul).",3654940,3543938,Red Car Winery,29-Aug-25,A,29-Aug-25,,https://www.industrialinfo.com/dash/project_report.jsp?PROJECT_ID=301108293,0,Medium (70-80%)
Food & Beverage," $10,000,000 ",USD,28-Aug-25,FRESNO NUTS PROCESSING PLANT EXPANSION,Plant Expansion,General Warehousing & Storage,General warehousing and storage,Kahraman Agro Inc,Operational,General Warehousing & Storage,Fresno Nuts,Kahraman Agro Inc,2754 Business Park Ave,Fresno,CA,California,U.S.A.,93727,+1 5593461400,-119.68422,36.77541,CA*06,West Coast U.S.A.,Fresno,Market Analysis,12/29/2454,,12/30/2454,1/1/2455,3/31/2455,4/11/2455,31-Dec-28,YEAR,"Kahraman Agro with Cook Land Company has begun Market Analysis for Nut Processing Plant Expansion. DETAILS: At Existing (25,000 sqft) Processed Nuts Warehouse Facility, Construct new Processing Plant Addition (SQFT: Unknown) or Select new Location within Fresno City Area plus Install Auxiliary Equipment to Process Nuts. REQUIRES: Site Preparation, Foundation, Building, Heavy Load Flooring, Doors, Storage Rack System, Material Handling Equipment, Palletizer, Compressor (Air), Lighting, Temperature and Humidity Control System, Charging Stations, Inventory Management & Fire Protection System, Office Areas, Utilities Tie-Ins plus Electrical Distribution. ENVIRONMENTAL: (A) Ventilation System, Ducting; (L) Spill Containment, Floor Drains.","Kahraman Agro with Cook Land Company continues Market Analysis for Nut Processing Plant Expansion and anticipates AFE 3Q27 (Sep). Upon Final Approvals, Kahraman Agro with Cook Land Company releases RFQs and Bid Documents for Contractors, Subcontractors and Specialty Vendors as needed 4Q27 (Oct-Dec). Construction Kick-Off 1Q28 (Jan). Project Completion 4Q28 (Dec).",3654767,3543803,Kahraman Agro Inc,29-Aug-25,A,28-Aug-25,,https://www.industrialinfo.com/dash/project_report.jsp?PROJECT_ID=301107870,0,Low (0-69%)
Food & Beverage," $8,000,000 ",USD,28-Aug-25,FOWLER BROWNFIELD CREAMERY,Brownfield,Fluid Milk,"Dips, sour cream based-mfg",Raw Farm LLC,Planned,Fluid Milk,Fowler Creamery,Raw Farm LLC,304 N 7th Street,Fowler,CA,California,U.S.A.,93625,+1 5598469732,-119.68333,36.63221,CA*06,West Coast U.S.A.,Fresno,Permitting,6/13/2454,,6/13/2454,6/15/2454,9/12/2454,9/23/2454,31-Dec-26,YEAR,"Raw Farm LLC (formerly Organic Pastures Dairy Company) with Vernal Group (Architect) has begun Permitting for Brownfield Creamery. DETAILS: At Exisitng (72,000) Former Fruit Packing Plant, Perform Structural Modifications to (42,906 sqft) plus Install Machinery & System with Associated Equipment to Produce Raw Milk, Cream and Cheese Products. REQUIRES: Strurucal Modifications, Insulated Metal Panels, Docks/Doors, Heavy Load Flooring, Stainless Steel Fabrication, Milk Receiving and Storage Equipment, Milk Pump Stations, Pasteurizers, Homogenizers, Separators, Processing Tanks/Vessels, Silos, Cheese Processing Line, Cheese Vats, CIP (Clean-In-Place) System, Filling & Bottling Line, Packaging Equipment, Conveyor Systems, Material Handling Equipment, Process Piping, Ammonia Refrigeration System, Evaporator Coils, Fans, Motors, Drives, Compressor (Air), Air Flow & Temperature Controlled System, Fire Protection System, Heat Exchanger, Process Controls (PLC), Utilities plus Electrical Distribution. ENVIRONMENTAL: (A) Odor Control System, Dust Collector, Vent/Exhaust System, Ducting; (L) Spill Containment, Floor Drains.","Raw Farm LLC with Vernal Group Finalizes Permitting for Brownfield Creamery and Receives Final AFE Approval 4Q25 (Oct). Upon Final Approvals, Raw Farm LLC  releases RFQs and Bid Documents for Contractors, Subcontractors & Specialty Vendors 4Q25 (Oct-Dec). Construction Kick-Off 1Q26 (Jan). Project Completion 4Q26 (Dec).",3654779,3452894,Raw Farm LLC,29-Aug-25,A,28-Aug-25,,https://www.industrialinfo.com/dash/project_report.jsp?PROJECT_ID=301107875,0,Medium (70-80%)
Food & Beverage," $3,000,000 ",USD,28-Aug-25,FRESNO BROWNFIELD NUT PROCESSING WAREHOUSE,Brownfield,General Warehousing & Storage,General warehousing and storage,Kahraman Agro Inc,Operational,General Warehousing & Storage,Fresno Nuts,Kahraman Agro Inc,2754 Business Park Ave,Fresno,CA,California,U.S.A.,93727,+1 5593461400,-119.68422,36.77541,CA*06,West Coast U.S.A.,Fresno,Planning and Scheduling,6/11/2454,,6/12/2454,6/13/2454,6/13/2454,6/15/2454,31-Dec-25,QUARTER,"Kahraman Agro with Cook Land Company has begun Planning and Scheduling for Brownfield Nut Processing Warehouse. DETAILS: At (2-Acre) Site, (25,000 sqft) Recently Leased Industrial Building, Perform Structural Modifications plus Install Associated Equipment for Processed Nuts. REQUIRES: Strucutural Modifications,  Storage Rack System, Material Handling Equipment, Palletizer, Compressor (Air), Lighting, Temperature and Humidity Control System, Charging Stations, Inventory Management & Fire Protection System, Office Areas, Utilities Tie-Ins plus Electrical Distribution. ENVIRONMENTAL: (A) Ventilation System, Ducting; (L) Spill Containment, Floor Drains.",Kahraman Agro with Cook Land Company continues Planning and Scheduling for Brownfield Nut Processing Warehouse and releases RFQs and Bid Documents for Subcontracotrs and Specilaity Vendors as needed 3Q25 (Sep) through 4Q25 (Oct). Construction Kick-Off 4Q25 (Oct). Project Completion 4Q25 (Dec).,3654767,3543803,Kahraman Agro Inc,28-Aug-25,A,28-Aug-25,,https://www.industrialinfo.com/dash/project_report.jsp?PROJECT_ID=301107837,0,High (81-99%)
Food & Beverage," $6,000,000 ",USD,21-Aug-24,ORLAND ALMOND HULLING PLANT EXPANSION,Plant Expansion,Crop Preparation Services for Market,Almond hulling and shelling,North State Hulling,Operational,Crop Preparation Services for Market,Orland Almond Hulling,North State Hulling,7559 Highway 32,Orland,CA,California,U.S.A.,95963,+1 5308958686,-122.076628,39.742573,CA*02,West Coast U.S.A.,Glenn,Owner Review of Issue,4/6/2455,,4/6/2455,4/8/2455,4/9/2455,7/18/2455,1-Oct-29,YEAR,"North State Hulling with RGA Associates has begun Owner review of Issue for Almond Hulling Plant Processing Facility Expansion. DETAILS: At Existing (60,000 sqft) Almond Hulling Facility, Construct (20,000 sqft) Processing Facility, Scale House and Truck Maintenance Building Additions plus Install Associated Equipment to Process Almonds. REQUIRES: Site Preparation, Foundation, Building, Heavy Load Flooring, Stainless Steel Fabrication, Doors/Docks, Shelling Equipment, Roasters, Washers, Tanks/Vessels, Production Line(s), Packaging Equipment, Conveyor System, Ingredient Receiving & Handling Equipment, Automated Retrieving Systems, Blanching Machines, Peeler, Cooling Machines, Racking Systems, Utility Tie-ins Plus Electrical Distribution. ENVIRONMENTAL: (A) Ducts, Vents; (L) Floor Drains, Spill Containment.","North State Hulling with RGA Associates has begun Owner Review of Issue for Almond Hulling Plant Processing Facility Expansion and anticipates AFE Approval 3Q28 (Jul). Upon Final Capital Approvals, North State Hulling with RGA Associates awards G/C and releases RFQs and Bid Documents for Contractors/Subcontractors and Specialty Vendors 3Q28 (Jul-Sep). Construction Kick-Off 4Q28 (Oct). Project Completion 4Q29 (Oct).",3606981,3503748,North State Hulling,22-Aug-24,A,28-Aug-25,Almonds,https://www.industrialinfo.com/dash/project_report.jsp?PROJECT_ID=301002269,24,Medium (70-80%)
Food & Beverage," $18,000,000 ",USD,21-Aug-24,ORLAND ALMOND HULLING PLANT PROCESSING FACILITY EXPANSION,Plant Expansion,Crop Preparation Services for Market,Almond hulling and shelling,North State Hulling,Operational,Crop Preparation Services for Market,Orland Almond Hulling,North State Hulling,7559 Highway 32,Orland,CA,California,U.S.A.,95963,+1 5308958686,-122.076628,39.742573,CA*02,West Coast U.S.A.,Glenn,Owner Review of Issue,12/26/2454,,12/24/2454,12/26/2454,12/27/2454,4/6/2455,1-Jul-28,QUARTER,"North State Hulling with RGA Associates has begun Owner review of Issue for Almond Hulling Plant Processing Facility Expansion. DETAILS: At Existing (60,000 sqft) Almond Hulling Facility, Construct (170,000- 192,000 sqft) Processing Facility plus Install Associated Equipment to Process Almonds. REQUIRES: Site Preparation, Foundation, Building, Heavy Load Flooring, Stainless Steel Fabrication, Doors/Docks, Shelling Equipment, Roasters, Washers, Tanks/Vessels, Production Line(s), Packaging Equipment, Conveyor System, Ingredient Receiving & Handling Equipment, Automated Retrieving Systems, Blanching Machines, Peeler, Cooling Machines, Racking Systems, Utility Tie-ins Plus Electrical Distribution. ENVIRONMENTAL: (A) Ducts, Vents; (L) Floor Drains, Spill Containment.","North State Hulling with RGA Associates has begun Owner Review of Issue for Almond Hulling Plant Processing Facility Expansion and anticipates AFE Approval 2Q27 (Jun). Upon Final Capital Approvals, North State Hulling with RGA Associates awards G/C and releases RFQs and Bid Documents for Contractors/Subcontractors and Specialty Vendors 2Q27 (Apr-Jun). Construction Kick-Off 3Q27 (Jul). Project Completion 3Q28 (Jul).",3606981,3503748,North State Hulling,22-Aug-24,A,28-Aug-25,Almonds,https://www.industrialinfo.com/dash/project_report.jsp?PROJECT_ID=301002265,24,Low (0-69%)
Food & Beverage," $25,000,000 ",USD,22-Aug-24,ORLAND ALMOND HULLING PLANT COMBINED HEAT AND POWER EXPANSION,Plant Expansion,Crop Preparation Services for Market,Almond hulling and shelling,North State Hulling,Operational,Crop Preparation Services for Market,Orland Almond Hulling,North State Hulling,7559 Highway 32,Orland,CA,California,U.S.A.,95963,+1 5308958686,-122.076628,39.742573,CA*02,West Coast U.S.A.,Glenn,Owner Review of Issue,12/21/2454,9/22/2454,12/21/2454,12/23/2454,12/24/2454,4/4/2455,27-May-28,YEAR,"North State Hulling with RGA Associates has begun Owner review of Issue for Almond Hulling Plant Combined Heat and Power Expansion. DETAILS: At Existing (60,000 sqft) Almond Hulling Facility, Construct new (36,000 sqft) Combined Heat and Power Building Addition plus Associated Equipment. REQUIRES: Site Preparation, Foundation, Building, Equipment Pads, Equipment Setting, Stainless Steel Fabrication, BFW System, Heat Recovery Unit, Tanks (AST), Lube Oil System, I&C System, Condenser, Cooling Tower, Pumps, Ignition System, Electric Cables & Cable Trays, Fire Protection System, Fuel Conditioning & Delivery System, Noise Abatement, Operator Consoles, Breakers, Transformers, Switchgear, Substation, MCC, DCS, SCADA plus INSTALL: Internal Combustion Engine (IC) Generators Sets. ENVIRONMENTAL: (A) CEMS, Emission Controls, Stack; (L) Spill Containment, Excavation; (W) Demineralizer System.","North State Hulling with RGA Associates has begun Owner Review of Issue for Almond Hulling Plant Combined Heat and Power Expansion Thru 4Q26 (Nov) and anticipates AFE Approval 1Q27 (Jan). Upon Final Owner Approvals, North State Hulling with RGA Associates awards G/C and releases RFQs and Bid Documents for Contractors/Subcontractors and Specialty Vendors 1Q27 (Jan-Mar). Construction Kick-Off 2Q27 (Apr). Project Completion 2Q28 (May).",3606981,3503748,North State Hulling,23-Aug-24,A,28-Aug-25,,https://www.industrialinfo.com/dash/project_report.jsp?PROJECT_ID=301002273,0,Low (0-69%)
Food & Beverage," $40,000,000 ",USD,9-May-23,PERRIS GRASSROOT DRY AND COLD STORAGE WAREHOUSE,Grassroot,Refrigerated Warehousing & Storage,Cold storage warehousing,DECA Companies,Under Construction,Refrigerated Warehousing & Storage,Perris Warehouse,DECA Companies,"I-215 Ramona Expressway, and Webster Avenue",Perris,CA,California,U.S.A.,92571,+1 3125764291,-117.245932,33.843184,CA*08,West Coast U.S.A.,Riverside [western],Construction - Merit Shop,11/26/2453,,11/27/2453,2/24/2454,2/25/2454,6/15/2454,27-Dec-25,YEAR,"DECA Companies (as Perris land Co) with Fulmer Construction (G/C) has begun Construction for Grassroot Dry and Cold Storage Warehouse. DETAILS: At (42-Acre Site) on (Parcel 8), Construct (850,000 sqft) Dry and Cold Storage Warehouse (~50,000 sqft Cold Storage) with (100,000 sqft) Mezzanine plus Install Associated Equipment. REQUIRES: Site Preparation, Foundation, Building, Heavy Load Flooring, Equipment Pads, Equipment Setting, Insulated Wall Panels, Docks, Doors, Material Handling Equipment, Freezer, Cooler, Ammonia Refrigeration System, Storage Racks, Evaporated Coils, Temperature Controlled Systems, Fans, Inventory Management System, Fire Protection System, Controls (PLC), Utilities Tie-Ins plus Electrical Distribution. ENVIRONMENTAL: (A) Vents, Ducting; (L) Spill Containment, Drains.",DECA Companies with Fulmer Construction (G/C) continues Construction for Grassroot Dry and Cold Storage Warehouse and anticipates AFE Approval 4Q23 (Nov). DECA Companies selects Design-Build and releases RFQs and Bid Documents for Contractors and Subcontractors 4Q23 (Dec) -1Q24 (Jan). Construction Kick-Off Is Expected 1Q24 (Feb). Project Completion 4Q25 (Dec).,3548678,3456837,DECA Companies,9-May-23,A,27-Aug-25,Refrigerated Warehousing & Storage,https://www.industrialinfo.com/dash/project_report.jsp?PROJECT_ID=300881170,-4,High (81-99%)
Food & Beverage," $330,000,000 ",USD,29-Jul-10,MONTEREY PENINSULA GRASSROOT SEAWATER DESALINATION PLANT,Grassroot,Water Supply,Desalination of Water,California American Water,On Hold,Water Supply,Marina Seawater Desalination,American Water Works Company Incorporated,North of Marina,Marina,CA,California,U.S.A.,93933,+1 8316463287,-121.771123,36.710264,CA*05,West Coast U.S.A.,Monterey,Planning and Scheduling,8/17/2453,8/17/2453,6/10/2454,6/14/2454,6/13/2454,3/31/2455,1-Jan-28,YEAR,"California American Water with CDM Smith (Design-Build) has begun Planning and Scheduling for Grassroot Seawater Desalination Plant. DETAILS: At Selected Grassroot Site in Marina Area, Construct new 6.4 MGD Desalination Plant (TIV: $115,000,000) & Subsurface Intake Facilities (TIV: $79,000,000) & Pipeline Facilities (TIV: $128,000,000) plus Install Associated Equipment to Produce Potable Water from Seawater. REQUIRES: Site Preparation, Foundations/Concrete, Brine Discharge System, Deep Water Intake System, SWRO Pumps, Cooling Systems, Screening System, Circular Tanks, Pipelines, Pre-Treatment System, Reverse Osmosis Unit, Membrane Filtration System, Hi-Press Pumps, Heat Exchangers, Boiler, Substation/Transformers, Diffusers plus Controls. ENVIRONMENTAL: (A) Ducting; (L) Containment; (W) Filtration.","California American Water with CDM Smith continues Planning and Scheduling and releases remaining RFQs and Bid Documents for Contractors, Subcontractors and Specialty Vendors as needed 3Q25 (Jul) through 4Q25 (Nov). Construction Kick-Off 4Q25 (Oct). Project Completion 1Q28 (Jan).",3009764,3008197,California American Water,29-Jul-10,A,26-Aug-25,,https://www.industrialinfo.com/dash/project_report.jsp?PROJECT_ID=300015664,168,High (81-99%)
Food & Beverage," $10,000,000 ",USD,12-Aug-24,VISALIA (DRY) DOG FOOD PLANT PRODUCTION LINE ADDITION,Equipment Addition,Dog & Cat Food,Dog food-mfg,Perfection Pet Foods,Operational,Dog & Cat Food,Visalia Dog Food,Post Holdings Incorporated,1111 North Miller Park Court,Visalia,CA,California,U.S.A.,932919454,+1 5593024880,-119.409904,36.338856,CA*06,West Coast U.S.A.,Tulare,Project Scope,9/12/2454,6/14/2454,9/12/2454,9/14/2454,9/18/2454,9/19/2454,30-Aug-26,YEAR,"Perfection Pet Foods (Subsidiary of Post Holdings) has begun Developing Project Scope for (Dry) Dog Food Plant Production Line Addition. DETAILS: At Existing 130,000 sqft (Dry) Dog Food Manufacturing Plant, Construct (1) new (Dry) Pet Food Production Line Addition plus Auxiliary Equipment. REQUIRES: Stainless Steel Fabrication, Raw Material & Ingredient Handling Equipment, Flour Mixers, Extruder Machines, Conveyor Systems, Dryer, Oven, Elevators, Feeders, Robotics, Automated Systems, Oil Sprayers, Material Handling Equipment, Coating Lines, Rollers, Flavoring & Packing Equipment, Motors, Drives, Belts, Process Controls (PLC, Pneumatics) & Tie-Ins plus Electrical Distribution. ENVIRONMENTAL: (A) Ducting, Dust Collection System; (L) Containment.","Perfection Pet Foods continues Developing Project Scope for (Dry) Dog Food Production Line Addition thru 3Q25 (Jul) and anticipates finalizing Scope by 4Q25 (Oct) and receiving Final AFE Approval by 1Q26 (Jan). Subject to Final Corporate Approval, Perfection Pet Foods releases RFQs and Bid Documents 1Q26 (Jan-Mar). Construction Kick-Off 3Q26 (Jul). Project Completion 3Q26 (Aug).",3022642,3049137,Perfection Pet Foods,13-Aug-24,A,26-Aug-25,Pet Foods,https://www.industrialinfo.com/dash/project_report.jsp?PROJECT_ID=300999569,0,Low (0-69%)
Food & Beverage," $15,000,000 ",USD,25-Aug-25,RANCHO CORDOVA/SACRAMENTO COLD STORAGE FREEZER EXPANSION,Plant Expansion,Refrigerated Warehousing & Storage,Cold storage warehousing,Trader Joe's,Planned,General Warehousing & Storage,Rancho Cordova/Sacramento Cold Storage,Trader Joe's,12100 Atlanta Circle,Rancho Cordova,CA,California,U.S.A.,95742,+1 6265993700,-121.22102,38.62568,CA*02,West Coast U.S.A.,Sacramento,Market Analysis,9/21/2454,,9/21/2454,9/23/2454,12/21/2454,12/28/2454,1-Aug-27,YEAR,"Trader Joe's (as Sacramento Cold Storage) with HPA Architecture Incorporated has begun Market Analysis for Cold Storage Freezer Expansion. DETAILS: At (632,510 sqft) Cold Storage, Construct (93,370 sqft) Freezer Building Addtion plus Install Associated Equipment. REQUIRES: Site Preparation, Foundation, Building, Heavy Load Flooring, Insulated Metal Panels, Equipment Pads, Doors/Docks, Freezers/Coolers, Refrigeration System, Multi-Temperature Cooler, Storage Racks, Evaporated Coils, Air Flow & Temperature Controlled Systems, Fans, Compressors (Air), Material Handling, Vapor Mitigation Systems, LED Lighting System, Condensers, Controls (PLC), Utilities & Tie-Ins plus Electrical Distribution. ENVIRONMENTAL: (A) Vent Exhaust System, Ducting; (L) Spill Containment, Drains.","Trader Joe's (as Sacramento Cold Storage) with HPA Architecture Incorporated continues Market Analysis for Cold Storage Freezer Expansion and anticipates AFE 4Q26 (Oct). Upon Final Approvals, Trader Joe's (as Sacramento Cold Storage) with HPA Architecture Incorporate awards G/C (Uprite Construction or Simliar) plus releases releases RFQS and Bid Documents for Contractors and Subcontractors 4Q26 (Oct-Dec). Construction Kick-Off 1Q26 (Jan). Project Completion 3Q27 (Aug).",3654070,3109236,Trader Joe's,26-Aug-25,A,25-Aug-25,,https://www.industrialinfo.com/dash/project_report.jsp?PROJECT_ID=301105829,0,Low (0-69%)
Food & Beverage," $10,000,000 ",USD,28-Jul-23,NAPA WINERY EXPANSION,Plant Expansion,"Wines, Brandy & Brandy Spirits",Wines-mfg,Piazza Del Dotto,Operational,"Wines, Brandy & Brandy Spirits",Napa Winery,Piazza Del Dotto,7466 Saint Helena Highway,Napa,CA,California,U.S.A.,945589400,+1 7079632134,-122.387915,38.421798,CA*03,West Coast U.S.A.,Napa,Owner Review of Issue,9/19/2454,6/12/2454,9/14/2454,9/19/2454,9/20/2454,9/23/2454,31-Dec-26,QUARTER,"Piazza Del Dotto Winery with O'Malley Wilson Westphal has begun Owner Review of Issue (Permitting) for Winery Expansion. DETAILS: At (20-Acre) Site Existing Wine Cellar, Construct (10,500 sqft) Wine Production Facility and (16,500 sqft) Cave Expansion plus Install Associated Equipment to Increase Wine Production from (48,000 gal/yr) to (75,000 gal/yr). REQUIRES: Excavation, Foundation, Building, Heavy Load Flooring, Equipment Pads & Settings, Stainless Steel Fabrication, Ingredients Receiving & Handling Equipment, Hopper, Feeder, Presses, Crusher, Mixers & Blenders, Processing Vessels, Fermentation Tanks, Barrels Storage, Filling & Bottling Equipment, Conveyors & Automated System, Case Packers, Storage Racks, Material Handling Equipment, Fire Protection System & Temperature Controls System, Pumps, Valves, Heat Exchanger, Utilities, Electrical Distribution, Process Controls (PLC) plus Tasting Room and Office Space. ENVIRONMENTAL: (A) Vent System, Ducting, Exhaust System; (L) Containment, Floor Drains.","Piazza Del Dotto Winery with O'Malley Wilson Westphal continues Owner Review of Issue (Permitting) for Winery Expansion and anticipates AFE Submittal 3Q26 (Aug). Upon Final Approvals, Piazza Del Dotto Winery awards G/C and releases RFQs and Bid Documents for Contractors/Subcontractors & Equipment Providers 1Q26 (Mar) thru 3Q26 (Aug). Construction Kick-Off 3Q26 (Sep). Project Completion 4Q26 (Dec).",3557727,3461360,Piazza Del Dotto,31-Jul-23,A,18-Aug-25,Wine,https://www.industrialinfo.com/dash/project_report.jsp?PROJECT_ID=300902520,31,Low (0-69%)
Food & Beverage," $1,500,000 ",USD,7-Aug-24,PASO ROBLES BROWNFIELD WINERY,Brownfield,"Wines, Brandy & Brandy Spirits",Wines-mfg,Boutz Cellars Winery,Planned,"Wines, Brandy & Brandy Spirits",Paso Robles Winery,Boutz Cellars Winery,7055 Adelaida Road,Paso Robles,CA,California,U.S.A.,93446,+1 7272247933,-120.81958,35.64669,CA*07,West Coast U.S.A.,San Luis Obispo,Permitting,9/18/2454,,9/13/2454,9/15/2454,9/19/2454,9/23/2454,31-Dec-26,YEAR,"Boutz Cellars Winery has begun Permitting for Grassroot Winery. DETAILS: At (20.74-Acre) Grassroot Site, Construct (9,045 sqft) Wine Production Facility (2887 sqft barrel Storage, 1738 sqft Fermentation, 547 sqft Case Goods Storage, plus Offices) and Install Associated Equipment to Produce (10,000 case/year) Wine. REQUIRES: Site Preparation, Foundations, Buildings, Stainless Steel Fabrication, Tanks/Vessels, Ingredients Receiving & Handling Equipment, Hopper, Feeder, Presses, Crusher, Mixers, Blenders, Processing Vessels, Fermentation Tanks, Filling & Bottling Equipment, Conveyors Systems, Case Packers, Barrel Storage Racks, Fire Protection System, Temperature Controls System, Compressor (Air), Pumps, Valves, Heat Exchanger, Utilities, Process Controls (PLC), Electrical Distribution plus Mechanical Room & Offices. ENVIRONMENTAL: (A) Vent System, Ducting, Exhaust System; (L) Containment, Floor Drains.","Boutz Cellars Winery continue Permitting for Grassroot Winery and anticipates Final AFE Approval 3Q26 (Jul). Subject to Final Capital Approval, Boutz Cellars Winery awards G/C plus releases RFQs and Subcontractors/Contractors/Vendors Bid Documents 1Q26 (Feb) thru 2Q26 (Apr). Construction Kick-Off 3Q26 (Aug). Project Completion 4Q26 (Dec).",3605268,3502320,Boutz Cellars Winery,15-Aug-24,A,25-Aug-25,Wine,https://www.industrialinfo.com/dash/project_report.jsp?PROJECT_ID=300998757,15,Medium (70-80%)
Food & Beverage," $6,000,000 ",USD,24-Jul-23,WALNUT CREEK CRAFT BREWERY REBUILD,Rebuild,Malt Beverages,Beer (alcoholic beverage)-mfg,Calicraft Brewing Company,Operational,Malt Beverages,Walnut Creek Craft Brewery,Calicraft Brewing Company,2700 Mitchell Drive,Walnut Creek,CA,California,U.S.A.,945981602,+1 9254788103,-122.02609,37.93082,CA*03,West Coast U.S.A.,Contra Costa,Construction - Merit Shop,6/6/2454,2/25/2454,6/10/2454,6/12/2454,6/7/2454,9/15/2454,30-Apr-26,QUARTER,"Calicraft Brewing Company with InSite Property Group (Real Estate Developer) and Rozen Design Solutions (Architect) has begun Construction for Craft Brewery Rebuild. DETAILS: At Existing Microbrewery Site Acquired by New Developer, As Part of Mixed-Use Development (3-Story & 155,600 sqft), Demolish Existing (89,500 sqft) Building and Construct New (2-Story; 9,000 sqft) Building and Install Brewhouse System with Associated Equipment to Produce Craft Beer Products. REQUIRES: Demolition, Excavation, Site Preparation, Foundations, Building, Heavy Load Flooring, Stainless Steel Fabrication, Ingredient Handling Equipment, Brewhouse, Fermentation Tanks, Storage Tanks, Brite Tanks, Kegs Washer, Fillers, Bottling/Canning Line, Ammonia Refrigeration System, Filtration Systems, Temperature & Humidity Control Systems, Storage Racks, Process Piping, Pumps, Motors, Drives, Fire Protection System, Control Valves, Utilities, Heat Exchanger, Process Controls (PLC) plus Electrical Distribution. ENVIRONMENTAL: (A) Dust Collection System, Exhaust System, Vent, Ducting; (L) Spill Containment, Floor Drains.","Calicraft Brewing Company with InSite Property Group and Rozen Design Solutions continues Construction for Craft Brewery Rebuild. Calicraft Brewing Company with InSite Property Group releases RFQs and Bid Documents for Contractors, Subcontractors & Specialty Trades 3Q25 (Jul-Sep). Construction Kick-Off 2Q25 (Apr). Project Completion 2Q26 (Apr).",3557012,3464044,Calicraft Brewing Company,26-Jul-23,A,22-Aug-25,Beer,https://www.industrialinfo.com/dash/project_report.jsp?PROJECT_ID=300900519,18,High (81-99%)
Food & Beverage," $3,000,000 ",USD,15-Aug-24,EARLIMART ALMOND PROCESSOR PLANT PHASE IV (SOLAR) EXPANSION,Equipment Addition,Salted & Roasted Nuts & Seeds,"Nuts, dehydrated or dried-mfg",Treehouse California Almonds,Operational,Salted & Roasted Nuts & Seeds,Earlimart Almond Processor,Treehouse California Almonds,6914 Road 160,Earlimart,CA,California,U.S.A.,932199627,+1 5597575020,-119.214283,35.914605,CA*06,West Coast U.S.A.,Tulare,Detailed Design,12/24/2454,,12/24/2454,12/26/2454,12/28/2454,4/1/2455,29-Feb-28,YEAR,"Treehouse California Almonds with GMA Engineering and Beckenhauer Incorporated (GC) has begun Detailed Design for Almond Processor Plant Phase IV Expansion. DETAILS: At Existing, Almond Processing Multi-Building Campus, Construct Carport Mounted Solar Photovoltaic Modules plus Associated Equipment. REQUIRES: Site Excavation, Concrete Slab, Pedestals, Pilings, Racking System, Solar Panels, Single Axis Trackers, Cooling System, Power Inverters/Converters, Sun Tracking System, Overhead and Underground Electrical Collection System, Pad-Mount Transformers, Breakers, Switchgear, Voltage Regulators, Lightning Arresters, Remote Monitoring System, Grounding and Surge Suppression, Panels Wiring, Power Inverters, Fiber Optics Cable, Wiring plus Electrical Distribution.","Treehouse California Almonds with GMA Engineering Beckenhauer Incorporated continues Detailed Design for Almond Processor Plant Phase IV Expansion and anticipates Final AFE Approval by 2Q27 (Apr). Subject to Finals Approval, Treehouse California Almonds awards G/C and releases RFQs and Bid Documents 2Q27 (Apr-Jun).Construction Kick-Off 3Q27 (Aug). Project Completion 1Q28 (Feb).",3189555,3167709,Treehouse California Almonds,15-Aug-24,A,20-Aug-25,Almonds,https://www.industrialinfo.com/dash/project_report.jsp?PROJECT_ID=301000829,11,Medium (70-80%)
Food & Beverage," $10,000,000 ",USD,7-Oct-24,VERNON BROWNFIELD COLD STORAGE WAREHOUSE,Brownfield,Refrigerated Warehousing & Storage,Cold storage warehousing,Regent Cold Storage,Under Construction,Refrigerated Warehousing & Storage,Vernon Cold Storage,Regent Cold Storage,5400 Alcoa Avenue,Vernon,CA,California,U.S.A.,90058,+1 3238262144,-118.207963,33.993873,CA*08,West Coast U.S.A.,Los Angeles [souther,Construction - Merit Shop,3/5/2454,,3/5/2454,3/7/2454,3/6/2454,9/13/2454,28-Feb-26,QUARTER,"Regent Cold Storage (Subsidiary of Miller Enterprises Co) with ARCO National Construction Company continues Construction for Brownfield Cold Storage Warehouse. DETAILS: At Site with Existing Industrial Building, Perform Demolition of Existing Structure and Construct (67,000 sqft) Cold Storage Warehouse (with 7,000 sqft Dry Storage) Plus Install Associated Systems to Expand Cold Storage for Company Subsidiaries. REQUIRES: Demolition, Site Preparation, Foundation, Building, Stainless Steel Fabrication, Insulated Metal Panels, Docks/Doors, Coolers, Refrigeration System (CO2), Storage Racks, Pallets, Evaporated Coils, Air Flow & Temperature Control Systems, Compressors, Material Handling & Packaging Equipment, Blast Freezer, Evaporators, Fans, Inventory Management Systems, Fire Protection Systems , Automated Systems & Robotics, Lighting Systems, Condensers, Mechanical & Engine Rooms, Office Spaces, Controllers, Controls (PLC), Utilities & Tie-Ins plus Electrical Distribution. ENVIRONMENTAL: (A) Vent Exhaust System, Ducting; (L) Spill Containment, Drains.",Miller Enterprises with ARCO National Construction Company continues Construction for Brownfield Cold Storage Warehouse and releases remaining RFQS and Bid Documents for Contractors and Subcontractors 4Q24 (Oct-Dec). Demolition/Site Preparation Kick-Off 3Q24 (Sep). Construction Kick-Off 4Q24 (Nov). Project Completion 1Q26 (Feb).,3612430,3508447,Regent Cold Storage,7-Oct-24,A,21-Aug-25,Refrigerated Warehousing & Storage,https://www.industrialinfo.com/dash/project_report.jsp?PROJECT_ID=301014580,0,High (81-99%)
Food & Beverage," $8,000,000 ",USD,15-Aug-24,EARLIMART ALMOND PROCESSOR PLANT PHASE III EXPANSION,Plant Expansion,Salted & Roasted Nuts & Seeds,"Nuts, dehydrated or dried-mfg",Treehouse California Almonds,Operational,Salted & Roasted Nuts & Seeds,Earlimart Almond Processor,Treehouse California Almonds,6914 Road 160,Earlimart,CA,California,U.S.A.,932199627,+1 5597575020,-119.214283,35.914605,CA*06,West Coast U.S.A.,Tulare,Project Justification,9/15/2454,,9/15/2454,9/17/2454,9/17/2454,12/23/2454,31-Mar-27,YEAR,"Treehouse California Almonds with GMA Engineering and Beckenhauer Incorporated (GC) has begun Project Justification for Almond Processor Plant Phase III Expansion. DETAILS: At Existing Multi-Building (300,000 sqft) Almond Processing & Storage Campus, Construct new (162,000 sqft) Storage Warehouse  plus Install Associated Equipment. REQUIRES: Site Preparation, Foundation, Building, Heavy Load Flooring, Insulated Wall Panels, Docks/Doors, Equipment Pads & Settings, Steel Fabrication, Refrigeration System, Storage Racks, Air Flow & Temperature Controlled Systems, Receiving & Handling Equipment, Hopper, Feeder, Conveyors, Washer, Sorter, Grader, Filling, Case Packers, Palletizer, Metal Detectors & Inspection Systems,  Automated Systems & Robotics, Motor, Pumps, Heat Exchanger, Compressors (Air), Material Handling & Packaging Equipment, Inventory Management & Fire Protection Systems, Condensers, Process Controls (PLC), Utilities & Tie-Ins plus Electrical Distribution. ENVIRONMENTAL: (A) Vent, Exhaust System, Ducting; (L) Spill Containment, Drains.","Treehouse California Almonds with GMA Engineering and Beckenhauer Incorporated continues Project Justification for Almond Processor Plant Phase III Expansion and anticipates Final AFE Approval by 4Q25 (Dec). Subject to Finals Approval, Treehouse California Almonds awards G/C and releases RFQs and Bid Documents 2Q26 (Apr-Jun). Construction Kick-Off 2Q26 (Jun). Project Completion 1Q27 (Mar).",3189555,3167709,Treehouse California Almonds,15-Aug-24,A,20-Aug-25,Almonds,https://www.industrialinfo.com/dash/project_report.jsp?PROJECT_ID=301000828,2,Medium (70-80%)
Food & Beverage," $10,000,000 ",USD,15-Aug-25,SAINT HELENA WINERY EXPANSION,Plant Expansion,"Wines, Brandy & Brandy Spirits",Wines-mfg,Spring Mountain Vineyard,Operational,"Wines, Brandy & Brandy Spirits",Spring Mountain Wine Production Facility,MGG Investment Group,2805 Spring Mountain Road,Saint Helena,CA,California,U.S.A.,94574,+1 7079674186,-122.48975,38.5064,CA*03,West Coast U.S.A.,Napa,Preliminary Design,6/14/2454,,6/13/2454,9/12/2454,9/15/2454,9/19/2454,31-Aug-26,YEAR,"Spring Mountain Vineyard with JK & Co (Architect) has begun Preliminary Design for Wine Production Facility Expansion. DETAILS: At (255.88-Acre) Existing (48,000 Gal/yr) Winery, Construct (~27,292 sqft) Wine Production Addition (Wine Production Area: 2,324sqft, Production Facility: 16,349sqft & Accesory Usage: 8,619sqft) plus install New Water Tanks and Other Associated Equipment to Increase Production Capacity to 160,000 Gal/yr. REQUIRES: Site Preparation, Foundations, Building, Stainless Steel Fabrication, Tanks/Vessels, Ingredients Receiving & Handling Equipment, Hopper, Feeder, Presses, Crusher, Mixers, Blenders, Processing Vessels, Fermentation Tanks, Filling & Bottling Equipment, Conveyors Systems, Case Packers, Barrel Storage Racks, Fire Protection System, Temperature Controls System, Compressor (Air), Pumps, Valves, Heat Exchanger, Utilities, Process Controls (PLC), Electrical Distribution plus Mechanical Room & Offices. ENVIRONMENTAL: (A) Vent System, Ducting, Exhaust System; (L) Containment, Floor Drains; (W) Wastewater Treatment System.","Spring Mountain Vineyard with JK & Co continues Preliminary Design for Wine Production Facility Expansion through 3Q25 (Sep), and Anticipates AFE Approval 4Q25 (Nov). Upon Approval, Spring Mountain Vineyard with JK & Co awards G/C and releases Remaining RFQs and Subcontractor/Contractor/Vendor Bid Documents 4Q25 (Oct) thru 1Q26 (Jan). Construction Kick-Off 2Q26 (Apr). Project Completion 3Q26 (Aug).",3652702,3542222,Spring Mountain Vineyard,18-Aug-25,A,18-Aug-25,Wine,https://www.industrialinfo.com/dash/project_report.jsp?PROJECT_ID=301103026,0,Medium (70-80%)
Food & Beverage," $3,000,000 ",USD,28-Jun-23,LOMPOC (VINEYARD) WINE PRODUCTION FACILITY ADDITION,Plant Expansion,"Wines, Brandy & Brandy Spirits",Wines-mfg,Sebastiano Winery,Planned,"Wines, Brandy & Brandy Spirits",Lompoc Wine,Sebastiano Winery,7631 CA-246,Lompoc,CA,California,U.S.A.,93436,+1 8056887093,-120.2652,34.634476,CA*07,West Coast U.S.A.,Santa Barbara,Permitting,9/16/2454,,9/16/2454,9/17/2454,9/18/2454,12/25/2454,30-May-27,YEAR,"Sebastiano Winery/Peake Ranch Wines with Urban Planning Concepts has begun Permitting for (Vineyard) Wine Production Facility Addition. DETAILS: At Existing Vineyard Property, Demolish Existing (5,061 sqft) Structure and Construct (22,935 sqft) Wine Production Building plus Install Associated Equipment to Produce 5,000 Cases/yr. REQUIRES: Site Preparation, Foundation, Building, Equipment Pads & Settings, Ingredients Receiving & Handling Equipment, Hoppers, Feeders, Presses, Crushers, Mixers & Blenders, Processing Vessels, Barrels, Tanks, Fermentation Room, Filling & Bottling Equipment, Storage Racks, Material Handling Equipment, Pumps, Valves, Heat Exchanger, Clarifier Tank, Filters, MCC, Transfer, Compressors (Air), Utilities, Electrical Distribution, Fire Protection System & Temperature Controls System, Process Controls (PLC). ENVIRONMENTAL: (A) Vent System, Ducting, Exhaust System; (L) Containment, Floor Drains.","Sebastiano Winery/Peake Ranch Wines with Urban Planning Concepts continues Permitting for (Vineyard) Wine Production Facility Addition and anticipates AFE Submittal 2Q26 (May). Upon Final Capital and Permit Approvals, Sebastiano Winery/Peake Ranch Wines awards G/C and releases RFQs and Bid Documents for Contractors, Subcontractors and Equipment Providers 2Q26 (May-Jun). Construction Kick-Off 3Q26 (Jul). Project Completion 2Q27 (May).",3554176,3461600,Sebastiano Winery,28-Jun-23,A,18-Aug-25,Wine,https://www.industrialinfo.com/dash/project_report.jsp?PROJECT_ID=300894423,24,Medium (70-80%)
Food & Beverage," $10,000,000 ",USD,14-Aug-25,KETTLEMAN CITY PISTACHIOS PROCESSING FACILITY PHASE I EXPANSION,Plant Expansion,Crop Preparation Services for Market,Nut hulling and shelling,California Pistachios Orchards,Operational,Crop Preparation Services for Market,Kettleman City Pistachios,California Pistachios Orchards,30650 Quebec Avenue,Kettleman City,CA,California,U.S.A.,93239,+1 5598809005,-120.01199,36.05181,CA*06,West Coast U.S.A.,Kings,Permitting,6/15/2454,,9/12/2454,9/14/2454,9/15/2454,12/24/2454,1-Apr-27,YEAR,"California Pistachios Orchards with GMA Engineering has begun Permitting for Pistachios Processing Facility Phase I Expansion. DETAILS: At Existing Pistachio Processing Facility, Construct (72,000 sqft) Building Addition Plus Associated Equipment to Produce Pistachios. REQUIRES: Foundation, Building, Doors/Docks, Heavy Load Flooring, Equipment Pads, Equipment Setting, (2) Silos, Processing Lines, Feed Conveyor System, Roasters, Washers, Processing Piping, Motors, Pumps, Valves, Tanks/Vessels, Coolers, Ingredient Receiving & Handling Equipment, Automated Systems, Packaging Equipment, Dry Warehouse Space, Packaging Equipment, EV Charging Stations, Utility Tie-Ins plus Electrical Distribution. ENVIRONMENTAL: (A) Vents, Ducts; (L) Spill Containment, Floor Drains; (W) Wastewater Treatment.","California Pistachios Orchards with GMA Engineering Continues Permitting for Pistachio Processing facility Phase I Expansion and anticipates AFe Submittal 4Q25 (Dec). Upon Final Approvals, California Pistachios Orchards with GMA Engineering awards G/C and Releases RFQs & Bid Documents for Contractors, Subcontractors and Vendors 1Q26 (Jan-Mar). Construction Kick-Off 2Q26 (Apr). Project Completion 2Q27 (Apr).",3652579,3542075,California Pistachios Orchards,14-Aug-25,A,14-Aug-25,,https://www.industrialinfo.com/dash/project_report.jsp?PROJECT_ID=301102678,0,Medium (70-80%)
Food & Beverage," $800,000 ",USD,15-Aug-25,MODESTO ALMOND HULLING PLANT UPGRADES,Upgrade,Crop Preparation Services for Market,Almond hulling and shelling,Masrock Farms,Operational,Crop Preparation Services for Market,Modesto Almonds,Masrock Farms,616 North Hopper Road,Modesto,CA,California,U.S.A.,95357,+1 2095240547,-120.82839,37.64711,CA*06,West Coast U.S.A.,Stanislaus,Permitting,9/12/2454,,9/12/2454,9/13/2454,9/14/2454,9/18/2454,1-Jul-26,YEAR,"Masrock Farms has begun Permitting for Almond Hulling Plant Upgrades. DETAILS: At (38.6 Acre) Site of Existing Almond Hulling Plant, Perform Structural Modifications (5,400 sqft) Storage Building Conversion, Install new Shelling and Fumigation Systems, and Construct new (25000 sqft) Office plus Auxiliary Equipment. REQUIRES: Structural Modifications, Fumigation Equipment, Building, Insulated Wall Panels, Storage Racks, Leak Detection Equipment, Inventory Management & Fire Protection System, Utilities Tie-Ins plus Electrical Distribution. ENVIRONMENTAL: (A) Vent Exhaust System, Ducting; (L) Containment, Floor Drains.","Masrock Farms continues Permitting for Almond Hulling Plant Upgrades and Anticipates AFE Approval 1Q26 (Jan). Upon Final Approvals, Masrock Farms Releases RFQs and Bid Documents for Subcontractors 1Q26 (Jan-Feb). Construction Kick-off 1Q26 (Mar). Project Completion 3Q26 (Jul).",3652687,3542206,Masrock Farms,15-Aug-25,A,15-Aug-25,,https://www.industrialinfo.com/dash/project_report.jsp?PROJECT_ID=301102956,0,Medium (70-80%)
Food & Beverage," $5,000,000 ",USD,15-Aug-25,HANFORD BROWNFIELD PISTACHIO PLANT,Brownfield,Crop Preparation Services for Market,Nut hulling and shelling,Golden Harvest Pistachios,Planned,Crop Preparation Services for Market,Hanford Pistachios,Golden Harvest Pistachios,14662 7th Avenue,Hanford,CA,California,U.S.A.,93230,+1 5594311500,-119.58365,36.26101,CA*06,West Coast U.S.A.,Kings,Permitting,9/12/2454,,9/12/2454,9/14/2454,9/15/2454,12/21/2454,1-Jan-27,YEAR,"Golden Harvest Pistachios has begun Permitting for Brownfield Pistachios Plant. DETAILS: At Former Walnut Processing Plant, Construct (8,000 sqft) Warehouse, (18) Steel Silos Plus Associated Equipment to Produce Pistachios. REQUIRES: Structural Modifications, Site Preparation, Foundation, Building, Heavy Load Flooring, Stainless Steel Fabrication, Doors/Docks, Shelling Equipment, Roasters, Washers, Tanks/Vessels, Production Line(s), Packaging Equipment, Conveyor System, Ingredient Receiving & Handling Equipment, Automated Retrieving Systems, Blanching Machines, Peeler, Cooling Machines, Racking Systems, Utility Tie-ins Plus Electrical Distribution. ENVIRONMENTAL: (A) Ducts, Vents; (L) Floor Drains, Spill Containment.","Golden Harvest Pistachios has begun Permitting for Brownfield Pistachios Plant and anticipates Final AFE Approval 1Q26 (Jan). Subject to Final Approvals, Golden Harvest Pistachios releasesRFQs and Bid Documents for Contractors and Subcontractors 1Q26 (Jan-Mar). Construction Kick-Off 2Q26 (Apr). Project Completion 1Q27 (Jan).",3652694,3542212,Golden Harvest Pistachios,15-Aug-25,A,15-Aug-25,,https://www.industrialinfo.com/dash/project_report.jsp?PROJECT_ID=301102992,0,Medium (70-80%)
Food & Beverage," $1,300,000 ",USD,15-Aug-25,OAKVILLE VINEYARD WINERY EXPANSION,Plant Expansion,"Wines, Brandy & Brandy Spirits",Wines-mfg,Castellucci Estate Winery,Operational,"Wines, Brandy & Brandy Spirits",Oakville Vineyard and Winery,Castellucci Estate Winery,7900 Money Road,Oakville,CA,California,U.S.A.,94562,+1 4159484595,-122.39216,38.45238,CA*03,West Coast U.S.A.,Napa,Permitting,9/14/2454,,9/15/2454,9/17/2454,9/18/2454,12/27/2454,1-Jul-27,YEAR,"Castellucci Estate Winery with Applied Civil Engineering Incorporated and Signum Architecture has begun Permitting for Vineyard Winery Expansion. DETAILS: At  Existing Vineyard, Construct (11,371 sqft) Wine Production and Bottling Operation plus Associated Equipment to Produce (20,000 gallons/yr) of Wine Products. REQUIRES: Site Preparation, Foundations, Building, Stainless Steel Fabrication, Tanks/Vessels, Ingredients Receiving & Handling Equipment, Hopper, Feeder, Presses, Crusher, Mixers, Blenders, Processing Vessels, Fermentation Tanks, Filling & Bottling Equipment, Wine Cave, Tasting Room, Conveyors Systems, Case Packers, Barrel Storage Racks, Fire Protection System, Temperature Controls System, Compressor (Air), Pumps, Valves, Heat Exchanger, Utilities, Process Controls (PLC), Electrical Distribution plus Tasting Room. ENVIRONMENTAL: (A) Vent System, Ducting, Exhaust System; (L) Spill Containment, Floor Drains.","Castellucci Estate Winery with Applied Civil Engineering Incorporated and Signum Architecture has begun Permitting for Vineyard Winery Expansion and anticipates AFE Approval 1Q26 (Jan). Upon Final Approvals, Castellucci Estate Winery with Applied Civil Engineering Incorporated awards G/C plus releases RFQs and Bid Documents for Contractors, Subcontractors and Specialty Vendors 2Q26 (Apr-Jun). Construction Kick-Off 3Q26 (Jul). Project Completion 3Q27 (Jul).",3652708,3542215,Castellucci Estate Winery,15-Aug-25,A,15-Aug-25,,https://www.industrialinfo.com/dash/project_report.jsp?PROJECT_ID=301103015,0,Medium (70-80%)
Food & Beverage," $6,000,000 ",USD,14-Aug-25,KETTLEMAN CITY PISTACHIOS PROCESSING FACILITY PHASE II SILO ADDITIONS,Storage Addition,Crop Preparation Services for Market,Nut hulling and shelling,California Pistachios Orchards,Operational,Crop Preparation Services for Market,Kettleman City Pistachios,California Pistachios Orchards,30650 Quebec Avenue,Kettleman City,CA,California,U.S.A.,93239,+1 5598809005,-120.01199,36.05181,CA*06,West Coast U.S.A.,Kings,Market Analysis,1/1/2455,,3/31/2455,4/1/2455,4/2/2455,4/11/2455,31-Dec-28,YEAR,"California Pistachios Orchards with GMA Engineering has begun Market Analysis for Pistachios Processing Facility Phase II Silo Additions. DETAILS: At Existing Pistachio Processing Facility Silos, Construct (16) New Silos plus Associated Equipment to Increase Storage Capacity. REQUIRES: Equipment Pads & Settings (Concrete), Structural & Galvanized Steel, Welded Seam Construction, Storage Silos, Material Handling Equipment, Conveyor Systems, Shafts, Feeders, Sidewalls & Stiffeners, Hoppers & Supporting Equipment, Huller Upgrade, Bracing, Access Ladders/Stairs, Belts & Rollers, Fans, Controls (PLC), Motors, Drives plus Electrical Distribution. ENVIRONMENTAL: (A) Vents, Dust Collectors.","California Pistachios Orchards with GMA Engineering has begun Market Analysis for Pistachio Processing Facility Phase II Silos Addition and anticipates AFE 4Q27 (Dec) Upon Final Approvals, California Pistachios Orchards Releases RFQs & Bid Documents for Contractors and Subcontractors and Vendors 1Q28 (Jan-Feb). Construction Kick-Off 2Q28 (Mar). Project Completion 4Q28 (Dec).",3652579,3542075,California Pistachios Orchards,15-Aug-25,A,14-Aug-25,,https://www.industrialinfo.com/dash/project_report.jsp?PROJECT_ID=301102687,0,Low (0-69%)
Food & Beverage," $3,000,000 ",USD,2-Aug-24,FRESNO FRUIT (BLUEBERRY) FARM PACKING LINE ADDITION,Equipment Addition,Berry Farms,Blueberry farms,Marthedal Farms,Operational,Berry Farms,Fresno Fruit (Blueberry) Farm,Marthedal Farms,8180 South Orange Avenue,Fresno,CA,California,U.S.A.,937259517,+1 5598342844,-119.76297,36.616765,CA*06,West Coast U.S.A.,Fresno,Project Scope,9/12/2454,6/14/2454,9/12/2454,9/14/2454,9/18/2454,9/19/2454,30-Aug-26,YEAR,"Marthedal Farms has begun Developing Project Scope for Fruit (Blueberry) Farm Packing Line Addition. DETAILS: At Existing 50,000 sqft Fruit (Blueberry) Packing Farm, Construct (1) new Packing Line Addition plus Auxiliary Equipment. REQUIRES: Stainless Steel Fabrication, Former/Wrapping/Packing Machine, Sealers, Bagger Machines, Conveyor Systems, Feeders, Material Handling Equipment, Automated Systems, Servo Motors, Drives, Stands, Belts, Scales & Weighing Systems, Printers, Applicators, Labelers, Sensors, Monitoring Equipment, Operator Stations, Controls (PLC) & Tie-Ins plus Electrical Distribution.","Marthedal Farms continues Developing Project Scope for Fruit (Blueberry) Farm Packing Line Addition thru 2Q25 (May) and anticipates finalizing Scope by 3Q25 (Sep) and receiving Final AFE Approval by 1Q26 (Jan). Subject to Approval, Marthedal Farms releases RFQs and Bid Documents 1Q26 (Jan-Mar). Construction Kick-Off 3Q26 (Jul). Project Completion 3Q26 (Aug).",3183241,3162424,Marthedal Farms,5-Aug-24,A,15-Aug-25,"Blueberries, Fresh",https://www.industrialinfo.com/dash/project_report.jsp?PROJECT_ID=300998028,0,Medium (70-80%)
Food & Beverage," $85,000,000 ",USD,12-Mar-25,USA GRASSROOT SWEETENER PRODUCTION FACILITY,Grassroot,Food Preparations,"Syrups, sweetening: honey, maple syrup, sorghum-mfg",BaolingBao Biology Company,Planned,Food Preparations,USA Sweetener Plant,BaolingBao Biology Company,American Region,Acampo,CA,California,U.S.A.,95220,+86 5348918600,-121.338836,38.231387,CA*06,West Coast U.S.A.,San Joaquin,Site Study,9/12/2454,,9/12/2454,9/14/2454,9/15/2454,1/1/2455,31-Dec-27,YEAR,"BaolingBao Biology Company has began Site Study for Grassroot Sweetener Production Facility. DETAILS: At Selected Site (USA), Construct Sweetener (Erythritol) Manufacturing Facility (SQFT:Uknown) plus Install Associated Equipment. Requires: Site Preparation, Foundation, Building, Heavy Load Flooring, Docks/Doors, Stainless Steel Fabrication, Ingredients Handling and Receiving Equipment, Storage Silos, Hoppers, Processing Tanks/Vessels, Grinding/Mixing/Blending Equipment, Sterilization Equipment, CIP (Clean In Place) System, Filling Machines,  Packaging Lines, Heat Exchangers, Conveyor Systems, Utilities, Process Piping, Compressors (Air), Inventory Management System, Fire Protection Systems, Pumps, Motors, Drives, Process Controls (PLC, Pneumatics) plus Electrical Distribution. ENVIRONMENTAL: (A) Dust Control System, Vent/Exhaust System, Ducting; (L) Spill Containment, Floor Drains.","BaolingBao Biology Company continues Site Study for Grassroot Sweetener Production Facility through Site Selection and Proceeds with Detailed Design & Permitting plus anticipates receiving Final AFE Approval by 1Q26 (Jan). Subject to Final Approval, BaolingBao Biology Company awards Design-Build plus releases Equipment RFQs and Bid Documents 1Q26 (Jan-Mar). Construction Kick-Off 2Q26 (Apr). Project Completion 4Q27 (Dec).",3631223,3523721,BaolingBao Biology Company,8-May-25,A,15-Aug-25,,https://www.industrialinfo.com/dash/project_report.jsp?PROJECT_ID=301057347,3,Low (0-69%)
Food & Beverage," $2,700,000 ",USD,14-Aug-25,HANFORD NUT PROCESSOR PHASE II STORAGE ADDITION,Storage Addition,Crop Preparation Services for Market,Nut hulling and shelling,Nichols Farms,Operational,Crop Preparation Services for Market,Hanford Nut Processor,Nichols Farms,13762 1st Avenue,Hanford,CA,California,U.S.A.,93230,+1 5595846811,-119.475563,36.271199,CA*06,West Coast U.S.A.,Kings,Market Analysis,12/21/2454,,12/21/2454,12/23/2454,12/24/2454,1/1/2455,31-Dec-27,YEAR,"Nichols Farms has begun market Analysis for Nut Processor Phase II Storage Addition. DETAILS: At Existing (90MM lbs/year) Multi-Building Nut Processing Campus, Construct new (~9) Silos and Associated Equipment to Increase Storage Capacity to Process Pistachios. REQUIRES: Equipment Pads & Settings (Concrete), Structural & Galvanized Steel, Welded Seam Construction, Storage Silos, Material Handling Equipment, Conveyor Systems, Shafts, Feeders, Sidewalls & Stiffeners, Hoppers & Supporting Equipment, Huller Upgrade, Bracing, Access Ladders/Stairs, Belts & Rollers, Fans, Controls (PLC), Motors, Drives plus Electrical Distribution. ENVIRONMENTAL: (A) Vents, Dust Collectors.","Nichols Farms continues Market Analysis for Nut Processor Phase II Storage Addition and anticipates AFE Submittal 1Q27 (Jan). Upon Final Approvals, Nichols Farms awards G/C and releases RFQs and Bid Documents for Contractors and Subcontractors 1Q27 (Jan-Mar). Project Construction Kick-Off 2Q27 (Apr). Project COmpletion 4Q27 (Dec).",3189142,3167308,Nichols Farms,14-Aug-25,A,14-Aug-25,,https://www.industrialinfo.com/dash/project_report.jsp?PROJECT_ID=301102664,0,Low (0-69%)
Food & Beverage," $8,000,000 ",USD,14-Aug-25,HANFORD NUT PROCESSOR PHASE I EXPANSION,Plant Expansion,Crop Preparation Services for Market,Nut hulling and shelling,Nichols Farms,Operational,Crop Preparation Services for Market,Hanford Nut Processor,Nichols Farms,13762 1st Avenue,Hanford,CA,California,U.S.A.,93230,+1 5595846811,-119.475563,36.271199,CA*06,West Coast U.S.A.,Kings,Permitting,6/13/2454,,6/14/2454,9/12/2454,9/13/2454,9/21/2454,1-Oct-26,QUARTER,"Nichols Farms has begun Permitting for Nut Processor Phase I Plant Expansion. DETAILS: At Existing (90MM lbs/year) Multi-Building Nut Processing Campus, Construct (12,000 sqft) Processing Building addition, new Silo Dryers, Receiving Pits, Silos and Associated Equipment to Increase Capacity to Process Pistachios. REQUIRES: Building Addition, Equipment Pads & Settings, Structural & Galvanized Steel, Welded Seam Construction, (6) Silos, Receiving Pits Dryers Material Handling Equipment, Conveyor Systems, Shafts, Feeders, Sidewalls & Stiffeners, Hoppers & Supporting Equipment, Bracing, Access Ladders/Stairs, Belts & Rollers, Controls (PLC), Motors, Drives plus Electrical Distribution. ENVIRONMENTAL: (A) Vents, Dust Collectors, Ducts; (L) Spill Containment.","Nichols Farms continues Permitting for Nut Processor Phase I Expansion and anticipates AFE Submittal 4Q25 (OCt). Upon Final Approvals, Nichols Farms awards G/C and releases RFQs and Bid Documents for Contractors and Subcontractors 4Q25 (Nov) through 1Q26 (Jan). Project Construction Kick-Off 1Q26 (Feb). Project Completion 4Q26 (Oct).",3189142,3167308,Nichols Farms,14-Aug-25,A,14-Aug-25,,https://www.industrialinfo.com/dash/project_report.jsp?PROJECT_ID=301102599,0,Medium (70-80%)
Food & Beverage," $5,000,000 ",USD,1-Aug-24,SHASTA LAKE DELI MEATS (SAUSAGE) PLANT EXPANSION,Plant Expansion,Sausage & Other Prepared Meats,Pastrami-mfpm-mfg,Premiere Brand Meats Incorporated,Operational,Sausage & Other Prepared Meats,Shasta Lake Deli Meats,Premiere Brand Meats Incorporated,3555 Iron Court,Shasta Lake,CA,California,U.S.A.,960199132,+1 5302754500,-122.385389,40.658035,CA*02,West Coast U.S.A.,Shasta,Market Analysis,12/21/2454,9/22/2454,12/21/2454,12/23/2454,12/25/2454,12/30/2454,25-Oct-27,YEAR,"Premiere Brand Meats Incorporated has begun Market Analysis for Deli Meats (Sausage) Plant Expansion. DETAILS: At Existing 25,000 sqft Deli Meats (Sausage & Pastrami) Processing Plant, Perform Expansion by Constructing new Sausage Production Facility (SQFT: Unknown) Addition plus Auxiliary Equipment. REQUIRES: Site Preparation, Foundation, Building & Structural Modifications, Heavy Load Flooring, Insulated Wall Panels, Doors, Scalders, Chains, Guides, Stunners, Automated Systems, Shackles, Trolleys, Bleeding & Dressing Rails, Cutters & Unloaders, Knives, Smokehouses, Mixing/Grinding Equipment, Ingredient Vessels, Fryers, Cookers/Ovens, Meat Packing Line, Stuffers, Fillers, Conveyors, Refrigeration System (Ammonia), Material Handling Equipment, Chillers, Fire Protection & Inventory Management Systems, Compressor (Air), Washers, Hoists, Transfer Stations, Motors, Drives, Belts, Process Piping, Utilities, Process Controls (PLC, Pneumatics) plus Electrical Distribution. ENVIRONMENTAL: (A) Vent Exhaust System, Ducting; (L) Spill Containment, Floor Drains.","Premiere Brand Meats Incorporated continues Market Analysis for Deli Meats (Sausage) Plant Expansion thru 1Q25 (Mar) and anticipates finalizing Scope by 3Q26 (Aug) and receiving Final AFE Approval by 1Q27 (Jan). Subject to Approval, Premiere Brand Meats Incorporated releases RFQs and Bid Documents 1Q27 (Jan-Mar). Construction Kick-Off 2Q27 (May). Project Completion 4Q27 (Oct).",1036795,1057010,Premiere Brand Meats Incorporated,4-Aug-24,A,14-Aug-25,Sausages And Similar Products,https://www.industrialinfo.com/dash/project_report.jsp?PROJECT_ID=300997848,0,Low (0-69%)
Food & Beverage," $1,500,000 ",USD,31-Jul-24,EXETER BAKERY PLANT LAMINATION LINE REPLACEMENT,Replacement,"Bread & Bakery Products, Except Cookies & Crackers","Bakery products, fresh: bread, cakes, doughnuts, and pastries-mfg",Central California Baking Company,Operational,"Bread & Bakery Products, Except Cookies & Crackers",Exeter Bakery,Central California Baking Company,701 Industrial Drive,Exeter,CA,California,U.S.A.,932212102,+1 5595922244,-119.139219,36.284332,CA*06,West Coast U.S.A.,Tulare,Project Scope,9/12/2454,6/14/2454,9/12/2454,9/14/2454,9/18/2454,9/19/2454,30-Aug-26,YEAR,"Central California Baking Company has begun Developing Project Scope for Lamination Line Replacement. DETAILS: At Existing 260,000 sqft Bakery Manufacturing Plant, Perform Upgrade to Plant by Replacing (1) old Lamination Line (3-4 Laminating Machines) plus Auxiliary Equipment. REQUIRES: Lamination Line Removal/Disassembly, Stainless Steel Fabrication, Laminating Machines, Automated Systems, Modifications to Packaging Line, Cutters, Stacker Machines, Material Handling Equipment, Conveyors Systems, Pneumatics, Rollers, Hoppers, Weighers, Operator Interfaces, Motors, Servo Drives, Inspection & Monitoring Equipment, Motors, Drives, Controls (PLC) & Tie-Ins plus Electrical Distribution.","Central California Baking Company continues Developing Project Scope for Bakery Plant Lamination Line Replacement thru 3Q25 (Jul) and anticipates finalizing Scope by 3Q25 (Sep) and receiving Final AFE Approval by 1Q26 (Jan). Subject to Final Corporate Approval, Central California Baking Company releases RFQs and Bid Documents 1Q26 (Jan-Mar). Construction Kick-Off 3Q26 (Jul). Project Completion 3Q26 (Aug).",1083125,1105856,Central California Baking Company,4-Aug-24,A,14-Aug-25,"Bread, Pastry, Cakes, Biscuits And Similar Baked Products",https://www.industrialinfo.com/dash/project_report.jsp?PROJECT_ID=300997579,0,Low (0-69%)
Food & Beverage," $2,500,000 ",USD,14-Aug-25,SANTA MARIA FROZEN FOODS PLANT CASE ERECTOR REPLACEMENTS,Replacement,"Frozen Fruits, Fruit Juices & Vegetables","Fruits, quick frozen and coldpack (frozen)-mfg",The Pictsweet Company,Operational,"Frozen Fruits, Fruit Juices & Vegetables",Santa Maria Frozen Foods,The Pictsweet Company,732 South Hanson Way,Santa Maria,CA,California,U.S.A.,934589710,+1 8059284414,-120.459055,34.945385,CA*07,West Coast U.S.A.,Santa Barbara,Market Analysis,12/21/2454,9/22/2454,12/21/2454,12/23/2454,12/27/2454,12/28/2454,31-Aug-27,YEAR,"The Pictsweet Company has begun Market Analysis for Frozen Foods Plant Case Erector Replacements. DETAILS: At Existing 205,000 sqft Frozen Foods Manufacturing Plant, Perform Packaging Upgrade to Plant by Replacing (2) old Case Erector Machines plus Auxiliary Equipment. REQUIRES: Case Erector Machines Removal/Disassembly, Stainless Steel Fabrication, Case Erector Machines, Mounting Frames, Robotics, Arms, Pneumatics, Automated Systems, Material Handling & Packaging Equipment, Wrappers, Controllers, Staging Equipment, Air Lines, Speed Reducers, Motors, Servo Drives, Grippers, Wrists, Operator Stations, Interface Panels, Cables, Input/Output Devices, Monitoring System, Relays, Controls (PLC & Cabinet) plus Electrical Distribution.","The Pictsweet Company continues Market Analysis for  Frozen Foods Plant Case Erector Replacements thru 2Q25 (Jun) and anticipates finalizing Scope by 3Q26 (Sep) and receiving Final AFE Approval by 1Q27 (Jan). Subject  to Approval, The Pictsweet Company releases RFQs and Bid Documents 1Q27 (Jan-Mar). Construction Kick-Off 3Q27 (Jul). Project Completion 3Q27 (Aug).",1025808,1023035,The Pictsweet Company,14-Aug-25,A,14-Aug-25,Fruit Or Vegetable Juices,https://www.industrialinfo.com/dash/project_report.jsp?PROJECT_ID=301102567,0,Low (0-69%)
Food & Beverage," $6,000,000 ",USD,26-Jul-24,"PASO ROBLES ""THE LANDING"" WINERY EXPANSION",Plant Expansion,"Wines, Brandy & Brandy Spirits",Wines-mfg,Majestic Realty Company,Planned,Refrigerated Warehousing & Storage,Paso Robles Cold Storage,Majestic Realty Company,4545 Airport Road,Paso Robles,CA,California,U.S.A.,93446,+1 5626929581,-120.64374,35.66525,CA*07,West Coast U.S.A.,San Luis Obispo,Market Analysis,9/21/2454,,9/22/2454,9/23/2454,12/21/2454,12/28/2454,1-Aug-27,YEAR,"Majestic Realty Company with MG2 Design and Commerce Construction Company LP (Subsidiary of Majestic Realty) has begun Permitting for ""The Landing"" Winery Expansion. DETAILS: At 140-Acre Redevelopment Site of Former ""Boy's School"", Construct (16,500 sqft) Wine Production Facility plus Install Associated Equipment to Produce Wine. REQUIRES: Foundation, Building, Heavy Load Flooring, Equipment Pads & Settings, Stainless Steel Fabrication, Ingredients Receiving & Handling Equipment, Hopper, Feeder, Presses, Crusher, Mixers & Blenders, Processing Vessels, Fermentation Tanks, Barrels Storage, Filling & Bottling Equipment, Conveyors & Automated System, Case Packers, Storage Racks, Material Handling Equipment, Fire Protection System & Temperature Controls System, Pumps, Valves, Heat Exchanger, Utilities, Electrical Distribution, Process Controls (PLC) plus Tasting Room and Office Space. ENVIRONMENTAL: (A) Vent System, Ducting, Exhaust System; (L) Containment, Floor Drains.","Majestic Realty Company with MG2 Design and Commerce Construction Company LP (Subsidiary of Majestic Realty) continues market Analysis for ""The Landing"" Winery Expansion and anticipates AFE Approval 4Q26 (Oct). Upon Final Approvals, Majestic Realty Company with Commerce Construction Company LP releases RFQs and Bid Documents for Contractors and Subcontractors as needed 4Q26 (Nov-Dec). Construction Kick-Off 1Q27 (Jan). Project Completion 3Q27 (Aug).",3604058,1068692,Majestic Realty Company,26-Jul-24,A,12-Aug-25,Wine,https://www.industrialinfo.com/dash/project_report.jsp?PROJECT_ID=300995937,0,Low (0-69%)
Food & Beverage," $8,000,000 ",USD,12-Jul-23,"WINDSOR BROWNFIELD ""SARALEE VINEYARD"" WINERY",Brownfield,"Wines, Brandy & Brandy Spirits",Wines-mfg,Jackson Family Wines,Planned,"Wines, Brandy & Brandy Spirits",Windsor Winery,Jackson Family Wines,3400 Slusser Road,Windsor,CA,California,U.S.A.,95492,+1 7075444000,-122.830828,38.488847,CA*03,West Coast U.S.A.,Sonoma,Preliminary Design,9/16/2454,6/15/2454,9/16/2454,9/17/2454,9/18/2454,1/1/2455,29-Dec-27,YEAR,"Jackson Family Wines with Von Raesfeld & Associates Architects has begun Preliminary Design for Brownfield ""Sarelee"" Winery. DETAILS: At 108.82-Acre Site, Construct (55,000 sqft) Winery with (47,000 sqft) Production, Fermentation and Storage Areas plus Install Associated equipment To Produce (95,000 cases/yr) Wine. REQUIRES, Demolition, Structural Renovations, Equipment Pads & Settings, Stainless Steel Fabrication, Ingredients Receiving & Handling Equipment, Hopper, Feeder, Presses, Crusher, Mixers & Blenders, Processing Vessels, Fermentation Tanks, Barrels Storage, Filling & Bottling Equipment, Compressor (Air), Storage Racks, Material Handling Equipment, Fire Protection System & Temperature Controls System, Pumps, Valves, Heat Exchanger, Utilities, Electrical Distribution, Process Controls (PLC) plus Tasting Room. ENVIRONMENTAL: (A) Dust Collection, Vent System, Ducting, Exhaust System; (L) Spill Containment, Floor Drains.","Jackson Family Wines with Von Raesfeld & Associates Architects continues Preliminary Design for Brownfield ""Saralee Vineyard"" Winery and anticipates AFE 2Q26 (May). Upon Final Capital Approval, Jackson Family Wines with Von Raesfeld & Associates Architects awards G/C and releases RFQs and Subcontractor/Contractor/Vendor Bid Documents 1Q26 (May-Jun). Construction Kick-Off 3Q26 (Jul). Project Completion 4Q27 (Dec).",3555553,1025661,Jackson Family Wines,12-Jul-23,A,11-Aug-25,Wine,https://www.industrialinfo.com/dash/project_report.jsp?PROJECT_ID=300897337,26,Low (0-69%)
Food & Beverage," $4,000,000 ",USD,25-Jul-24,CALISTOGA WINERY EXPANSION,Plant Expansion,"Wines, Brandy & Brandy Spirits",Wines-mfg,Eisele Vineyard,Operational,"Wines, Brandy & Brandy Spirits",Calistoga Winery,Eisele Vineyard,2155 Pickett Road,Calistoga,CA,California,U.S.A.,94515,+1 7079426061,-122.55448,38.58447,CA*03,West Coast U.S.A.,Napa,Permitting,6/13/2454,3/4/2454,6/13/2454,6/14/2454,6/14/2454,9/13/2454,27-Feb-26,QUARTER,"Eisele Vineyard with Marmol Radziner has begun Permitting for Winery Expansion. DETAILS: At Existing Wine Vineyard with (4,714 sqft, 20,000 gal/yr) Wine Production Building, Construct (7,400 sqft) Wine Production Facility Expansion plus Install Associated Equipment to Increase Wine Production to (30,000 gal/yr). REQUIRES: Excavation, Foundation, Building, Heavy Load Flooring, Equipment Pads & Settings, Stainless Steel Fabrication, Ingredients Receiving & Handling Equipment, Hopper, Feeder, Presses, Crusher, Mixers & Blenders, Processing Vessels, Fermentation Tanks, Barrels Storage, Filling & Bottling Equipment, Conveyors & Automated System, Case Packers, Storage Racks, Material Handling Equipment, Fire Protection System & Temperature Controls System, Pumps, Valves, Heat Exchanger, Utilities, Electrical Distribution, Process Controls (PLC) plus Tasting Room and Office Space. ENVIRONMENTAL: (A) Vent System, Ducting, Exhaust System; (L) Containment, Floor Drains.","Eisele Vineyard with Marmol Radziner Continues Permitting Thru 3Q24 (Sep) for Winery Expansion and anticipates AFE Submittal 4Q25 (Oct). Upon Final Approvals, Eisele Vineyard awards G/C and releases RFQs and Bid Documents for Contractors/Subcontractors & Equipment Providers 4Q25 (Oct-Nov). Construction Kick-Off 4Q25 (Nov). Project Completion 1Q26 (Feb).",3603859,3500649,Eisele Vineyard,26-Jul-24,A,11-Aug-25,Wine,https://www.industrialinfo.com/dash/project_report.jsp?PROJECT_ID=300995504,6,Medium (70-80%)
Food & Beverage," $28,000,000 ",USD,1-Nov-24,SANTA ANA COOKIES AND CRACKERS PRODUCTION PLANT UPGRADES,Upgrade,Cookies & Crackers,"Cones, ice cream-mfg",Meiji America Incorporated,Operational,Cookies & Crackers,Santa Ana Cookies and Crackers,Meiji Holdings Company Limited,4041 West Garry Avenue,Santa Ana,CA,California,U.S.A.,927046315,+1 7145466855,-117.925082,33.706366,CA*08,West Coast U.S.A.,Orange,Construction - Merit Shop,6/9/2454,,6/7/2454,6/9/2454,6/9/2454,9/14/2454,30-Mar-26,YEAR,"Meiji America Incorporated (As Own G/C) has begun Construction for Cookies and Crackers Production Plant Upgrades. DETAILS: At Existing (200,000 sqft) Cookies and Crackers Production Plant, Perform Structural Renovations plus Install New Production Equipment and Systems with Auxilairy Equipment to Increase Production Capacity (Hello Panda Snack). REQUIRES: Structural Renovations, Ingredients Receiving & Storage Equipment, Processing Vessels, Mixing & Blending Silos, Storage Tanks, Molders, Rollers, Rounders/Dividers, Dryers, Process Piping, Ovens, Coolers, Filling and Packaging Equipment, Scales, Conveyor Systems, Motors, Pumps plus Process Controls (PLC). ENVIRONMENTAL: (A) Ventilation, Exhaust System, Hoods; (L) Spill Containment.","Meiji America Incorporated (As Own G/C) Continues Construction for Cookies and Crackers Production Plant Upgrades through Project Justification plus anticipates AFE Approval 2Q25 (Jun). Upon Final Approvals, Meiji America releases RFQs and Bid Documents for Subcontractors/Contractors & Specialty Vendors 2Q25 (Apr-Jun). Project Kick-Off 2Q25 (Jun). Project Completion 1Q26 (Mar).",1056180,3478114,Meiji America Incorporated,4-Nov-24,A,8-Aug-25,"Bread, Pastry, Cakes, Biscuits And Similar Baked Products",https://www.industrialinfo.com/dash/project_report.jsp?PROJECT_ID=301022228,1,High (81-99%)
Food & Beverage," $2,500,000 ",USD,7-Sep-23,PASO ROBLES (PATRIMONY) WINERY PHASE II EXPANSION,Plant Expansion,"Wines, Brandy & Brandy Spirits",Wines-mfg,Daou Vineyards LLC,Planned,"Wines, Brandy & Brandy Spirits",Paso Robles (Patrimony) Winery,Daou Vineyards LLC,4270 Adelaida Road,Paso Robles,CA,California,U.S.A.,93446,+1 8052265460,-120.76978,35.66472,CA*07,West Coast U.S.A.,San Luis Obispo,Economic Evaluation,9/16/2454,,9/18/2454,9/20/2454,12/21/2454,12/30/2454,31-Oct-27,YEAR,"Daou Vineyards LLC with Studio 2G Architects has begun Economic Evaluation for (Patrimony) Winery Phase II Expansion. DETAILS: At (160-Acre) Winery, Construct (6,925 sqft; Two-Story) Barrel Storage Warehouse and new Production Line Plus Install Associated Equipment to Expand Production (15,000 Cases/year). REQUIRES: Site Preparation, Foundations, Building, Stainless Steel Fabrication, Tanks/Vessels, Ingredients Receiving & Handling Equipment, Hopper, Feeder, Presses, Crusher, Mixers, Blenders, Processing Vessels, Fermentation Tanks, Filling & Bottling Equipment, Conveyors Systems, Case Packers, Barrel Storage Racks, Fire Protection System, Temperature Controls System, Compressor (Air), Pumps, Valves, Heat Exchanger, Utilities, Process Controls (PLC), Electrical Distribution plus Mechanical Room & Offices. ENVIRONMENTAL: (A) Vent System, Ducting, Exhaust System; (L) Containment, Floor Drains.","Daou Vineyards LLC with Studio 2G Architects has begun Economic Evaluation for (Patrimony) Winery and anticipates receiving AFE Approval 2Q26 (May). Upon Approval, Daou Vineyards LLC with Studio 2G Architects awards G/C and releases RFQs and Subcontractor/Contractor/Vendor Bid Documents 3Q25 (Jul-Sep). Construction Kick-Off 1Q27 (Jan). Project Completion 4Q27 (Oct).",3562017,1112741,Daou Vineyards LLC,7-Sep-23,A,6-Aug-25,Wine,https://www.industrialinfo.com/dash/project_report.jsp?PROJECT_ID=300911766,17,Low (0-69%)
Food & Beverage," $4,500,000 ",USD,7-Sep-23,PASO ROBLES GRASSROOT (PATRIMONY) WINERY,Grassroot,"Wines, Brandy & Brandy Spirits",Wines-mfg,Daou Vineyards LLC,Planned,"Wines, Brandy & Brandy Spirits",Paso Robles (Patrimony) Winery,Daou Vineyards LLC,4270 Adelaida Road,Paso Robles,CA,California,U.S.A.,93446,+1 8052265460,-120.76978,35.66472,CA*07,West Coast U.S.A.,San Luis Obispo,Economic Evaluation,6/14/2454,,6/13/2454,6/15/2454,9/12/2454,9/23/2454,31-Dec-26,QUARTER,"Daou Vineyards LLC with Studio 2G Architects has begun Detailed Design for Grassroot (Patrimony) Winery. DETAILS: At (160-Acre) Site, Construct (14,866 sqft) Barrel Winery, 12,440 square-foot Subterranean Wine Cave Plus Install Associated Equipment to Produce (10,000 Cases/year). REQUIRES: Site Preparation, Foundations, Building, Stainless Steel Fabrication, Tanks/Vessels, Ingredients Receiving & Handling Equipment, Hopper, Feeder, Presses, Crusher, Mixers, Blenders, Processing Vessels, Fermentation Tanks, Filling & Bottling Equipment, Conveyors Systems, Case Packers, Barrel Storage Racks, Fire Protection System, Temperature Controls System, Compressor (Air), Pumps, Valves, Heat Exchanger, Utilities, Process Controls (PLC), Electrical Distribution plus Mechanical Room & Offices. ENVIRONMENTAL: (A) Vent System, Ducting, Exhaust System; (L) Containment, Floor Drains, (W) Wastewater Treatment.","Daou Vineyards LLC with Studio 2G Architects has begun Detailed Design for Grassroot (Patrimony) Winery and anticipates receiving AFE Approval 4Q25 (Nov). Upon Approval, Daou Vineyards LLC with Studio 2G Architects awards G/C and releases RFQs and Subcontractor/Contractor/Vendor Bid Documents 4Q25 (Oct-Dec). Construction Kick-Off 1Q26 (Jan). Project Completion 4Q26 (Dec).",3562017,1112741,Daou Vineyards LLC,7-Sep-23,A,6-Aug-25,Wine,https://www.industrialinfo.com/dash/project_report.jsp?PROJECT_ID=300911743,11,Low (0-69%)
Food & Beverage," $65,000,000 ",USD,15-Mar-24,AMERICAN CANYON GRASSROOT STORAGE WAREHOUSING FACILITY (PHASE I-BLDG A),Grassroot,General Warehousing & Storage,General warehousing and storage,Buzz Oates Development,Planned,General Warehousing & Storage,American Canyon Warehouse,Buzz Oates Development,300 Green Island Road,American Canyon,CA,California,U.S.A.,94503,+1 9163793800,-122.2601733,38.196491,CA*03,West Coast U.S.A.,Napa,Site Preparation,6/8/2454,,6/7/2454,6/8/2454,6/13/2454,9/23/2454,31-Dec-26,YEAR,"Buzz Oates Development (Owner/Developer & Design-Build) with RMW Architecture & Interiors (Architect) has begun Site Preparations for Grassroot Storage Warehousing Facility. DETAILS: At Planned Giovannoni Logistics Center (208-Acre; 2.4MM sqft & 6 Buildings; TIV:$400M), As Part of Phase I, Construct Building-A (627,976 sqft; 36'H) plus Install Associated Equipment. REQUIRES: Site Preparation, Foundation, Building (Tilt-up Concrete), Heavy Load Flooring, Docks/Doors, Temperature Controlled Systems, Fans, Motors, Drives, ESFR Sprinkler Systems, Utilities, Lighting, Charging Stations, Mechanical Room, Electrical Distribution plus Office Areas. ENVIRONMENTAL: (A) Vent, Ducting; (L) Floor Drains, Spill Containment.","Buzz Oates Development with RMW Architecture & Interiors continues Site Preparations for Grassroot Storage Warehousing Facility and Proceeds with Detailed Design through Permitting plus anticipates Final AFE Approval 2Q25 (May). Upon Approval, Buzz Oates releases RFQs and Bid Documents for Subcontractors/Contractors 2Q25 (Apr-Jun). Construction Kick-Off 4Q25 (Oct). Construction Completion 4Q26 (Dec).",3586157,1081492,Buzz Oates Development,15-Mar-24,A,6-Aug-25,Special Warehousing & Storage,https://www.industrialinfo.com/dash/project_report.jsp?PROJECT_ID=300960921,12,High (81-99%)
Food & Beverage," $30,000,000 ",USD,6-Jan-23,TRACY GRASSROOT SPECULATIVE WAREHOUSE BUILDING,Grassroot,General Warehousing & Storage,General warehousing and storage,Seefried Industrial Properties Incorporated,Planned,General Warehousing & Storage,Tracy Warehouse,Seefried Industrial Properties Incorporated,1651 E Grant Line Road,Tracy,CA,California,U.S.A.,95304,+1 4042330204,-121.39981,37.75609,CA*06,West Coast U.S.A.,San Joaquin,Owner Review of Issue,6/13/2454,,6/13/2454,6/15/2454,9/12/2454,9/23/2454,31-Dec-26,YEAR,"Seefried Industrial Properties Incorporated with USAA Real Estate Company (Capital Partner), HPA Architecture (Architect) and Kier & Wright (Civil Engineer) has begun Owner Review of Issue for Grassroot Speculative Warehouse Building. DETAILS: At Acquired (19-Acre) Grassroot Site, Construct (335,157 sqft & 36'H) Speculative Warehouse Building plus Install Associated Equipment. REQUIRES: Site Preparation, Foundations, Building, Heavy Load Flooring, Docks/Doors, Temperature Controlled Systems, Fans, Motors, Drives, ESFR Sprinkler Systems, LED Lighting, Utilities, Lighting, Mechanical Room, Charging Stations, Electrical Distribution plus Office Area. ENVIRONMENTAL: (A) Vent, Ducting; (L) Floor Drains, Spill Containment.","Seefried Industrial Properties Incorporated with USAA Real Estate Company, HPA Architecture and Kier & Wright continues Owner Review of Issue for Grassroot Speculative Warehouse Building through Permitting plus anticipates AFE Approval 4Q25 (Oct). Upon Approval, Seefried Industrial Properties awards G/C plus Releases RFQs and Bid Documents for Subcontractors/Contractors 4Q25 (Oct-Dec). Construction Kick-Off 1Q26 (Jan). Project Completion 4Q26 (Dec).",3534948,3077837,Seefried Industrial Properties Incorporated,6-Jan-23,A,6-Aug-25,General Warehousing & Storage,https://www.industrialinfo.com/dash/project_report.jsp?PROJECT_ID=300849814,28,Low (0-69%)
Food & Beverage," $5,000,000 ",USD,21-Feb-25,LOS BANOS SAUCES PLANT PRODUCTION LINE EXPANSION,Plant Expansion,"Pickled Fruits & Vegetables, Salad Dressings, Vegetable Sauces & Seasonings","Seasonings (prepared sauces), vegetable: except tomato and dry-mfg",Kagome Incorporated,Operational,"Pickled Fruits & Vegetables, Salad Dressings, Vegetable Sauces & Seasonings",Los Banos Sauces,Kagome Incorporated,333 Johnson Road,Los Banos,CA,California,U.S.A.,936359768,+1 2098268850,-120.862212,37.071717,CA*06,West Coast U.S.A.,Merced,Construction - Merit Shop,6/8/2454,6/7/2454,6/8/2454,6/10/2454,6/11/2454,6/14/2454,30-Nov-25,QUARTER,"Kagome has begun Construction for Sauces Plant Production Line Expansion. DETAILS: At existing 230,000 sqft Sauces Manufacturing Plant, Perform Expansion to (1) Existing Production Line plus Auxiliary Equipment. REQUIRES: Production Line Removal/Disassembly, Stainless Steel Fabrication, Modifications to Production Line, Ingredient Receiving & Handling Equipment, Feeders, Processing Vessels, Flavoring & Seasoning Equipment, Cooker, Oven, Freezer/Cooler, Mixers, Sealers, Labelers, Aseptic Processing Equipment, Conveyors Systems, Robotics, Automated Systems, Material Handling Equipment, Ammonia Refrigeration System, Fillers, Belts, Motors, Drives, Tables, Stands, CIP (Clean-In-Place) System, Process Controls (PLC, Pneumatics) & Tie-Ins plus Electrical Distribution. ENVIRONMENTAL: (A) Dust Control System; (L) Spill Containment.","Kagome continues Construction for Sauces Plant Production Line Expansion thru 1Q25 (Feb) and anticipates finalizing Scope by 1Q25 (Mar) and receiving Final AFE Approval by 2Q25 (May). Subject to Approval, Kagome releases RFQs and Bid Documents 2Q25 (May) thru 3Q25 (Jul). Construction Kick-Off 3Q25 (Aug). Project Completion 4Q25 (Nov).",1011314,1020101,Kagome Incorporated,21-Feb-25,A,6-Aug-25,"Sauces And Preparations Therefor, Nesoi",https://www.industrialinfo.com/dash/project_report.jsp?PROJECT_ID=301051966,-4,High (81-99%)
Food & Beverage," $5,000,000 ",USD,20-Jul-23,DENAIR NUT OIL PRODUCTION PLANT EXPANSION,Plant Expansion,"Vegetable Oil Mills, Except Corn, Cottonseed & Soybean",Walnut oil-mfg,Caloy Company,Operational,"Vegetable Oil Mills, Except Corn, Cottonseed & Soybean",Denair Nut Oil,Caloy Company,5425 North Montpelier Road,Denair,CA,California,U.S.A.,953169661,+1 2098743381,-120.70509,37.542781,CA*06,West Coast U.S.A.,Stanislaus,Owner Review of Issue,6/13/2454,,9/12/2454,9/14/2454,9/16/2454,9/23/2454,31-Dec-26,QUARTER,"Caloy Company with Yoshino-Shaw Architects and MVE Civil Solutions has begun Owner Review of Issue (Site Acquisition) for Nut Oil Production Plant Expansion. DETAILS: At Existing (50,000 sqft) Nut Processing Facility, Construct (50,000 sqft) Building Additions with (25,000 sqft) Cold Storage, Bottling, and Office plus Install Associated Equipment to Store and Bottle Walnut and Almond Oils. REQUIRES: Building, Heavy Load Flooring, Equipment Pads & Setting, Silos, Extruders, Conveyor Systems,  Storage & Processing Tanks/Vessels, Press Equipment, Case Packers, Compressor (Air), Air Flow & Temperature Controlled System, Ammonia Refrigeration System, Storage Racks, Heat Exchangers, Material Handling & Packaging Equipment, MCC, Process Controls (PLC) & Tie-Ins plus Electrical Distribution. ENVIRONMENTAL: (A) Dust Collection, Baghouse, Vent Exhaust, Ducting; (L) Spill Containment, Floor Drains.","Caloy Company with Yoshino-Shaw Architects and MVE Civil Solutions continues Owner Review of Issue for Nut Oil Production Plant Expansion and anticipates AFE Submittal 4Q25 (Oct). Upon Final Approvals, Caloy Company awards G/C and releases RFQs and Bid Documents for Contractors and Subcontractors 1Q26 (Jan-Mar). Construction Kick-Off 2Q26 (May). Project Completion 4Q26 (Dec).",3556635,3463752,Caloy Company,20-Jul-23,A,6-Aug-25,"Animal And Vegetable Fats And Oils And Their Fractions, Edible, Nesoi, Except Those Of Heading 1516",https://www.industrialinfo.com/dash/project_report.jsp?PROJECT_ID=300899635,26,Low (0-69%)
Food & Beverage," $20,000,000 ",USD,20-Mar-25,DINUBA FROZEN FOODS PLANT EXPANSION,Plant Expansion,Frozen Specialties,"Dinners, frozen: packaged-mfg",Ruiz Foods Incorporated,Operational,Frozen Specialties,Dinuba Frozen Foods,Ruiz Foods Incorporated,501 South Alta Avenue,Dinuba,CA,California,U.S.A.,936182100,+1 5595915510,-119.399558,36.539017,CA*06,West Coast U.S.A.,Tulare,Market Analysis,9/18/2454,,9/21/2454,9/23/2454,12/21/2454,1/1/2455,31-Dec-27,MONTH,"Ruiz Foods Incorporated has begun Market Analysis for Frozen Foods Plant Expansion. DETAILS: At Existing (280,700 sq.ft) Frozen Mexican Food Manufacturing Plant, Perform Expansion by Constructing new Frozen Foods Production Facility (SQFT: Unknown) Addition plus Auxiliary Equipment. REQUIRES: Site Preparation, Foundations, Structural Modifications, Building, Heavy Load Flooring, Insulated Wall Panels, Doors, Stainless Steel Fabrication, Raw Ingredient Handling Systems, Cookers, Loading Equipment, Mixers, Grinders, Vessels/Tanks, Separators, (Ammonia) Refrigeration System, Heat Exchangers, Kettles, Fillers, Cutters, Pumps, Material Handling Equipment, Conveyor Systems, Hoppers, Cooler/Freezer, Motors, Drives, Compressor (Air), Inventory Management & Fire Protection System, Belts, Chains, Tables, Process Controls (PLC, Pneumatics) & Tie-Ins plus Electrical Distribution. ENVIRONMENTAL: (A) Ventilation, Ducting; (L) Spill Containment, Floor Drains.","Ruiz Foods Incorporated continues Market Analysis for Frozen Foods Plant Expansion thru 1Q25 (Mar) and anticipates receiving final AFE Approval by 3Q26 (Jul). Subject to Approval, Ruiz Foods Incorporated releases RFQs and Bid Documents 4Q26 (Oct-Dec). Construction Kick-Off 1Q27 (Jan). Project Completion 4Q27 (Dec).",1011262,1019995,Ruiz Foods Incorporated,21-Mar-25,A,5-Aug-25,,https://www.industrialinfo.com/dash/project_report.jsp?PROJECT_ID=301059816,0,Low (0-69%)
Food & Beverage," $3,000,000 ",USD,31-Jul-25,NAPA GRASSROOT WINERY,Grassroot,"Wines, Brandy & Brandy Spirits",Neutral fruit spirits and neutral brandy-mfg,P & M Vineyards,Planned,"Wines, Brandy & Brandy Spirits",Napa Winery,P & M Vineyards,1300 Mount Veeder Road,Napa,CA,California,U.S.A.,94559,+1 4169873344,-122.37407,38.34371,CA*03,West Coast U.S.A.,Napa,Owner Review of Issue,9/15/2454,,9/18/2454,9/20/2454,9/20/2454,12/27/2454,1-Jul-27,YEAR,"P & M Vineyards (aka The Winery at Mount Veeder) with RSA+ Civil has begun Owner Review of Issue for Grassroot Winery. DETAILS: At (114.87-Acre) Site, Construct New 13,754 Sqft Winery (including Wine Cave and Covered Crush Pad/Bottling Area) for Wine Production (25,000 Gal/yr). REQUIRES: Site Preparation, Foundations, Building, Stainless Steel Fabrication, Tanks/Vessels, Ingredients Receiving & Handling Equipment, Hopper, Feeder, Presses, Crusher, Mixers, Blenders, Processing Vessels, Fermentation Tanks, Filling & Bottling Equipment, Wine Cave, Tasting Room, Conveyors Systems, Case Packers, Barrel Storage Racks, Fire Protection System, Wastewater Treatment system (w/ 10,000/g Storage Tank),Temperature Controls System, Compressor (Air), Pumps, Valves, Heat Exchanger, Utilities, Process Controls (PLC), Electrical Distribution plus Tasting Room. ENVIRONMENTAL: (A) Vent System, Ducting, Exhaust System; (L) Spill Containment, Floor Drains; (W) Wastewater Treatment.","P & M Vineyards (aka The Winery at Mount Veeder) with RSA+ Civil has begun Owner Review of Issue for Grassroot Winery and anticipates Final AFE Approval 2Q26 (Apr). Upon Final Approvals, Vineyard House Winery awards G/C plus releases RFQs and Bid Documents for Contractors/Subcontractors and Specialty Vendors 4Q25 (Oct-Dec). Construction Kick-Off 3Q26 (Sep). Project Completion 3Q27 (Jul).",3650832,3540393,P & M Vineyards,31-Jul-25,A,31-Jul-25,,https://www.industrialinfo.com/dash/project_report.jsp?PROJECT_ID=301099101,0,Medium (70-80%)
Food & Beverage," $20,000,000 ",USD,31-Jul-25,LOS BANOS TOMATO PROCESSING PLANT WAREHOUSE ADDITION,Plant Expansion,"Canned Fruits, Vegetables, Preserves, Jams & Jellies",Canned fruits and vegetables-mfg,The Morning Star Company,Operational,"Canned Fruits, Vegetables, Preserves, Jams & Jellies",Los Banos Tomato,The Morning Star Company,13448 Volta Road,Los Banos,CA,California,U.S.A.,936359785,+1 2098268000,-120.920574,37.093357,CA*06,West Coast U.S.A.,Merced,Permitting,9/20/2454,,9/21/2454,9/23/2454,12/21/2454,1/1/2455,31-Dec-27,YEAR,"THe Morning Star Company (as Paradise Tomato Kitchen) has begun Permitting for Tomato Processing PLant Wareouse Expnaison. At Existing Tomato Processing Plant, Construct (301,000 sqft) Warehouse Buildign Addtion plus Auxiliary Equipment to Store Finished Tomato Products. REQUIRES: Site Preparation, Foundation, Building, Heavy Load Flooring, Insulated Wall Panels, Docks/Doors, Equipment Pads & Settings, Steel Fabrication, Storage Racks, Air Flow & Temperature Controlled Systems, Receiving & Handling Equipment, Hopper, Feeder, Conveyors, Washer, Sorter, Grader, Filling, Case Packers, Palletizer, Metal Detectors & Inspection Systems, Automated Systems & Robotics, Motor, Pumps, Heat Exchanger, Compressors (Air), Material Handling & Packaging Equipment, Inventory Management & Fire Protection Systems, Condensers, Process Controls (PLC), Utilities & Tie-Ins plus Electrical Distribution. ENVIRONMENTAL: (A) Vent, Exhaust System, Ducting; (L) Spill Containment, Drains.","The Morning Star Company (as Paradise Tomato Kitchen) continues Permitting for Tomato Processing Plant Warehouse expansion and anticipates AFE Approvals 3Q26 (Sep). Upon Final Approvals, The Morning Star Company releases RFQs and Bid Documents for Contractors and Subcontractors 4Q26 (Oct-Dec). Construction Kick-Off 1Q27 (Jan). Project Completion 4Q27 (Dec).",3010823,3009229,The Morning Star Company,31-Jul-25,A,31-Jul-25,,https://www.industrialinfo.com/dash/project_report.jsp?PROJECT_ID=301099022,0,Medium (70-80%)
Food & Beverage," $2,000,000 ",USD,29-Jul-25,TURLOCK GRASSROOT COFFEE ROASTER FACILITY,Grassroot,Roasted Coffee,"Coffee roasting, except by wholesale grocers-mfg",Alkhanshali Inc,Planned,Roasted Coffee,Turlock Coffee Roaster,Alkhanshali Inc,11012 Lander Avenue,Turlock,CA,California,U.S.A.,95380,+1 2096324600,-120.84878,37.4501,CA*06,West Coast U.S.A.,Merced,Permitting,6/15/2454,,9/12/2454,9/14/2454,9/14/2454,9/23/2454,31-Dec-26,YEAR,"Alkhanshali Inc (aka Oasis Market) with Edmund Jones Architect awaits Permitting for Grassroot Coffee Roaster Facility. DETAILS: At Grassroot Site, Construct new  (2,000 sqft) Storage Building and (4,500 sqft) Roasting Building (and 1,000 sqft Additional Office and Tasting Building) plus Install Auxiliary Equipment to Produce Roasted Coffee Products. REQUIRES: Site Preparation, Foundation, Building, Heavy Load Flooring, Stainless Steel Fabrication, Equipment Pads & Setting, Ingredient Handling Equipment, Storage Silos, Hoppers, Conveyors Belt, Roasters, Grinders, Processing Vessels, Blending Lines, Filling/Sealing/Packaging Lines, Case Packer, Palletizer, Compressors (Air), Pumps, Motors, Drives, Heat Exchanger, Utility Ties-Ins, Process Control (PLC) plus Electrical Distribution. ENVIRONMENTAL: (A) Dust Control System, Exhaust System; (L) Spill Containment, Floor Drains.","Alkhanshali Inc (aka Oasis Market) with Edmund Jones Architect continues Permitting for Grassroot Coffee Roastery Facility and anticipates AFE Approval 4Q25 (Dec). Upon Final Approvals, Alkhanshali Inc (aka Oasis Market) with Edmund Jones Architect awards G/C plus releases RFQs and Bid Documents for Contractors and Subcontractors 1Q26 (Jan-Mar). Construction Kick-Off 1Q26 (Mar). Project Completion 4Q26 (Dec).",3650320,3539995,Alkhanshali Inc,30-Jul-25,A,29-Jul-25,,https://www.industrialinfo.com/dash/project_report.jsp?PROJECT_ID=301098099,0,Medium (70-80%)
Food & Beverage," $20,000,000 ",USD,30-Jul-25,LOS BANOS TOMATO PROCESSING AND PACKING PLANT UNREFRIGERATED WAREHOUSE ADDITION,Storage Addition,General Warehousing & Storage,General warehousing and storage,The Morning Star Company,Operational,"Canned Fruits, Vegetables, Preserves, Jams & Jellies",Los Banos Tomato Processing and Packing,The Morning Star Company,12045 South Ingomar Grade Road,Los Banos,CA,California,U.S.A.,936359796,+1 2098267100,-120.944998,37.112987,CA*06,West Coast U.S.A.,Merced,Detailed Design,9/12/2454,,9/13/2454,9/14/2454,9/15/2454,12/24/2454,1-Apr-27,YEAR,"The Morning Star Company (as Liberty Packing Company) has begun Detailed Design for Tomato Processing and Packaging Plant Unrefrigerated Warehouse Addition. DETAILS: At Existing (300,000 sqft) Tomato Processing and Packaging Plant, Construct (400,000 Sqft) unrefrigerated Warehouse Building Addition plus Auxiliary Equipment to Store Finished Tomato Products. REQUIRES: Site Preparation, Foundation, Building, Heavy Load Flooring, Insulated Wall Panels, Docks/Doors, Equipment Pads & Settings, Steel Fabrication, Storage Racks, Air Flow & Temperature Controlled Systems, Receiving & Handling Equipment, Hopper, Feeder, Conveyors, Washer, Sorter, Grader, Filling, Case Packers, Palletizer, Metal Detectors & Inspection Systems, Automated Systems & Robotics, Motor, Pumps, Heat Exchanger, Compressors (Air), Material Handling & Packaging Equipment, Inventory Management & Fire Protection Systems, Condensers, Process Controls (PLC), Utilities & Tie-Ins plus Electrical Distribution. ENVIRONMENTAL: (A) Vent, Exhaust System, Ducting; (L) Spill Containment, Drains.","The Morning Star Company (as Liberty Packing Company) continues Detailed Design for Tomato Processing and Packaging Plant Unrefrigerated Warehouse Addition and anticipates AFE Approvals 1Q26 (Jan). Upon Final Approvals, The Morning Star Company releases RFQs and Bid Documents for Contractors and Subcontractors 1Q26 (Feb-Mar). Construction Kick-Off 2Q26 (Apr). Project Completion 2Q27 (Apr).",3010825,3009229,The Morning Star Company,30-Jul-25,A,30-Jul-25,,https://www.industrialinfo.com/dash/project_report.jsp?PROJECT_ID=301098569,0,Medium (70-80%)
Food & Beverage," $8,000,000 ",USD,22-Jul-24,TULARE DAIRY PLANT PROCESSING LINE ADDITION,Equipment Addition,Creamery Butter,"Butter, creamery and whey-mfg",Land O'Lakes Incorporated,Operational,Creamery Butter,Tulare Dairy,Land O'Lakes Incorporated,400 South M Street,Tulare,CA,California,U.S.A.,932745431,+1 5596878287,-119.342506,36.204168,CA*06,West Coast U.S.A.,Tulare,Project Scope,9/12/2454,6/14/2454,9/12/2454,9/14/2454,9/18/2454,9/19/2454,30-Aug-26,YEAR,"Land O'Lakes Incorporated has begun Developing Project Scope for Dairy Processing Line Addition. DETAILS: At Existing 300,000 sqft & 2.77MM gal/yr Dairy Manufacturing Plant, Construct (1) new Processing Line Addition plus Auxiliary Equipment. REQUIRES: Stainless Steel Fabrication, Mixers, Tanks/Vessels, Homogenizer, Separator, Pasteurization System, Plate Heat Exchangers, Refrigeration System (Ammonia), Blending System, Condensers, Fillers, Conveyor Systems, Robotics, Material Handling Equipment, Automated System, Pumps, CIP (Clean-In-Place) System, Motors, Drives, Process Controls (PLC) & Tie-Ins plus Electrical Distribution. ENVIRONMENTAL: (A) Ducting, Ventilation; (L) Spill Containment.","Land O'Lakes Incorporated continues Developing Project Scope for Dairy Processing Line Addition thru 1Q25 (Mar) and anticipates finalizing Scope by 3Q25 (Jul) and receiving Final AFE Approval by 1Q26 (Jan). Subject to Final Corporate Approval, Land O'Lakes Incorporated releases RFQs and Bid Documents 1Q26 (Jan-Mar). Construction Kick-Off 3Q26 (Jul). Project Completion 3Q26 (Aug).",1503205,1022559,Land O'Lakes Incorporated,23-Jul-24,A,28-Jul-25,Raw Milk (Not Pasteurized),https://www.industrialinfo.com/dash/project_report.jsp?PROJECT_ID=300994143,0,Low (0-69%)
Food & Beverage," $2,000,000 ",USD,25-Jul-25,BRAWLEY CITRUS PACKAGING LINE AUTOMATION UPGRADES,Automation,Crop Preparation Services for Market,Packing fruits and vegetables,Doc's Organics,Operational,Crop Preparation Services for Market,Brawley Citrus & Dates Packing,Doc's Organics,691 Boarts Road,Brawley,CA,California,U.S.A.,922279792,+1 7603518605,-115.594488,33.035756,CA*09,West Coast U.S.A.,Imperial,Market Analysis,12/24/2454,,12/24/2454,12/26/2454,12/27/2454,12/28/2454,31-Aug-27,MONTH,"Doc's Organics has begun Market Analysis for Citrus Packaging Line Automation Upgrades. DETAILS: At Existing (38,000 sq.ft) Organic Citrus Packing Plant, Reduce Labor Costs & Perform Automation Upgrade to old Packaging Lines plus Auxiliary Equipment. REQUIRES: Equipment Removal/Disassembly, Stainless Steel Fabrication, Palletizers Machines, Robotics, Automated Systems, Conveyors, Material Handling Equipment, Wrappers, Controllers, Staging Equipment, Air Lines, Speed Reducers, Motors, Servo Drives, Grippers, Pneumatics, Operator Stations, Interface Panels, Cables, Input/Output Devices, Monitoring System, Relays, Controls (PLC & Cabinet) & Tie-Ins plus Electrical Distribution.","Doc's Organics continue Market Analysis for Citrus Packaging Line Automation Upgrades thru 3Q25 (Jul) and anticipates receiving Final AFE Approval by 2Q27 (Apr). Subject to Final Approval, Doc's Organics  releases RFQs and Bid Documents 2Q27 (Apr-Jun). Construction Kick-Off 3Q27 (Jul). Project Completion 3Q27 (Aug).",3260795,3231291,Doc's Organics,25-Jul-25,A,25-Jul-25,,https://www.industrialinfo.com/dash/project_report.jsp?PROJECT_ID=301097127,0,Low (0-69%)
Food & Beverage," $2,500,000 ",USD,10-Mar-25,SACRAMENTO MEAT PACKING LINE ADDITION,Equipment Addition,Meat Packing Plants,Meat packing plants-mfg,Corfini Gourmet,Operational,Meat Packing Plants,Sacramento Meat Packing,Corfini Gourmet,1210 66th Street,Sacramento,CA,California,U.S.A.,958194327,+1 9164523996,-121.426597,38.555029,CA*02,West Coast U.S.A.,Sacramento,Market Analysis,9/12/2454,,9/12/2454,9/14/2454,9/16/2454,9/18/2454,31-Jul-26,MONTH,"Corfini Gourmet has begun Market Analysis for Meat Packing Line Addition. DETAILS: At Existing (25,000 sq.ft) (Beef & Seafood) Packing Plant, Construct (1) new Meat Packing Line Addition plus Auxiliary Equipment. REQUIRES: Stainless Steel Fabrication, Former Machines, Loading Systems, Grinders, Fillers, Stackers, Robotics, Automated Systems, Modifications to Packing Lines, Check-Weigher, Portioning Equipment, Tables, Hopper, Material Handling Equipment, Belts, Conveyors, Labelers, Printers, Motors, Drives, Software & Monitoring Systems, Process Controls (PLC, Pneumatics) & Tie-Ins plus Electrical Distribution.","Corfini Gourmet continues Market Analysis for Meat Packing Line Addition thru 1Q25 (Mar) anticipates receiving Final AFE Approval by 1Q26 (Jan). Subject to Approval, Corfini Gourmet releases RFQs and Bid Documents 1Q26 (Jan-Mar). Construction Kick-Off 2Q26 (May). Project Completion 3Q26 (Jul).",3248550,3450656,Corfini Gourmet,10-Mar-25,A,10-Mar-25,,https://www.industrialinfo.com/dash/project_report.jsp?PROJECT_ID=301056466,0,Low (0-69%)
Food & Beverage," $8,000,000 ",USD,7-Jul-25,NAPA GRASSROOT WINERY,Grassroot,"Wines, Brandy & Brandy Spirits",Wines-mfg,Phelan Development Company,Planned,"Wines, Brandy & Brandy Spirits",Napa Winery,Phelan Development Company,Gateway Road E,Napa,CA,California,U.S.A.,94558,+1 9497208050,-122.25924,38.22647,CA*03,West Coast U.S.A.,Napa,Permitting,6/13/2454,,6/13/2454,6/15/2454,6/15/2454,9/23/2454,31-Dec-26,YEAR,"Phelan Development Company has begun Permitting (Site Approval) for Grassroot Winery. DETAILS: At (4.33-Acre) Grassroot Site, Construct (54,790 sqft) Wine Production and Bottling Operation plus Associated Equipment to Produce 250,000 Gal/yr of Wine Products. REQUIRES: Site Preparation, Foundations, Building, Stainless Steel Fabrication, Tanks/Vessels, Ingredients Receiving & Handling Equipment, Hopper, Feeder, Presses, Crusher, Mixers, Blenders, Processing Vessels, Fermentation Tanks, Filling & Bottling Equipment, Wine Cave, Tasting Room, Conveyors Systems, Case Packers, Barrel Storage Racks, Fire Protection System, Temperature Controls System, Compressor (Air), Pumps, Valves, Heat Exchanger, Utilities, Process Controls (PLC), Electrical Distribution plus Tasting Room. ENVIRONMENTAL: (A) Vent System, Ducting, Exhaust System; (L) Spill Containment, Floor Drains.","Phelan Development Company continues Permitting (Site Approval) for Grassroot Winery through Approval plus anticipates Final AFE Approval 4Q25 (Oct). Upon Approval, Phelan Development Company awards G/C plus releases RFQs and Bid Documents for Contractors/Subcontractors and Specialty Vendors 4Q25 (Oct-Dec). Construction Kick-Off 4Q25 (Dec). Project Completion 4Q26 (Dec).",3646728,3396689,Phelan Development Company,8-Jul-25,A,8-Jul-25,,https://www.industrialinfo.com/dash/project_report.jsp?PROJECT_ID=301091100,0,Medium (70-80%)
Food & Beverage," $60,000,000 ",USD,31-Mar-25,TULARE CHEESE PROCESSING PLANT EXPANSION,Plant Expansion,"Natural, Processed & Imitation Cheese",Processed cheese-mfg,Lactalis Heritage Dairy,Operational,"Natural, Processed & Imitation Cheese",Tulare Cheese,Groupe Lactalis,10800 Avenue 184,Tulare,CA,California,U.S.A.,932749514,+1 5593662319,-119.327232,36.130957,CA*06,West Coast U.S.A.,Tulare,Market Analysis,12/25/2454,12/21/2454,12/25/2454,12/26/2454,12/27/2454,4/2/2455,31-Mar-28,QUARTER,"Lactalis Heritage Dairy (Division of Groupe Lactalis) has begun Marketing Analysis for Cheese Processing Plant Expansion. DETAILS: At Existing (323,769 sqft) Cheese Production Plant (mostly Mozzarella & Parmesan), Construct (38,000 SqFt) Building Addition and Install New Mozzarella Cheese Production Line plus Auxiliary Equipment & System to Increase Production Capacity. REQUIRES: Site Preparation, Foundation, Building, Insulated Wall Panels, Stainless Steel Fabrication, Milk Storage Silos, Ingredients Handling Equipment, Tanks, Cheese Towers, Cheese Vats, Pasteurizers, Homogenizers, Process Piping, CIP (Clean-In-Place) System, Formers, Separators, Packaging Equipment, Automated & Conveyor System, Pumps, Drives, Process Controls (PLC), Heat Exchanger, Fire Protection System, Utilities plus Electrical Distribution. ENVIRONMENTAL: (A) Vents, Exhaust System; Ducts; (L) Spill Containment, Floor Drains.","Lactalis Heritage Dairy (Division of Groupe Lactalis) Continues Marketing Analysis for Cheese Processing Plant Expansion through Project Justification and Permitting Thru 1Q27 (Jan) and anticipates Final AFE Approval 2Q27 (May). Lactalis Heritage Dairy awards Design-Build plus Releases RFQs and Bid Documents for Contractors, Subcontractors, Specialty Trades 2Q27 (May-Jun). Construction Kick-Off 3Q27 (Jul). Project Completion 1Q28 (Mar).",1017327,3414987,Lactalis Heritage Dairy,31-Mar-25,A,31-Mar-25,,https://www.industrialinfo.com/dash/project_report.jsp?PROJECT_ID=301063715,0,Low (0-69%)
Food & Beverage," $15,000,000 ",USD,27-Feb-17,BRAWLEY MEAT PROCESSING PLANT PHASE III WASTEWATER TREATMENT SYSTEM UPGRADE,Upgrade,Meat Packing Plants,Cattle slaughtering plants-mfg,One World Beef,Operational,Meat Packing Plants,Brawley Beef Processing,One World Beef,57 Shank Road,Brawley,CA,California,U.S.A.,92227,+1 7603512700,-115.520373,32.995198,CA*09,West Coast U.S.A.,Imperial,Market Analysis,9/23/2454,,12/21/2454,12/23/2454,12/25/2454,12/28/2454,31-Aug-27,YEAR,"One World Beef with Environmental Resources Management (Environmental Consultant) and BioFiltro (Design-Build) has begun Market Analysis for Meat Processing Plant Phase III Wastewater Treatment System Upgrade. DETAILS: At Existing (337,000 sqft) Beef Processing Plant, As a Part of III Phase Wastewater Treatment System, Upgrade Existing Wastewater Treatment System by Constructing new Bio-Filtration BIDA System (24 Modules) and Ancillary Facilities plus Install Associated Equipment to Treat Discharge of up to 800,000 Gals/dy. REQUIRES: Equipment Removal/Disassembly, Equipment Pads, Stainless Steel Pressure Vessels/Tanks, Modifications to Wastewater Treatment Plant, Bio-Filtration System (BioFiltro), (3) Air Flotation Units (DAFs), Surface Air Flotation Unit (SAF), (1) 9.5 M Gallon Covered Anaerobic Pond, (1) 6.5 M Gallon Aerated Treatment Pond, (1) 2.9M Gallon Polishing/Aerobic Pond and Filter-Belt Press, Frames, Skids, Pre-Filters, Pressure Gauges, Motors & Pumps, Drives, Starters, Throttling & High-Pressure Relief Valves, Monitors, Recirculation Loops, Flowmeters, Stainless Steel High-Pressure Piping, Solid State & Flow Controls (PLC) & Tie-Ins plus Electrical Distribution, (A) Ducting, Filtration System; (L) Spill Containment, Liners, Ponds; (W) Modifications to Wastewater Treatment System.","One World Beef with Environmental Resources Management and BioFiltro continues Market Analysis for Meat Processing Plant Phase III Wastewater Treatment System Upgrade and anticipates AFE Approval 4Q26 (Dec). Subject to Approval, One World Beef releases RFQs and Bid Documents for Contractors, Subcontractors & Specialty Trades 1Q27 (Jan-Mar). Construction Kick-Off 2Q27 (May). Project Completion 3Q27 (Aug).",1052694,3208445,O W B Packers LLC,28-Feb-17,A,6-Nov-24,,https://www.industrialinfo.com/dash/project_report.jsp?PROJECT_ID=300339431,96,Low (0-69%)
Food & Beverage," $10,000,000 ",USD,5-Jul-24,HANFORD CHEESE PLANT PHASE V EXPANSION,Plant Expansion,"Natural, Processed & Imitation Cheese",Processed cheese-mfg,Marquez Brothers International Incorporated,Planned,"Natural, Processed & Imitation Cheese",Hanford Dairy Processing Plant,Marquez Brothers International Incorporated,7945 Lacey Boulevard,Hanford,CA,California,U.S.A.,93230,+1 4089602700,-119.598944,36.327387,CA*06,West Coast U.S.A.,Kings,Market Analysis,9/23/2454,,12/21/2454,12/23/2454,12/23/2454,4/11/2455,31-Dec-28,YEAR,"Marquez Brothers International Incorporated with E. A. Bonelli & Associates Incorporated (Architect) has begun Market Analysis for Cheese Plant Phase V Expansion. DETAILS: At Planned (730,516 sqft) Dairy Products Complex, As Part II of IX Phase Development, Construct new (16,000 sqft) Blow-Molding Production Building Addition plus Install Associated Equipment. REQUIRES: Site Preparation, Foundation, Building, Heavy Load Flooring, Insulated Wall Panels, Equipment Pads & Settings, Docks/Doors, Blow Molding Machines, Compressors, Packaging Equipment, Molds, Dies, Conveyors, Mold Temperature Controllers, Pumps, Motors, Valves, Fire Protection & Inventory Management Systems, Controls (PLC), Valves & Seats, Utilities Tie-Ins plus Electrical Distribution. ENVIRONMENTAL: (A) Vent Exhaust System, Ducting; (L) Spill Containment.","Marquez Brothers International Incorporated with E. A. Bonelli & Associates Incorporated (Architect) continues Owner Review of Issue for Cheese Plant Phase V Expansion and anticipates Final AFE Approval 4Q26 (Dec). Subject to Approval, Marquez Brothers International Incorporated awards G/C and releases RFQs and Bid Documents for Contractors, Subcontractors and Equipment Providers 1Q27 (Jan-Mar). Construction Kick-Off 1Q27 (Mar). Project Completion 4Q28 (Dec).",3600589,1081491,Marquez Brothers International Incorporated,15-Jul-24,A,21-Jul-25,,https://www.industrialinfo.com/dash/project_report.jsp?PROJECT_ID=300990540,0,Low (0-69%)
Food & Beverage," $50,000,000 ",USD,5-Jul-24,HANFORD CHEESE PLANT PHASE III EXPANSION,Plant Expansion,"Natural, Processed & Imitation Cheese",Processed cheese-mfg,Marquez Brothers International Incorporated,Planned,"Natural, Processed & Imitation Cheese",Hanford Dairy Processing Plant,Marquez Brothers International Incorporated,7945 Lacey Boulevard,Hanford,CA,California,U.S.A.,93230,+1 4089602700,-119.598944,36.327387,CA*06,West Coast U.S.A.,Kings,Market Analysis,12/26/2454,,12/24/2454,12/26/2454,12/27/2454,1/1/2455,31-Dec-27,YEAR,"Marquez Brothers International Incorporated with E. A. Bonelli & Associates Incorporated (Architect) has begun Market Analysis for Cheese Plant Phase III Expansion. DETAILS: At Planned (730,516 sqft) Dairy Products Complex, As Part III of IX Phase Development, Install new Milk Receiving Equipment plus Associated Equipment to Receive and Store Milk for Cheeses, Yogurt, Whey Protein and Other Dairy Products. REQUIRES: Structural Modifications, Heavy Load Flooring, Insulated Wall Panels, Equipment Pads & Settings, Truck Scales, Milk Silos, Evaporator Coils, Air Flow & Temperature Controlled Systems, Compressor, Fans, Storage Racks,, Condenser, Fire Protection & Inventory Management Systems, Controls (PLC), Valves & Seats, Utilities Tie-Ins plus Electrical Distribution. ENVIRONMENTAL: (A) Vent Exhaust System, Ducting; (L) Spill Containment.","Marquez Brothers International Incorporated with E. A. Bonelli & Associates Incorporated (Architect) continues Owner Review of Issue for Cheese Plant Phase III Expansion and anticipates Final AFE Approval 2Q27 (Jun). Subject to Approval, Marquez Brothers International Incorporated awards G/C and releases RFQs and Bid Documents for Contractors, Subcontractors and Equipment Providers 2Q27 (Apr-Jun). Construction Kick-Off 3Q27 (Jul). Project Completion 4Q27 (Dec).",3600589,1081491,Marquez Brothers International Incorporated,15-Jul-24,A,21-Jul-25,Cheese,https://www.industrialinfo.com/dash/project_report.jsp?PROJECT_ID=300990533,24,Low (0-69%)
Food & Beverage," $30,000,000 ",USD,5-Jul-24,HANFORD CHEESE PLANT PHASE IV EXPANSION,Plant Expansion,"Natural, Processed & Imitation Cheese",Processed cheese-mfg,Marquez Brothers International Incorporated,Planned,"Natural, Processed & Imitation Cheese",Hanford Dairy Processing Plant,Marquez Brothers International Incorporated,7945 Lacey Boulevard,Hanford,CA,California,U.S.A.,93230,+1 4089602700,-119.598944,36.327387,CA*06,West Coast U.S.A.,Kings,Market Analysis,9/23/2454,,12/21/2454,12/23/2454,12/23/2454,4/11/2455,31-Dec-28,YEAR,"Marquez Brothers International Incorporated with E. A. Bonelli & Associates Incorporated (Architect) has begun Market Analysis for Cheese Plant Phase IV Expansion. DETAILS: At Planned (730,516 sqft) Dairy Products Complex, As Part IV of IX Phase Development, Construct new new  (Non-Cheese) Production Building (78,000 sqft) plus Install Associated Equipment to Produce Cheeses, Yogurt, Whey Protein and Other Dairy Products. REQUIRES: Site Preparation, Foundation, Building, Heavy Load Flooring, Insulated Wall Panels, Equipment Pads & Settings, Docks/Doors, Cooler, Refrigeration System (Ammonia), Evaporator Coils, Air Flow & Temperature Controlled Systems, Compressor, Fans, Storage Racks, Storage Silos, Condenser, Fire Protection & Inventory Management Systems, Controls (PLC), Valves & Seats, Utilities Tie-Ins plus Electrical Distribution. ENVIRONMENTAL: (A) Vent Exhaust System, Ducting; (L) Spill Containment.","Marquez Brothers International Incorporated with E. A. Bonelli & Associates Incorporated (Architect) continues Owner Review of Issue for Cheese Plant Phase IV Expansion and anticipates Final AFE Approval 4Q26 (Dec). Subject to Approval, Marquez Brothers International Incorporated awards G/C and releases RFQs and Bid Documents for Contractors, Subcontractors and Equipment Providers 1Q27 (Jan-Mar). Construction Kick-Off 1Q27 (Mar). Project Completion 4Q28 (Dec).",3600589,1081491,Marquez Brothers International Incorporated,15-Jul-24,A,21-Jul-25,Cheese,https://www.industrialinfo.com/dash/project_report.jsp?PROJECT_ID=300990534,0,Low (0-69%)
Food & Beverage," $21,000,000 ",USD,28-Jun-24,PESCADERO PRODUCE GREENHOUSE FACILITY EXPANSION,Plant Expansion,Vegetable & Melon,Vegetable farms,Hippo Harvest Inc,Operational,Food Crops Grown Under Cover,Pescadero Produce Greenhouse,Hippo Harvest Inc,3439 Cloverdale Road,Pescadero,CA,California,U.S.A.,94060,+1 6505294522,-122.362674,37.225393,CA*03,West Coast U.S.A.,San Mateo,Capital Estimating,9/16/2454,6/14/2454,9/16/2454,9/17/2454,9/17/2454,12/26/2454,30-Jun-27,YEAR,"Hippo Harvest Inc has begun Capital Estimating (Capital Approval) for Produce Greenhouse Facility Expansion. DETAILS: At Existing Produce Greenhouse, Construct Building Addition (SQFT:Unknown) plus Install Machinery & Systems plus Auxiliary Equipment to Process and Package Vegetable Products. REQUIRES: Site Preparation, Foundation, Building, Heavy Load Flooring, Docks/Doors, Stainless Steel Fabrication, Hoppers, Feeders, Graders, Sorters, Washer, Weigher System, Filler, Bagging & Packaging Equipment, Case Packer, Palletizer, Material Handling Equipment, Conveyors & Automated Systems, Heat Exchanger, Refrigeration System (Ammonia), Cooler & Freezer, Fire Protection System, Compressors (Air), Air Flow & Temperature Controlled System, Motors, Drives, Pumps, Process Controls (PLC), Utilities plus Electrical Distribution. ENVIRONMENTAL: (A) Ducting, Vent/Exhaust System; (L) Floor Drains, Spill Containment.","Hippo Harvest Inc Continues Capital Estimating (Capital Estimating) for Produce Greenhouse Facility Expansion thru 4Q25 (Nov), and Anticipates AFE Approval 2Q26 (May). Upon Final Corporate Approval, Hippo Harvest Inc. awards G/C (System USA or Similar Preferred Vendor) plus releases RFQs and Bid Documents for Contractors & Subcontractor plus Specialty Vendor 2Q26 (May-Jun). Construction Kick-Off 2Q26 (Jun). Project Completion 2Q26 (Jun).",3600435,3498378,Hippo Harvest Inc,28-Jun-24,A,16-Jul-25,"Vegetables, Nesoi, Fresh Or Chilled",https://www.industrialinfo.com/dash/project_report.jsp?PROJECT_ID=300989436,12,Medium (70-80%)
Food & Beverage," $2,000,000 ",USD,15-Jul-25,TULARE PISTACHIO PROCESSING 2026 MAINTENANCE PROGRAM,Maintenance Program,Salted & Roasted Nuts & Seeds,"Nuts: salted, roasted, cooked, or canned-mfg",Horizon Nut Company,Operational,Salted & Roasted Nuts & Seeds,Tulare Pistachio Processing,Horizon Nut Company,26487 North Highway 99,Tulare,CA,California,U.S.A.,932749317,+1 5596853663,-119.366642,36.273212,CA*06,West Coast U.S.A.,Tulare,Maintenance Programs,9/12/2454,,9/13/2454,9/21/2454,9/12/2454,9/23/2454,31-Dec-26,QUARTER,"Horizon Nut Company performs 2026 Maintenance Program at Existing (187,000 sqft) Pistachios Processing Plant. NORMAL INSPECTION/REPAIR OF: Storage Areas, Shelling & Processing Equipment plus supporting Systems On Weekends throughout the Year. REQUIRES REPLACEMENT/REPAIRS TO: Storage Silos, Graders, Cleaners, Vibrator Screens, Shakers, Dryers, HEPA Air Filtration Systems, Conveyors, Shelling Equipment, Vacuum System, Sorters, Bulk Handling & Packaging Equipment, Piping, Boilers, Utilities, Motors plus Process Controls. ENVIRONMENTAL MRO: (A) Dust Collectors, Vent/Exhaust Ducting; (W) Wastewater Treatment System.",Horizon Nut Company continues Planning & Scheduling for 2026 Pistachio Processing Plant Maintenance Program thru 1Q26 (Jan) and anticipates finalizing Schedule by 2Q26 (Apr). Horizon Nut Company releases RFQs and Bid Documents plus selects Suppliers and Subcontractors as needed to Support In-House Maintenance Staff 2Q26 (Jan) thru 4Q26 (Oct). Horizon Nut Company indicates Maintenance Program Kick-Off 1Q26 (Jan) & Completion 4Q26 (Dec). Based on Production Schedules.,3119649,3111823,Horizon Nut Company,15-Jul-25,A,15-Jul-25,,https://www.industrialinfo.com/dash/project_report.jsp?PROJECT_ID=301093518,0,High (81-99%)
Food & Beverage," $2,000,000 ",USD,10-Jul-25,TEMPLETON FEED MILL REBUILD,Rebuild,Prepared Feeds for Livestock,"Livestock feeds, supplements, and concentrates-mfg",Templeton Feed & Grain Incorporated,Operational,Prepared Feeds for Livestock,Templeton Feed Mill,Templeton Feed & Grain Incorporated,405 South Main Street,Templeton,CA,California,U.S.A.,934655302,+1 8054341136,-120.704879,35.549336,CA*07,West Coast U.S.A.,San Luis Obispo,Site Study,9/12/2454,,9/12/2454,9/14/2454,9/17/2454,12/21/2454,30-Jan-27,MONTH,"Templeton Feed & Grain Incorporated has begun Site Study for Feed Mill Rebuild. DETAILS: At Feed Mill Recently Damaged by Explosion & Fire, Dismantle & Remove Damaged Structures with Associated Equipment and Construct New (30,000 sq.ft) Processing Facility plus Auxiliary Equipment to Resume Feed Processing Operations. REQUIRES: Demolition & Debris Removal, Site Preparation, Structural Modifications, Steel Fabrication, Concrete Silo, Scales, Loading/Unloading Systems, Filling & Packaging Equipment, Feeders, Separators, Conveyor Systems, Mixers, Dryer, Dump Pile, Motors, Hoppers, Hydraulics, Catwalks, Handrails, Fire Protection System, Mechanical Supporting Equipment, Compressor (Air), Process Controls (PLC), Lighting plus Electrical Distribution. ENVIRONMENTAL: (A) Vents, Dust Collection System; (L) Spill Containment.","Templeton Feed & Grain Incorporated continues Site Study for Feed Mill Rebuild thru 3Q25 (Jul)  and anticipates AFE Approval 1Q26 (Jan). Upon Approval, Templeton Feed & Grain Incorporated  awards G/C plus releases RFQs and Bid Documents for Contractors, Subcontractors & Vendors 1Q26 (Jan-Mar). Construction Kick-Off 2Q26 (Jun). Project Completion 1Q27 (Jan).",3145728,3133726,Templeton Feed & Grain Incorporated,10-Jul-25,A,10-Jul-25,,https://www.industrialinfo.com/dash/project_report.jsp?PROJECT_ID=301092089,0,Medium (70-80%)
Food & Beverage," $4,000,000 ",USD,10-Jul-25,CORCORAN TOMATO PASTE PLANT PROCESSING LINE ADDITION,Equipment Addition,"Canned Fruits, Vegetables, Preserves, Jams & Jellies","Pastes, fruit and vegetable-mfg",J G Boswell Tomato Company LLC,Operational,"Canned Fruits, Vegetables, Preserves, Jams & Jellies",Corcoran Tomato Paste,J G Boswell Tomato Company LLC,27905 South Dairy Avenue,Corcoran,CA,California,U.S.A.,93212,+1 5599925044,-119.573004,36.06638,CA*06,West Coast U.S.A.,Kings,Market Analysis,3/31/2455,12/31/2454,3/31/2455,4/2/2455,4/6/2455,4/7/2455,31-Aug-28,YEAR,"J G Boswell Tomato Company LLC has begun Market Analysis for Tomato Paste Plant Processing Line Addition. DETAILS: At Existing 88,000 sqft Tomato Paste Processing Plant, Construct (1) new Processing Line Addition plus Auxiliary Equipment. REQUIRES: Stainless Steel Fabrication, Ingredient Handling & Receiving Equipment, Mixing & Blending Systems, Bucket Elevator, Washers, Sorters, Evaporator, Preheater, Cooking Vessels, Kettles, Extractors, Conveyors, Automated Systems, Aseptic Filling Equipment, Labeler & Sealer, Material Handling Equipment, Process Piping, Pumps, Belts, Heat Exchanger, Motors, Drives, Process Controls (PLC, Pneumatics) & Tie-Ins plus Electrical Distribution. ENVIRONMENTAL: (A) Ducting; (L) Spill Containment.","J G Boswell Tomato Company LLC continues Market Analysis for Tomato Paste Plant Processing Line Addition thru 3Q26 (Jul) and anticipates finalizing Scope by 3Q27 (Sep) and receiving Final AFE Approval by 1Q28 (Jan). Subject to Approval & Market Demand, J G Boswell Tomato Company LLC releases RFQs and Bid Documents 1Q28 (Jan-Mar). Construction Kick-Off 3Q28 (Jul). Project Completion 3Q28 (Aug).",3010434,3008782,J G Boswell Tomato Company LLC,10-Jul-25,A,10-Jul-25,Tomato Paste,https://www.industrialinfo.com/dash/project_report.jsp?PROJECT_ID=301092082,0,Low (0-69%)
Food & Beverage," $3,000,000 ",USD,8-Jul-25,OAKVILLE GRASSROOT WINERY,Grassroot,"Wines, Brandy & Brandy Spirits",Wines-mfg,Vineyard House Winery,Planned,"Wines, Brandy & Brandy Spirits",Oakville Winery,Vineyard House Winery,1581 Oakville Grade Road,Oakville,CA,California,U.S.A.,94562,+1 7079440392,-122.41084,38.41855,CA*03,West Coast U.S.A.,Napa,Permitting,6/13/2454,,6/13/2454,6/15/2454,6/15/2454,9/17/2454,30-Jun-26,QUARTER,"Vineyard House Winery with Paul Kelley Architecture (Architect) has begun Permitting for Grassroot Winery. DETAILS: At 42.68-Acre Site, Construct New 13,057 Sqft Building (including Wine Cave and Covered Crush Pad/Bottling Area) for Wine Production (20,000 Gal/yr). REQUIRES: Site Preparation, Foundations, Building, Stainless Steel Fabrication, Tanks/Vessels, Ingredients Receiving & Handling Equipment, Hopper, Feeder, Presses, Crusher, Mixers, Blenders, Processing Vessels, Fermentation Tanks, Filling & Bottling Equipment, Wine Cave, Tasting Room, Conveyors Systems, Case Packers, Barrel Storage Racks, Fire Protection System, Temperature Controls System, Compressor (Air), Pumps, Valves, Heat Exchanger, Utilities, Process Controls (PLC), Electrical Distribution plus Tasting Room. ENVIRONMENTAL: (A) Vent System, Ducting, Exhaust System; (L) Spill Containment, Floor Drains.","Vineyard House Winery with Paul Kelley Architecture continues Permitting (Site Approval) for Grassroot Winery through Approval plus anticipates Final AFE Approval 4Q25 (Oct). Upon Approval, Vineyard House Winery awards G/C plus releases RFQs and Bid Documents for Contractors/Subcontractors and Specialty Vendors 4Q25 (Oct-Dec). Construction Kick-Off 4Q25 (Dec). Project Completion 2Q26 (Jun).",3646901,3537336,Vineyard House Winery,8-Jul-25,A,8-Jul-25,Wine,https://www.industrialinfo.com/dash/project_report.jsp?PROJECT_ID=301091336,0,Medium (70-80%)
Food & Beverage," $2,000,000 ",USD,7-Jun-24,FIREBAUGH TOMATO PROCESSING PLANT PACKAGING UPGRADES,Upgrade,"Canned Fruits, Vegetables, Preserves, Jams & Jellies","Sauces, tomato-based-mfg",Neil Jones Food Company,Operational,Crop Preparation Services for Market,Firebaugh Tomato Processing Plant,Neil Jones Food Company,2502 North Street,Firebaugh,CA,California,U.S.A.,936225426,+1 5596591601,-120.454241,36.836279,CA*06,West Coast U.S.A.,Fresno,Project Scope,9/13/2454,,9/14/2454,9/19/2454,9/20/2454,9/23/2454,27-Dec-26,YEAR,"Neil Jones Food Company has begun Developing Project Scope for Tomato Processing Plant Case Packer Additions. DETAILS: At Existing (426,700 sqft) Tomato Processing Plant, Construct (2-3) new Case Packer Additions plus Auxiliary Equipment. REQUIRES: Stainless Steel Fabrication, Case Packer Machines, Robotics, Mounting Frames, Arms, Pneumatics, Automated Systems, Wrapper, Case Erecting/Loading & Sealing Equipment, Controllers, Staging Equipment, Air Lines, Speed Reducers, Motors, Servo Drives, Grippers, Wrists, Mechanical Brakes/Adjustable Hard Stops, Operator Stations, Interface Panels, Cables, Input/Output Devices, Monitoring System, Relays, Controls (PLC & Cabinet) plus Electrical Distribution.","Neil Jones Food Company continues Developing Project Scope for Tomato Processing Plant Case Packer Additions thru 3Q25 (Sep) and anticipates finalizing Scope by 4Q25 (Oct) and receiving Final AFE Approval by 3Q26 (Aug). Subject to Approval, Neil Jones Food Company releases RFQs and Bid Documents 1Q26 (Mar) thru 3Q26 (Aug). Construction Kick-Off 3Q26 (Sep). Project Completion 4Q26 (Dec).",3192717,1510054,Neil Jones Food Company,14-Jun-24,A,8-Jul-25,,https://www.industrialinfo.com/dash/project_report.jsp?PROJECT_ID=300982713,0,Low (0-69%)
Food & Beverage," $12,000,000 ",USD,13-Jun-24,YUBA CITY FRUIT PROCESSING LINE UPGRADE 2026,Upgrade,Crop Preparation Services for Market,"Fruit sorting, grading, and packing",Sunsweet Growers Incorporated,Operational,Crop Preparation Services for Market,Yuba City Fruit Packaging,Sunsweet Growers Incorporated,901 North Walton Avenue,Yuba City,CA,California,U.S.A.,959939370,+1 5306745010,-121.641756,39.138938,CA*02,West Coast U.S.A.,Sutter,Project Scope,9/13/2454,,6/15/2454,9/13/2454,9/14/2454,9/17/2454,27-Jun-26,YEAR,"Sunsweet Growers Incorporated has begun developing Project Scope for Fruit Processing Line Upgrade. DETAILS: At Existing 1.07MM sqft Fruit Packing & Sorting Production Facility, Perform Upgrade to Existing Prune Processing Line by adding (1) new Cannister (PMC) plus Associated Equipment. REQUIRES: Equipment Removal/Disassembly, Stainless Steel Fabrication, Cannister, Clean-In-Place Systems, Process Piping, Motors, Pumps, Drives, Belts, Cables, Inspection Equipment, Process Controls (PLC) and Utilities Tie-Ins plus Electrical Distribution. ENVIRONMENTAL: (A) Ducting; (L) Spill Containment.","Sunsweet Growers Incorporated continues developing Project Scope for Fruit Processing Line Upgrade and anticipates final AFE Approval 1Q26 (Feb). Subject to approval, Sunsweet Growers releases RFQs and Bid Documents for Vendors, Contractors and Subcontractors (Paper Machinery Corporation or Similar Vendor) 4Q26 (Dec) thru 1Q26 (Feb). Project Kick-Off 1Q26 (Mar). Project Completion 2Q26 (Jun).",1011248,1019965,Sunsweet Growers Incorporated,14-Jun-24,A,8-Jul-25,,https://www.industrialinfo.com/dash/project_report.jsp?PROJECT_ID=300984334,0,Medium (70-80%)
Food & Beverage," $750,000 ",USD,31-Mar-25,PETALUMA BAKERY EQUIPMENT UPGRADES,Upgrade,"Bread & Bakery Products, Except Cookies & Crackers",Bagels-mfg,Alvarado Street Bakery,Operational,"Bread & Bakery Products, Except Cookies & Crackers",Petaluma Bakery,Alvarado Street Bakery,2225 South Mcdowell Boulevard,Petaluma,CA,California,U.S.A.,949545661,+1 70707896700,-122.591451,38.230509,CA*03,West Coast U.S.A.,Sonoma,Market Analysis,9/12/2454,,9/15/2454,9/17/2454,9/18/2454,9/20/2454,30-Sep-26,MONTH,"Alvarado Street Bakery has begun Market Analysis for Bakery Equipment Upgrades. DETAILS: At Existing (65.000 sq.ft) Bagel Manufacturing Plant, Perform Upgrades to Production Lines plus Auxiliary Equipment. REQUIRES: Stainless Steel Fabrication, Oven, Mixers, Blending Ingredient Vessels, Proofer Machines, Extruders, Formers, Conveyor Systems, Filling Machines, Packaging Line, Cutters, Loading/Unloading Systems, Cooler/Freezer, (Ammonia) Refrigeration System, Motors, Servo Drives, Material Handling & Packaging Equipment, Seeders, Dryers, Process Controls (Pneumatics, PLC) & Tie-Ins, Belts, Rollers, Stands plus Electrical Distribution. ENVIRONMENTAL: (A) Dust Collection System; (L) Containment.","Alvarado Street Bakery continues Market Analysis for Bakery Equipment Upgrades thru 1Q25 (Mar) and anticipates receiving Final AFE Approval by 1Q26 (Jan). Subject to Final  Approval, Alvarado Street Bakery releases RFQs and Bid Documents 2Q26 (Apr-Jun). Construction Kick-Off 3Q26 (Jul). Project Completion 3Q26 (Sep).",1074974,1097446,Alvarado Street Bakery,31-Mar-25,A,8-Jul-25,,https://www.industrialinfo.com/dash/project_report.jsp?PROJECT_ID=301063712,0,Low (0-69%)
Food & Beverage," $3,000,000 ",USD,7-Jul-25,HEALDSBURG WINERY EXPANSION,Plant Expansion,"Wines, Brandy & Brandy Spirits",Wines-mfg,Medlock Ames Winery,Operational,"Wines, Brandy & Brandy Spirits",Healdsburg Winery,Medlock Ames Winery,13414 Chalk Hill Road,Healdsburg,CA,California,U.S.A.,95448,+1 7074318845,-122.75898,38.60656,CA*03,West Coast U.S.A.,Sonoma,Permitting,6/13/2454,,6/13/2454,6/15/2454,6/15/2454,9/17/2454,30-Jun-26,YEAR,"Medlock Ames Winery has begun Permitting for Winery Expansion. DETAILS: At Existing (20,000 sqft) Winery, Perform Structural Modifications (1,600 sqft) and Install New Production Equipment & Machinery to Increase Production Capacity to 30,000 Cases/yr. REQUIRES: Structural Modifications, Stainless Steel Fabrication, Ingredients Receiving & Handling Equipment, Hopper, Feeder, Presses, Crusher, Mixers, Blenders, Processing Vessels, Fermentation Tanks, Barrels Storage, Compressor (Air), Conveyors & Automated System, Pumps, Valves, Heat Exchanger, Utilities, Electrical Distribution, Process Controls (PLC). ENVIRONMENTAL: (A) Dust Collection, Exhaust System; (L) Spill Containment.","Medlock Ames Winery continues Permitting for Winery Expansion through Approval plus anticipates Final AFE Approval 4Q25 (Oct). Upon Approval, Medlock Ames Winery awards G/C plus releases RFQs and Bid Documents for Contractors/Subcontractors and Specialty Trades 4Q25 (Oct-Dec). Construction Kick-Off 4Q25 (Dec). Project Completion 2Q26 (Jun).",3646720,3537189,Medlock Ames Winery,7-Jul-25,A,7-Jul-25,,https://www.industrialinfo.com/dash/project_report.jsp?PROJECT_ID=301091086,0,Medium (70-80%)
Food & Beverage," $10,000,000 ",USD,5-Jul-24,HANFORD CHEESE PLANT PHASE VI EXPANSION,Plant Expansion,"Natural, Processed & Imitation Cheese",Processed cheese-mfg,Marquez Brothers International Incorporated,Planned,"Natural, Processed & Imitation Cheese",Hanford Dairy Processing Plant,Marquez Brothers International Incorporated,7945 Lacey Boulevard,Hanford,CA,California,U.S.A.,93230,+1 4089602700,-119.598944,36.327387,CA*06,West Coast U.S.A.,Kings,Market Analysis,4/8/2455,,4/10/2455,4/11/2455,7/9/2455,7/16/2455,1-Aug-29,YEAR,"Marquez Brothers International Incorporated with E. A. Bonelli & Associates Incorporated (Architect) has begun Market Analysis for Cheese Plant Phase VI Expansion. DETAILS: At Planned (730,516 sqft) Dairy Products Complex, As Part VII of IX Phase Development, Construct new (10,000 sqft) Whey Processing and Drying Buiding Additions plus Install Associated Equipment to Produce Cheeses, Yogurt, Whey Protein and Other Dairy Products. REQUIRES: Site Preparation, Foundation, Building, Heavy Load Flooring, Insulated Wall Panels, Equipment Pads & Settings, Docks/Doors, Cooler, Refrigeration System (Ammonia), Evaporator Coils, Air Flow & Temperature Controlled Systems, Compressor, Fans, Storage Racks, Storage Silos, Condenser, Fire Protection & Inventory Management Systems, Controls (PLC), Valves & Seats, Utilities Tie-Ins plus Electrical Distribution. ENVIRONMENTAL: (A) Vent Exhaust System, Ducting; (L) Spill Containment.","Marquez Brothers International Incorporated with E. A. Bonelli & Associates Incorporated (Architect) continues Owner Review of Issue for Cheese Plant Phase VII Expansion and anticipates Final AFE Approval 3Q28 (Sep). Subject to Approval, Marquez Brothers International Incorporated awards Design-Build and releases releases RFQs and Bid Documents for Contractors/Subcontractors & Specialty Vendors (Applied Technologies Engineers, GSE Construction Company Incorporated, Applied Process Cooling Corporation or Similar Preferred Bidders) 4Q28 (Oct) thru 4Q28 (Dec). Estimated Construction Kick-Off 1Q29 (Jan). Estimated Project Completion 3Q29 (Aug).",3600589,1081491,Marquez Brothers International Incorporated,12-Jul-24,A,7-Jul-25,Whey,https://www.industrialinfo.com/dash/project_report.jsp?PROJECT_ID=300990523,0,Low (0-69%)
Food & Beverage," $50,000,000 ",USD,5-Jul-24,HANFORD CHEESE PLANT PHASE II EXPANSION,Plant Expansion,"Natural, Processed & Imitation Cheese",Processed cheese-mfg,Marquez Brothers International Incorporated,Planned,"Natural, Processed & Imitation Cheese",Hanford Dairy Processing Plant,Marquez Brothers International Incorporated,7945 Lacey Boulevard,Hanford,CA,California,U.S.A.,93230,+1 4089602700,-119.598944,36.327387,CA*06,West Coast U.S.A.,Kings,Owner Review of Issue,9/16/2454,,9/15/2454,9/17/2454,9/18/2454,1/1/2455,31-Dec-27,YEAR,"Marquez Brothers International Incorporated with E. A. Bonelli & Associates Incorporated (Architect) has begun Owner of Review for Cheese Plant Phase II Expansion. DETAILS: At Planned (730,516 sqft) Dairy Products Complex, As Part II of IX Phase Development, Construct new WWTP (10,000 sqft, Built but Not Commissioned) and Production Building Additions (Size Unknown) plus Install Associated Equipment to Produce Cheeses, Yogurt, Whey Protein and Other Dairy Products. REQUIRES: Site Preparation, Foundation, Building, Heavy Load Flooring, Insulated Wall Panels, Equipment Pads & Settings, Docks/Doors, Cooler, Refrigeration System (Ammonia), Evaporator Coils, Air Flow & Temperature Controlled Systems, Compressor, Fans, Storage Racks, Storage Silos, Condenser, Fire Protection & Inventory Management Systems, Controls (PLC), Valves & Seats, Utilities Tie-Ins plus Electrical Distribution. ENVIRONMENTAL: (A) Vent Exhaust System, Ducting; (L) Spill Containment; (W) Wastewater Treatment.","Marquez Brothers International Incorporated with E. A. Bonelli & Associates Incorporated (Architect) continues Owner Review of Issue for Cheese Plant Phase VII Expansion and anticipates Final AFE Approval 2Q26 (May). Subject to Approval, Marquez Brothers International Incorporated awards G/C and releases RFQs and Bid Documents for Contractors, Subcontractors and Equipment Providers 2Q26 (Apr-Jun). Construction Kick-Off 3Q26 (Jul). Project Completion 4Q27 (Dec).",3600589,1081491,Marquez Brothers International Incorporated,12-Jul-24,A,7-Jul-25,Cheese,https://www.industrialinfo.com/dash/project_report.jsp?PROJECT_ID=300990524,12,Low (0-69%)
Food & Beverage," $20,000,000 ",USD,5-Jul-24,HANFORD CHEESE PLANT PHASE IX EXPANSION,Plant Expansion,"Natural, Processed & Imitation Cheese",Processed cheese-mfg,Marquez Brothers International Incorporated,Planned,"Natural, Processed & Imitation Cheese",Hanford Dairy Processing Plant,Marquez Brothers International Incorporated,7945 Lacey Boulevard,Hanford,CA,California,U.S.A.,93230,+1 4089602700,-119.598944,36.327387,CA*06,West Coast U.S.A.,Kings,Market Analysis,7/11/2455,,7/12/2455,7/14/2455,7/15/2455,10/23/2455,1-Jul-30,YEAR,"Marquez Brothers International Incorporated with E. A. Bonelli & Associates Incorporated (Architect) has begun Market Analysis for Cheese Plant Phase VII Expansion. DETAILS: At Planned (730,516 sqft) Dairy Products Complex, As Last Phase of IX Phase Development, Construct new (SIZE Unknown) Production and Warehouse Building Additions plus Install Associated Equipment to Produce and Store Cheeses, Yogurt, Whey Protein and Other Dairy Products. REQUIRES: Site Preparation, Foundation, Building, Heavy Load Flooring, Insulated Wall Panels, Equipment Pads & Settings, Docks/Doors, Stainless Steel Fabrication, Storage Tanks, Ingredient Feeders, Mixers, Pasteurizers, Homogenizers, Processing Vessels, Processing Equipment, CIP (Clean-In-Place) Systems, Conveyor System, Extrusion Tunnel, Packaging Equipment, Hardening System, Refrigeration System (Ammonia), Evaporator Coils, Air Flow & Temperature Controlled Systems, Compressor, Fans, Storage Racks, Storage Silos, Condenser, Fire Protection & Inventory Management Systems, Controls (PLC), Valves & Seats, Utilities Tie-Ins plus Electrical Distribution. ENVIRONMENTAL: (A) Vent Exhaust System, Ducting; (L) Spill Containment.","Marquez Brothers International Incorporated with E. A. Bonelli & Associates Incorporated (Architect) continues Owner Review of Issue for Cheese Plant Phase IX Expansion and anticipates Final AFE Approval 1Q29 (Mar). Subject to Approval, Marquez Brothers International Incorporated awards Design-Build and releases releases RFQs and Bid Documents for Contractors/Subcontractors & Specialty Vendors (Applied Technologies Engineers, GSE Construction Company Incorporated, Applied Process Cooling Corporation or Similar Preferred Bidders) 2Q29 (Apr-Jun). Estimated Construction Kick-Off 3Q29 (Jul). Estimated Project Completion 3Q30 (Jul).",3600589,1081491,Marquez Brothers International Incorporated,12-Jul-24,A,7-Jul-25,Cheese,https://www.industrialinfo.com/dash/project_report.jsp?PROJECT_ID=300990525,0,Low (0-69%)
Food & Beverage," $20,000,000 ",USD,5-Jul-24,HANFORD CHEESE PLANT PHASE VIII EXPANSION,Plant Expansion,"Natural, Processed & Imitation Cheese",Processed cheese-mfg,Marquez Brothers International Incorporated,Planned,"Natural, Processed & Imitation Cheese",Hanford Dairy Processing Plant,Marquez Brothers International Incorporated,7945 Lacey Boulevard,Hanford,CA,California,U.S.A.,93230,+1 4089602700,-119.598944,36.327387,CA*06,West Coast U.S.A.,Kings,Market Analysis,7/11/2455,,7/12/2455,7/14/2455,7/15/2455,10/23/2455,1-Jul-30,YEAR,"Marquez Brothers International Incorporated with E. A. Bonelli & Associates Incorporated (Architect) has begun Market Analysis for Cheese Plant Phase VII Expansion. DETAILS: At Planned (730,516 sqft) Dairy Products Complex, As Phase VIII of IX Phase Development, Construct new (SIZE Unknown) Production and Warehouse Building Additions plus Install Associated Equipment to Produce and Store Cheeses, Yogurt, Whey Protein and Other Dairy Products. REQUIRES: Site Preparation, Foundation, Building, Heavy Load Flooring, Insulated Wall Panels, Equipment Pads & Settings, Docks/Doors, Stainless Steel Fabrication, Storage Tanks, Ingredient Feeders, Mixers, Pasteurizers, Homogenizers, Processing Vessels, Processing Equipment, CIP (Clean-In-Place) Systems, Conveyor System, Extrusion Tunnel, Packaging Equipment, Hardening System, Refrigeration System (Ammonia), Evaporator Coils, Air Flow & Temperature Controlled Systems, Compressor, Fans, Storage Racks, Storage Silos, Condenser, Fire Protection & Inventory Management Systems, Controls (PLC), Valves & Seats, Utilities Tie-Ins plus Electrical Distribution. ENVIRONMENTAL: (A) Vent Exhaust System, Ducting; (L) Spill Containment.","Marquez Brothers International Incorporated with E. A. Bonelli & Associates Incorporated (Architect) continues Owner Review of Issue for Cheese Plant Phase VII Expansion and anticipates Final AFE Approval 1Q29 (Mar). Subject to Approval, Marquez Brothers International Incorporated awards Design-Build and releases releases RFQs and Bid Documents for Contractors/Subcontractors & Specialty Vendors (Applied Technologies Engineers, GSE Construction Company Incorporated, Applied Process Cooling Corporation or Similar Preferred Bidders) 2Q29 (Apr-Jun). Estimated Construction Kick-Off 3Q29 (Jul). Estimated Project Completion 3Q30 (Jul).",3600589,1081491,Marquez Brothers International Incorporated,12-Jul-24,A,7-Jul-25,Cheese,https://www.industrialinfo.com/dash/project_report.jsp?PROJECT_ID=300990514,0,Low (0-69%)
Food & Beverage," $60,000,000 ",USD,5-Jul-24,HANFORD CHEESE PLANT PHASE VII EXPANSION,Plant Expansion,"Natural, Processed & Imitation Cheese",Processed cheese-mfg,Marquez Brothers International Incorporated,Planned,"Natural, Processed & Imitation Cheese",Hanford Dairy Processing Plant,Marquez Brothers International Incorporated,7945 Lacey Boulevard,Hanford,CA,California,U.S.A.,93230,+1 4089602700,-119.598944,36.327387,CA*06,West Coast U.S.A.,Kings,Market Analysis,4/8/2455,,4/10/2455,4/11/2455,7/9/2455,7/16/2455,1-Aug-29,YEAR,"Marquez Brothers International Incorporated with E. A. Bonelli & Associates Incorporated (Architect) has begun Market Analysis for Cheese Plant Phase VII Expansion. DETAILS: At Planned (730,516 sqft) Dairy Products Complex, As Part VII of IX Phase Development, Construct new (~185,000 sqft) Main Cheese Production Facility and new Milk Silos plus Install Associated Equipment to Produce Cheeses, Yogurt, Whey Protein and Other Dairy Products. REQUIRES: Site Preparation, Foundation, Building, Heavy Load Flooring, Insulated Wall Panels, Equipment Pads & Settings, Docks/Doors, Cooler, Refrigeration System (Ammonia), Evaporator Coils, Air Flow & Temperature Controlled Systems, Compressor, Fans, Storage Racks, Storage Silos, Condenser, Fire Protection & Inventory Management Systems, Controls (PLC), Valves & Seats, Utilities Tie-Ins plus Electrical Distribution. ENVIRONMENTAL: (A) Vent Exhaust System, Ducting; (L) Spill Containment.","Marquez Brothers International Incorporated with E. A. Bonelli & Associates Incorporated (Architect) continues Owner Review of Issue for Cheese Plant Phase VII Expansion and anticipates Final AFE Approval 3Q28 (Sep). Subject to Approval, Marquez Brothers International Incorporated awards Design-Build and releases releases RFQs and Bid Documents for Contractors/Subcontractors & Specialty Vendors (Applied Technologies Engineers, GSE Construction Company Incorporated, Applied Process Cooling Corporation or Similar Preferred Bidders) 4Q28 (Oct) thru 4Q28 (Dec). Estimated Construction Kick-Off 1Q29 (Jan). Estimated Project Completion 3Q29 (Aug).",3600589,1081491,Marquez Brothers International Incorporated,15-Jul-24,A,7-Jul-25,Cheese,https://www.industrialinfo.com/dash/project_report.jsp?PROJECT_ID=300990511,0,Low (0-69%)
Food & Beverage," $7,000,000 ",USD,1-Jul-24,HANFORD GRASSROOT DAIRY PROCESSING PLANT,Grassroot,"Natural, Processed & Imitation Cheese",Processed cheese-mfg,Marquez Brothers International Incorporated,Planned,"Natural, Processed & Imitation Cheese",Hanford Dairy Processing Plant,Marquez Brothers International Incorporated,7945 Lacey Boulevard,Hanford,CA,California,U.S.A.,93230,+1 4089602700,-119.598944,36.327387,CA*06,West Coast U.S.A.,Kings,Permitting,9/16/2454,,9/15/2454,9/17/2454,9/17/2454,12/29/2454,30-Sep-27,YEAR,"Marquez Brothers International Incorporated with E.A. Bonelli (Architect) has begun Permitting for Grassroot Dairy Processing Plant. DETAILS: At existing 49.4 acre site, Phase I of IX, Build (32,000 sqft) Central Utility Building. REQUIRES: Site Preparation, Foundation, Building, Heavy Load Flooring, Pad-Mounted Transformers, Circuit Breakers, Boilers, Chillers, Cooling Towers, Generators, Switches, High Voltage Switchgear, Voltage Regulators, Lighting, Condenser Water Pumps, Temperature Controls, Heaters, Air Condensers, Air Handlers, Heat Exchangers, MCC plus Controls (PLC). ENVIRONMENTAL: (A) Ventilation and Exhaust System, Ducting, Fans; (L) Trenching, Excavation; (W) Waste Water Run-Off.","Marquez Brothers International Incorporated with E.A. Bonelli (Architect) Continues Permitting for Grassroot Dairy Processing Plant thru 3Q25 (Sep), and Anticipates AFE Approval 2Q26 (May). Marquez Brothers International Incorporated with E.A. Bonelli releases RFQs and Bid Documents for Contractors, Subcontractors and Equipment Providers 2Q26 (Apr-Jun). Construction Kick-Off 2Q26 (Jun). Project Completion 3Q27 (Sep).",3600589,1081491,Marquez Brothers International Incorporated,11-Jul-24,A,7-Jul-25,Plant based Meat (Beef),https://www.industrialinfo.com/dash/project_report.jsp?PROJECT_ID=300989712,12,Medium (70-80%)
Food & Beverage," $5,000,000 ",USD,14-Aug-23,TBD SOUTHERN CALIFORNIA BROWNFIELD FRUIT JUICE PROCESSING PLANT,Brownfield,"Frozen Fruits, Fruit Juices & Vegetables","Frozen fruits, fruit juices, and vegetables-mfg",Natalie's Orchid Island Juice Company,Planned,"Frozen Fruits, Fruit Juices & Vegetables",TBD Southern California Fruit Juice Processing,Perricone Farms & Juices,TBD Southern California Area,City Of Industry,CA,California,U.S.A.,90601,+1 7724651122,-117.959988,34.019975,CA*08,West Coast U.S.A.,Los Angeles [souther,Site Selection,9/14/2454,6/14/2454,9/14/2454,9/15/2454,9/16/2454,9/23/2454,31-Dec-26,YEAR,"Natalie's Orchid Island Juice Company (Perricone Farms as Parent) has begun Site Selection and Developing Full Project Scope for Brownfield Fruit Juice Processing Plant. DETAILS: At TBD Acquired (UNKNOWN sqft) Extraction Plant, Perform Interior Modifications & Upgrades and Install Machinery plus Auxiliary Equipment to Process Fresh Fruit & Vegetables to Produce & Package Juices. REQUIRES: Interior Modifications & Upgrades, Equipment Pads & Setting, Steel Fabrication, Equipment Relocation and Installation, Produce Receiving & Handling Equipment, Hoppers, Feeder, Washers, Cleaners, Sorters, Graders, Cutters, Processing Vessels/Tanks, Cookers, Automated & Conveyor Systems, Filling & Packaging Equipment, Case Packers, Refrigeration System, Cooler/Freezer, Process Piping, Storage Racks, Material Handling Equipment, Temperature and Humidity Control System, Inventory Management & Fire Protection System, Lighting, Motors, Drives, Pumps, Heat Exchangers, Process Controls (PLC), Utility Tie-Ins plus Electrical Distribution. ENVIRONMENTAL: (A) Dust Collection, Exhaust System, Ventilation System, Ducting; (L) Spill Containment.","Natalie's Orchid Island Juice Company (Perricone Farms as Parent) continues Site Selection and Developing Full Project Scope for Brownfield Fruit Juice Processing Plant and anticipate receiving AFE Approval 1Q26 (Mar). Upon Final Corporate Approval, Natalie's Orchid Island Juice Company awards G/C plus releases RFQs and Bid Documents for Contractors, Subcontractors, Equipment Providers & Specialty Trades 1Q26 (Mar) thru 2Q26 (Apr). Construction Kick-Off 2Q26 (May). Project Completion 4Q26 (Dec).",3559246,1065748,Natalie's Orchid Island Juice Company,14-Aug-23,A,2-Jul-25,,https://www.industrialinfo.com/dash/project_report.jsp?PROJECT_ID=300905634,16,Low (0-69%)
Food & Beverage," $1,500,000 ",USD,14-Aug-24,HAYWARD FROZEN PIZZA PLANT PRODUCTION LINE ADDITION,Equipment Addition,Frozen Specialties,"Pizza, frozen-mfg",Vicolo Pizza,Operational,Frozen Specialties,Hayward Frozen Pizza,Vicolo Pizza,31112 San Clemente Street,Hayward,CA,California,U.S.A.,945447802,+1 5104756019,-122.05222,37.609826,CA*03,West Coast U.S.A.,Alameda,Market Analysis,9/15/2454,6/14/2454,9/15/2454,9/16/2454,9/18/2454,9/19/2454,30-Aug-26,YEAR,"Vicolo Pizza has begun Market Analysis for Frozen Pizza Plant Production Line Addition. DETAILS: At Existing 25,000 sqft Frozen Pizza Manufacturing Plant, Construct (1) new Production Line Addition plus Auxiliary Equipment. REQUIRES: Stainless Steel Fabrication, Ovens, Mixers, Blending Ingredient Vessels, Proofers, Extruders, Formers, Conveyor Systems, Robotics, Filling & Packaging Machines, Cutters, Loading/Unloading Systems, Spiral Freezer, Automated Systems, Motors, Servo Drives, Material Handling Equipment, Boilers, Seeders, Dryers, Process Controls (Pneumatics, PLC) & Tie-Ins, Belts, Rollers, Stands plus Electrical Distribution. ENVIRONMENTAL: (A) Ventilation & Exhaust Ducting Tie-Ins; (L) Containment.","Vicolo Pizza continues Marketing Analysis for Frozen Pizza Plant Production Line Addition thru 3Q25 (Sep) and anticipates finalizing Scope by 4Q25 (Nov) and receiving Final AFE Approval by 2Q26 (Apr). Subject to Owner Approval, Vicolo Pizza releases RFQs and Bid Documents 2Q26 (Apr-May). Construction Kick-Off 3Q26 (Jul). Project Completion 3Q26 (Aug).",3274197,3241882,Vicolo Pizza,21-Aug-24,A,3-Jul-25,Pizza And Quiche,https://www.industrialinfo.com/dash/project_report.jsp?PROJECT_ID=301000410,12,Low (0-69%)
Food & Beverage," $22,000,000 ",USD,13-Apr-23,"PENRYN GRASSROOT WINERY ""PROJECT 8""",Grassroot,"Wines, Brandy & Brandy Spirits",Wines-mfg,Le Cavalier Cellars,Planned,"Wines, Brandy & Brandy Spirits",Penryn Winery,Le Cavalier Cellars,7851 Callison Road,Penryn,CA,California,U.S.A.,95663,+1 9163006504,-121.157275,38.867247,CA*04,West Coast U.S.A.,Placer,Permitting,6/14/2454,11/27/2453,6/13/2454,6/15/2454,9/13/2454,12/24/2454,30-Apr-27,YEAR,"Le Cavalier Cellars with Scott Edwards Architecture (Architect) and B.E.M. Inc. (Building Engineering and Maintenance Incorporated, Engineering) has Begun Permitting for Grassroot Winery (Project 8). DETAILS: At Selected (44.14-acre) Site Construct a full Production Winery (on 17.96 acres) including Wine Production Facilities (26,000 sqft) Warehouse, a Tasting Room, and Underground Wine Cave, an Accessory Restaurant, and Other Associated Facilities and Equipment. REQUIRES: Site Preparation, Foundation, Building, Stainless Steel Fabrication, Ingredients Receiving & Handling Equipment, Storage Tanks, Hopper, Feeder, Presses, Crusher, Mixers, Blenders, Processing Vessels, Fermentation Tanks, Filling & Bottling Equipment, Conveyors Systems, Case Packers, Barrel Storage Racks, Fire Protection System, Temperature Controls System, Compressor (Air), Pumps, Valves, Heat Exchanger, Utilities, Process Controls (PLC), Electrical Distribution plus Mechanical Room & Offices. ENVIRONMENTAL: (A) Vent System, Ducting, Exhaust System; (L) Spill Containment, Floor Drains.","Le Cavalier Cellars with Scott Edwards Architecture (Architect) and B.E.M. Inc. (Engineering) continues Permitting for Grassroot Winery (Project 8) and anticipates Final AFE Approval 4Q25 (Nov). Subject to Final Approval, Le Cavalier Cellars awards G/C  Releases any remaining RFQs and Subcontractor/Contractor/Vendor Bid Documents 4Q25 (Oct-Dec). Construction Kick-Off 1Q26 (Feb). Project Completion 2Q27 (Apr).",3545827,3454280,Le Cavalier Cellars,14-Apr-23,A,2-Jul-25,Wine,https://www.industrialinfo.com/dash/project_report.jsp?PROJECT_ID=300874418,24,Low (0-69%)
Food & Beverage," $20,000,000 ",USD,19-Jul-24,SIMI VALLEY GRASSROOT BAKING INGREDIENTS MANUFACTURING PLANT,Grassroot,Food Preparations,Yeast-mfg,Pak Group NA,Planned,Prepared Flour Mixes & Doughs,Simi Valley Baking Ingredients,Pak Group NA,615 W Los Angeles Avenue,Simi Valley,CA,California,U.S.A.,90044,+1 8558716100,-118.813173,34.286638,CA*07,West Coast U.S.A.,Ventura,Permitting,9/13/2454,,9/12/2454,9/14/2454,9/14/2454,9/23/2454,31-Dec-26,YEAR,"Pak Group NA (as Bellarise) with PK Architecture awaits Permitting for Grassroot Baking Ingredients Manufacturing Plant. DETAILS: At (7.7-Acre) Grassroot Site, Construct (66,431 sqft) Manufacturing and Warehouse Facility (38,582 sqft Warehouse; 6,600 sqft Office; 21,000 sqft Manufacturing) plus Install Associated Equipment and Systems to Produce Baking Ingredients. REQUIRES: Site Preparation, Foundation, Building, Heavy Load Flooring, Insulated Wall Panels, Stainless Steel Fabrication, Processing Vessels, Mixers, Cookers Filtration System, Centrifuge, Tanks, Silos, Mixers, Blenders, Rotary Vacuum Filter, Motors, Pumps, Drives, Flow Meters, Heat Exchanger, Process Piping, Automated Systems, Packaging Equipment, Process Controls (PLC) plus Electrical Distribution. ENVIRONMENTAL: (A) Vents, Ducts, Exhaust System; (L) Spill Containment, Floor Drains.","Pak Group NA (as Bellarise) with PK Architecture awaits Permitting for Grassroot Baking Ingredients Manufacturing Plant and anticipates AFE Submittal 1Q26 (Feb). Upon Final Approvals, Pak Group NA awards G/C and releases RFQs and Bid Documents for Contractors and Subcontractors as needed 1Q26 (Jan-Mar). Construction Kick-Off 1Q26 (Mar). Project Completion 4Q26 (Dec).",3602792,3500368,Pak Group NA,22-Jul-24,A,1-Jul-25,"Yeasts, Active",https://www.industrialinfo.com/dash/project_report.jsp?PROJECT_ID=300993625,14,Medium (70-80%)
Food & Beverage," $4,000,000 ",USD,12-Aug-24,STOCKTON PICKLE PROCESSING PLANT ROBOTIC CASE PACKER ADDITIONS,Automation,"Pickled Fruits & Vegetables, Salad Dressings, Vegetable Sauces & Seasonings",Pickles and pickle salting-mfg,Kruger Foods Incorporated,Operational,"Pickled Fruits & Vegetables, Salad Dressings, Vegetable Sauces & Seasonings",Stockton Pickle Processing,Kruger Foods Incorporated,18362 East Highway 4,Stockton,CA,California,U.S.A.,952159433,+1 2099418518,-121.089889,37.926128,CA*06,West Coast U.S.A.,San Joaquin,Project Scope,9/14/2454,6/14/2454,9/14/2454,9/16/2454,9/18/2454,9/20/2454,28-Sep-26,QUARTER,"Kruger Foods Incorporated has begun developing for Pickle Processing Plant Robotic Case Packer Additions. DETAILS: At Existing 100,000 sqft Pickle Processing Plant, Reduce Labor Costs and Perform Automation Upgrades (Packaging Lines) by Constructing (2) new Robotic Case Packer Additions plus Auxiliary Equipment. REQUIRES: Stainless Steel Fabrication, Case Packer Machines, Robotics, Mounting Frames, Arms, Pneumatics, Automated Systems, Wrappers, Case Erecting/Loading & Sealing Equipment, Controllers, Staging Equipment, Air Lines, Speed Reducers, Motors, Servo Drives, Grippers, Wrists, Mechanical Brakes/Adjustable Hard Stops, Operator Stations, Interface Panels, Cables, Input/Output Devices, Monitoring System, Relays, Controls (PLC & Cabinet) plus Electrical Distribution.","Kruger Foods Incorporated continues developing for Pickle Processing Plant Robotic Case Packer Additions thru 3Q25 (Sep) and anticipates finalizing Scope by 4Q25 (Nov) and receiving Final AFE Approval by 1Q26 (Mar). Subject to Final Corporate Approval, Kruger Foods Incorporated releases RFQs and Bid Documents 1Q26 (Mar) Thru 2Q26 (May). Construction Kick-Off 3Q26 (Jul). Project Completion 3Q26 (Sep).",1057205,1074076,Kruger Foods Incorporated,13-Aug-24,A,30-Jun-25,"Vegetables, Nesoi, Fresh Or Chilled",https://www.industrialinfo.com/dash/project_report.jsp?PROJECT_ID=300999668,12,Low (0-69%)
Food & Beverage," $100,000,000 ",USD,19-Nov-24,MANHATTAN BEACH GRASSROOT DESALINATION PLANT,Grassroot,Water Supply,Desalination of Water,Water Replenishment District,Planned,Water Supply,Manhattan Beach Desalination,Water Replenishment District,208th Avenue,Torrance,CA,California,U.S.A.,90503,+1 5622754300,-118.330961,33.84325,CA*08,West Coast U.S.A.,Los Angeles [souther,Market Analysis,3/31/2455,,4/6/2455,4/8/2455,4/9/2455,10/17/2455,1-Jan-30,YEAR,"Water Replenishment District has begun Market Analysis for Grassroot Desalination Plant. DETAILS: At Grassroot Site to be Selected, Construct new Desalter Facility (Size Unknown) plus Install Associated Systems to Produce Desalinated Water. REQUIRES: Buildings, Structural Modifications, Prefilters, Order Control System, RO Feed tank and Pump Station, Chemical Storage, Subsurface Water Storage Tank and Pump Station, Decarbonator Air Stripping Unit, Chemical Feed System, GAC Systems, Nano-Filtration Clean-in-Place and Flushing Systems, Pipelines, Groundwater Extraction Wells, Brine Conveyance Facilities, Membrane Filtration System, Hi-Press Pumps, Flush Tank, Feed & Transfer Pumps, Evaporative Concentration System, Heat Exchangers, Utilities Tie-Ins plus Process Controls. ENVIRONMENTAL: (A) Ducting; (L) Containment; (W) Filtration System.","Water Replenishment District continues Site Market Analysis for Grassroot Desalination Plant (Regional Brackish Water Reclamation Program) and anticipates AFE Submittal 1Q28 (Jan). Upon Final Permitting and Approvals, Water Replenishment District awards Design/Build and releases RFQs and Bid documents for Contractors and Subcontractors 3Q28 (Jul-Sep). Project Kickoff 4Q28 (Oct). Project Completion 1Q30 (Jan).",3617530,3512784,Water Replenishment District,20-Nov-24,A,30-Jun-25,Desalinated Water,https://www.industrialinfo.com/dash/project_report.jsp?PROJECT_ID=301026507,0,Low (0-69%)
Food & Beverage," $4,000,000 ",USD,27-Jun-25,TURLOCK ALMOND PROCESSING PLANT EQUIPMENT ADDITION,Equipment Addition,Salted & Roasted Nuts & Seeds,"Nuts: salted, roasted, cooked, or canned-mfg",Blue Diamond Growers Cooperative,Operational,Salted & Roasted Nuts & Seeds,Turlock Nuts,Blue Diamond Growers Cooperative,1300 North Washington Road,Turlock,CA,California,U.S.A.,953809506,+1 2099860142,-120.902073,37.501677,CA*06,West Coast U.S.A.,Stanislaus,Project Scope,6/12/2454,,6/11/2454,6/13/2454,6/14/2454,9/23/2454,1-Dec-26,QUARTER,"Blue Diamond Growers Cooperative has begun Developing Project Scope for Almond Processing Plant Equipment Addition. DETAILS: At Existing (~255,000+ sqft) Almond Processing Plant, Install Machinery & System plus Associated Equipment from Plant ID #1500949 scheduled to Close 4Q26. REQUIRES: Equipment Dismantlement & Relocation, Stainless Steel Fabrication plus INSTALLATION OF: Receiving & Handling Equipment, Storage Equipment, Washing System, Cleaners, Sorters, Graders, Roasters, Shakers, Dryers, Shelling Equipment, Vacuum System, Screens, Packaging Lines, Storage Bins, Conveyor Systems, Packaging Equipment, Process Controls (PLC, Pneumatics) & Tie-Ins plus Electrical Distribution.","Blue Diamond Growers Cooperative continues Developing Project Scope for Almond Processing Plant Equipment Addition through Project Justification plus anticipates AFE Approval 3Q25 (Sep). Upon Approval, Blue Diamond Growers Cooperative releases RFQs and Bid Documents 1Q25 (Aug) through 4Q25 (Oct). Construction Kick-Off 4Q25 (Nov). Project Completion 4Q26 (Dec).",3350041,1500949,Blue Diamond Growers Cooperative,27-Jun-25,A,27-Jun-25,Almonds,https://www.industrialinfo.com/dash/project_report.jsp?PROJECT_ID=301089213,0,Low (0-69%)
Food & Beverage," $6,000,000 ",USD,27-Jun-25,SALIDA ALMOND PROCESSING PLANT EQUIPMENT ADDITION,Equipment Addition,Salted & Roasted Nuts & Seeds,"Nuts: salted, roasted, cooked, or canned-mfg",Blue Diamond Growers Cooperative,Operational,Salted & Roasted Nuts & Seeds,Salida Almond Processing,Blue Diamond Growers Cooperative,4800 Sisk Road,Modesto,CA,California,U.S.A.,953568730,+1 2095453222,-121.076792,37.706608,CA*06,West Coast U.S.A.,Stanislaus,Project Scope,6/12/2454,,6/11/2454,6/13/2454,6/14/2454,9/23/2454,1-Dec-26,QUARTER,"Blue Diamond Growers Cooperative has begun Developing Project Scope for Almond Processing Plant Equipment Addition. DETAILS: At Existing (~500,000+ sqft) Almond Processing Plant, Install Machinery & System plus Associated Equipment from Plant ID #1500949 scheduled to Close 4Q26. REQUIRES: Equipment Dismantlement & Relocation, Stainless Steel Fabrication plus INSTALLATION OF: Receiving & Handling Equipment, Storage Equipment, Washing System, Cleaners, Sorters, Graders, Roasters, Shakers, Dryers, Shelling Equipment, Vacuum System, Screens, Packaging Lines, Storage Bins, Conveyor Systems, Packaging Equipment, Process Controls (PLC, Pneumatics) & Tie-Ins plus Electrical Distribution.","Blue Diamond Growers Cooperative continues Developing Project Scope for Almond Processing Plant Equipment Addition through Project Justification plus anticipates AFE Approval 3Q25 (Sep). Upon Approval, Blue Diamond Growers Cooperative releases RFQs and Bid Documents 1Q25 (Aug) through 4Q25 (Oct). Construction Kick-Off 4Q25 (Nov). Project Completion 4Q26 (Dec).",1025264,1500949,Blue Diamond Growers Cooperative,27-Jun-25,A,27-Jun-25,Almonds,https://www.industrialinfo.com/dash/project_report.jsp?PROJECT_ID=301089162,0,Low (0-69%)
Food & Beverage," $400,000,000 ",USD,30-Sep-24,OXNARD GRASSROOT (EXTRACTION BARRIER BRACKISH) DESALINATION PLANT,Grassroot,Water Supply,Desalination of Water,United Water Conservation District,Planned,Water Supply,Oxnard (Extraction Barrier Brackish) Desalination,United Water Conservation District,Port Hueneme Area,Oxnard,CA,California,U.S.A.,93041,+1 8055254431,-119.213047,34.157668,CA*07,West Coast U.S.A.,Ventura,Site Study,12/30/2454,12/24/2454,12/25/2454,1/1/2455,3/31/2455,10/17/2455,1-Jan-30,YEAR,"United Water Conservation District has begun Site Study for Grassroot Extraction Barrier Brackish Desalination Plant. DETAILS: At Grassroot Site, Construct Source Wells and Install Pipelines plus COnstruct Brackish Water Reverse Osmosis (BRWO) Desalination Plant  (Size Unknown) to Produce Potable Water. REQUIRES: Site Preparation, Foundations/Concrete, Buildings, Water In-Take System, Collection Pumps, Storage Tanks, Intake/Discharge Pipelines, Pre-Treatment & Post-Treatment Systems, Reverse Osmosis Unit, Pipeline, Screens,  Chemical Feed & Storage Facilities, Brine Conveyance Facilities, Membrane Filtration System, Hi-Press Pumps, Flush Tank, Feed & Transfer Pumps, Evaporative Concentration System, Heat Exchangers, Utilities Tie-Ins plus Process Controls. ENVIRONMENTAL: (A) Ducting; (L) Containment; (W) Filtration System.","United Water Conservation District continues Site Study for Grassroot Extraction Barrier Brackish Desalination Plant and anticipates AFE Submittal 4Q27 (Oct). Upon Final Approvals, United Water Conservation District awards D/B and releases RFQs and Bid Documents for Contractors, Subcontractors, Equipment Providers & Specialty Trades 2Q27 (May) through 4Q27 (Dec). Construction Kick-Off 1Q28 (Jan). Project Completion 1Q30 (Jan).",3612025,3508042,United Water Conservation District,30-Sep-24,A,27-Jun-25,Desalinated Water,https://www.industrialinfo.com/dash/project_report.jsp?PROJECT_ID=301013640,0,Low (0-69%)
Food & Beverage," $7,000,000 ",USD,27-Jun-25,POINT REYES STATION CHEESE PROCESSING LINE ADDITION,Equipment Addition,"Natural, Processed & Imitation Cheese","Cheese, not elsewhere classified",Point Reyes Farmstead Cheese Company,Operational,"Natural, Processed & Imitation Cheese",Point Reyes Station Cheese,Point Reyes Farmstead Cheese Company,14700 Shoreline Highway,Point Reyes Station,CA,California,U.S.A.,94956,+1 4156638880,-122.824588,38.104666,CA*03,West Coast U.S.A.,Marin,Market Analysis,12/21/2454,9/22/2454,12/21/2454,12/23/2454,12/31/2454,1/1/2455,30-Dec-27,YEAR,"Point Reyes Farmstead Cheese Company has begun Market Analysis for Cheese Processing Line Addition. DETAILS: At Existing 53,000 sqft Cheese Manufacturing Plant, Construct (1) new Cheese Processing Line Addition plus Auxiliary Equipment. REQUIRES: Structural Modifications, Stainless Steel Fabrication, Cheese Processing Line, Pasteurization System, Homogenizers, Separators, Tanks/Vessels, Freezer/Cooler, Storage Racks, Mixers, Vats, Blow Mold Machines, Moulding Columns, Weighing & Portioning System, Moulds/Lids Transport & Storage Equipment, CIP (Clean-In-Place) System, Cleaning Tunnel, Sealers & Labelers, Refrigeration System (Ammonia/Freon), Silos, Pumps, Motors, Drives, Compressor (Air), Material Handling Equipment, Temperature & Process Controls (PLC) & Tie-Ins plus Electrical Distribution. ENVIRONMENTAL: (A) Dust Collection System, Ducting; (L) Spill Containment.","Point Reyes Farmstead Cheese Company continues Market Analysis for Cheese Processing Line Addition thru 4Q25 (Oct) and anticipates finalizing Scope by 4Q26 (Oct) and receiving final AFE Approval by 1Q27 (Jan). Subject to Approval, Point Reyes Farmstead Cheese Company releases RFQs and Bid Documents 1Q27 (Jan-Mar). Construction Kick-Off 4Q27 (Nov). Project Completion 4Q27 (Dec).",3253439,3225330,Point Reyes Farmstead Cheese Company,27-Jun-25,A,27-Jun-25,Cheese,https://www.industrialinfo.com/dash/project_report.jsp?PROJECT_ID=301089110,0,Low (0-69%)
Food & Beverage," $40,000,000 ",USD,14-Apr-22,MADERA PHASE II COLD STORAGE WAREHOUSE EXPANSION,Plant Expansion,Refrigerated Warehousing & Storage,Cold storage warehousing,Origo Cold Madera LLC,Operational,Refrigerated Warehousing & Storage,Madera Cold Storage,Amond World,2647 Condor Road,Madera,CA,California,U.S.A.,936379471,+1 5594818559,-120.0992699,36.9885149,CA*06,West Coast U.S.A.,Madera,Owner Review of Issue,9/16/2454,,9/15/2454,9/16/2454,9/17/2454,12/30/2454,31-Oct-27,YEAR,"Origo Cold Madera LLC with VR Design Incorporated and Span Construction & Engineering Incorporated has begun  Owner Review of Issue (Permitting) for Phase II Cold Storage Warehouse Expansion. DETAILS: As Second Phase of Planned Cold Storage (Project #300782768), Construct (250,000 sqft) Refrigerated Warehouse Building plus Install Associated Equipment. REQUIRES: Site Preparation, Foundation, Building, Heavy Load Flooring, Insulated Wall Panels, Docks/Doors, Cooler/Freezer, Refrigeration System (Ammonia), Evaporator Coils, Air Flow & Temperature Controlled Systems, Engine Room, Screw Compressors, Fans, Condenser, Compressor (Air), Control Valves, Pumps, Motors, Fire Protection Systems, Charging Station, Controls (PLC), Utilities, Electrical Distribution plus Office Area. ENVIRONMENTAL: (A) Vent Exhaust System, Ducting; (L) Spill Containment, Floor Drains.","Origo Cold Madera LLC with VR Design Incorporated and Span Construction & Engineering Incorporated continues Owner Review of Issue (Permitting) for Phase II Cold Storage Warehouse Expansion and anticipates AFE Approval 2Q26 (MAy). Upon Approval, Origo Cold Madera LLC with VR Design Incorporated and Span Construction & Engineering Incorporated releases remaining RFQs and Bid Documents for Contractors, Subcontractors & Specialty Trades 2Q26 (Apr-Jun). Construction Kick-Off 3Q26 (Jun). Project Completion 4Q27 (Oct).",3503085,3419198,Amond World,14-Apr-22,A,26-Jun-25,Refrigerated Warehousing & Storage,https://www.industrialinfo.com/dash/project_report.jsp?PROJECT_ID=300782797,32,Low (0-69%)
Food & Beverage," $10,000,000 ",USD,15-Jun-22,DAVIS GRAPEVINE GREENHOUSE PHASE II EXPANSION,Plant Expansion,Food Crops Grown Under Cover,Greenhouses for food crops,University of California Davis,Operational,Food Crops Grown Under Cover,Davis Greenhouse,University of California Davis,1 Shields Avenue,Davis,CA,California,U.S.A.,95616,+1 5307523590,-121.762,38.53,CA*02,West Coast U.S.A.,Yolo,Project Scope,9/18/2454,6/13/2454,9/16/2454,9/18/2454,9/19/2454,9/23/2454,29-Dec-26,YEAR,"Foundation Plant Services (as University of California-Davis) has begun developing Project Scope for Grapevine Greenhouse Phase II Expansion. DETAILS: At Existing (14,400 sqft) Phase I Greenhouse (Project 300798364), Construct Building Addition (Size: 11,700sqft~) plus Install Associated Equipment. REQUIRES: Site Preparation, Foundation, Building, Heavy Load Flooring, Greenhouse, Sorting Machines, Growing Trays, Air Circulation System, Automatic Irrigation System, Sorters, Traceability System, Silos, Weighing System, Case Packers, Palletizers, Refrigeration System, Temperature Sensors & Controls, Inventory Control System, Electrical Distribution, Lighting, Fire Protection System, Motors, Control Valves plus Process Controls (PLC). ENVIRONMENTAL: (A) Vent System, Ducting; (L) Underground Plumbing, Containment Areas, Drainage & Run-off System.","Foundation Plant Services (as University of California-Davis continues developing Project Scope for Grapevine Greenhouse Phase II Expansion Thru 4Q25 (Oct) and anticipates Final AFE Approval 3Q26 (Jul). Subject to Final Capital Approvals, Foundation Plant Services awards G/C plus releases RFQs and Bid Documents for Contractors, Subcontractors, Equipment Providers & Specialty Trades 2Q26 (May) Thru 3Q26 (Jul). Construction Kick-Off 2Q26 (Apr). Project Completion 4Q26 (Dec).",3510481,1034872,University of California Davis,15-Jun-22,A,26-Jun-25,"Grapes, Fresh",https://www.industrialinfo.com/dash/project_report.jsp?PROJECT_ID=300798370,28,Low (0-69%)
Food & Beverage," $4,121,000 ",USD,26-Jan-24,TULARE DAIRY FARM COVERED LAGOON DIGESTER ADDITION,Unit Addition,Dairy Farms,Dairy farms,D D W Farms,Operational,Dairy Farms,Tulare Dairy Farm,D D W Farms,24643 Road 36,Tulare,CA,California,U.S.A.,93274,+1 5596881440,-119.49438,36.23635,CA*06,West Coast U.S.A.,Tulare,Construction - Merit Shop,6/7/2454,,6/4/2454,6/6/2454,6/7/2454,6/15/2454,31-Dec-25,QUARTER,"D D W Farms with MAAS Energy Works Incorporated (EPC Digester) has begun Construction for Dairy Farm Covered Lagoon Digester Addition. DETAILS: At Existing (5,500+) Animals Dairy Farm, Construct New Covered Lagoon Digester with Auxiliary Equipment to Transform Methane from Cow Manure to Reduce Methane Emissions and Produce Renewable Natural Gas. REQUIRES: Site Preparation, Foundation, Stainless Steel Fabrication, Biogas Collection System, Baffles Walls, Weir Boards, Plate Coolers, Sprinkler Pens, Pumps, Storage Tanks, Screens, Chillers, Blowers, Gas Compressors, Gas Flow Meters, Cooling System, Buffers, Fire Protection System, Motors, Drives, Valves, Piping, Process Controls & Utilities Tie-Ins plus Electrical Distribution. ENVIRONMENTAL: (A) Emissions Controls, Scrubber System; (L) Containment Areas; (W) Wastewater Treatment Lagoon.","D D W Farms with MAAS Energy Works Incorporated continues Construction for Dairy Farm Covered Lagoon Digester Addition plus Releases RFQs and Bid Documents for Contractors, Subcontractors, Equipment Providers & Specialty Trades 1Q25 (Jan-Mar). Construction Kick-Off 2Q25 (Apr). Project Completion 4Q25 (Dec).",3579445,3482614,D D W Farms,29-Jan-24,A,23-Jun-25,"Natural Gas, Gaseous (Methane)",https://www.industrialinfo.com/dash/project_report.jsp?PROJECT_ID=300948981,13,High (81-99%)
Food & Beverage," $35,000,000 ",USD,15-May-23,WOODLAND (NORTHERN CALIFORNIA) GRASSROOT COLD STORAGE,Grassroot,Refrigerated Warehousing & Storage,Refrigerated warehousing,United States Cold Storage Incorporated,Planned,Refrigerated Warehousing & Storage,Woodland (Northern California) Cold Storage,United States Cold Storage Incorporated,TBD,Woodland,CA,California,U.S.A.,95695,+1 8563548181,-121.7760659,38.6811116,CA*02,West Coast U.S.A.,Yolo,Site Selection,9/15/2454,,9/12/2454,9/14/2454,9/16/2454,12/25/2454,29-May-27,YEAR,"United States Cold Storage has begun Site Selection for Grassroot Cold Storage Facility. DETAILS: Select Grassroot Site in Northern California Potentially Woodland, Construct (Sqft: Unknown) Cold Storage Facility plus Install Associated Equipment. REQUIRES: Site Preparation, Foundation, Building, Heavy Load Flooring, Equipment Pads, Equipment Setting, Insulated Wall Panels, Docks/Doors, Material Handling Equipment, Freezer, Cooler, Ammonia Refrigeration System, Storage Racks, Evaporated Coils, Temperature Controlled Systems, Fans, Inventory Management System, Fire Protection System, Lighting, Controls (PLC), Utilities Tie-Ins plus Electrical Distribution. ENVIRONMENTAL: (A) Vents, Ducting; (L) Spill Containment, Drains.","United States Cold Storage continues Site Selection for Grassroot Cold Storage and Expects Approval 2Q26 (Apr). Subject to Final Corporate Approval, US Cold Storage selects Design-Build (Fisher Construction Group, Stellar Construction or Similar Preferred Firm) and selects Refrigeration Contractor (M&M Refrigeration or Similar Preferred Bidder) and releases RFQs and Bid Documents for Contractors 1Q26 (Jan-Mar). Construction Kick-Off Is Expected 2Q26 (May). Project Completion 2Q27 (May).",3549341,1028312,United States Cold Storage Incorporated,15-May-23,A,23-Jun-25,Refrigerated Warehousing & Storage,https://www.industrialinfo.com/dash/project_report.jsp?PROJECT_ID=300882785,26,Low (0-69%)
Food & Beverage," $1,000,000 ",USD,12-May-21,HOPLAND WINERY FACILITY CANNING LINE ADDITION,Equipment Addition,"Wines, Brandy & Brandy Spirits",Wines-mfg,Feliz Creek Cellars,Operational,"Wines, Brandy & Brandy Spirits",Hopland Winery,Feliz Creek Cellars,365 Feliz Creek Road,Hopland,CA,California,U.S.A.,95449,+1 7076700213,-123.12065,38.97021,CA*01,West Coast U.S.A.,Mendocino,Economic Evaluation,9/16/2454,9/12/2454,9/16/2454,9/17/2454,9/19/2454,9/20/2454,30-Sep-26,QUARTER,"Feliz Creek Cellars has begun Economic Evaluation and Market Analysis for Winery Facility Canning Line Addition. DETAILS: At Existing (60,000 sqft) Winery Facility, Construct (1) Canning Line plus Install Associated Equipment. REQUIRES: Stainless Steel Fabrication, Canning Line, Centrifugal System, Material Handling Equipment, Conveyors, Automated Systems, Washers, Rinsers, Flowmeters, Process Piping, Fillers, Can Seaming Machine, Case Packer, Palletizers, Pumps, Operator Station, Consoles & Panels, Sensors, Valves, Heat Exchanger, Utility Tie-Ins, Belts, Motors, Drives, Process Controls plus Electrical Distribution.","Feliz Creek Cellars continues Economic Evaluation and Marketing Analysis for Winery Facility Canning Line Addition through Project Justification plus anticipates Final AFE Approval 3Q26 (May). Subject to Final Approval, Feliz Creek Cellars awards Technology Provider plus releases RFQs and Bid Documents for Contractor, Subcontractors & Specialty Trades 2Q25 (May-Jun). Construction Kick-Off 3Q26 (Aug). Project Completion 3Q26 (Sep).",3459361,3381824,Feliz Creek Cellars,13-May-21,A,23-Jun-25,Wine,https://www.industrialinfo.com/dash/project_report.jsp?PROJECT_ID=300694032,48,Low (0-69%)
Food & Beverage," $15,000,000 ",USD,10-Sep-24,COALINGA FEEDMILL EXPANSION,Plant Expansion,Beef Cattle Feedlots,Beef cattle feedlots,Central Valley Meat Company Inc,Operational,Beef Cattle Feedlots,Coalinga Feedmill,Central Valley Meat Company Inc,29475 Fresno-Coalinga Road,Coalinga,CA,California,U.S.A.,93210,+1 5598842435,-120.339817,36.196745,CA*06,West Coast U.S.A.,Fresno,Construction - Merit Shop,6/6/2454,,6/7/2454,6/8/2454,6/9/2454,9/19/2454,1-Aug-26,YEAR,"Harris Ranch Beef Company/Harris Feeding Company (a subsidiary of Central Valley Meat Company Inc) with Feed Yard Industrial Solutions has begun Construction for Feedmill Expansion. DETAILS: At (61-Acre) Existing Grain Mill, Construct new Modernized Flaked Grain Mill plus Install Associated Equipment. REQUIRES: Demolition, Buildings, Receiving Tower,  Heavy Loaded Flooring, Doors, Structural, Stainless Steel Fabrication, Equipment Pads (Concrete), Receiving Building, Finished Feed Storage, Batching Area, Hay Grinding Area, Liquid Storage Tanks, Micro Building,  Load-Out Systems, Screens, Automated Systems, Conveyor Systems, Material Handling Equipment, Feeders, Receiving Systems, Storage Silos/Tanks, Grinders, Batching System, Blending and Mixing System, Pelleting Lines, Robotics, Separators, Pellet Mills, Extrusion Equipment, Scales, Motors, Transformers, Boiler, Pumps, Drives, Belts, Process Controls (PLC) plus Electrical Distribution. ENVIRONMENTAL: (A) Dust Control Systems; (L) Spill Containment.","Harris Ranch Beef Company/Harris Feeding Company (a subsidiary of Central Valley Meat Company Inc) with Feed Yard Industrial Solutions has begun Construction for Feedmill Expansion and anticipates AFE Approval by 1Q25 (Mar). Subject to Approval, Harris Ranch Beef Company/Harris Feeding Company releases RFQs and Bid Documents 2Q25 (Apr-May). Construction Kick-Off 2Q25 (Jun). Project Completion 3Q26 (Aug).",3609365,1058710,Harris Ranch Beef Company,10-Sep-24,A,17-Jun-25,,https://www.industrialinfo.com/dash/project_report.jsp?PROJECT_ID=301007361,-1,High (81-99%)
Food & Beverage," $4,000,000 ",USD,17-Jun-25,NEWMAN DAIRY PROCESSING LINE REBUILD,Rebuild,"Natural, Processed & Imitation Cheese","Cheese, not elsewhere classified",Saputo Cheese USA Incorporated,Operational,"Natural, Processed & Imitation Cheese",Newman Dairy Processing,Saputo Incorporated,691 Inyo Avenue,Newman,CA,California,U.S.A.,953601403,+1 2098621732,-121.015727,37.311501,CA*06,West Coast U.S.A.,Stanislaus,Market Analysis,12/21/2454,9/22/2454,12/21/2454,12/23/2454,12/31/2454,1/1/2455,30-Dec-27,YEAR,"Saputo Cheese USA Incorporated (Subsidiary of Saputo Incorporated) has begun Market Analysis for Dairy Processing Line Rebuild. DETAILS: At Existing 75,000 sqft Cheese Manufacturing Plant, Perform Rebuild to (1) old Cheese Processing Line Addition plus Auxiliary Equipment. REQUIRES: Cheese Processing Line Removal/Disassembly, Structural Modifications, Stainless Steel Fabrication, Modifications to Cheese Processing Line PLUS UPGRADES & REPLACEMENTS TO: Pasteurization System, Homogenizers, Separators, Tanks/Vessels, Freezer/Cooler, Storage Racks, Mixers, Vats, Blow Mold Machines, Moulding Columns, Weighing & Portioning System, Moulds/Lids Transport & Storage Equipment, CIP (Clean-In-Place) System, Cleaning Tunnel, Sealers & Labelers, Refrigeration System (Ammonia/Freon), Silos, Pumps, Motors, Drives, Compressor (Air), Material Handling Equipment, Temperature & Process Controls (PLC) & Tie-Ins plus Electrical Distribution. ENVIRONMENTAL: (A) Dust Collection System, Ducting; (L) Spill Containment.","Saputo Cheese USA Incorporated continues Market Analysis for Dairy Processing Line Rebuild thru 4Q25 (Oct) and anticipates finalizing Scope by 4Q26 (Oct) and receiving final AFE Approval by 1Q27 (Jan). Subject to Approval, Saputo Cheese USA Incorporated releases RFQs and Bid Documents 1Q27 (Jan-Mar). Construction Kick-Off 4Q27 (Nov). Project Completion 4Q27 (Dec).",3263968,1036022,Saputo Cheese USA Incorporated,18-Jun-25,A,18-Jun-25,Cheese,https://www.industrialinfo.com/dash/project_report.jsp?PROJECT_ID=301085069,0,Low (0-69%)
Food & Beverage," $370,000,000 ",USD,17-Jun-25,WESTERN REGION GRASSROOT AUTOMATED COLD STORAGE WAREHOUSING & DISTRIBUTION CENTE,Grassroot,Refrigerated Warehousing & Storage,Cold storage warehousing,Lineage Incorporated,Planned,Refrigerated Warehousing & Storage,Western Region Automated Cold Storage Warehousing,Lineage Incorporated,Western Region,Irvine,CA,California,U.S.A.,92606,+1 8006787271,-117.85704,33.66024,CA*08,West Coast U.S.A.,Orange,Site Selection,6/15/2454,,9/12/2454,9/14/2454,9/15/2454,4/2/2455,31-Mar-28,YEAR,"Lineage Incorporated has begun Site Selection for Grassroot Automated Cold Storage Warehousing & Distribution Center. DETAILS: At Selected Site in U.S. Western Region (or Elsewhere), As Part of TIV:$740,000,000, Construct (40MM CuFt & 130,000 Pallet Positions) Automated Cold Storage Building with Associated Equipment & System. REQUIRES: Site Preparation, Foundation, Building, High Bay Warehouse, Heavy Load Flooring, Insulated Wall Panels, Docks/Doors, Robotics & High-Tech Equipment, Conveyors, Storage Racks, Automated Storage & Retrieving System (ASRS), Palletizer, Cameras, Pneumatics, Sorting Systems, Computer Systems, Loading/Unloading Areas, Material Handling Equipment, Inventory Management Systems, Cooler/Freezer, Refrigeration System (Ammonia), Evaporator Coils, Air Flow & Temperature Controlled Systems, Engine Room, Heat Exchanger, Screw Compressors, Fans, Condenser, Fire Protection System, Controls (PLC), Utilities, Charging Stations, Offices plus Electrical Distribution. ENVIRONMENTAL: (A) Vent/Exhaust System, Ducting; (L) Spill Containment, Floor Drains.","Lineage Incorporated Finalizes Site Selection for Grassroot Automated Cold Storage Warehousing & Distribution Center and Proceeds with Detailed Design and Permitting plus anticipates Final AFE Approval 4Q25 (Dec). Upon Approval, Lineage Incorporated awards Design-Build plus releases RFQs and Bid Documents for Contractors, Subcontractors, Specialty Vendors & Trades 1Q26 (Jan-Mar). Construction Kick-Off 2Q26 (Apr). Project Completion 1Q28 (Mar).",3643847,3252741,Lineage Incorporated,18-Jun-25,A,17-Jun-25,Refrigerated Warehousing & Storage,https://www.industrialinfo.com/dash/project_report.jsp?PROJECT_ID=301085106,0,Medium (70-80%)
Food & Beverage," $200,000,000 ",USD,18-Mar-24,BAKERSFIELD MILK PROCESSING PLANT EXPANSION,Plant Expansion,Fluid Milk,"Milk processing (pasteurizing, homogenizing, vitaminizing, bottling)-mfg",California Dairies Incorporated,Operational,Fluid Milk,Bakersfield Milk Processing,California Dairies Incorporated,8801 Gosford Road,Bakersfield,CA,California,U.S.A.,93313,+1 5596252200,-119.09469,35.276935,CA*09,West Coast U.S.A.,Kern,Market Analysis,12/21/2454,9/21/2454,12/21/2454,12/23/2454,12/24/2454,4/6/2455,31-Jul-28,YEAR,"Valley Natural Beverages (Subsidiary of California Dairies Incorporated) with EA Bonelli & Associates Incorporated (Architect) has begun Market Analysis for Milk Processing Plant Expansion. DETAILS: At (200,000 sqft) Milk Processing Plant (Project # 300930543), Construct Building Addition (150,000-200,000 sqft) plus Install Associated Equipment. REQUIRES: Site Preparation, Foundation, Building, Heavy Load Flooring, Stainless Steel Fabrication, Equipment Pads & Setting, Insulated Wall Panels, Docks/Doors, Automation/Robotics, Cooler/Freezer, UHT (Ultra-High Temperature) Equipment, Milk Processing Line, Pasteurization System, Homogenizers, Separators, Tanks/Vessels, Refrigeration System (Ammonia), Evaporator Coils, Air Flow & Temperature Controlled Systems, (Air) Compressor, Fans, Storage Racks, Condenser, Plate Heat Exchangers, Material Handling & Packaging Equipment, Motors, Drives, Pumps, Process Controls (PLC) & Tie-Ins plus Electrical Distribution. ENVIRONMENTAL: (A) Ventilation, Dust Collection System, Scrubber, Ducting; (L) Spill Containment, Floor Drains; (W) Wastewater Treatment System.","Valley Natural Beverages (Subsidiary of California Dairies Incorporated) with EA Bonelli & Associates Incorporated (Architect) continues Market Analysis for Milk Processing Plant Expansion Thru 4Q26 (Oct) and anticipates AFE Approval 1Q27 (Jan). Subject to Final Corp[orate Approval, Valley Natural Beverages awards G/C (Big-D Construction Corporation or Similar) and releases RFQs and Bid Documents for Contractors, Subcontractors, Equipment Providers & Specialty Trades 1Q27 (Jan-Mar). Construction Kick-Off 2Q27 (Apr). Project Completion 3Q28 (Jul).",3570318,3475892,Valley Natural Beverages,19-Mar-24,A,16-Jun-25,Milk,https://www.industrialinfo.com/dash/project_report.jsp?PROJECT_ID=300961330,9,Low (0-69%)
Food & Beverage," $3,000,000 ",USD,5-Jun-24,HAYWARD BAKERY PLANT OVEN REPLACEMENT,Replacement,"Bread & Bakery Products, Except Cookies & Crackers","Bakery products, fresh: bread, cakes, doughnuts, and pastries-mfg",Freund Baking Company,Operational,"Bread & Bakery Products, Except Cookies & Crackers",Hayward Bakery,Freund Baking Company,3265 Investment Boulevard,Hayward,CA,California,U.S.A.,945453806,+1 5102652400,-122.116171,37.627953,CA*03,West Coast U.S.A.,Alameda,Market Analysis,9/12/2454,,9/13/2454,9/15/2454,9/16/2454,9/19/2454,31-Aug-26,YEAR,"Freund Baking Company has begun Market Analysis for Bakery Plant for Bakery Plant Oven Replacement. DETAILS: At Existing (60,900 sqft) Bakery Plant by Replacing or Rebuilding (1) old Oven Unit plus Auxiliary Equipment. REQUIRES: Oven Removal/Disassembly, Stainless Steel Fabrication, Oven Tunnel, Heated Chambers, Cabinets, Heat Exchangers, Belts, Conveyors, Motors, Chain Drive System, Impingement Systems, Electric Heaters & Cables, Automated CIP (Clean-In-Place) System, Circulation Fans, Air Intake & Exhaust Dampers, Insulation, Cooling Coils, Thermocouples, Plenums, Filters, Pumps, Feeders, Temperature/Process Controls (PLC) plus Electrical Distribution. ENVIRONMENTAL: (A) Vent Exhaust, Ducting; (L) Containment.","Freund Baking Company continues Market Analysis for Bakery Plant for Bakery Plant Oven Replacement and anticipates Final AFE Approval 1Q26 (Jan). Subject to Final Approval, Freund Baking Company releases RFQs and Bid Documents 1Q26 (Feb) thru 2Q26 (Apr). Construction Kick-Off 2Q26 (May). Project Completion 3Q26 (Aug).",3312728,3270329,Freund Baking Company,14-Jun-24,A,16-Jun-25,,https://www.industrialinfo.com/dash/project_report.jsp?PROJECT_ID=300982187,0,Low (0-69%)
Food & Beverage," $500,000 ",USD,11-Jun-24,TRUCKEE BREWERY PACKAGING PLANT AUTOMATION UPGRADES,Automation,Malt Beverages,Beer (alcoholic beverage)-mfg,FiftyFifty Brewing Company,Operational,Malt Beverages,Truckee Brewery,FiftyFifty Brewing Company,10434 River Park Place,Truckee,CA,California,U.S.A.,961615905,+1 5305872337,-120.194157,39.321288,CA*04,West Coast U.S.A.,Nevada,Market Analysis,9/12/2454,,9/13/2454,9/15/2454,9/16/2454,9/17/2454,30-Jun-26,YEAR,"FiftyFifty Brewing Company has begun Market Analysis for Brewery Plant Packaging Automation Upgrades. DETAILS: At Existing (12,000 sqft) Brewery, Automate (1) Packaging Line (Wax Sealing) plus Auxiliary Equipment. REQUIRES: Structural Modifications, Stainless Steel Fabrication, Washers, Rinsers, Flowmeters, Filtration System, Process Piping, Conveyor Systems, Filling Lines, Case Packers, Automation & Robotic Machinery, Mounting Frames, Pneumatics, Conveyor Systems, Wrappers, Case Erecting, De-Palletizer/Palletizer Systems, Controllers, Staging Equipment, Air Lines, Speed Reducers, Motors, Servo Drives, Belts, Operator Stations, Interface Panels, Cables, Input/Output Devices, Monitoring System, Relays, Controls (PLC & Cabinet) plus Electrical Distribution. ENVIRONMENTAL: (A) Vent/Exhaust System, Dust Collector; (L) Spill Containment.","FiftyFifty Brewing Company continues Market Analysis for Brewery Plant Packaging Automation Upgrades and anticipates Final AFE Approval 1Q26 (Jan). Subject to Final Approval, FiftyFifty Brewing Company release RFQs and Bid Documents for Contractors, Subcontractors, and Vendors 1Q26 (Feb) thru 2Q26 (Apr). Construction Kick-Off 2Q26 (May). Project Completion 2Q26 (Jun).",3192357,3145030,FiftyFifty Brewing Company,14-Jun-24,A,16-Jun-25,,https://www.industrialinfo.com/dash/project_report.jsp?PROJECT_ID=300983537,0,Low (0-69%)
Food & Beverage," $70,000,000 ",USD,6-Jul-22,DANA POINT (DOHENY OCEAN) DESALINATION PLANT EXPANSION,Plant Expansion,Water Supply,Desalination of Water,South Coast Water District,Planned,Water Supply,Dana Point Desalination,South Coast Water District,Del Obispo Street,Dana Point,CA,California,U.S.A.,92629,+1 9494994555,-117.685586,33.466066,CA*08,West Coast U.S.A.,Orange,Construction - Merit Shop,6/8/2454,,3/6/2454,6/12/2454,6/9/2454,12/24/2454,30-Apr-27,MONTH,"South Coast Water District w/Consultant GHD plus J.R. Filanc Construction (Design Build) has Construction for The Doheny Ocean Desalination Plant Expansion. (Phase I of II)  DETAILS: At Existing (5MM gal/dy) Ocean Water Desalination Plant, Perform Expansion by Constructing new Slant Wells and Install new Reverse Osmosis Unit to process (10MM gal/dy) Ocean water into Potable Drinking Water. REQUIRES: Foundation, Building, Multiple Slant Intake Wells, Foundations/Concrete, Brine System, Storage Tanks, Intake/Discharge Pipelines, Pre-Treatment System, Reverse Osmosis Unit, Membrane Filtration System, Hi-Press Pumps, Flush Tank, Heat Exchangers, Utilities Tie-Ins plus Process Controls. ENVIRONMENTAL: (A) Ducting; (L) Containment; (W) Filtration System.",South Coast Water District with J.R. Filanc Construction (Design Build) continues continues Construction for the Desalination Plant Expansion Phase i of II. South Coast Water District & J.R. Filanc Construction (Design Build) releases any remaining RFQs and Bid Documents for Contractors and Sub-Contractors 4Q24 (Nov) Through 3Q25 (Sep). Construction Kick-Off 2Q25 (Jun). Project Completion 2Q27 (Apr).,3126215,3117568,South Coast Water District,6-Jul-22,A,11-Jun-25,Desalinated Water,https://www.industrialinfo.com/dash/project_report.jsp?PROJECT_ID=300803321,0,High (81-99%)
Food & Beverage," $25,000,000 ",USD,5-Feb-24,SAN JOSE GRASSROOT WAREHOUSE FACILITY,Grassroot,General Warehousing & Storage,General warehousing and storage,Prologis Incorporated,Planned,General Warehousing & Storage,San Jose Warehouse,Prologis Incorporated,2256 Junction Avenue,San Jose,CA,California,U.S.A.,95131,+1 4153949000,-121.91536,37.38759,CA*03,West Coast U.S.A.,Santa Clara,Permitting,6/13/2454,,6/8/2454,6/10/2454,6/13/2454,9/23/2454,31-Dec-26,YEAR,"Prologis Incorporated with AO Architects (Architect) has begun Permitting for Grassroot Warehouse Facility. DETAILS: At Owned Site, Demolish Existing (141,300 sqft) Building and Construct New (312,500 sqft) Building plus Install Associated Equipment. REQUIRES: Demolition, Site Preparation, Foundation, Building (Tilt-up Concrete), Heavy Load Flooring, Docks/Doors, Temperature Controlled Systems, Fans, Motors, Drives, ESFR Sprinkler Systems, Utilities, Lighting, Electrical Distribution plus Office Areas. ENVIRONMENTAL: (A) Vent, Ducting; (L) Floor Drains, Spill Containment.","Prologis Incorporated with AO Architects continues Permitting for Grassroot Warehouse Facility through Project Justification & Permitting plus anticipates AFE Approval 4Q25 (Oct). Upon Approval, Prologis Incorporated awards G/C plus Releases RFQs and Bid Documents for Contractors, Subcontractors & Specialty Trades through 2Q25 (May) thru 3Q25 (Jul). Construction Kick-Off 4Q25 (Oct). Project Completion 4Q26 (Dec).",3580655,3100892,Prologis Incorporated,9-Feb-24,A,11-Jun-25,Special Warehousing & Storage,https://www.industrialinfo.com/dash/project_report.jsp?PROJECT_ID=300951107,15,Medium (70-80%)
Food & Beverage," $2,000,000 ",USD,5-Mar-25,RICHVALE RICE PROCESSING PLANT BAGGER MACHINE ADDITIONS,Equipment Addition,Rice Milling,Milling of rice-mfg,Lundberg Family Farm,Operational,Rice Milling,Richvale Rice Processing,Lundberg Family Farm,5311 Midway,Richvale,CA,California,U.S.A.,95974,+1 5305383500,-121.746683,39.499226,CA*02,West Coast U.S.A.,Butte,Market Analysis,9/23/2454,,12/21/2454,12/23/2454,12/25/2454,12/27/2454,31-Jul-27,MONTH,"Lundberg Family Farm has begun Market Analysis for Rice Processing Plant Bagger Machine Additions. DETAILS: At Existing (245,000 sq.ft) Rice Processing Plant, Perform Upgrade to Plant by Constructing (2-3) new Automated Bagger Machines plus Auxiliary Equipment. REQUIRES: Stainless Steel Fabrication, Bagger Machines, Automated Systems, Robotics, Modifications to Packaging Line, Material Handling Equipment, Conveyors Systems, Fillers, Labeling Machines, Pneumatics, Hoppers, Weighers, Operator Interfaces, Motors, Servo Drives, Inspection & Monitoring Equipment, Controls (PLC) & Tie-Ins plus Electrical Distribution.","Lundberg Family Farm continues Market Analysis for Rice Processing Plant Bagger Machine Additions thru 1Q25 (Mar) and anticipates receiving Final AFE Approval by 4Q26 (Dec). Subject to Approval, Lundberg Family Farm releases RFQs and Bid Documents 1Q27 (Jan-Mar). Construction Kick-Off 2Q27 (May). Project Completion 3Q27 (Jul).",3146429,3134067,Lundberg Family Farm,5-Mar-25,A,11-Jun-25,,https://www.industrialinfo.com/dash/project_report.jsp?PROJECT_ID=301055567,12,Low (0-69%)
Food & Beverage," $20,000,000 ",USD,5-Mar-25,RICHVALE RICE PROCESSING PLANT EXPANSION,Plant Expansion,Rice Milling,Milling of rice-mfg,Lundberg Family Farm,Operational,Rice Milling,Richvale Rice Processing,Lundberg Family Farm,5311 Midway,Richvale,CA,California,U.S.A.,95974,+1 5305383500,-121.746683,39.499226,CA*02,West Coast U.S.A.,Butte,Market Analysis,12/21/2454,,12/24/2454,12/26/2454,12/27/2454,4/8/2455,30-Sep-28,MONTH,"Lundberg Family Farm has begun Market Analysis for Rice Processing Plant Expansion. DETAILS: At Existing (245,000 sq.ft) Rice Processing Plant, Construct (Sq.ft : Unknown) Building Addition Plus Install Associated Equipment. REQUIRES: Building, Stainless Steel Fabrication, Ingredients Handling Equipment, Cleaners, Kettles, Processing Vessels/Tanks, Filling/Sealing Equipment, Packaging Lines, Case Packers, Material Handling Equipment, Automated & Conveyors System, Pumps, Motors, Drives, Process Piping, Heat Exchanger, Process Controls (PLC), Utility plus Electrical Distribution. ENVIRONMENTAL: (A) Dust Control System, Vent, Ducting, Exhaust System; (L) Spill Containment.","Lundberg Family Farm continues Market Analysis for Rice Processing Plant Expansion thru 1Q25 (Mar) and anticipates receiving Final AFE Approval by 1Q27 (Jan). Subject to Approval, Lundberg Family Farm releases RFQs and Bid Documents 2Q27 (Apr-Jun). Construction Kick-Off 3Q27 (Jul). Project Completion 3Q28 (Sep).",3146429,3134067,Lundberg Family Farm,5-Mar-25,A,11-Jun-25,,https://www.industrialinfo.com/dash/project_report.jsp?PROJECT_ID=301055566,0,Low (0-69%)
Food & Beverage," $4,000,000 ",USD,17-Jan-25,LIVINGSTON POULTRY SLAUGHTERING & PROCESSING 2025 MAINTENANCE PROGRAM,Maintenance Program,Poultry Slaughtering & Processing,"Poultry, processed: fresh, frozen, canned, or cooked-mfg",Foster Farms Incorporated,Operational,Poultry Slaughtering & Processing,Livingston Poultry Slaughtering & Processing,Atlas Holdings LLC,1000 Davis Street,Livingston,CA,California,U.S.A.,953341526,+1 2093947901,-120.726642,37.391889,CA*06,West Coast U.S.A.,Merced,Maintenance Programs,3/7/2454,,6/4/2454,6/12/2454,6/4/2454,6/15/2454,31-Dec-25,MONTH,"Foster Farms Incorporated has begun 2025 Maintenance Program at (250,000 sq ft; 560,000 Birds/day) Poultry  Slaughtering & Processing Plant. NORMAL INSPECTION/REPAIR OF: Receiving & Storage Areas, Poultry Processing Equipment and Packaging Lines plus Associated Equipment. REQUIRES REPAIRS/REPLACEMENTS TO: Cutters, Slicers, Grinders, Filling and Packaging Equipment, Scales, Conveyor Systems, Material Handling Equipment, Refrigeration System (Ammonia), Condensers, Evaporative Coils, Motors, Drives, Pumps, Heat Exchangers, (2) Boilers plus Process Controls (PLC). ENVIRONMENTAL MRO: (A) Vent/Exhaust System, Dust Collector System, Scrubber, Ducting; (W) Wastewater Treatment System.",Foster Farms Incorporated continues Maintenance Planning and Scheduling plus releases Equipment RFQs and Subcontractor Bid Documents as needed to Support In-House Maintenance Staff 1Q25 (Jan) through 3Q25 (Sep). Foster Farms Incorporated indicates Maintenance Program Kick-Off 1Q25 (Jan) and Completion 4Q25 (Dec). (Subject to Production Schedules).,1011081,1028324,Foster Farms Incorporated,17-Jan-25,A,10-Jun-25,Chicken (Live Birds to be Processed),https://www.industrialinfo.com/dash/project_report.jsp?PROJECT_ID=301042388,0,High (81-99%)
Food & Beverage," $20,000,000 ",USD,26-Jul-24,"PASO ROBLES BROWNFIELD ""THE LANDING"" COLD STORAGE WAREHOUSE",Brownfield,Refrigerated Warehousing & Storage,Cold storage warehousing,Majestic Realty Company,Planned,Refrigerated Warehousing & Storage,Paso Robles Cold Storage,Majestic Realty Company,4545 Airport Road,Paso Robles,CA,California,U.S.A.,93446,+1 5626929581,-120.64374,35.66525,CA*07,West Coast U.S.A.,San Luis Obispo,Permitting,9/14/2454,,9/15/2454,9/17/2454,9/18/2454,12/27/2454,31-Jul-27,YEAR,"Majestic Realty Company with MG2 Design and Commerce Construction Company LP (Subsidiary of Majestic Realty) has begun Permitting for Brownfield ""The Landing"" Cold Storage Warehouse. DETAILS: At 140-Acre Redevelopment Site of Former ""Boy's School"", Perform Demolition and Construct (310,800 sqft) Cold storage Warehouse plus Install Associated Equipment and Systems. REQUIRES: Demolition, Site Preparation, Foundation, Building, Heavy Load Flooring, Insulated Wall Panels, Docks/Doors, Storage Racks, Material Handling Equipment, Cooler/Freezer, Refrigeration System (Ammonia), Air Flow & Temperature Control Systems, Compressors (Air), Evaporators, Fans, Condensers, Fire Protection Systems, Lighting, Pumps, Motors, Controls (PLC), Charging Stations, Mechanical & Engine Room, Office Area, Utilities plus Electrical Distribution. ENVIRONMENTAL: (A) Vent/Exhaust System, Ducting; (L) Spill Containment, Floor Drains.","Majestic Realty Company with MG2 Design and Commerce Construction Company LP (Subsidiary of Majestic Realty) awaits Permitting for Brownfield ""The Landing"" Cold Storage Warehouse and anticipates AFE Approval 1Q26 (Mar). Upon Final Approvals, Majestic Realty Company with Commerce Construction Company LP releases RFQs and Bid Documents for Contractors and Subcontractors as needed 2Q26 (Apr-Jun). Construction Kick-Off 3Q26 (Jul). Project Completion 3Q27 (Jul).",3604058,1068692,Majestic Realty Company,26-Jul-24,A,9-Jun-25,Refrigerated Warehousing & Storage,https://www.industrialinfo.com/dash/project_report.jsp?PROJECT_ID=300995913,12,Medium (70-80%)
Food & Beverage," $4,000,000 ",USD,31-Dec-24,EL CENTRO GRAIN FEED MILL ADDITION,Plant Expansion,Prepared Feeds for Livestock,"Animal feeds, prepared: except dog and cat-mfg",La Valle Sabbia Inc,Operational,Prepared Feeds for Livestock,El Centro Grain Feed Mill,La Valle Sabbia Inc,2015 Silsbee Road,El Centro,CA,California,U.S.A.,92243,+1 7604829400,-115.64826,32.79855,CA*09,West Coast U.S.A.,Imperial,Permitting,6/12/2454,,6/10/2454,6/12/2454,6/13/2454,6/15/2454,31-Dec-25,YEAR,"La Valle Sabbia Inc (aka Abatti Companies) has begun Permitting for Grain Feed Mill Addition. DETAILS: At Existing Seed Mill and Hay Storage Yard, Perform Structural Modifications plus Install (2) Grain Elevators, (2) Grain Holding Tanks, (2) 500-ton Grain Silos and (2) Flaking Mills plus Associated Equipment to Add Grain Milling Operations. REQUIRES: Buildings, Storage Silos, Receiving System, Grinding System, Batching System, Blending and Mixing System, Screens, Automated Systems, Separators, Feeders, Material Handling Equipment, Conditioning and Extrusion Equipment, Conveyors, Filling and Packaging Equipment plus Process Controls. ENVIRONMENTAL: (A) Dust Control, Emission Controls; (L) Containment.","La Valle Sabbia Inc (aka Abatti Companies) has begun Permitting for Grain Feed Mill Addition and anticipates AFE 3Q25 (Sep). Upon Final Approvals, La Valle Sabbia Inc releases RFQs and Bid Documents for Contractors, Subcontractors & and Specialty Vendors 3Q25 (Jul-Sep). Construction Kick-Off 4Q25 (Oct). Project Completion 4Q25 (Dec).",3622818,3516648,La Valle Sabbia Inc,31-Dec-24,A,31-Dec-24,"Grains, Rolled Or Flaked, Of Cereals Except Rice Of Heading 1006, Nesoi",https://www.industrialinfo.com/dash/project_report.jsp?PROJECT_ID=301038513,6,Medium (70-80%)
Food & Beverage," $60,000,000 ",USD,18-Jul-24,IRVINE NOODLES AND SOUPS PRODUCTION PLANT EXPANSION,Plant Expansion,Food Preparations,Chinese noodles-mfg,Maruchan Incorporated,Operational,Food Preparations,Irvine Noodles and Soups,Maruchan Incorporated,15800 Laguna Canyon Road,Irvine,CA,California,U.S.A.,926183103,+1 9497892300,-117.76387,33.66197,CA*08,West Coast U.S.A.,Orange,Construction - Merit Shop,6/5/2454,,3/3/2454,3/5/2454,6/6/2454,9/23/2454,31-Dec-26,YEAR,"Maruchan Incorporated with Gray Construction Company awaits Permitting for Noodles and Soups Production Plant Expansion. DETAILS: At Existing (400,825 sqft, 6 production Lines) Production Plant, Construct (227,436 sqft) Building Addition and (3) new Production Lines plus Install Associated Equipment and Systems to Expand Production of Noodles and Soups. REQUIRES: Site Preparation, Building, Foundation, Stainless Steel Fabrication, Ingredients Receiving & Handling Equipment, Production Line, Proofers, Extruders, Formers, Processing Tanks/Vessels, Separators, Seasoning System, Filling & Packaging Equipment, Weighing System, Vacuum Sealer, Conveyor & Automated System, Material Handling Equipment, Case Packer, Palletizer, Storage Racks, Process Piping, Motors, Heat Exchanger, Drives, Pumps, Utilities, Process Controls (PLC) plus Electrical Distribution. ENVIRONMENTAL: (A) Ventilation, Ducting, Exhaust System; (L) Spill Containment.",Maruchan Incorporated with Gray Construction Company awaits Permitting 1Q25 (Feb) for Noodles and Soups Production Plant Expansion and releases remaining RFQs and Bid Documents 3Q24 (Aug) thru 4Q24 (Oct). Construction Kick-Off 1Q25 (Mar). Project Completion 4Q26 (Dec).,3314208,1052227,Maruchan Incorporated,18-Jul-24,A,6-Jun-25,Noodles,https://www.industrialinfo.com/dash/project_report.jsp?PROJECT_ID=300993242,2,High (81-99%)
Food & Beverage," $3,500,000 ",USD,15-Dec-20,WILLOWS CHEESE DISTRIBUTION & PACKAGING PLANT RENOVATION,Renovation,Refrigerated Warehousing & Storage,Cheese warehouses,Rumiano Cheese Company,Operational,Refrigerated Warehousing & Storage,Willows Cheese Distribution & Packaging,Rumiano Cheese Company,1629 County Road East,Willows,CA,California,U.S.A.,959889642,+1 5309345438,-122.236028,39.506275,CA*02,West Coast U.S.A.,Glenn,AFE Submittal,6/12/2454,11/20/2453,6/10/2454,6/12/2454,6/13/2454,6/15/2454,31-Dec-25,QUARTER,"Rumiano Cheese Company has submitted for AFE Approval for Cheese Distribution & Packaging Plant Renovation. DETAILS: At Existing (36,475 sqft) Cheese Distribution & Packaging Plant, Relocate Existing Cheese Packaging Equipment to new Facility (Project ID: #300656835) and Renovate (SQFT: Unknown) Space into Cheese Aging & Storage Space plus Install Associated Equipment. REQUIRES: Interior Modifications, Storage Racks, Material Handling Equipment, Packaging Lines, Ammonia Refrigeration System, Chillers, Temperature & Humidity Control System, Inventory Management System & Fire Protection System, Utilities Tie-Ins plus Electrical Distribution. ENVIRONMENTAL: (A) Vents, Ducts; (L) Spill Containment.","Rumiano Cheese Company awaits AFE Approval for Cheese Distribution & Packaging Plant Renovation Thru 1Q23 (Feb) and anticipates Final AFE Approval 3Q25 (Sep). Subject to Final Approval, Rumiano Cheese Company releases RFQs and Bid Documents for Contractors, Subcontractors & Specialty Trades 3Q25 (Jul-Sep). Construction Kick-Off 4Q25 (Oct). Project Completion 4Q25 (Dec).",3265090,3234903,Rumiano Cheese Company,17-Dec-20,A,7-Feb-25,Cheese,https://www.industrialinfo.com/dash/project_report.jsp?PROJECT_ID=300656845,51,Low (0-69%)
Food & Beverage," $45,700,000 ",USD,6-Feb-24,TULARE (NORTH) PHASE V-B FOOD COLD STORAGE WAREHOUSING FACILITY ADDITION,Plant Expansion,Refrigerated Warehousing & Storage,Cold storage warehousing,United States Cold Storage Incorporated,Operational,Refrigerated Warehousing & Storage,Tulare (North) Cold Storage,United States Cold Storage Incorporated,1021 E Walnut Avenue,Tulare,CA,California,U.S.A.,932746505,+1 5596873320,-119.334516,36.192184,CA*06,West Coast U.S.A.,Tulare,Construction - Merit Shop,2/25/2454,,2/26/2454,2/27/2454,2/28/2454,6/15/2454,31-Dec-25,YEAR,"United States Cold Storage Incorporated with Fisher Construction Group Incorporated (Design-Build) has begun Construction for Phase V-B Food Cold Storage Warehousing Facility Addition. DETAILS: At Existing (570,000 sqft; 12.6MM Cu.ft & 50,438 Pallet Positions) Food Cold & Dry Storage Facility, As Phase II of II (TIV:$75.7M, 8.56MM CuFt & 211,000 sqft), Construct (5.48MM CuFt) Facility Addition with Refrigerated Room (-20F) and Install State-of-the-Art Automated Storage and Retrieval System (ASRS) with Associated Equipment to Increase Storage Capacity. REQUIRES: Site Preparation, Foundation, Building, Insulated Wall Panels, Docks/Doors, Heavy Load Flooring, Storage Racks, Automated Storage & Retrieval System (ASRS), Palletizer, Sorting Systems, Material Handling Equipment, Palletizer, Inventory Management System, Cameras, Pneumatics, Ammonia Refrigeration System, Cooler & Freezer, Air Flow & Temperature Control System, (Air) Compressors, Heat Exchanger, Fire Protection System, Process Controls (PLC), Utilities plus Electrical Distribution. ENVIRONMENTAL: (A) Ducting, Vent/Exhaust System; (L) Floor Drains, Spill Containment.","United States Cold Storage Incorporated with Fisher Construction Group Incorporated continues Construction for Phase V-B Food Cold Storage Warehousing Facility Addition and anticipates Permit and Final AFE Approvals 1Q24 (Feb). Upon Approval, United States Cold Storage Incorporated with Fisher Construction Group releases RFQs and Bid Documents for Subcontractors, Contractors & Specialty Trades 1Q24 (Mar) thru 2Q24 (Apr). Construction Kick-Off 2Q24 (May). Project Completion 4Q25 (Dec).",3398583,1028312,United States Cold Storage Incorporated,6-Feb-24,A,6-Jun-25,Refrigerated Warehousing & Storage,https://www.industrialinfo.com/dash/project_report.jsp?PROJECT_ID=300951274,1,High (81-99%)
Food & Beverage," $5,000,000 ",USD,2-Jun-25,NAPA WINERY EXPANSION,Plant Expansion,"Wines, Brandy & Brandy Spirits",Wines-mfg,Safe Harbor Wine Storage,Operational,"Wines, Brandy & Brandy Spirits",Napa Winery,Safe Harbor Wine Storage,665 Napa Vallejo Highway,Napa,CA,California,U.S.A.,94558,+1 7072529690,-122.261287,38.214162,CA*03,West Coast U.S.A.,Napa,Project Scope,9/15/2454,,9/15/2454,9/17/2454,9/18/2454,9/23/2454,31-Dec-26,YEAR,"Safe Harbor Wine Storage with Greg LeDoux & Associates has begun Project Scope for Winery Expansion. DETAILS: At 12-acre site, (Upon Completion of Grassroot Building #300660507), Construct (~16,000 sqft) Building Addition for Wine Production, Bottling and Warehouse Operation plus Associated Equipment. REQUIRES: Site Preparation, Foundations, Building, Stainless Steel Fabrication, Tanks/Vessels, Ingredients Receiving & Handling Equipment, Hopper, Feeder, Presses, Crusher, Mixers, Blenders, Processing Vessels, Fermentation Tanks, Filling & Bottling Equipment, Conveyors Systems, Case Packers, Barrel Storage Racks, Fire Protection System, Temperature Controls System, Compressor (Air), Pumps, Valves, Heat Exchanger, Utilities, Process Controls (PLC), Electrical Distribution plus Mechanical Room & Offices. ENVIRONMENTAL: (A) Vent System, Ducting, Exhaust System; (L) Containment, Floor Drains.","Safe Harbor Wine Storage with Greg LeDoux & Associates continues Project Scope for Winery Expansion through 1Q26 (Jan), and Anticipates AFE Approval, 2Q26 (Apr). Upon Approval, Safe Harbor Wine Storage releases RFQs and Bid Documents for Contractors/Subcontractors and Specialty Trades 2Q26 (Apr-Jun). Construction Kick-Off 3Q26 (Jul). Project Completion 4Q26 (Dec).",3442272,3367909,Safe Harbor Wine Storage,6-Jun-25,A,5-Jun-25,Wine,https://www.industrialinfo.com/dash/project_report.jsp?PROJECT_ID=301081276,0,Medium (70-80%)
Food & Beverage," $5,000,000 ",USD,14-May-24,SAN LEANDRO BREWERY STORAGE ADDITION,Storage Addition,Malt Beverages,Beer (alcoholic beverage)-mfg,21st Amendment Brewery,Operational,Malt Beverages,San Leandro Brewery,21st Amendment Brewery,2010 Williams Street,San Leandro,CA,California,U.S.A.,945772334,+1 5105952111,-122.177657,37.711808,CA*03,West Coast U.S.A.,Alameda,Market Analysis,6/15/2454,,9/12/2454,9/14/2454,9/15/2454,9/21/2454,31-Oct-26,YEAR,"21st Amendment Brewery has begun Market Analysis for Brewery Storage Addition. DETAILS: At Existing (163,000 sqft) Brewery, Perform Storage Addition by Constructing new Building (Sqft:Unknown) plus auxiliary equipment. REQUIRES: Site Preparation, Foundation, Building, Heavy Load Flooring, Doors, Storage Rack System, Material Handling Equipment, Lighting, Temperature and Humidity Control System, Inventory Management, Compressor (Air), Palletizer, Fire Protection System, Charging Stations, Utilities Tie-Ins plus Electrical Distribution. ENVIRONMENTAL: (A) Ventilation System, Ducting; (L) Spill Containment, Floor Drains.","21st Amendment Brewery continues Market Analysis for Brewery Storage Addition and anticipates Final AFE Approval 4Q25 (Dec). Subject to Final Approval, 21st Amendment Brewery Awards G/C and releases remaining RFQs and Bid Documents 1Q26 (Jan-Mar). Construction Kick-Off 2Q26 (Apr). Project Completion 4Q26 (Oct).",1011034,3109008,21st Amendment Brewery,15-May-24,A,5-Jun-25,,https://www.industrialinfo.com/dash/project_report.jsp?PROJECT_ID=300976064,0,Low (0-69%)
Food & Beverage," $3,000,000 ",USD,14-May-24,GONZALES VEGETABLES PROCESSING PACKAGING AUTOMATION UPGRADES,Automation,Crop Preparation Services for Market,"Vegetable sorting, grading, and packing",Taylor Fresh Foods Incorporated,Operational,Crop Preparation Services for Market,Gonzales Vegetables Processing,Taylor Fresh Foods Incorporated,100 Puente Del Monte Avenue,Gonzales,CA,California,U.S.A.,93926,+1 8316751370,-121.446571,36.502477,CA*05,West Coast U.S.A.,Monterey,Market Analysis,9/12/2454,,9/12/2454,9/14/2454,9/18/2454,9/19/2454,31-Aug-26,YEAR,"Taylor Fresh Foods Incorporated has begun Market Analysis for Vegetable Processing Plant Packing Automation Upgrades. DETAILS: At Existing (174,895 sqft) Vegetable Processing Plant, Perform Automation Upgrades to (2-3) Packaging Lines plus Auxiliary Equipment. REQUIRES: Equipment Removal/Disassembly, Stainless Steel Fabrication, Robotics, Stacker Machines, Case Packers, Mounting Frames, Arms, Pneumatics, Case Erecting/Loading & Sealing Equipment, Automated Systems, Material Handling Equipment, Wrappers, Controllers, Staging Equipment, Air Lines, Speed Reducers, Motors, Servo Drives, Grippers, Wrists, Mechanical Brakes/Adjustable Hard Stops, Operator Stations, Interface Panels, Cables, Input/Output Devices, Monitoring System, Relays, Controls (PLC & Cabinet) plus Electrical Distribution.","Taylor Fresh Foods Incorporated continues Market Analysis for Vegetable Processing Plant Packaging Line Automation and anticipates finalizing Scope by 3Q25 (Jul) and receiving Final AFE Approval by 1Q26 (Jan). Subject to Approval, Taylor Fresh Foods Incorporated releases RFQs and Bid Documents 1Q26 (Jan-Mar). Construction Kick-Off 3Q26 (Jul). Project Completion 3Q26 (Aug).",1059489,1080999,Taylor Fresh Foods Incorporated,15-May-24,A,5-Jun-25,,https://www.industrialinfo.com/dash/project_report.jsp?PROJECT_ID=300976070,0,Medium (70-80%)
Food & Beverage," $5,000,000 ",USD,9-May-24,ORANGE COVE FRUIT PACKING PLANT EXPANSION,Plant Expansion,Crop Preparation Services for Market,Packing fruits and vegetables,Lee Farming and Packing,Operational,Crop Preparation Services for Market,Orange Cove Fruit Packing,Lee Farming and Packing,5555 Hill Avenue,Orange Cove,CA,California,U.S.A.,936469411,+1 5596267490,-119.34339,36.65322,CA*06,West Coast U.S.A.,Fresno,Market Analysis,9/23/2454,,12/21/2454,12/23/2454,12/24/2454,1/1/2455,31-Dec-27,YEAR,"Lee Farming and Packing has begun Market Analysis for Fruit Packing Plant Expansion. DETAILS: At Existing, (75,667 sqft) Fruit Packing Plant, Perform (Sqft: Unknown) Building Addition to Expand Fruit Packing Operations plus Associated Equipment. REQUIRES: Site Preparation, Foundation, Structural/Interior Modifications & Build-Out, Stainless Steel Fabrication, Equipment Pads & Settings, Grader Machine, Sorters, Conveyor Systems, Sizers, Refrigeration System, Material Handling Equipment, Water Lines, Catwalks, Automated Systems, Software, Feeders, Motors, Drives, Sensors, Process Controls (PLC) & Tie-Ins plus Electrical Distribution. ENVIRONMENTAL: (A) Ducting, Blowers; (L) Spill Containment.","Lee Farming and Packing continues Market Analysis for Fruit Packing Plant Expansion and anticipates Final Scope 3Q26 (Jul) with Final AFE Approval, 4Q26 (Dec). Subject to Final Approval, Lee Farming and Packing Awards G/C (DBKO Design & Build or other Preferred Vendor) and releases remaining RFQs and Subcontractor Bid Documents 1Q27 (Jan-Mar). Project Completion 4Q27 (Dec).",3557583,3464562,Lee Farming and Packing,15-May-24,A,5-Jun-25,,https://www.industrialinfo.com/dash/project_report.jsp?PROJECT_ID=300974774,0,Low (0-69%)
Food & Beverage," $3,000,000 ",USD,4-Jun-25,OXNARD SPICES PLANT PACKING LINE ADDITION,Equipment Addition,Food Preparations,"Seasonings, meat: except sauces-mfg","Olde Thompson, LLC",Operational,Food Preparations,Oxnard Spices,"Olde Thompson, LLC",3250 Camino Del Sol,Oxnard,CA,California,U.S.A.,930308998,+1 8059830388,-119.130523,34.203871,CA*07,West Coast U.S.A.,Ventura,Market Analysis,12/21/2454,9/22/2454,12/21/2454,12/23/2454,12/27/2454,12/28/2454,31-Aug-27,YEAR,"Olde Thompson has begun Market Analysis for Spices Plant Packing Line Addition. DETAILS: At Existing 81,000 sqft Spices Manufacturing Plant, Construct (1) new Packing Line Addition plus Auxiliary Equipment. REQUIRES: Stainless Steel Fabrication, Former/Wrapping/Packing Machine, Sealers, Bagger Machines, Conveyor Systems, Feeders, Material Handling Equipment, Automated Systems, Servo Motors, Drives, Stands, Belts, Scales & Weighing Systems, Printers, Applicators, Labelers, Sensors, Monitoring Equipment, Operator Stations, Controls (PLC) & Tie-Ins plus Electrical Distribution.","Olde Thompson continues Market Analysis for Spices Plant Packing Line Addition thru 2Q26 (May) and anticipates finalizing Scope by 3Q26 (Sep) and receiving Final AFE Approval by 1Q27 (Jan). Subject to Approval, Olde Thompson releases RFQs and Bid Documents 1Q27 (Jan-Mar). Construction Kick-Off 3Q27 (Jul). Project Completion 3Q27 (Aug).",3424979,3355041,"Olde Thompson, LLC",4-Jun-25,A,4-Jun-25,Mixed Condiments And Mixed Seasonings,https://www.industrialinfo.com/dash/project_report.jsp?PROJECT_ID=301081740,0,Low (0-69%)
Food & Beverage," $6,000,000 ",USD,3-Jun-25,FRESNO WINERY EVAPORATOR ADDITION,Equipment Addition,"Wines, Brandy & Brandy Spirits",Wines-mfg,Vie-Del Company,Operational,"Wines, Brandy & Brandy Spirits",Fresno Winery,Vie-Del Company,11903 South Chestnut Avenue,Fresno,CA,California,U.S.A.,937259618,+1 5598342525,-119.738609,36.563487,CA*06,West Coast U.S.A.,Fresno,Preliminary Engineering,6/6/2454,,6/9/2454,6/12/2454,6/13/2454,9/14/2454,31-Mar-26,QUARTER,"Vie-Del Company with Lamarre & Sons Incorporated (E&C) has begun Preliminary Engineering for Winery Evaporator Addition. DETAILS: At Existing (300,000+ sqft) Winery, Demolish existing Structures (including Tanks) and install New Evaporator plus Auxiliary Equipment & System. REQUIRES: Demolition & Debris Removal, Structural, Carbon/Stainless Steel Fabrication, Evaporator & Condensate Vessel, Flash Tanks, Surface Condenser, Plate Packs, Tubes, Columns, Joist, Heaters, Separators, Welding, Steam Injection System, Fans, Filters, Transfer & Circulation Pumps, Screens, Flow Meters, Process Piping, Motors, Drives, Vapor Heads, Steam Lines, pH Regulators, Valves, Sensors, Heat Exchanger, Process Controls (MCC, PLC, DCS) Integration & Utilities Tie-Ins plus Electrical Distribution. ENVIRONMENTAL: (A) Dust Collection, Exhaust System, Ducting, Heat & Vapor Recovery, Ventilation; (L) Spill Containment.",Vie-Del Company with Lamarre & Sons Incorporated continues Preliminary Engineering for Winery Evaporator Addition through Planning & Scheduling plus Releases RFQ's and Bid Documents for Specialty Contractors/Subcontractors 3Q25 (Jul-Sep). Construction Kick-Off 4Q25 (Oct). Project Completion 1Q26 (Mar).,1509924,1019470,Vie-Del Company,3-Jun-25,A,3-Jun-25,,https://www.industrialinfo.com/dash/project_report.jsp?PROJECT_ID=301081479,0,High (81-99%)
Food & Beverage," $4,000,000 ",USD,3-Jun-25,STOCKTON TREE NUT PROCESSING LINE ADDITION,Equipment Addition,Crop Preparation Services for Market,Almond hulling and shelling,Pearl Crop,Operational,Crop Preparation Services for Market,Stockton Tree Nut Processing,Pearl Crop,1550 Industrial Way,Stockton,CA,California,U.S.A.,952063929,+1 2098087575,-121.254199,37.910254,CA*06,West Coast U.S.A.,San Joaquin,Market Analysis,12/21/2454,9/22/2454,12/21/2454,12/23/2454,12/30/2454,12/31/2454,30-Nov-27,YEAR,"Pearl Crop has begun Market Analysis for Tree Nut Processing Line Addition. DETAILS: At Existing 125,000 sqft Tree Nut Manufacturing Plant, Construct (1) new Processing Line Addition plus Auxiliary Equipment. REQUIRES: Stainless Steel Fabrication, Roaster Unit, Sheller, Robotics, Automated Systems, Drying Chamber, Blanchers, Cleaners, Sorters, Conveyor Systems, Belts, Feeders, Motors, Drives, Case Packer, Trays, Fans, Material Handling Equipment, Temperature & Process Controls (PLC) & Tie-Ins plus Electrical Distribution. ENVIRONMENTAL: (A) Dust Collection System; (L) Containment.","Pearl Crop continues Market Analysis for Tree Nut Processing Line Addition thru 3Q25 (Jul) and anticipates finalizing Scope by 3Q26 (Jul) and receiving Final AFE Approval by 1Q27 (Jan). Subject to Approval, Pearl Crop releases RFQs and Bid Documents 1Q27 (Jan-Mar). Construction Kick-Off 4Q27 (Oct). Project Completion 4Q27 (Nov).",3189214,3167378,Pearl Crop,3-Jun-25,A,3-Jun-25,Walnuts,https://www.industrialinfo.com/dash/project_report.jsp?PROJECT_ID=301081497,0,Low (0-69%)
Food & Beverage," $650,000 ",USD,16-May-24,SACRAMENTO DELI MEAT PLANT EQUIPMENT ADDITION,Equipment Addition,Meat Packing Plants,Meat packing plants-mfg,Huong Lan Food Packaging Incorporated,Operational,Sausage & Other Prepared Meats,Sacramento Deli Meat,Huong Lan Food Packaging Incorporated,3122 20th Avenue,Sacramento,CA,California,U.S.A.,958201104,+1 9167390885,-121.473372,38.534273,CA*02,West Coast U.S.A.,Sacramento,Market Analysis,9/12/2454,,9/13/2454,9/15/2454,9/16/2454,9/21/2454,31-Oct-26,YEAR,"Huong Lan Food Packaging Incorporated has begun Market Analysis for Deli Meat Plant Equipment Addition. DETAILS:  At Existing (10,850 sqft) Deli Meat Plant, Replace and Automate (1-2) old Slicer Machines plus Auxiliary Equipment.
REQUIRES: Slicer Removal/Disassembly, Stainless Steel Fabrication, Slicer Machine, Conveyor Systems, Thermoformer, Loading Equipment, Automated Systems/Robotics, Portioning Equipment, Feeders, Material Handling Equipment, Weigher/Scale, Labelers & Printers, Belts, Software & Monitoring Systems, Motors, Drives, Process Controls (PLC) & Tie-Ins plus Electrical Distribution.","Huong Lan Food Packaging Incorporated continues Market Analysis for Deli Meat Plant Equipment Addition and anticipates Final AFE Approval, 1Q26 (Jan). Subject to Final Approval, Huong Lan Food Packaging Incorporated releases RFQs and Bid Documents 1Q26 (Feb) thru 2Q26 (Apr). Construction Kick-Off 2Q26 (May). Project Completion 4Q26 (Oct).",3274192,3241886,Huong Lan Food Packaging Incorporated,31-May-24,A,2-Jun-25,"Swine, Hog or Pork",https://www.industrialinfo.com/dash/project_report.jsp?PROJECT_ID=300976803,0,Medium (70-80%)
Food & Beverage," $25,000,000 ",USD,31-May-24,RANCHO CUCAMONGA NOODLE PLANT PRODUCTION LINE ADDITION,Equipment Addition,"Macaroni, Spaghetti, Vermicelli & Noodles","Noodles: egg, plain, and water-mfg",Nongshim USA,Operational,"Macaroni, Spaghetti, Vermicelli & Noodles",Rancho Cucamonga Noodles Processing,Nongshim USA,9325 Santa Anita Avenue,Rancho Cucamonga,CA,California,U.S.A.,917306116,+1 9094841888,-117.538124,34.085542,CA*08,West Coast U.S.A.,San Bernardino [sout,Project Justification,9/13/2454,6/7/2454,6/14/2454,9/12/2454,9/14/2454,9/23/2454,31-Dec-26,QUARTER,"Nongshim USA has Completed Project Justification for Noodle Plant Production Line Addition. DETAILS: At Existing (~290,000 sqft) Noddle Production Plant, Construct (1) New High-speed Cup Noodle Production Line with Associated Equipment to Increase Production Capacity from 350MM Units/yr to 500MM Units/yr. REQUIRES: Structural Modifications, Stainless Steel Fabrication, Equipment Pads & Setting, Ingredients Receiving & Handling Equipment, Proofers, Extruders, Formers, Processing Tanks/Vessels, Separators, Seasoning System, Filling & Packaging Equipment, Weighing System, Vacuum Sealer, Conveyor & Automated System, Material Handling Equipment, Case Packer, Palletizer, Storage Racks, Process Piping, Motors, Heat Exchanger, Drives, Pumps, Utilities, Process Controls (PLC) plus Electrical Distribution. ENVIRONMENTAL: (A) Ventilation, Ducting, Exhaust System; (L) Spill Containment.","Nongshim USA has Completed Project Justification for Noodle Plant Production Line Addition and Finalizes Design and Permitting plus anticipates Final AFE Approval 1Q26 (Feb). Upon Approval, Nongshim USA awards E&C plus Releases RFQs and Bid Documents for Subcontractors, and Specialty Vendors 4Q25 (Nov) thru 1Q26 (Jan). Construction Kick-Off 1Q26 (Mar). Project Completion 4Q26 (Dec).",3527923,3166631,Nongshim USA,31-May-24,A,2-Jun-25,Noodles,https://www.industrialinfo.com/dash/project_report.jsp?PROJECT_ID=300981631,20,Low (0-69%)
Food & Beverage," $100,000,000 ",USD,8-Jun-20,WEST REGION GRASSROOT AUTOMATED GROCERY WAREHOUSE FULFILLMENT CENTER,Grassroot,Refrigerated Warehousing & Storage,Refrigerated warehousing,The Kroger Company,Planned,Refrigerated Warehousing & Storage,West Coast Region Automated Grocery Warehouse,The Kroger Company,West Coast Region,Oakland,CA,California,U.S.A.,94619,+1 5137624000,-122.18905,37.805818,CA*03,West Coast U.S.A.,Alameda,Site Selection,9/15/2454,6/13/2454,9/15/2454,9/17/2454,9/18/2454,1/1/2455,29-Dec-27,YEAR,"The Kroger Company with The Ryan Companies (Design-Build) and Ocado Solutions (Project Partner & Automated Equipment Provider) is working on Final Site Selection and the Permitting Process for Grassroot Automated Grocery Warehouse Fulfillment Center. DETAILS: At Selected Grassroot Site in West Region (To Be Determined), Construct (300,000 sqft) Automated Grocery Warehouse plus Install Associated Equipment. REQUIRES: Site Preparation, Foundation, Building, Heavy Load Flooring, Insulated Wall Panels, Docks/Doors, Cooler/Freezer Refrigeration System (Ammonia), Evaporator Coils, Robotics, Automation System, Conveyors, Automated Storage & Retrieving System (ASRS), Palletizer, Cameras, Pneumatics, Sorting Systems, Computer Systems, Loading/Unloading Areas, Material Handling Equipment, Air Flow & Temperature Controlled Systems, Engine Room, Screw Compressors, Fans, Storage Racks, Condenser, Fire Protection & Inventory Management Systems, Controls (PLC), Utilities Tie-Ins plus Electrical Distribution. ENVIRONMENTAL: (A) Vent Exhaust System, Ducting; (L) Spill Containment, Floor Drains.","The Kroger Company With the Ryan Companies (Design-Build) and Ocado Solutions continues Final Site Selection and the Permitting Process for Grassroot Automated Grocery Warehouse Thru 4Q24 (Dec) and anticipates Final AFE Approval 2Q24 (Apr). Subject to Final Corporate Approval, The Kroger Company releases RFQs and Bid Documents for Contractors, Subcontractors & Equipment Providers 2Q26 (Apr-Jun). Construction Kick-Off 3Q26 (Jul). Project Completion 4Q27 (Dec).",3416292,1054286,The Kroger Company,9-Jun-20,A,30-May-25,Refrigerated Warehousing & Storage,https://www.industrialinfo.com/dash/project_report.jsp?PROJECT_ID=300609991,61,Low (0-69%)
Food & Beverage," $2,000,000 ",USD,29-May-25,HURON TOMATO PROCESSING PLANT 2026 OFF-SEASON MAINTENANCE PROGRAM,Maintenance Program,"Canned Fruits, Vegetables, Preserves, Jams & Jellies",Tomato paste-mfg,Los Gatos Tomato,Operational,"Canned Fruits, Vegetables, Preserves, Jams & Jellies",Huron Tomato Processing,Los Gatos Tomato,19800 Gale Avenue,Huron,CA,California,U.S.A.,93234,+1 5599452700,-120.153354,36.182524,CA*06,West Coast U.S.A.,Fresno,Maintenance Programs,6/12/2454,,6/12/2454,6/14/2454,6/13/2454,9/17/2454,30-Jun-26,MONTH,"Los Gatos Tomato plans for 2026 Off-Season Maintenance Program of (90,800 sqft) Tomato Processing Facility. NORMAL INSPECTION/REPAIRS TO: Receiving & Storage Areas, Processing, Filling and Packaging Equipment plus Utilities Areas during Annual (9-Month) Off-Season Maintenance Program. REQUIRES INSPECTION/REPAIRS TO: Tomato Receiving & Handling Equipment, Storage Tanks & Vessels, Presses, Cookers, Coolers, Fillers, Canning Lines, Conveyor Systems, Pneumatic/Hydraulic Systems, Case Packers, Feeders, Palletizers, Automated Systems, Labelers and Sealers, Material Handling Equipment, Process Piping, Pumps, Gearboxes, Heat Exchanger, Motors, Drives, Boiler, Belts, Process Controls (PLC) plus Utilities. ENVIRONMENTAL MRO: (A) Vent Ducting, Exhaust System, Scrubber; (W) Wastewater Treatment System.",Los Gatos Tomato expects to finalize Maintenance Planning and Scheduling 3Q25 (Sep) and releases RFQs plus selects Subcontractors & Specialty Trades to Supplement In-House Maintenance Crew 3Q25 (Sep) through 4Q25 (Nov). Los Gatos Tomato anticipates Off-Season Maintenance Program Kick-Off 4Q25 (Oct) and Completion 2Q26 (Jun).,1084248,1107216,Los Gatos Tomato,29-May-25,A,29-May-25,Tomato Paste,https://www.industrialinfo.com/dash/project_report.jsp?PROJECT_ID=301080596,0,Medium (70-80%)
Food & Beverage," $2,500,000 ",USD,29-May-25,HURON TOMATO PROCESSING PLANT 2026 CAPITAL UPGRADES,Upgrade,"Canned Fruits, Vegetables, Preserves, Jams & Jellies",Tomato paste-mfg,Los Gatos Tomato,Operational,"Canned Fruits, Vegetables, Preserves, Jams & Jellies",Huron Tomato Processing,Los Gatos Tomato,19800 Gale Avenue,Huron,CA,California,U.S.A.,93234,+1 5599452700,-120.153354,36.182524,CA*06,West Coast U.S.A.,Fresno,Project Scope,6/12/2454,,6/13/2454,6/15/2454,6/15/2454,9/17/2454,1-Jun-26,QUARTER,"Los Gatos Tomato has begun Developing Project Scope for Tomato Processing Plant 2026 Capital Upgrades. DETAILS: At Existing (90,800 sqft) Tomato Processing Plant, Perform Multiple Plant Upgrades through Replacing or Adding New Machinery & Systems plus Auxiliary Equipment. REQUIRES: Equipment Dismantlement & Removal plus UPGRADES TO: Storage Tanks & Vessels, Presses, Cookers, Coolers, Fillers, Canning Lines, Conveyor & Automated Systems, Pneumatic/Hydraulic Systems, Case Packers, Feeders, Palletizers, Labelers and Sealers, Material Handling Equipment, Process Piping, Pumps, Gearboxes, Heat Exchanger, Motors, Drives, Boiler, Belts, Process Controls (PLC) plus Utilities. ENVIRONMENTAL: Dust Collection System.","Los Gatos Tomato continues Developing Project Scope for Tomato Processing Plant 2026 Capital Upgrades through Project Justification plus anticipates AFE Approval 3Q25 (Sep). Upon Approval, Los Gatos Tomato releases RFQ's and Bid Documents 4Q25 (Oct-Dec). Construction Kick-Off 4Q25 (Dec). Project Completion 2Q26 (Jun).",1084248,1107216,Los Gatos Tomato,29-May-25,A,29-May-25,Tomato Paste,https://www.industrialinfo.com/dash/project_report.jsp?PROJECT_ID=301080651,0,Medium (70-80%)
Food & Beverage," $4,000,000 ",USD,23-May-23,BUELLTON GRASSROOT WINERY,Grassroot,"Wines, Brandy & Brandy Spirits",Wines-mfg,Alma Rosa Winery,Planned,"Wines, Brandy & Brandy Spirits",Buellton Winery,Alma Rosa Winery,7250 Santa Rosa Road,Buellton,CA,California,U.S.A.,93427,+1 8056889090,-120.25464,34.59417,CA*07,West Coast U.S.A.,Santa Barbara,Permitting,9/16/2454,3/4/2454,9/14/2454,9/16/2454,9/17/2454,9/23/2454,31-Dec-26,YEAR,"Alma Rosa Winery with Clayton Korte has begun Permitting for Grassroot Winery. DETAILS: At Grassroot Site, Construct (15,326 sqft) Wine Production Building plus Install Associated Equipment to Produce (10,000 Gal/yr) Wine Products. REQUIRES: Site Preparation, Foundations, Building, Stainless Steel Fabrication, Tanks/Vessels, Ingredients Receiving & Handling Equipment, Hopper, Feeder, Presses, Crusher, Mixers, Blenders, Processing Vessels, Fermentation Tanks, Filling & Bottling Equipment, Conveyors Systems, Case Packers, Barrel Storage Racks, Fire Protection System, Temperature Controls System, Compressor (Air), Pumps, Valves, Heat Exchanger, Utilities, Process Controls (PLC), Electrical Distribution plus Mechanical Room & Offices. ENVIRONMENTAL: (A) Vent System, Ducting, Exhaust System; (L) Containment, Floor Drains.","Alma Rosa Winery with Clayton Korte continues Permitting for Grassroot Winery and anticipates AFE Approval 2Q26 (May). Upon Final Approval, Alma Rosa Winery awards G/C and releases RFQs and Subcontractor/Contractor/Vendor Bid Documents 1Q26 (Mar) thru 2Q26 (Apr-May). Construction Kick-Off 2Q26 (Jun). Project Completion 4Q26 (Dec).",3550277,3458226,Alma Rosa Winery,30-May-23,A,29-May-25,Wine,https://www.industrialinfo.com/dash/project_report.jsp?PROJECT_ID=300884924,27,Low (0-69%)
Food & Beverage," $100,000,000 ",USD,29-Sep-20,HUNTINGTON BEACH GRASSROOT (OFFSHORE) AQUACULTURE FACILITY,Grassroot,Animal Aquaculture,Tropical aquarium fish farms,Hubbs-SeaWorld Research Institute,Planned,Crop Preparation Services for Market,Huntington Beach (Offshore) Aquaculture,Pacific6 Enterprises,Sunset Beach,Huntington Beach,CA,California,U.S.A.,92649,+1 6192224732,-118.083184,33.7222307,CA*08,West Coast U.S.A.,Orange,Capital Estimating,9/12/2454,6/10/2454,9/12/2454,9/13/2454,9/14/2454,1/1/2455,30-Dec-27,QUARTER,"Hubbs-SeaWorld Research Institute with Pacific6 Enterprises (Project Partner) has begun Capital Estimating (Capital Approval) for Grassroot (Offshore) Aquaculture Facility. DETAILS: At Selected (717-Acre) Offshore Site in Federal Waters off Coast of Southern California, Construct Aquaculture Facility (4-miles West) including (28) Net Pens (46' Deep & 98.4' Dia.) plus Install Associated Equipment to Grow 2.2MM lbs/yr Yellowtail (Sushi-Grade). REQUIRES: Site Preparation, Concrete Blocks, Nylon Lines (High-Tensile), Galvanized Steel Shackles & Rings, Buoys (Surface & Subsurface), Distribution Plates & Chains, High-Density Polyethylene (HDPE) Floating Pens, Chain & Anchor System, (2) Moorings (2-Pen Grids 328' x 328' or 14 Submersible Pens/ea.), Anchors, Marine Systems, Sewage Systems, Fish Handling & Monitoring Systems, Feeding Systems, Lighting, Dead Fish Collectors, Net Washers, Automated Systems & Robotics, Renewable Energy Systems, Metering, Switchgear, Instrumentation & Controls, Waterproof Boxes, Operator Consoles, Lift Barges, MCC, DCS, SCADA. ENVIRONMENTAL: (W) Spill Containment, Trenching, Navigational Buoys.","Hubbs-SeaWorld Research Institute with Pacific6 Enterprises continues Capital Estimating (Capital Approval) for Grassroot (Offshore) Aquaculture Facility and anticipates Final AFE Approval 1Q26 (Jan). Subject to Final Corporate Approval, Hubbs-SeaWorld Research Institute with Pacific6 Enterprises Awards Engineering Firm and releases RFQs and Bid Documents for Design-Build, EPC, turn-Key, Contractors, Subcontractors, Equipment Providers & Specialty Trades 1Q26 (Jan-Feb). Construction Kick-Off 1Q26 (Mar). Project Completion 4Q27 (Dec). (Construction Schedule Pending Final Permit Approval)",3431529,3359726,Hubbs-SeaWorld Research Institute,1-Oct-20,A,28-May-25,,https://www.industrialinfo.com/dash/project_report.jsp?PROJECT_ID=300637763,36,Low (0-69%)
Food & Beverage," $4,000,000 ",USD,24-Feb-25,HOLLISTER CONFECTIONERY PLANT CURING ROOM ADDITION,Equipment Addition,Candy & Confectionery Products,"Bars, candy: including chocolate covered bars-mfg",Marich Confectionery Company Incorporated,Operational,Candy & Confectionery Products,Hollister Confectionery,Marich Confectionery Company Incorporated,2101 Bert Drive,Hollister,CA,California,U.S.A.,950232562,+1 8316344700,-121.394713,36.88942,CA*05,West Coast U.S.A.,San Benito,Project Scope,9/12/2454,6/12/2454,6/13/2454,6/15/2454,9/15/2454,9/17/2454,30-Jun-26,QUARTER,"Marich Confectionery Company Incorporated has begun developing Project Scope for Confectionery Plant Curing Room Addition. DETAILS: At Existing 90,000 sqft Confectionery Manufacturing Plant, Expand Curing Confectionery Capacity by Constructing (1) new Confectionery Curing Room Addition (SQFT: Unknown) plus Auxiliary Equipment. REQUIRES: Structural Modifications, Stainless Steel Fabrication, Curing Ovens, Tanks, Melters, Blenders, Mixers, Batch Cookers, Automated Systems, Coaters, Robotics, Molders, Rollers, Fillers, Weighers & Scales, Conveyor Systems, Material Handling Equipment, Depositor, Motors, Pumps, Drives, Process Controls (PLC, Pneumatics) & Tie-Ins plus Electrical Distribution. ENVIRONMENTAL: (A) Vent, Ducting, Exhaust System; (L) Spill Containment.","Marich Confectionery Company Incorporated continues developing Project Scope for Confectionery Plant Curing Room Addition thru 2Q25 (May) and anticipates finalizing Scope by 3Q25 (Jul) and receiving Final AFE Approval by 1Q26 (Jan). Subject to Approval, Marich Confectionery Company Incorporated releases RFQs and Bid Documents 4Q25 (Oct-Dec). Construction Kick-Off 2Q26 (Apr). Project Completion 2Q26 (Jun).",1026893,1044031,Marich Confectionery Company Incorporated,24-Feb-25,A,27-May-25,Confectionery,https://www.industrialinfo.com/dash/project_report.jsp?PROJECT_ID=301052560,0,Low (0-69%)
Food & Beverage," $8,000,000 ",USD,28-Apr-22,STRATFORD (HUFFMON RANCH) POULTRY FARM EXPANSION,Plant Expansion,"Broiler, Fryer & Roaster Chickens","Chicken farms or ranches, raising for slaughter",Pitman Family Farms,Operational,"Broiler, Fryer & Roaster Chickens",Stratford (Huffmon Ranch) Poultry Farm,Pitman Family Farms,16445 Laurel Avenue,Stratford,CA,California,U.S.A.,932669743,+1 5598759300,-119.751288,36.183506,CA*06,West Coast U.S.A.,Kings,Project Scope,9/16/2454,6/14/2454,9/16/2454,9/17/2454,9/17/2454,1/1/2455,29-Dec-27,YEAR,"Pitman Family Farms with Quad Knopf (aka QK) (As Own G/C) has begun Developing Project Scope for Poultry Farm Expansion. DETAILS: At Existing (249,300 chickens/yr, 7 Barn) Poultry Farm, Construct (43) new Barns (54'W x 500'L) for a total of new (1,182,758 sqft) plus Install Associated Systems to Increase Capacity to (1,949,850 chickens). REQUIRES: Site Preparation, Foundations, Buildings, Insulated Roofs & Sidewalls, Metal End Walls, Compacted Cement Floors, Mechanical Feed Lines, Heaters (Gas), Exhaust & Circulating Fans, Water Lines, Electrical Service Panels, Spray Pads, Ventilation Systems, Feed Storage Silos, Automated Systems, (2) Incinerators, Septic System, Humidifiers, Temperature Control Systems, Compressors (Air), Utilities, (3) Caretaker residences, Electrical Distribution plus Controls. ENVIRONMENTAL: (A) Vents & Exhaust System, Odor Control, Ventilation System, Dust Collection; (L) Containment.","Pitman Family Farms with Quad Knopf (As Own G/C) continues Developing Project Scope for Poultry Farm Expansion Thru 4Q25 (Nov) and anticipates AFE Approval by 2Q26 (May). Subject to Final Capital Approval, Pitman Family Farms with Quad Knopf releases RFQs and Bid Documents for Contractors, Subcontractors, Equipment Providers & Specialty Trades 2Q26 (May-Jun). Construction Kick-Off 2Q26 (Jun). Project Completion 4Q27 (Dec).",3505083,3192865,Pitman Family Farms,6-May-22,A,22-May-25,Chicken (Live Birds to be Processed),https://www.industrialinfo.com/dash/project_report.jsp?PROJECT_ID=300787364,37,Medium (70-80%)
Food & Beverage," $4,000,000 ",USD,20-May-25,VALENCIA SANDWICHES PLANT PRODUCTION LINE ADDITION,Equipment Addition,Sausage & Other Prepared Meats,"Spreads, sandwich: meat-mfpm-mfg",Bestway Sandwiches,Operational,Sausage & Other Prepared Meats,Valencia Sandwiches,Bestway Sandwiches,28209 Avenue Stanford,Valencia,CA,California,U.S.A.,91355,+1 8183611800,-118.59104,34.435139,CA*09,West Coast U.S.A.,Los Angeles [norther,Market Analysis,9/12/2454,6/14/2454,9/12/2454,9/14/2454,9/18/2454,9/19/2454,31-Aug-26,YEAR,"Bestway Sandwiches has begun Market Analysis for Sandwiches Plant Production Line Addition. DETAILS: At Existing 60,000 sqft Sandwiches Manufacturing Plant, Construct (1) new Production Line Addition plus Auxiliary Equipment. REQUIRES: Stainless Steel Fabrication, Ovens, Kettles, Mixers, Blending Ingredient Vessels, Proofers, Extruders, Formers, Conveyor Systems, Robotics, Filling & Packaging Machines, Cutters, Loading/Unloading Systems, Freezer/Cooler, Automated Systems, Motors, Servo Drives, Material Handling Equipment, Boilers, Seeders, Dryers, Process Controls (Pneumatics, PLC) & Tie-Ins, Belts, Rollers, Stands plus Electrical Distribution. ENVIRONMENTAL: (A) Ventilation, Ducting; (L) Containment.","Bestway Sandwiches continues Market Analysis for Sandwiches Plant Production Line Addition thru 2Q25 (Jun) and anticipates finalizing Scope 3Q25 (Sep) and receiving Final AFE Approval by 1Q26 (Jan). Subject to Approval, Bestway Sandwiches releases RFQs and Bid Documents 1Q26 (Jan-Mar). Construction Kick-Off 3Q26 (Jul). Project Completion 3Q26 (Aug).",3577114,3235303,Bestway Sandwiches,20-May-25,A,20-May-25,"Food Preparations Not Elsewhere Specified Or Included, Frozen",https://www.industrialinfo.com/dash/project_report.jsp?PROJECT_ID=301077094,0,Low (0-69%)
Food & Beverage," $150,000,000 ",USD,22-Jun-23,PALMDALE GRASSROOT DISTRIBUTION CENTER,Grassroot,Refrigerated Warehousing & Storage,Cold storage warehousing,Trader Joe's,Under Construction,Refrigerated Warehousing & Storage,Palmdale Grocery Distribution Center,Trader Joe's,41936 10th Street West,Palmdale,CA,California,U.S.A.,93551,+1 6265993700,-118.14324,34.6454,CA*09,West Coast U.S.A.,Los Angeles [norther,Construction - Merit Shop,2/24/2454,,2/24/2454,3/1/2454,2/26/2454,6/15/2454,31-Dec-25,QUARTER,"Trader Joe's with KPRS Construction (G/C) and Kimley-Horn and Associates Incorporated (A&E) has begun Construction for Grassroot Distribution Center. DETAILS: At (104-Acre) Grassroot Site, Construct (1.03MM sqft) Distribution Center including (827,000 sqft) Hub Facility and (211,000 sqft) Cold Storage Facility plus Install Associated Equipment. REQUIRES: Site Preparation, Building, Heavy Load Flooring, Insulated Wall Panels, Doors/Docks, Ammonia Refrigeration System, Air Flow & Temperature Control System, Condenser, Evaporator Coils, Fans, (Air) Compressor, Palletizers, Storage Racks, Automated & Conveyor System, Scanner, Material Handling Equipment, Inventory Management, Fire Protection Systems, Pumps, Valves, Lighting, Process Controls (PLC), Utilities, Mechanical Room, Charging Stations, Electrical Distribution plus Offices. ENVIRONMENTAL: (A) Dust Collection System, Vent Exhaust System, Ducting; (L) Spill Containment, Floor Drains.","Trader Joe's with KPRS Construction (G/C) continues Construction for Grassroot Distribution Center and anticipates receiving AFE Approval 1Q24 (Jan). Upon Approval, Trader Joe's with KPRS Construction (G/C) releases Remaining RFQs and Bid Documents for Contractors/Subcontractors & Equipment Providers as needed 1Q24 (Jan) thru 2Q24 (May). Construction Kick-Off 1Q24 (Mar). Project Completion 4Q25 (Dec).",3553489,3109236,Trader Joe's,22-Jun-23,A,20-May-25,Special Warehousing & Storage,https://www.industrialinfo.com/dash/project_report.jsp?PROJECT_ID=300892548,5,High (81-99%)
Food & Beverage," $750,000,000 ",USD,24-Jul-24,SOUTH BAY (SAN JOSE) GRASSROOT DESALINATION PLANT,Grassroot,Water Supply,Desalination of Water,Santa Clara Valley Water District,Planned,Water Supply,South Bay Desalination Plant,Santa Clara Valley Water District,South Bay Area,San Jose,CA,California,U.S.A.,95134,+1 4082652600,-121.9434,37.42432,CA*03,West Coast U.S.A.,Santa Clara,Economic Evaluation,9/21/2454,9/20/2454,9/21/2454,9/23/2454,12/21/2454,10/17/2455,1-Jan-30,YEAR,"Santa Clara Valley Water District with Black and Veatch Corporation has begun Site Study & Economic Evaluation for Grassroot Desalination Plant. DETAILS: At Select Grassroot Site in Palo Alto, Mountain View or San Jose, Construct (SQFT Unknown) Desalination Plant, Supply and Distribution Pipelines and Install new Reverse Osmosis Unit to Process (20MM - 80MM gal/d) Seawater into (10MM - 40MM gal/d) Potable Water. REQUIRES: Site Preparation, Foundation, Building, Excavation, Demolition, Multiple Slant Intake Wells, Foundations/Concrete, Brine System, Storage Tanks, Intake/Discharge Pipelines, Pre-Treatment System, Reverse Osmosis Unit, Membrane Filtration System, Hi-Press Pumps, Flush Tank, Heat Exchangers, Utilities Tie-Ins plus Process Controls. ENVIRONMENTAL: (A) Ducting; (L) Containment; (W) Filtration System.","Santa Clara Valley Water District with Black and Veatch Corporation continues Site Study & Economic Evaluation through Permitting for Grassroot Desalination Plant and anticipates AFE Approval 4Q26 (Oct). Subject to Final Approvals, Santa Clara Valley Water District with Black and Veatch Corporation awards D/B and releases RFQs and Bid Documents for Contractors and Sub-Contractors 4Q26 (Oct-Dec). Construction Kick-Off 1Q27 (Jan). Project Completion 1Q30 (Jan).",3603637,3410002,Santa Clara Valley Water District,24-Jul-24,A,20-May-25,Desalinated Water,https://www.industrialinfo.com/dash/project_report.jsp?PROJECT_ID=300994987,0,Low (0-69%)
Food & Beverage," $3,000,000 ",USD,15-May-25,FAIRFIELD BREWERY 2026 MAINTENANCE PROGRAM,Maintenance Program,Malt Beverages,Beer (alcoholic beverage)-mfg,Anheuser-Busch Incorporated,Operational,Malt Beverages,Fairfield Brewery,Anheuser-Busch InBev,3101 Busch Drive,Fairfield,CA,California,U.S.A.,945339726,+1 7074292000,-122.093126,38.236375,CA*03,West Coast U.S.A.,Solano,Maintenance Programs,6/13/2454,,6/13/2454,6/15/2454,9/12/2454,9/23/2454,31-Dec-26,MONTH,"Anheuser-Busch Incorporated Plans 2026 Maintenance Program at ((4MM BBL/yr; 700,000 sqft)) Brewery. NORMAL INSPECTION/REPAIR OF: Receiving & Handling Areas, Milling Equipment, Mash/Lautering Areas, Cookers, Brewing Kettles, Fermentation Tanks, Filling and Packaging Equipment plus Utilities. REQUIRES REPAIRS/REPLACEMENTS TO: Ingredients Handling Equipment, Mash Mixers, Kettles, Tanks, Brewhouse, Fermentation and Aging Vessels, Filtering System, Washers, Fillers, Canning/Bottling Lines, Packaging Equipment, Case Packers, Automated & Conveyor Systems, Process Piping, Refrigeration System, Cooler/Chillers, Filters, Compressors (Air), Heat Exchangers, Boilers, Wind Turbines, PV Solar, Valves, Pumps, Motors plus Controls (PLC). ENVIRONMENTAL MRO: (A) Dust Collectors, Exhaust System, Ducting, Emission Controls; (W) Wastewater Treatment System.",Anheuser-Busch Incorporated continues Maintenance Planning and Scheduling for Brewery 2026 Maintenance Program through 4Q25 (Oct) plus releases RFQs and Bid Documents plus selects Subcontractors as needed to Support In-House Maintenance Crew 4Q25 (Oct-Dec). Anheuser-Busch Incorporated indicates Maintenance Program Kick-Off 1Q26 (Jan) and Completion 4Q26 (Dec). (Subject to Production Schedules),1025805,1029530,Anheuser-Busch Incorporated,15-May-25,A,15-May-25,Beer,https://www.industrialinfo.com/dash/project_report.jsp?PROJECT_ID=301075943,0,Medium (70-80%)
Food & Beverage," $3,000,000 ",USD,15-May-25,SACRAMENTO BAKERY FACILITY TUNNEL OVEN ADDITION,Equipment Addition,"Bread & Bakery Products, Except Cookies & Crackers","Pastries, except frozen: e.g., Danish, French-mfg",Mary Ann's Baking Company,Operational,"Bread & Bakery Products, Except Cookies & Crackers",Sacramento Bakery,Mary Ann's Baking Company,8371 Carbide Ct Unit 100,Sacramento,CA,California,U.S.A.,95828,+1 9166817444,-121.39577,38.47632,CA*02,West Coast U.S.A.,Sacramento,Project Scope,6/15/2454,6/13/2454,9/12/2454,9/14/2454,9/15/2454,9/20/2454,30-Sep-26,YEAR,"Mary Ann's Baking Company has begun Developing Project Scope for Bakery Facility Tunnel Oven Addition. DETAILS: At Existing (183,500 sqft) Bakery, Construct (1) new Tunnel Oven Addition (Henry Group) plus Auxiliary Equipment to Support Muffin & Danish lines and Increase Production Capacity. REQUIRES: Stainless Steel Fabrication, Infeed System, Tunnel Oven, Decks, Heated Chambers, Oven Cabinets, Heat Exchangers, Belts, Conveyors, Impingement Systems, Electric Heaters & Cables, Burners, Plates, Automated CIP (Clean-In-Place) System, Circulation Fans, Air Intake & Exhaust Dampers, Insulation, Cooling Coils, Shelves, Doors, Air Flow & Heat Switches, Thermocouples, Plenums, Motors, Chains, Drives, Pumps, Temperature/Process Controls (PLC) plus Electrical Distribution. ENVIRONMENTAL: (A) Vent Exhaust, Ducting, Filters.","Mary Ann's Baking Company continues Developing Project Scope for Bakery Facility Production Equipment Addition through Project Justification plus anticipates AFE Approval 4Q25 (Dec). Upon Approval, Mary Ann's Baking Company Releases RFQ's and Contractors/Subcontractors Bid Documents 1Q26 (Jan-Mar). Construction Kick-Off 2Q26 (Apr). Project Completion 3Q26 (Sep).",3639037,3530714,Mary Ann's Baking Company,15-May-25,A,15-May-25,"Bread, Pastry, Cakes, Biscuits And Similar Baked Products",https://www.industrialinfo.com/dash/project_report.jsp?PROJECT_ID=301075834,0,Medium (70-80%)
Food & Beverage," $2,500,000 ",USD,14-May-25,SANTA CLARA FROZEN TREATS PLANT ROBOTIC PICK & PLACE SYSTEM ADDITION,Automation,Ice Cream & Frozen Desserts,Sherbets and ices-mfg,Wonder Ice Cream Company,Operational,Ice Cream & Frozen Desserts,Santa Clara Frozen Treats,Wonder Ice Cream Company,1065 Martin Avenue,Santa Clara,CA,California,U.S.A.,950502637,+1 4088447988,-121.953916,37.366996,CA*03,West Coast U.S.A.,Santa Clara,Project Scope,9/12/2454,6/14/2454,9/12/2454,9/14/2454,9/18/2454,9/19/2454,29-Aug-26,QUARTER,"Wonder Ice Cream Company has begun developing Project Scope for Frozen Treats Plant Robotic Pick & Place System Addition. DETAILS: At Existing 50,000 sqft Frozen Treats Manufacturing Plant, Perform Automation Upgrade to Packaging Line by Constructing (1) new Robotic Pick & Place System (Small System, Product Placed in Box) plus Auxiliary Equipment. REQUIRES: Stainless Steel Fabrication, Pick & Place Machine, Robotics, Mounting Frames, Arms, Pneumatics, Automated Systems, Wrappers, Loading & Sealing Equipment, Controllers, Staging Equipment, Air Lines, Speed Reducers, Motors, Servo Drives, Grippers, Wrists, Mechanical Brakes/Adjustable Hard Stops, Operator Stations, Interface Panels, Cables, Input/Output Devices, Monitoring System, Relays, Controls (PLC & Cabinet) plus Electrical Distribution.","Wonder Ice Cream Company continues developing Project Scope for Frozen Treats Plant Robotic Pick & Place System Addition through 3Q25 (Jul) and anticipates finalizing Scope by 3Q25 (Sep) and receiving Final AFE Approval by 1Q26 (Jan). Subject to Approval, Wonder Ice Cream Company releases RFQs and Bid Documents 1Q26 (Jan-Mar). Construction Kick-Off 3Q26 (Jul). Project Completion 3Q26 (Aug).",3184020,3162997,Wonder Ice Cream Company,14-May-25,A,14-May-25,"Food Preparations Not Elsewhere Specified Or Included, Frozen",https://www.industrialinfo.com/dash/project_report.jsp?PROJECT_ID=301075375,0,Medium (70-80%)
Food & Beverage," $12,000,000 ",USD,13-May-25,VENTURA HARBOR FISH PROCESSING FACILITY EXPANSION PHASE I!I,Plant Expansion,Prepared Fresh or Frozen Fish & Seafoods,"Seafoods, fresh and frozen-mfg",Ventura Harbor,Operational,Prepared Fresh or Frozen Fish & Seafoods,Ventura Harbor Fish Processing Facility,Ventura Harbor,1449 Spinnaker Drive,Ventura,CA,California,U.S.A.,93001,+1 8056428538,-119.2633,34.24073,CA*07,West Coast U.S.A.,Ventura,Preliminary Design,12/23/2454,,12/23/2454,12/25/2454,12/27/2454,4/5/2455,30-Jun-28,QUARTER,"Ventura Harbor has begun Preliminary Design for Fish Processing Facility Expansion Phase III. DETAILS: At Ventura Harbor, As Part of Multi-Year Project, (Upon Completion of Phase II-Demolish old 5,500 sqft Processing Facility), Construct (4,900 sqft) Commercial Fishing Facility, and Construct Additional Landing Platforms to Increase the Landing Capacity to Offload, Process and Transport Commercial Squid plus Install Associated Equipment. REQUIRES: Site Preparation, Building, Stainless Steel Fabrication, Receiving & Handling Equipment, Processing Equipment, Conveyors, Washer Systems, Packaging Lines, Refrigeration System, Freezers/Coolers, Transformers, Blasters, Storage Racks, Inventory Management System, Scanners, Air Flow & Temperature Controlled Systems, Motors, Drives, Compressors (Air), Fire Protection Systems, Heat Exchanger, Process Controls (PLC), Utilities plus Electrical Distribution. ENVIRONMENTAL: (A) Vents/Exhaust System, Odor Control System, Ducting; (L) Spill Containment, Floor Drains; (W) Wastewater Treatment System.","Ventura Harbor continues Preliminary Design for Fish Processing Facility Expansion Phase III thru 3Q26 (Sep), and Anticipate AFE Approval 1Q27 (Mar). Upon Approval, Ventura Harbor releases RFQS and Bid Documents for Contractors, Subcontractors and Specialty Vendors 1Q27 (Mar) thru 2Q27 (May). Construction Kick-Off 3Q27 (Jul). Total Project Completion 2Q28 (Jun).",3638803,3530515,Ventura Harbor,14-May-25,A,14-May-25,Plant based Fish or Seafood,https://www.industrialinfo.com/dash/project_report.jsp?PROJECT_ID=301074965,0,Medium (70-80%)
Food & Beverage," $2,000,000 ",USD,7-Mar-25,SANTA CLARA FROZEN TREATS PLANT ROBOTIC PALLETIZER ADDITION,Equipment Addition,Ice Cream & Frozen Desserts,"Dessert pops, frozen: flavored ice, fruit, pudding, and gelatin-mfg",Wonder Ice Cream Company,Operational,Ice Cream & Frozen Desserts,Santa Clara Frozen Treats,Wonder Ice Cream Company,1065 Martin Avenue,Santa Clara,CA,California,U.S.A.,950502637,+1 4088447988,-121.953916,37.366996,CA*03,West Coast U.S.A.,Santa Clara,Market Analysis,9/23/2454,,12/21/2454,12/23/2454,12/25/2454,12/27/2454,31-Jul-27,MONTH,"Wonder Ice Cream Company has began Market Analysis for Frozen Treats Plant Robotic Palletizer Addition.  DETAILS: At Existing (41,900 sq.ft)  Ice Cream Manufacturing Plant, Construct (1-2) new Robotic Palletizers plus Auxiliary Equipment. REQUIRES: Stainless Steel Fabrication, Robotics, Palletizer Machine, Mounting Frames, Arms, Pneumatics, Automated Systems, Material Handling Equipment, Wrappers, Controllers, Staging Equipment, Air Lines, Speed Reducers, Motors, Servo Drives, Grippers, Wrists, Mechanical Brakes/Adjustable Hard Stops, Operator Stations, Interface Panels, Cables, Input/Output Devices, Monitoring System, Relays, Controls (PLC & Cabinet) plus Electrical Distribution.","Wonder Ice Cream Company continues Market Analysis for Frozen Treats Plant Robotic Palletizer Addition thru 1Q25 (Mar) and anticipates receiving Final AFE Approval by 4Q26 (Dec). Subject to Approval, Wonder Ice Cream Company releases RFQs and Bid Documents 1Q27 (Jan-Mar). Construction Kick-Off 2Q27 (May). Project Completion 3Q27 (Jul).",3184020,3162997,Wonder Ice Cream Company,7-Mar-25,A,6-May-25,,https://www.industrialinfo.com/dash/project_report.jsp?PROJECT_ID=301056072,12,Low (0-69%)
Food & Beverage," $3,000,000 ",USD,13-May-25,VENTURA HARBOR FISH PROCESSING FACILITY EXPANSION PHASE I,Plant Expansion,Prepared Fresh or Frozen Fish & Seafoods,"Seafoods, fresh and frozen-mfg",Ventura Harbor,Operational,Prepared Fresh or Frozen Fish & Seafoods,Ventura Harbor Fish Processing Facility,Ventura Harbor,1449 Spinnaker Drive,Ventura,CA,California,U.S.A.,93001,+1 8056428538,-119.2633,34.24073,CA*07,West Coast U.S.A.,Ventura,Preliminary Design,9/17/2454,,9/18/2454,9/20/2454,12/21/2454,12/26/2454,30-Jun-27,QUARTER,"Ventura Harbor has begun Preliminary Design for Fish Processing Facility Expansion Phase I. DETAILS: At Ventura Harbor, As Part of Multi-Year Project, Construct (1) Seven Bay Offloading Facility (UNKNOWN:SQFT) to Increase the Landing Capacity to Offload, Process and Transport Commercial Squid plus Install Associated Equipment. REQUIRES: Site Preparation, Foundations, Building, Deep Water Intake System, SWRO Pumps, Cooling Systems, Screening System, Ground Storage Tanks, Hydraulic Equipment, Filtration System, Multiple Cartridge Filters, Hi-Press Pumps, Heat Exchangers, Chemical Feed and Storage, Solids & Residuals Management, Discharge Pipelines, Intake Pipeline, Holding Tank, Metering System, plus Controls. ENVIRONMENTAL: (A) Vent/Exhaust Ducting, Fans; (L) Containment Areas; (W) Filtration System.","Ventura Harbor continues Preliminary Design for Fish Processing Facility Expansion Phase I thru 2Q26 (Apr), and Anticipates AFE Approval 2Q26 (Jun). Upon Approval, Ventura Harbor releases RFQS and Bid Documents for Contractors, Subcontractors and Specialty Vendors 3Q26 (Jul-Sep). Construction Kick-Off 1Q27 (Jan). Total Project Completion 2Q27 (Jun).",3638803,3530515,Ventura Harbor,13-May-25,A,13-May-25,Plant based Fish or Seafood,https://www.industrialinfo.com/dash/project_report.jsp?PROJECT_ID=301074971,0,Medium (70-80%)
Food & Beverage," $1,200,000 ",USD,7-May-25,OXNARD AVOCADO & LEMON PLANT PACKING LINE ADDITION,Equipment Addition,Crop Preparation Services for Market,Packing fruits and vegetables,Westfalia Fruit,Operational,Crop Preparation Services for Market,Oxnard Avocado & Lemon,Westfalia Fruit,1901 Eastman Avenue,Oxnard,CA,California,U.S.A.,930305171,+1 8052127236,-119.15691,34.198613,CA*07,West Coast U.S.A.,Ventura,Market Analysis,9/12/2454,6/14/2454,9/12/2454,9/14/2454,9/18/2454,9/19/2454,29-Aug-26,YEAR,"Westfalia Fruit has begun Market Analysis for Avocado & Lemon Plant Packing Line Addition. DETAILS: At Existing 50,000 sqft Avocado & Lemon Packing Plant, Construct (1) new (Avocado, 14 lbs/d-20 lbs/d) Packing Line Addition plus Auxiliary Equipment. REQUIRES: Stainless Steel Fabrication, Former/Wrapping/Packing Machine, Sealers, Bagger Machines, Conveyor Systems, Feeders, Material Handling Equipment, Automated Systems, Servo Motors, Drives, Stands, Belts, Scales & Weighing Systems, Printers, Applicators, Labelers, Sensors, Monitoring Equipment, Operator Stations, Controls (PLC) & Tie-Ins plus Electrical Distribution.","Westfalia Fruit continues Market Analysis for Avocado & Lemon Plant Packing Line Addition thru 2Q25 (Jun) and anticipates finalizing Scope by 3Q25 (Sep) and receiving Final AFE Approval by 1Q26 (Jan). Subject to Approval, Westfalia Fruit releases RFQs and Bid Documents 1Q26 (Jan-Mar). Construction Kick-Off 3Q26 (Jul). Project Completion 3Q26 (Aug).",3436290,3363490,Westfalia Fruit,9-May-25,A,7-May-25,"Avocados, Fresh Or Dried",https://www.industrialinfo.com/dash/project_report.jsp?PROJECT_ID=301073567,0,Medium (70-80%)
Food & Beverage," $1,100,000 ",USD,28-Aug-23,SAN JOSE BROWNFIELD MICRO-BREWERY,Brownfield,Malt Beverages,Beer (alcoholic beverage)-mfg,HenHouse Brewing Company,Planned,Malt Beverages,San Jose Micro-Brewery,HenHouse Brewing Company,357 E Taylor Street,San Jose,CA,California,U.S.A.,95112,+1 7073380490,-121.89249,37.35342,CA*03,West Coast U.S.A.,Santa Clara,Owner Review of Issue,9/16/2454,2/24/2454,6/14/2454,9/13/2454,9/17/2454,9/23/2454,31-Dec-26,YEAR,"HenHouse Brewing Company has begun Owner Review of Issue for Brownfield Micro-Brewery. DETAILS: At existing Building, Perform Structural Modifications plus Install Brewery Equipment and Systems to Convert into Microbrewery and Taproom. REQUIRES: Structural Modifications, Sheet Metal Fabrication, Ingredients Handling and Storage Equipment, Cooler, Cookers, Kettles, Fermentation Vessels, Packaging Equipment, Case Packers, Palletizers, Material Handling Equipment, Conveyors, Refrigeration System, Compressors (Air), Pumps, Motors, Valves, Electrical Distribution, Utilities, Boiler plus Process Controls (PLC). ENVIRONMENTAL: (A) Vent Exhaust System, Ducting; (L) Spill Containment, Floor Drains",HenHouse Brewing Company continues Owner Review of Issue for Brownfield Microbrewery 2Q26 (May) and releases RFQs and Bid Documents for Subcontractors and Vendors 4Q25 (Nov) thru 1Q26 (Feb). Construction Kick-Off 2Q26 (Jun). Project Completion 4Q26 (Dec).,3561013,3148939,HenHouse Brewing Company,28-Aug-23,A,7-May-25,Beer,https://www.industrialinfo.com/dash/project_report.jsp?PROJECT_ID=300909410,29,Low (0-69%)
Food & Beverage," $10,000,000 ",USD,17-Apr-24,TRACY DESALINATION PLANT CARBON CAPTURE EQUIPMENT ADDITION,Environmental Compliance (Process Equipment Compliance),Natural Gas Liquids,Carbon Dioxide (CO2) Capture/Recovery,Tracy Renewable Energy LLC,Operational,Water Supply,Tracy Desalination Plant,Tracy Renewable Energy LLC,20500 South Holly Drive,Tracy,CA,California,U.S.A.,95304,+1 2093994310,-121.42436,37.77173,CA*06,West Coast U.S.A.,San Joaquin,Permitting,9/14/2454,11/25/2453,9/14/2454,9/15/2454,9/15/2454,12/24/2454,30-Apr-27,YEAR,"Tracy Renewable Energy LLC has begun Permitting for Desalination Plant Carbon Capture Equipment Addition. DETAILS: At (17.1-Acre Site with Existing (400,000 gallons/day) Water Desalination Plant and (Under Construction (8MW) Biomass Energy Plant, Install a CO2 capture unit to capture CO2. REQUIRES: Site Preparation, Cylindrical Condensation Unit, Heat Transfer Units, Absorber, Stripper, Equipment Pads/Setting, SS/Stainless Steel and CS/Carbon Steel Piping, Compressors (Gas & Air), Utility Tie-ins, Pumps, MCC, Process Controls, Switchgear, Flowmeters, Control Valves, Dehydrater, Flow Lines, Taps, Flanges, Headers, Manifolds, Metering, Motors, Coatings, Controls. ENVIRONMENTAL: (A) Leak Detection; (L) Containment.","Tracy Renewable Energy LLC Continues Permitting for Desalination Plant Carbon Capture Equipment Addition and anticipates AFE Submittal 1Q25 (Mar). Upon Final Approvals, Tracy Renewable Energy LLC awards G/C (Gowan Construction or GCJ Incorporated) and release Equipment RFQs and  Documents for Contractors and Subcontractors 1Q26 (Mar) Thru 2Q26 (Apr). Tentative Construction Kick-Off 2Q26 (Apr). Estimated Project Completion 1Q27 (Apr).",3590240,3110293,Tracy Renewable Energy LLC,18-Apr-24,A,6-May-25,Carbon Dioxide (CO2) Capture,https://www.industrialinfo.com/dash/project_report.jsp?PROJECT_ID=300968956,12,Medium (70-80%)
Food & Beverage," $1,000,000 ",USD,13-Apr-23,PASO ROBLES WINERY DISTILLERY ADDITION,Equipment Addition,"Wines, Brandy & Brandy Spirits",Wines-mfg,Bianchi Winery,Operational,"Wines, Brandy & Brandy Spirits",Paso Robles Winery,Bianchi Winery,3380 Branch Road,Paso Robles,CA,California,U.S.A.,934468314,+1 8052269922,-120.577941,35.649798,CA*07,West Coast U.S.A.,San Luis Obispo,Permitting,9/13/2454,6/13/2454,9/13/2454,9/14/2454,9/15/2454,9/18/2454,27-Jul-26,MONTH,"Bianchi Winery awaits Permitting for Winery Distillery Addition. DETAILS: At (42-Acre) Site with Existing (14,023 sqft) Winery, Perform Structural Modifications to Convert Existing Barrel Storage Space into (445 sqft) Distillery and (295 sqft) Tasting Room plus Install Associated Equipment to Produce Distilled Spirits (Vodka, Brandy, Grappa or Gin). REQUIRES: Structural Modifications, Ingredients Handling & Storage Equipment, Stills, Columns, Cooling Water Tank, Kettles, Fermentation Tanks, Filtration Systems, Storage Tanks, Stainless Steel Piping, Fillers, Bottling & Packaging Equipment, Case Packers, Palletizers, Heat Exchanger, Motors, Control Valves, Pumps, Utility Tie-Ins, Process Controls (PLC), Utility Tie-Ins, Electrical Distribution plus Taproom and Patio. ENVIRONMENTAL: (A) Vents, Ducting, Exhaust System; (L) Spill Containment.","Bianchi Winery continues Permitting for Winery Distillery Addition Thru 4Q25 (Oct) and anticipates AFE Approval 1Q26 (Mar). Upon Final Owner Approval, Bianchi awards G/C and releases RFQ's and Bid Document for Contractors, Sub-contractors and Specialty Vendors 1Q26 (Feb-Mar). Construction Kick-Off 2Q26 (Apr). Project Completion 3Q26 (Jul).",3545836,3454401,Bianchi Winery,13-Apr-23,A,5-May-25,"Spirits including Rum, Vodka, Bourbon & Whiskey",https://www.industrialinfo.com/dash/project_report.jsp?PROJECT_ID=300874429,30,Medium (70-80%)
Food & Beverage," $3,500,000 ",USD,13-Apr-23,PASO ROBLES WINERY PRODUCTION EXPANSION,Plant Expansion,"Wines, Brandy & Brandy Spirits",Wines-mfg,Bianchi Winery,Operational,"Wines, Brandy & Brandy Spirits",Paso Robles Winery,Bianchi Winery,3380 Branch Road,Paso Robles,CA,California,U.S.A.,934468314,+1 8052269922,-120.577941,35.649798,CA*07,West Coast U.S.A.,San Luis Obispo,Permitting,9/13/2454,6/13/2454,9/13/2454,9/14/2454,9/15/2454,9/18/2454,27-Jul-26,YEAR,"Bianchi Winery has begun Permitting and Detailed Design for Winery Production Expansion. DETAILS: At (42-Acre) Site with Existing (14,023 sqft) Winery, Construct (9,280 sqft) Wine Production Building Addition plus Install Associated Equipment to Produce Wine. REQUIRES: Site Preparation, Foundations, Building, Stainless Steel Fabrication, Tanks/Vessels, Ingredients Receiving & Handling Equipment, Hopper, Feeder, Presses, Crusher, Mixers, Blenders, Processing Vessels, Fermentation Tanks, Filling & Bottling Equipment, Conveyors Systems, Case Packers, Barrel Storage Racks, Fire Protection System, Temperature Controls System, Compressor (Air), Pumps, Valves, Heat Exchanger, Utilities, Process Controls (PLC), Electrical Distribution plus Mechanical Room & Offices. ENVIRONMENTAL: (A) Vent System, Ducting, Exhaust System; (L) Containment, Floor Drains.","Bianchi Winery continues Permitting and Detailed Design for Winery Production Expansion Thru 4Q25 (Oct) and anticipates AFE Approval 1Q26 (Feb). Upon Final Owner Capital Approvals, Bianchi awards G/C and releases RFQ's and Bid Document for Contractors, Sub-contractors and Specialty Vendors 1Q26 (Feb-Mar). Construction Kick-Off 2Q26 (Apr). Project Completion 3Q27 (Jul).",3545836,3454401,Bianchi Winery,13-Apr-23,A,5-May-25,Wine,https://www.industrialinfo.com/dash/project_report.jsp?PROJECT_ID=300874463,22,Medium (70-80%)
Food & Beverage," $3,500,000 ",USD,14-Apr-23,PASO ROBLES GRASSROOT WINERY,Grassroot,"Wines, Brandy & Brandy Spirits",Wines-mfg,Mahler Winery,Planned,"Wines, Brandy & Brandy Spirits",Paso Robles Winery,Mahler Winery,1550 Arbor Road,Paso Robles,CA,California,U.S.A.,93446,+1 8052370055,-120.711509,35.594385,CA*07,West Coast U.S.A.,San Luis Obispo,Permitting,9/12/2454,6/13/2454,9/12/2454,9/13/2454,9/14/2454,9/23/2454,30-Dec-26,YEAR,"Mahler Winery/Dirty Candy LLC with Parallel Design Studios and SSG Structural Engineers has begun Permitting for Grassroot Winery. DETAILS: At (13.5-Acre) Grassroot Site, Construct (2,455 sqft) Wine Production Building with (633 sqft) Tasting Room plus Install Associated Equipment to Produce (24,000 Gal/yr) Wine Products. REQUIRES: Site Preparation, Foundations, Building, Stainless Steel Fabrication, Tanks/Vessels, Ingredients Receiving & Handling Equipment, Hopper, Feeder, Presses, Crusher, Mixers, Blenders, Processing Vessels, Fermentation Tanks, Filling & Bottling Equipment, Conveyors Systems, Case Packers, Barrel Storage Racks, Fire Protection System, Temperature Controls System, Compressor (Air), Pumps, Valves, Heat Exchanger, Utilities, Process Controls (PLC), Electrical Distribution plus Mechanical Room & Offices. ENVIRONMENTAL: (A) Vent System, Ducting, Exhaust System; (L) Containment, Floor Drains.","Mahler Winery/Dirty Candy LLC with Parallel Design Studios and SSG Structural Engineers continues Permitting for Grassroot Winery Thru 4Q25 (Oct) and anticipates receiving AFE Approval 1Q26 (Jan). Upon Final Owner Approval, Mahler Winery/Dirty Candy LLC awards G/C and releases RFQs and Subcontractor/Contractor/Vendor Bid Documents 1Q26 (Jan-Feb). Construction Kick-Off 1Q26 (Mar). Project Completion 4Q26 (Dec).",3545930,3454461,Mahler Winery,14-Apr-23,A,5-May-25,Wine,https://www.industrialinfo.com/dash/project_report.jsp?PROJECT_ID=300874809,26,Low (0-69%)
Food & Beverage," $4,500,000 ",USD,14-Dec-21,LODI BROWNFIELD WINERY AND BREWERY (PHASE I),Brownfield,"Wines, Brandy & Brandy Spirits",Wines-mfg,40Forty LLC,Planned,"Wines, Brandy & Brandy Spirits",Lodi Winery and Brewery,40Forty LLC,3725 East Armstrong Road,Lodi,CA,California,U.S.A.,95270,+1 2096120202,-121.269738,38.0871,CA*06,West Coast U.S.A.,San Joaquin,Permitting,9/22/2454,9/20/2454,9/22/2454,9/23/2454,12/21/2454,12/30/2454,30-Oct-27,YEAR,"40Forty LLC (As Own G/C) with NJA Architecture has begun Permitting and Developing Full Project Scope for Brownfield Winery and Brewery (Phase I). DETAILS: At (37-Acre) Site, Construct (4,000 sqft) Wine Production and Brewery plus Install Associated Equipment. REQUIRES: Site Preparation, Foundations, Building, Stainless Steel Fabrication, Tanks/Vessels, Ingredients Receiving & Handling Equipment, Hopper, Feeder, Presses, Crusher, Mixers, Blenders, Processing Vessels, Fermentation Tanks, Filling & Bottling Equipment, Conveyors Systems, Case Packers, Barrel Storage Racks, Fire Protection System, Temperature Controls System, Compressor (Air), Pumps, Valves, Heat Exchanger, Utilities, Process Controls (PLC), Electrical Distribution plus Mechanical Room & Offices. ENVIRONMENTAL: (A) Vent System, Ducting, Exhaust System; (L) Containment, Floor Drains.","40Forty LLC (As Own G/C) with NJA Architecture continues Permitting and Developing Full Project Scope for Brownfield Winery Thru 3Q29 (Sep) and anticipates Final AFE Approval 4Q26 (Nov). Upon Final Owner Approval, 40Forty LLC with NJA Architecture awards G/C plus releases RFQs and Subcontractors/Contractors/Vendors Bid Documents 4Q26 (Nov-Dec). Construction Kick-Off 1Q27 (Jan). Project Completion 4Q27 (Oct).",3488091,3406338,40Forty LLC,14-Dec-21,A,5-May-25,,https://www.industrialinfo.com/dash/project_report.jsp?PROJECT_ID=300751123,51,Low (0-69%)
Food & Beverage," $4,000,000 ",USD,14-Dec-21,LODI PHASE II WINERY AND BREWERY EXPANSION,Plant Expansion,"Wines, Brandy & Brandy Spirits",Wines-mfg,40Forty LLC,Planned,"Wines, Brandy & Brandy Spirits",Lodi Winery and Brewery,40Forty LLC,3725 East Armstrong Road,Lodi,CA,California,U.S.A.,95270,+1 2096120202,-121.269738,38.0871,CA*06,West Coast U.S.A.,San Joaquin,Market Analysis,4/10/2455,4/5/2455,4/10/2455,4/11/2455,7/9/2455,7/19/2455,30-Nov-29,YEAR,"40Forty LLC (As Own G/C) with NJA Architecture has begun Market Analysis for Phase II Winery and Brewery Expansion. DETAILS: At  Planned (4,000 sqft) Wine Production and Brewery (Project 300751123), Construct (4,000 sqft) Wine Production Addition and (3,000 sqft) Multi-Purpose plus Install Associated Equipment. REQUIRES: Site Preparation, Foundations, Building, Stainless Steel Fabrication, Tanks/Vessels, Ingredients Receiving & Handling Equipment, Hopper, Feeder, Presses, Crusher, Mixers, Blenders, Processing Vessels, Fermentation Tanks, Filling & Bottling Equipment, Conveyors Systems, Case Packers, Barrel Storage Racks, Fire Protection System, Temperature Controls System, Compressor (Air), Pumps, Valves, Heat Exchanger, Utilities, Process Controls (PLC), Electrical Distribution plus Mechanical Room & Offices. ENVIRONMENTAL: (A) Vent System, Ducting, Exhaust System; (L) Containment, Floor Drains.","40Forty LLC (As Own G/C) with NJA Architecture continues Marketing Analysis for Phase II Winery and Brewery Expansion Thru 2Q28 (Jun) and anticipates Final AFE Approval 4Q28 (Nov). Upon Final Owner Approval, 40Forty LLC with NJA Architecture awards G/C plus releases RFQs and Subcontractors/Contractors/Vendors Bid Documents 4Q28 (Nov-Dec). Construction Kick-Off 1Q29 (Jan). Project Completion 4Q29 (Nov).",3488091,3406338,40Forty LLC,14-Dec-21,A,5-May-25,,https://www.industrialinfo.com/dash/project_report.jsp?PROJECT_ID=300751135,60,Low (0-69%)
Food & Beverage," $2,000,000 ",USD,26-Apr-24,TULARE JUICE MANUFACTURING PLANT PROCESSING LINE UPGRADES,Upgrade,"Canned Fruits, Vegetables, Preserves, Jams & Jellies","Juices, fruit and vegetable: canned or fresh-mfg",Sunmet,Operational,"Canned Fruits, Vegetables, Preserves, Jams & Jellies",Tulare Juice Manufacturing Plant,Sunmet,6150 Hosfield Drive,Tulare,CA,California,U.S.A.,932749505,+1 5593661052,-119.328992,36.150268,CA*06,West Coast U.S.A.,Tulare,Project Scope,9/13/2454,,9/14/2454,9/16/2454,9/17/2454,9/19/2454,30-Aug-26,YEAR,"Sunmet has begun Developing Project Scope Juice Manufacturing Plant Processing Line Upgrades. DETAILS: At Existing (65,000 sqft) Juice Manufacturing Plant, Perform Upgrade (Speed-Up) to (1-3) Production Lines plus Auxiliary Equipment. REQUIRES: Equipment Removal/Disassembly, Stainless Steel Fabrication PLUS UPGRADES & REPLACEMENTS TO: Washers, Fruit Sorters, Crushers, Kettles, Fruit Juice Press Machines, Filler Machines, Conveyor Systems, Blenders, Centrifuge, Automated Systems, Robotics, Palletizer, Material Handling Equipment, Rinser Machines, Sterilization Equipment, Homogenizer, Evaporator, Storage Tank, Labelers & Cappers, Stacker, Case Packer, Process Piping, Belts, Pneumatics, Sensors, Flowmeters, Motors, Drives, Inspection System, Process Controls (PLC, Pneumatics) & Tie-Ins plus Electrical Distribution. ENVIRONMENTAL: (A) Ducting; (L) Containment.","Sunmet continues Developing Project Scope Juice Manufacturing Plant Processing Line Upgrades and anticipates receiving Final AFE Approval by 1Q26 (Feb). Subject to Approval, Sunny Delight Beverages Company releases RFQs and Bid Documents 1Q26 (Mar) thru 2Q26 (May). Construction Kick-Off 2Q26 (Jun). Project Completion 3Q26 (Aug).",3088008,3085469,Sunmet,29-Apr-24,A,1-May-25,,https://www.industrialinfo.com/dash/project_report.jsp?PROJECT_ID=300972013,12,Low (0-69%)
Food & Beverage," $3,000,000 ",USD,26-Apr-24,PATTERSON FRUIT AND VEGETABLE PROCESSING PLANT PACKAGING AUTOMATION UPGRADES,Upgrade,"Dried & Dehydrated Fruits, Vegetables & Soup Mixes",Dried fruits and vegetables-mfg,Traina Dried Foods Incorporated,Operational,"Dried & Dehydrated Fruits, Vegetables & Soup Mixes",Patterson Fruit and Vegetable Processing,Traina Dried Foods Incorporated,280 1st Street,Patterson,CA,California,U.S.A.,953632318,+1 2098925472,-121.124254,37.470673,CA*06,West Coast U.S.A.,Stanislaus,Market Analysis,9/12/2454,,9/13/2454,9/15/2454,9/16/2454,9/23/2454,31-Dec-26,YEAR,"Traina Dried Foods Incorporated has begun Market Analysis for Fruit and Vegetable Processing Plant Packaging Automation Upgrades. DETAILS: At Existing (292,000 sqft) Fruit and Vegetable Processing Plant, Perform 
Automation Upgrades to Packaging Areas by Constructing new Robotics plus Auxiliary Equipment. REQUIRES: Stainless Steel Fabrication, Robotics, Palletizer Machines, Case Packers, Mounting Frames, Arms, Pneumatics, Automated System, Wrapper, Case Erecting/Loading & Sealing Equipment, Controllers, Staging Equipment, Air Lines, Speed Reducers, Motors, Servo Drives, Grippers, Wrists, Mechanical Brakes/Adjustable Hard Stops, Operator Stations, Interface Panels, Cables, Input/Output Devices, Monitoring System, Relays, Controls (PLC & Cabinet) plus Electrical Distribution.","Traina Dried Foods Incorporated continues Market Analysis for Fruit and Vegetable Processing Plant Packaging Automation Upgrades 1Q26 (Jan). Subject to Final Approval, Traina Dried Foods Incorporated releases RFQs and Bid Documents 1Q26 (Feb) thru 2Q26 (Apr). Construction Kick-Off 2Q26 (May). Project Completion 4Q26 (Dec).",3424724,3354856,Traina Dried Foods Incorporated,30-Apr-24,A,30-Apr-25,,https://www.industrialinfo.com/dash/project_report.jsp?PROJECT_ID=300972082,0,Low (0-69%)
Food & Beverage," $2,000,000 ",USD,23-Apr-25,CLOVIS FRUIT PROCESSING PLANT 2Q26 MAINTENANCE PROGRAM,Maintenance Program,"Frozen Fruits, Fruit Juices & Vegetables","Fruits, quick frozen and coldpack (frozen)-mfg",Wawona Frozen Foods Incorporated,Operational,"Frozen Fruits, Fruit Juices & Vegetables",Clovis Frozen Fruits,Wawona Frozen Foods Incorporated,100 West Alluvial Avenue,Clovis,CA,California,U.S.A.,936119176,+1 5592992901,-119.71455,36.843898,CA*06,West Coast U.S.A.,Fresno,Maintenance Programs,6/13/2454,,6/14/2454,6/15/2454,9/12/2454,9/16/2454,30-May-26,QUARTER,"Wawona Frozen Foods Incorporated plans 2Q26 Maintenance Program for (130,000 sqft & 75MM Lbs/yr) Fruit Processing Plant. NORMAL INSPECTION/MRO OF: Peach Receiving & Storage Areas, Fruit Processing Lines, Packaging Equipment plus Associated Equipment. REQUIRES INSPECTION/REPAIR TO: Storage Tanks/Vessels, Processing Lines, Washers, Cleaners, Conveyor System, Sorter, Screens, Piping, Heat Exchangers, Filling & Packaging Equipment, Belts, Motors, Drives, Compressors (Air) plus Controls. ENVIRONMENTAL MRO: (A) Dust Collector System, Vent System, Ducting; (W) Wastewater Treatment System.",Wawona Frozen Foods Incorporated continues Maintenance Planning and expects to Finalize Schedule 4Q25 (Oct). Wawona Frozen Foods releases Equipment RFQs and Bid Documents plus selects Subcontractors as Needed to Supplement In-House Maintenance Crew 4Q25 (Nov-Dec). Wawona Frozen Foods anticipates Maintenance Program (5-Month) Kick-Off 1Q26 (Jan). Project Completion 2Q26 (May).,1512937,1512937,Wawona Frozen Foods Incorporated,23-Apr-25,A,23-Apr-25,,https://www.industrialinfo.com/dash/project_report.jsp?PROJECT_ID=301069771,0,High (81-99%)
Food & Beverage," $10,000,000 ",USD,19-Apr-24,CERRITOS BEVERAGE DISTRIBUTION CENTER AUTOMATION SYSTEM ADDITION,Automation,General Warehousing & Storage,General warehousing and storage,Southern Glazers Wine and Spirits LLC,Operational,General Warehousing & Storage,Cerritos Beverage Distribution Center,Southern Glazers Wine and Spirits LLC,17101 Valley View Avenue,Cerritos,CA,California,U.S.A.,90703,+1 5629262000,-118.03021,33.87657,CA*08,West Coast U.S.A.,Los Angeles [souther,Project Scope,12/29/2454,,12/27/2454,12/29/2454,12/30/2454,4/5/2455,30-Jun-28,YEAR,"Southern Glazers Wine and Spirits LLC with Symbotic Incorporated (Automation System Technology Provider) has begun Developing Project Scope for Beverage Distribution Center Automation System Addition. DETAILS: At Existing (170,000 sqft) Alcoholic Beverage Distribution Center, As Part of Warehouse Automation Systems, Construct Robotics Warehouse Automation Machinery & Systems with A.I. Powered Software to Increase Operations Efficiency. REQUIRES: Modifications to Storage Areas, Stainless Steel Fabrication, Automated Robotics, Extensive Conveying Systems, Automated Storage & Retrieval Systems (AS/RS), Sorting Systems, Pneumatics, Arms, Cameras, Motors, Servo Drives, Controllers, Speed Reducers, Warehouse Management System (WMS), Robotic Picking System, Scanners, Palletizers, Material Handling Equipment, Storage Racks, Computer-Controlled Systems, Inventory Management Systems, Software, Charging Stations, Lights (LED), Process Controls (PLC) plus Electrical Distribution.","Southern Glazers Wine and Spirits LLC with Symbotic Incorporated continues Developing Project Scope for Beverage Distribution Center Automation System Addition through Site Selection & Design plus anticipates Final AFE Approval 3Q27 (Sep). Upon Approval, Southern Glazers Wine and Spirits LLC with Symbotic Incorporated Releases RFQs and Bid Documents for Specialty Subcontractors/Contractors & Vendors 3Q27 (Jul-Sep) Construction Kick-Off 4Q27 (Oct). Project Completion 2Q28 (Jun).",3590584,1084369,Southern Glazers Wine and Spirits LLC,19-Apr-24,A,21-Apr-25,Special Warehousing & Storage,https://www.industrialinfo.com/dash/project_report.jsp?PROJECT_ID=300969615,24,Low (0-69%)
Food & Beverage," $4,700,000 ",USD,18-Apr-25,MODESTO DAIRY WASTEWATER TREATMENT EXPANSION,Plant Expansion,Dairy Farms,Dairy farms,Art Silva Dairy,Operational,Dairy Farms,Modesto Dairy Production Facility,Art Silva Dairy,5201 Milnes Road,Modesto,CA,California,U.S.A.,95357,+1 2096040018,-120.89651,37.68225,CA*06,West Coast U.S.A.,Stanislaus,Preliminary Design,6/13/2454,,6/11/2454,6/13/2454,6/14/2454,9/17/2454,30-Jun-26,YEAR,"Art Silva Dairy with Cardosa Ag Services (Design-Engineer) has begun Preliminary Design for Dairy Wastewater Treatment Expansion. DETAILS: At Existing Dairy Farm (189-acres), Construct new Manure Vermifiltration System Addition plus Install Associated Equipment. REQUIRES: Site Preparation, Foundation, Building, Equipment Pads (Concrete) & Settings, Concrete Sidewalls, Stainless Steel Fabrication, Heated Tanks, Vermifiltration System, Filters, Heat Exchangers, Steam Piping, Augers, Tanks, Compressors (Air), Scrubbers, Pressure Relief Valves, Mixers, Effluent Systems, Mounting Frames, Generators, Gas Flow Meters, Cooling System, Temperature & Humidity Control Systems, Switchgear, Breakers, Transformer, Buffers, Fire Protection System, Motors, Drives, Process Controls & Utilities Tie-Ins plus Electrical Distribution. ENVIRONMENTAL: (A) Emissions Controls, Scrubber System; (L) Containment Areas; (W) Wastewater Treatment Systems.","Art Silva Dairy with Cardosa Ag Services (Design-Engineer) continues Preliminary Design for Dairy Wastewater Treatment Expansion thru 3Q25 (Jul), and Anticipates AFE Approval 4Q25 (Oct). Upon Approval, Art Silva Dairy with Cardosa Ag Services releases RFQs and Bid Documents for Specialty Contractors/Subcontractors 3Q25 (Aug) thru 4Q25 (Oct). Construction Kick-Off 4Q25 (Nov). Project Completion 2Q26 (Jun).",3636052,3528020,Art Silva Dairy,18-Apr-25,A,18-Apr-25,Milk,https://www.industrialinfo.com/dash/project_report.jsp?PROJECT_ID=301068334,0,Medium (70-80%)
Food & Beverage," $20,000,000 ",USD,21-Jun-22,LEMOORE GRASSROOT BEEF PROCESSING PLANT,Grassroot,Meat Packing Plants,Beef-mitse-mfg,Sandridge Partners,Planned,Meat Packing Plants,Lemoore Beef Processing,Sandridge Partners,19868 Jackson Avenue,Lemoore,CA,California,U.S.A.,93245,+1 6617645730,-119.807,36.256,CA*06,West Coast U.S.A.,Kings,Owner Review of Issue,9/13/2454,11/25/2453,6/14/2454,9/13/2454,9/14/2454,9/23/2454,31-Dec-26,YEAR,"Sandridge Partners with 4Creeks Incorporated has begun Owner Review of Issue for Grassroot Beef Processing Plant. DETAILS: At Selected ( 135 acres) Grassroot Site, Construct (72,000 Sqft, 210 cattle/d) Beef Processing Facility plus Auxiliary Equipment. REQUIRES: Site Preparation, Foundation, Building, Heavy Load Flooring, Doors/Docks, Insulated Wall Panels, Material Handling Equipment, Automated Systems, Storage Equipment, Storage Racks, Grinders, Slicing Equipment,Tanks, Scales, Cutters, Kill Floor, Trimmers, Compressor (Air), Refrigeration System, Coolers, Freezers, Thermal Oxidizers & Scrubbers, Mixing/Blending Equipment, Conveyors, Packaging Equipment, Fire Protection System, Motors, Pumps, Drives, Utilities plus Temperature Sensors and Process Controls (PLC). ENVIRONMENTAL: (A) Vent/Exhaust System, Scrubber, Dust Collection System, Ducting; (L) Floor Drains, Spill Containment; (W) Wastewater Treatment System","Sandridge Partners with 4Creeks Incorporated continues Owner Review of Issue for Grassroot Beef Processing Plant and anticipates AFE Submittal 1Q26 (Feb). Upon Final Approvals, Sandridge Partners awards G/C and releases RFQs and Bid Documents for Contractors, Subcontractors, Equipment Providers & Specialty Trade 4Q25 (Nov) thru 1Q26 (Feb). Construction Kick-Off 1Q26 (Mar). Project Completion 4Q26 (Dec).",3511137,3425758,Sandridge Partners,21-Jun-22,A,16-Apr-25,Meat Of Bovine Animals (Beef),https://www.industrialinfo.com/dash/project_report.jsp?PROJECT_ID=300799534,37,Low (0-69%)
Food & Beverage," $15,000,000 ",USD,12-Mar-21,HANFORD MEAT PROCESSING PLANT EXPANSION PHASE II,Plant Expansion,Meat Packing Plants,Cattle slaughtering plants-mfg,Central Valley Meat Company Inc,Operational,Meat Packing Plants,Hanford Meat Processing,Central Valley Meat Company Inc,10431 8 3/4 Avenue,Hanford,CA,California,U.S.A.,932309248,+1 5595839624,-119.61475,36.321666,CA*06,West Coast U.S.A.,Kings,Project Scope,9/13/2454,2/26/2454,6/14/2454,9/13/2454,9/14/2454,9/23/2454,31-Dec-26,YEAR,"Central Valley Meat Company Inc/NewCo has begun Developing Project Scope for Meat Processing Plant Expansion Phase II. DETAILS: As Second Phase of Two-Phase Project at Existing (1,500 Head/dy) Beef Processing Plant, Expand Facility (SQFT: 302,232) and Install new Processing Equipment and Associated Equipment to Expand Operations. REQUIRES: Site Preparation, Foundation, Structural/Interior Modifications & Build-Out, (186,756 sqft) Freezer/Cooler Addition, (115,476 sqft) Processing Plant Addition, Stainless Steel Fabrication, Heavy Load Flooring, Insulated Wall Panels, Equipment Pads & Settings, Receiving & Handling Equipment, Hoppers, Washers, Trimmers, Blades, Cutters, Slicers, Tables, Rendering Equipment, Grinders, Scales, Automated & Conveyor System, Ammonia Refrigeration System, Compressor (Air), Pumps, Control Valves, Motors, Utility Tie-Ins, Process Controls (PLC) plus Electrical Distribution. ENVIRONMENTAL: (A) Dust Collection System, Scrubber, Vents, Exhaust System; (L) Spill Containment, Floor Drains.","Central Valley Meat Company Inc/NewCo continues Developing Project Scope Beef Processing Plant Expansion Phase II and anticipates Final AFE Approval 1Q26 (Feb). Subject to Final Approval, Central Valley Meat Company Inc/NewCo  awards G/C plus releases RFQs and Bid Documents for Contractors, Subcontractors & Equipment Providers 4Q25 (Nov) thru 1Q26 (Feb). Construction Kick-Off 1Q26 (Mar). Project Completion 4Q26 (Dec).",3248055,3220689,Central Valley Meat Company Inc,15-Mar-21,A,14-Apr-25,Meat Of Bovine Animals (Beef),https://www.industrialinfo.com/dash/project_report.jsp?PROJECT_ID=300678992,29,Low (0-69%)
Food & Beverage," $6,000,000 ",USD,9-Apr-24,VISTA MUSHROOM CULTIVATION AND PROCESSING FACILITY EXPANSION,Plant Expansion,Food Crops Grown Under Cover,"Mushrooms , growing of",M2 Ingredients Incorporated,Operational,Food Crops Grown Under Cover,Vista Mushroom,M2 Ingredients Incorporated,1395 Park Center Drive,Vista,CA,California,U.S.A.,920818338,+1 8667406874,-117.24413,33.1387,CA*10,West Coast U.S.A.,San Diego,Project Scope,9/13/2454,,6/14/2454,6/15/2454,9/14/2454,9/21/2454,31-Oct-26,QUARTER,"M2 Ingredients Incorporated has begun Developing Project Scope for Mushroom Cultivation & Processing Facility Expansion. DETAILS: At Newly (155,000 sqft) Production Facility, Construct New Growing Rooms with Associated Equipment & Systems to Triple Production Capacity. REQUIRES: Ingredients Receiving & Storage Equipment, Silos/Tanks, Stainless Steel Fabrication, Growing Rooms/Beds, Automated Irrigation System, Feeder, Washing/Sorting/Grading Equipment, Automated System, Heat Exchanger, Pumps, Motors, Valves, Utilities, LED Lighting, Electrical Distribution plus Process Controls (PLC). ENVIRONMENTAL: (A) Vent/Exhaust System, Ducting.","M2 Ingredients Incorporated continues Developing Project Scope for Mushroom Cultivation & Processing Facility Expansion through Project Justification plus anticipates AFE Approval 1Q26 (Feb). Upon Approval, M2 Ingredients Incorporated Releases RFQ's and Contractors & Specialty Trades 4Q25 (Nov-Dec). Construction Kick-Off 1Q26 (Mar). Project Completion 4Q26 (Oct).",3589099,3489512,M2 Ingredients Incorporated,10-Apr-24,A,11-Apr-25,Mushrooms,https://www.industrialinfo.com/dash/project_report.jsp?PROJECT_ID=300966816,13,Low (0-69%)
Food & Beverage," $4,000,000 ",USD,29-Mar-24,VISALIA DAIRY PROCESSING PLANT MILK DRYER ADDITION (PHASE III),Equipment Addition,"Dry, Condensed & Evaporated Dairy Products","Milk: concentrated, condensed, dried, evaporated, and powdered-mfg",California Dairies Incorporated,Operational,Fluid Milk,Visalia Dairy,California Dairies Incorporated,2000 North Plaza Street,Visalia,CA,California,U.S.A.,932919358,+1 5596252200,-119.392872,36.344088,CA*06,West Coast U.S.A.,Tulare,Project Scope,9/15/2454,6/13/2454,9/15/2454,9/16/2454,9/17/2454,9/22/2454,30-Nov-26,QUARTER,"California Dairies Incorporated with E A Bonelli + Associates Incorporated (A&E) has begun Developing Full Project Scope for Dairy Processing Plant Milk Dryer Addition (Phase III). DETAILS: At (260,000 sqft) Dairy Processing Plant, As Part of Phase III of III, Construct New (11,800 sqft) Building Addition plus Install Dryer with Associated Equipment & System to Produce Milk Powder. REQUIRES: Site Preparation, Foundation, Building, Insulated Wall Panels, Doors/Docks, Stainless Steel Fabrication, Milk Receiving and Storage Equipment, Drying Chamber, Pressure Nozzles/Rotary Atomizers, Fluid Beds, Heaters, Air Intakes, Feeders, Tanks, Pumps, Motors, Bag Filter, Process Piping, Flowmeters, Temperature Control System, Inlet/Outlet Devices, Valves, Fire Protection System, Process Controls (PLC) & Tie-Ins plus Electrical Distribution. ENVIRONMENTAL: (A) Ventilation, Exhaust System, Ducting, Cyclones, Blowers, Dust Collection Systems; (L) Spill Containment.","California Dairies Incorporated with E A Bonelli + Associates Incorporated Continues Developing Full Project Scope for Dairy Processing Plant Milk Dryer Addition (Phase III) plus anticipates AFE Approval 2Q26 (Apr). Upon Final Corporate Approval, California Dairies Incorporated awards G/C plus releases RFQs and Bid Documents for Contractors, Subcontractors & Equipment Providers 2Q26 (Apr-Jun). Construction Kick-Off 2Q26 (Jun). Project Completion 4Q26 (Nov).",1014284,1024583,California Dairies Incorporated,29-Mar-24,A,10-Apr-25,Powdered Milk,https://www.industrialinfo.com/dash/project_report.jsp?PROJECT_ID=300965268,12,Low (0-69%)
Food & Beverage," $5,000,000 ",USD,29-Mar-24,VISALIA DAIRY PLANT ULTRA FILTERED (UF) MILK FACILITY ADDITION (PHASE I),Equipment Addition,Fluid Milk,"Milk, ultra-high temperature-mfg",California Dairies Incorporated,Operational,Fluid Milk,Visalia Dairy,California Dairies Incorporated,2000 North Plaza Street,Visalia,CA,California,U.S.A.,932919358,+1 5596252200,-119.392872,36.344088,CA*06,West Coast U.S.A.,Tulare,Construction - Merit Shop,6/5/2454,2/26/2454,3/6/2454,6/4/2454,6/6/2454,6/13/2454,27-Oct-25,QUARTER,"California Dairies Incorporated with E A Bonelli + Associates Incorporated (A&E) has begun Construction for Dairy Processing Plant Ultra-Filtered (UF) Milk Facility Addition (Phase I). DETAILS: At (260,000 sqft) Dairy Processing Plant, As Part of Phase I of III, Construct New (17,412 sqft) Ultra-Filtered (UF) Milk Facility plus Install Associated Equipment & System. REQUIRES: Site Preparation, Foundation, Building, Stainless Steel Fabrication, Insulated Wall Panels, Doors/Docks, Milk Receiving and Storage Equipment, Processing Tanks/Vessels, Silos, Evaporator, Separator, CIP (Clean-In-Place) System, Condenser, Automated & Conveyor Systems, Filling & Packaging Equipment, Motors, Pumps, Drives, Heat Exchanger, Process Piping, Fire Protection System, Refrigeration System (Ammonia & Glycol), Compressors (Air), Cooler, Temperature Control System, Utilities, Electrical Distribution plus Process Controls (PLC). ENVIRONMENTAL: (A) Exhaust System, Vents, Ducts; (L) Floor Drains, Spill Containment.","California Dairies Incorporated with E A Bonelli + Associates Incorporated Continues Construction for Dairy Processing Plant Ultra-Filtered (UF) Milk Facility Addition (Phase I) plus anticipates AFE Approval 1Q25 (Feb). California Dairies Incorporated awards G/C plus releases RFQs and Bid Documents for Contractors, Subcontractors & Equipment Providers 4Q24 (Nov) thru 1Q25 (Jan). Construction Kick-Off 1Q25 (Mar). Project Completion 4Q25 (Oct).",1014284,1024583,California Dairies Incorporated,29-Mar-24,A,10-Apr-25,Milk,https://www.industrialinfo.com/dash/project_report.jsp?PROJECT_ID=300965248,9,High (81-99%)
Food & Beverage," $3,000,000 ",USD,9-Apr-25,FAIRFIELD 2Q26 JELLY BEAN PRODUCTION PLANT MAINTENANCE SHUTDOWN,"Maintenance Event (Outages, Turnarounds, Shutdowns)",Candy & Confectionery Products,Confectionery-mfg,Jelly Belly Candy Company,Operational,Candy & Confectionery Products,Fairfield Jelly Beans,Ferrero International SA,1 Jelly Belly Lane,Fairfield,CA,California,U.S.A.,945336722,+1 7074282800,-122.07881,38.239308,CA*03,West Coast U.S.A.,Solano,Scheduled Maintenance,6/15/2454,,9/12/2454,9/13/2454,9/15/2454,9/15/2454,24-Apr-26,QUARTER,"Jelly Belly Candy Company plans for 2Q26 Maintenance Shutdown of (17,000 Tons/yr) Jelly Bean Production Plant. NORMAL INSPECTION/REPAIR OF: Receiving & Storage Areas, Processing & Packaging Lines with Associated Support Equipment/Systems plus Utilities during (10-14 Days) Annual Maintenance Shutdown. REQUIRES REPAIRS/REPLACEMENTS TO: Ingredients Receiving & Handling Equipment, Storage Tanks, Mixing & Blending Vessels, Kettles, Tempering Bins, Molders, Sizers, Bagger, Cooling Tables, Filling & Inspection Lines, Wrapping Equipment, Packaging Equipment, Case Packers, Automated & Conveyor Systems, Material Handling Equipment, Warehousing Equipment, Refrigeration System (Ammonia), Cooler/Freezer, Heat Exchanger, Pumps, Motors, Drives, Boiler, Compressor (Air) plus Process Controls (PLC) plus Utilities. ENVIRONMENTAL MRO: (A) Dust Collectors, Exhaust System, Vent System, Ducting; (W) Wastewater Treatment System.",Jelly Belly Candy Company continues Planning and Scheduling for 2Q26 Jelly Bean Plant Maintenance Shutdown and Expects to Finalize Maintenance Schedule 4Q25 (Dec) plus releases RFQs and Bid Documents for Contractors 1Q26 (Jan-Feb). Jelly Belly Candy Company anticipates (10-14 Days) Maintenance Shutdown Kick-Off & Completion 2Q26 (Apr). (Subject to Production Schedules,1055929,3004321,Ferrero International SA,9-Apr-25,A,9-Apr-25,Confectionery,https://www.industrialinfo.com/dash/project_report.jsp?PROJECT_ID=301065410,0,High (81-99%)
Food & Beverage," $6,000,000 ",USD,28-Mar-24,SANTA MARIA GRASSROOT PRODUCE PACKING PLANT,Grassroot,Crop Preparation Services for Market,"Vegetable sorting, grading, and packing",Babe Farms,Planned,Crop Preparation Services for Market,Santa Maria Produce Packing,Babe Farms,Santa Maria area,Santa Maria,CA,California,U.S.A.,93458,+1 8059254144,-120.452576,34.937225,CA*07,West Coast U.S.A.,Santa Barbara,Project Scope,9/14/2454,6/13/2454,9/12/2454,9/14/2454,9/15/2454,12/21/2454,15-Jan-27,YEAR,"Babe Farms (As Own G/C) has begun Developing Project Scope for Grassroot Produce Packing Plant. DETAILS: At Selected Grassroot Site in Santa Maria Area, Construct new (Size: UNKNOWN sqft) Produce Packing Plant plus Install Associated Equipment to Expand Operations. REQUIRES: Site Preparation, Foundation, Building, Heavy Load Flooring, Docks/Doors, Insulated Wall Panels, Equipment Pads & Settings, Hoppers, Feeders, Graders, Sorters, Washer, Weigher System, Filler, Bagging & Packaging Equipment, Case Packer, Palletizer, Material Handling Equipment, Conveyors & Automated Systems, Compressors (Air), Motors, Drives, Stands, Controls (PLC & Pneumatics) & Utility Tie-Ins plus Electrical Distribution. ENVIRONMENTAL: (A) Dust Collection, Ducting; (L) Floor Drains, Spill Containment.","Babe Farms (As Own G/C) continues Developing Project Scope Market Analysis for Grassroot Produce Packing Plant Thru 4Q25 (Oct) and anticipates Final AFE Approval 1Q26 (Mar). Subject to Final Owner Approval, Babe Farms awards G/C and releases RFQs and Bid Documents for Contractors, Subcontractors & Equipment Providers 1Q26 (Jan-Mar). Estimated Construction Kick-Off 2Q26 (Apr). Project Completion 1Q27 (Jan).",3588000,3037509,Babe Farms,29-Mar-24,A,8-Apr-25,"Head Lettuce (Cabbage Lettuce), Fresh Or Chilled",https://www.industrialinfo.com/dash/project_report.jsp?PROJECT_ID=300965016,12,Low (0-69%)
Food & Beverage," $3,000,000 ",USD,8-Apr-25,HICKMAN ALMOND PROCESSING WAREHOUSE DRY STORAGE FACILITY EXPANSION PHASE VI,Plant Expansion,Salted & Roasted Nuts & Seeds,"Nuts: salted, roasted, cooked, or canned-mfg",Rolling Hills Nut Company,Operational,Salted & Roasted Nuts & Seeds,Hickman Almond Processing,Rolling Hills Nut Company,3443 Montpelier Road,Hickman,CA,California,U.S.A.,953239611,+1 2098741400,-120.73625,37.584599,CA*06,West Coast U.S.A.,Stanislaus,Preliminary Design,4/2/2455,,3/31/2455,4/2/2455,4/3/2455,4/8/2455,30-Sep-28,YEAR,"Rolling Hills Nut Company has begun Preliminary Design for Almond Processing Warehouse Dry Storage Facility Expansion Phase VI. DETAILS: At Existing (~185,125 sqft) Almond Processing & Storage Campus Phase VI of VI (Upon Completion of #301065183), Construct new (~15,000 sqft) Dry Storage Warehouse plus Install Associated Equipment. REQUIRES: Site Preparation, Foundation, Building, Heavy Load Flooring, Insulated Wall Panels, Docks/Doors, Equipment Pads & Settings, Steel Fabrication, Storage Racks, Air Flow & Temperature Controlled Systems, Receiving & Handling Equipment, Hopper, Feeder, Conveyors, Washer, Sorter, Grader, Filling, Case Packers, Palletizer, Metal Detectors & Inspection Systems, Automated Systems & Robotics, Motor, Pumps, Heat Exchanger, Compressors (Air), Material Handling & Packaging Equipment, Inventory Management & Fire Protection Systems, Condensers, Process Controls (PLC), Utilities & Tie-Ins plus Electrical Distribution. ENVIRONMENTAL: (A) Vent, Exhaust System, Ducting; (L) Spill Containment, Drains.","Rolling Hills Nut Company continues Preliminary Design for Almond Processing Warehouse Dry Storage Facility Expansion Phase VI thru 1Q28 (an), and Anticipates AFE Approval 1Q28 (Mar). Upon Approval, Rolling Hills Nut Company Releases RFQs and Bid Documents for Vendors and Contractors 1Q28 (Jan-Mar). Construction Kick-off Expected 2Q28 (Apr). Project Completion 3Q28 (Sep).",3189228,3167384,Rolling Hills Nut Company,8-Apr-25,A,8-Apr-25,Almonds,https://www.industrialinfo.com/dash/project_report.jsp?PROJECT_ID=301065184,0,Medium (70-80%)
Food & Beverage," $3,000,000 ",USD,8-Apr-25,HICKMAN ALMOND PROCESSING WAREHOUSE DRY STORAGE FACILITY EXPANSION PHASE V,Plant Expansion,Salted & Roasted Nuts & Seeds,"Nuts: salted, roasted, cooked, or canned-mfg",Rolling Hills Nut Company,Operational,Salted & Roasted Nuts & Seeds,Hickman Almond Processing,Rolling Hills Nut Company,3443 Montpelier Road,Hickman,CA,California,U.S.A.,953239611,+1 2098741400,-120.73625,37.584599,CA*06,West Coast U.S.A.,Stanislaus,Preliminary Design,12/29/2454,,12/27/2454,12/29/2454,12/30/2454,4/2/2455,31-Mar-28,YEAR,"Rolling Hills Nut Company has begun Preliminary Design for Almond Processing Warehouse Dry Storage Facility Expansion Phase V. DETAILS: At Existing (~170,125 sqft) Almond Processing & Storage Campus Phase V of VI (Upon Completion of #301065179), Construct new (~15,000 sqft) Dry Storage Warehouse plus Install Associated Equipment. REQUIRES: Site Preparation, Foundation, Building, Heavy Load Flooring, Insulated Wall Panels, Docks/Doors, Equipment Pads & Settings, Steel Fabrication, Storage Racks, Air Flow & Temperature Controlled Systems, Receiving & Handling Equipment, Hopper, Feeder, Conveyors, Washer, Sorter, Grader, Filling, Case Packers, Palletizer, Metal Detectors & Inspection Systems, Automated Systems & Robotics, Motor, Pumps, Heat Exchanger, Compressors (Air), Material Handling & Packaging Equipment, Inventory Management & Fire Protection Systems, Condensers, Process Controls (PLC), Utilities & Tie-Ins plus Electrical Distribution. ENVIRONMENTAL: (A) Vent, Exhaust System, Ducting; (L) Spill Containment, Drains.","Rolling Hills Nut Company continues Preliminary Design for Almond Processing Warehouse Dry Storage Facility Expansion Phase V thru 3Q27 (Jul), and Anticipates AFE Approval 3Q27 (Sep). Upon Approval, Rolling Hills Nut Company Releases RFQs and Bid Documents for Vendors and Contractors 3Q27 (Jul-Sep). Construction Kick-off Expected 4Q27 (Oct). Project Completion 1Q28 (Mar).",3189228,3167384,Rolling Hills Nut Company,8-Apr-25,A,8-Apr-25,Almonds,https://www.industrialinfo.com/dash/project_report.jsp?PROJECT_ID=301065183,0,Medium (70-80%)
Food & Beverage," $5,000,000 ",USD,8-Apr-25,HICKMAN ALMOND PROCESSING WAREHOUSE DRY STORAGE FACILITY EXPANSION PHASE IV,Plant Expansion,Salted & Roasted Nuts & Seeds,"Nuts: salted, roasted, cooked, or canned-mfg",Rolling Hills Nut Company,Operational,Salted & Roasted Nuts & Seeds,Hickman Almond Processing,Rolling Hills Nut Company,3443 Montpelier Road,Hickman,CA,California,U.S.A.,953239611,+1 2098741400,-120.73625,37.584599,CA*06,West Coast U.S.A.,Stanislaus,Preliminary Design,12/23/2454,,12/21/2454,12/23/2454,12/24/2454,12/29/2454,30-Sep-27,YEAR,"Rolling Hills Nut Company has begun Preliminary Design for Almond Processing Warehouse Dry Storage Facility Expansion Phase IV. DETAILS: At Existing (~140,125 sqft) Almond Processing & Storage Campus Phase IV of VI (Upon Completion of #301065168), Construct (2) new (~15,000 sqft) Dry Storage Warehouse plus Install Associated Equipment. REQUIRES: Site Preparation, Foundation, Building, Heavy Load Flooring, Insulated Wall Panels, Docks/Doors, Equipment Pads & Settings, Steel Fabrication, Storage Racks, Air Flow & Temperature Controlled Systems, Receiving & Handling Equipment, Hopper, Feeder, Conveyors, Washer, Sorter, Grader, Filling, Case Packers, Palletizer, Metal Detectors & Inspection Systems, Automated Systems & Robotics, Motor, Pumps, Heat Exchanger, Compressors (Air), Material Handling & Packaging Equipment, Inventory Management & Fire Protection Systems, Condensers, Process Controls (PLC), Utilities & Tie-Ins plus Electrical Distribution. ENVIRONMENTAL: (A) Vent, Exhaust System, Ducting; (L) Spill Containment, Drains.","Rolling Hills Nut Company continues Preliminary Design for Almond Processing Warehouse Dry Storage Facility Expansion Phase IV thru 1Q27 (Jan), and Anticipates AFE Approval 1Q27 (Mar). Upon Approval, Rolling Hills Nut Company Releases RFQs and Bid Documents for Vendors and Contractors 1Q27 (Jan-Mar). Construction Kick-off Expected 2Q27 (Apr). Project Completion 3Q27 (Sep).",3189228,3167384,Rolling Hills Nut Company,8-Apr-25,A,8-Apr-25,Almonds,https://www.industrialinfo.com/dash/project_report.jsp?PROJECT_ID=301065179,0,Medium (70-80%)
Food & Beverage," $3,000,000 ",USD,8-Apr-25,HICKMAN ALMOND PROCESSING WAREHOUSE DRY STORAGE FACILITY EXPANSION PHASE III,Plant Expansion,Salted & Roasted Nuts & Seeds,"Nuts: salted, roasted, cooked, or canned-mfg",Rolling Hills Nut Company,Operational,Salted & Roasted Nuts & Seeds,Hickman Almond Processing,Rolling Hills Nut Company,3443 Montpelier Road,Hickman,CA,California,U.S.A.,953239611,+1 2098741400,-120.73625,37.584599,CA*06,West Coast U.S.A.,Stanislaus,Preliminary Design,9/19/2454,,9/18/2454,9/20/2454,9/20/2454,12/23/2454,31-Mar-27,YEAR,"Rolling Hills Nut Company has begun Preliminary Design for Almond Processing Warehouse Dry Storage Facility Expansion Phase III. DETAILS: At Existing (~125,125 sqft) Almond Processing & Storage Campus Phase III of VI (Upon Completion of #301065158), Construct new (~15,000 sqft) Dry Storage Warehouse plus Install Associated Equipment. REQUIRES: Site Preparation, Foundation, Building, Heavy Load Flooring, Insulated Wall Panels, Docks/Doors, Equipment Pads & Settings, Steel Fabrication, Storage Racks, Air Flow & Temperature Controlled Systems, Receiving & Handling Equipment, Hopper, Feeder, Conveyors, Washer, Sorter, Grader, Filling, Case Packers, Palletizer, Metal Detectors & Inspection Systems, Automated Systems & Robotics, Motor, Pumps, Heat Exchanger, Compressors (Air), Material Handling & Packaging Equipment, Inventory Management & Fire Protection Systems, Condensers, Process Controls (PLC), Utilities & Tie-Ins plus Electrical Distribution. ENVIRONMENTAL: (A) Vent, Exhaust System, Ducting; (L) Spill Containment, Drains.","Rolling Hills Nut Company continues Preliminary Design for Almond Processing Warehouse Dry Storage Facility Expansion Phase III thru 3Q26 (Jul), and Anticipates AFE Approval 3Q26 (Aug). Upon Approval, Rolling Hills Nut Company Releases RFQs and Bid Documents for Vendors and Contractors 3Q26 (Jul-Sep). Construction Kick-off Expected 3Q26 (Sep). Project Completion 1Q27 (Mar).",3189228,3167384,Rolling Hills Nut Company,8-Apr-25,A,8-Apr-25,Almonds,https://www.industrialinfo.com/dash/project_report.jsp?PROJECT_ID=301065168,0,Medium (70-80%)
Food & Beverage," $1,000,000 ",USD,8-Apr-25,HICKMAN ALMOND PROCESSING WAREHOUSE DRY STORAGE FACILITY EXPANSION PHASE II,Plant Expansion,Salted & Roasted Nuts & Seeds,"Nuts: salted, roasted, cooked, or canned-mfg",Rolling Hills Nut Company,Operational,Salted & Roasted Nuts & Seeds,Hickman Almond Processing,Rolling Hills Nut Company,3443 Montpelier Road,Hickman,CA,California,U.S.A.,953239611,+1 2098741400,-120.73625,37.584599,CA*06,West Coast U.S.A.,Stanislaus,Preliminary Design,9/16/2454,,9/14/2454,9/15/2454,9/16/2454,9/18/2454,31-Jul-26,YEAR,"Rolling Hills Nut Company has begun Preliminary Design for Almond Processing Warehouse Dry Storage Facility Expansion Phase II. DETAILS: At Existing (~105,100 sqft) Processing Facility, (After the Completion of #301065145, Phase I) Phase II of VI, Construct (~16,925 sqft & 3,100 sqft) Storage Warehouse Facilities (Cover Only) plus Auxiliary Equipment. REQUIRES: Site Preparation, Foundation, Building, Insulated Wall Panels, Storage Racks, Leak Detection Equipment, Inventory Management & Fire Protection System, Utilities Tie-Ins plus Electrical Distribution. ENVIRONMENTAL: (A) Vent Exhaust System, Ducting; (L) Containment, Floor Drains.","Rolling Hills Nut Company continues Preliminary Design for Almond Processing Warehouse Dry Storage Facility Expansion Phase II thru 1Q26 (Mar), and Anticipates AFE Approval 2Q26 (May). Upon Approval, Rolling Hills Nut Company Releases RFQs and Bid Documents for Vendors and Contractors 1Q26 (Mar) thru 2Q26 (Apr). Construction Kick-off Expected 2Q26 (May). Project Completion 3Q26 (Jul).",3189228,3167384,Rolling Hills Nut Company,8-Apr-25,A,8-Apr-25,Almonds,https://www.industrialinfo.com/dash/project_report.jsp?PROJECT_ID=301065158,0,Medium (70-80%)
Food & Beverage," $1,000,000 ",USD,2-Apr-24,SAINT HELENA WINE PRODUCTION & BOTTLING FACILITY EXPANSION,Plant Expansion,"Wines, Brandy & Brandy Spirits",Wines-mfg,William Cole Vineyards,Operational,"Wines, Brandy & Brandy Spirits",Saint Helena Winery,William Cole Vineyards,2849 Street Helena Highway,Saint Helena,CA,California,U.S.A.,94574,+1 7079636100,-122.49054,38.518005,CA*03,West Coast U.S.A.,Napa,Permitting,12/23/2454,9/14/2454,12/23/2454,12/24/2454,12/25/2454,1/1/2455,31-Dec-27,YEAR,"William Cole Vineyards has begun Permitting for Winery Facility Expansion. DETAILS: At Existing (22,000 Gal) Wine Production & Bottling Facility, Perform Expansion by Converting (Sqft: Unknown) Barn and Old Office into Production Facility to Increase Production Capacity plus Waste Water Treatment upgrades (10,000 Gal) Tank and auxiliary equipment. REQUIRES: Structural Modifications/Upgrades, Equipment Disassembly, Stainless Steel Fabrication, Ingredients Receiving & Handling Equipment, Conveyors & Automated System, Stainless Steel Tanks, Processing Vessels, Depalletizer, Filtration Systems, Feeding System, Filling & Bottling Equipment, Rinsers, Case Erector, Case Packer, Sealer, Sanitation Systems, Pallet Wrapper, Palletizers, Robotics, Process Piping, Material Handling Equipment, Compressor (Air), Pumps, Drives, Valves, Motors plus Process Controls (PLC) plus Electrical Distribution. ENVIRONMENTAL: (A) Vent System, Ducting; (L) Spill Containment.","William Cole Vineyards continues Permitting for Winery Facility Expansion and anticipated Final Approval 1Q27 (Mar). Subject to Final Approval, William Cole Vineyards Awards G/C plus Releases RFQs and Bid Documents for Contractors, Subcontractors & Specialty Trades 1Q27 (Mar) thru 2Q27 (Apr). Construction Kick-Off 2Q27 (May). Project Completion 4Q27 (Dec).",3588344,3488955,William Cole Vineyards,4-Apr-24,A,4-Apr-25,,https://www.industrialinfo.com/dash/project_report.jsp?PROJECT_ID=300965633,34,Medium (70-80%)
Food & Beverage," $2,000,000 ",USD,3-Apr-25,WILLIAMS RICE MILL  PACKAGING LINE ADDITION,Equipment Addition,Rice Milling,Milling of rice-mfg,American Commodity Company LLC,Operational,Rice Milling,Williams Rice Mill,American Commodity Company LLC,6133 Able Road,Williams,CA,California,U.S.A.,95987,+1 5304732827,-122.122297,39.146358,CA*02,West Coast U.S.A.,Colusa,Market Analysis,12/21/2454,,12/21/2454,12/23/2454,12/25/2454,12/27/2454,31-Jul-27,MONTH,"American Commodity Company LLC has begun Market Analysis for Rice Mill Packaging Line Addition. DETAILS: At Existing (60,000 sq.ft)  Rice Mill, Construct (1) new Packaging Line Addition plus Auxiliary Equipment. REQUIRES: Stainless Steel Fabrication, Bagging Machines, Conveyor Systems, Robotics, Automated Systems, Material Handling Equipment, Labelers & Sealers, Feeders, Pneumatics, Motors, Servo Drives, Feeders, Belts, Controllers, Software, Speed Reducers, Cabinets, Interface Panels, Cables, Input/Output Devices, Monitoring & Inspection System, Process Controls (PLC) & Tie-Ins plus Electrical Distribution. ENVIRONMENTAL: (A) Dust Collection System.","American Commodity Company LLC continues Market Analysis for Rice Mill Packaging Line Addition thru 2Q25 (Apr) and anticipates  receiving Final AFE Approval by 1Q27 (Jan). Subject to Final Approval, American Commodity Company LLC  releases RFQs and Bid Documents 1Q27 (Jan-Mar). Construction Kick-Off 2Q27 (May). Project Completion 3Q27 (Jul).",3146416,3134068,American Commodity Company LLC,3-Apr-25,A,3-Apr-25,,https://www.industrialinfo.com/dash/project_report.jsp?PROJECT_ID=301064401,0,Low (0-69%)
Food & Beverage," $20,000,000 ",USD,27-Feb-20,SAN DIEGO GRASSROOT CELL-BASED SEAFOOD PLANT,Grassroot,Prepared Fresh or Frozen Fish & Seafoods,Cell based Seafood (other than Fish),BlueNalu Incorporated,Planned,Prepared Fresh or Frozen Fish & Seafoods,San Diego Cell-Based Seafood,BlueNalu Incorporated,San Diego Area,San Diego,CA,California,U.S.A.,92121,+1 8587038703,-117.188299,32.885775,CA*10,West Coast U.S.A.,San Diego,Capital Estimating,9/12/2454,6/13/2454,9/12/2454,9/14/2454,9/15/2454,4/2/2455,19-Mar-28,QUARTER,"BlueNalu Incorporated has begun Capital Estimating (Final Fundraising) for Grassroot Cell-Based Seafood Plant. DETAILS: At Selected Grassroot Site in San Diego Area, Construct (140,000 sqft) Grassroot Cell-Based Seafood Plant and Construct (3) Production Lines plus Install Associated Equipment to Produce 18MM lbs/yr of Cell-Based Seafood. REQUIRES: Site Preparation, Foundation, Building, Heavy Load Flooring, Insulated Wall Panels (Metal), Stainless Steel Fabrication, Tank Farm, Finish Water Tanks, Curtain Walls, Sorting Machines, Growing Trays, Tray Racking System, Air Circulation System, Closed Loop Tank System, Drum Filters, Blowers, Recirculation Systems, Aeration Equipment, Bulk Feed Bins, Heating Units, Traceability System, Dumpers, Dryer, Material Handling Equipment, Floor Scales, Conveyor Systems, Storage Racks, Temperature Sensors & Controls, Case Packers, Palletizers, Inventory Control System, Automation, Ammonia Refrigeration System, Electrical Distribution, Fire Protection System, Motors, Control Valves plus Process Controls. ENVIRONMENTAL: (A) Vent System, Ducting;  (L) Underground Plumbing, Containment Areas, Drainage & Run-off System; (W) Wastewater Treatment Plants.","BlueNalu Incorporated continues Capital Estimating (Final Fundraising) for Grassroot Cell-Based Seafood Plant Thru 4Q25 (Oct) and anticipates Final AFE Approval 1Q26 (Jan). Subject to Final Corporate Approval, BlueNalu Incorporated awards g/c and releases RFQs and Bid Documents for Contractors, Subcontractors, Equipment Providers & Specialty Trades 1Q26 (Jan-Mar). Construction Kick-Off 2Q26 (Apr). Project Completion 1Q28 (Mar).",3404243,3339005,BlueNalu Incorporated,28-Feb-20,A,1-Apr-25,Plant based Fish or Seafood DISABLED,https://www.industrialinfo.com/dash/project_report.jsp?PROJECT_ID=300586994,24,Low (0-69%)
Food & Beverage," $2,000,000 ",USD,12-Sep-24,FIREBAUGH ONIONS PACKING PLANT STORAGE EXPANSION,Plant Expansion,Crop Preparation Services for Market,"Vegetable sorting, grading, and packing",Onion Pac,Operational,Crop Preparation Services for Market,Firebaugh Onions,Peri and Sons Farms,48845 W Nees Avenue,Firebaugh,CA,California,U.S.A.,936229641,+1 2093646305,-120.669497,36.8487,CA*06,West Coast U.S.A.,Fresno,Market Analysis,9/12/2454,,9/12/2454,9/14/2454,9/15/2454,9/23/2454,31-Dec-26,YEAR,"Peri and Sons Farms with GMA Engineering has begun Market Analysis for Onion Packing Plant Storage Expansion. DETAILS: At Existing (264,800 sqft) Onion Packing Campus, Construct Dry Storage Building Expansion (Size Unknown) plus Install Associated Equipment. REQUIRES: Site Preparation, Foundation, Building, Heavy Load Flooring, Doors, Stainless Steel Fabrication, Storage Racks, Packing Lines, Compressors (Air), Material Handling Equipment, Conveyor Systems, Inventory Management & Fire Protection Systems, (ASRS) Automated Storage Retrieval System, Lighting, Office Areas, Charging Stations, Utilities, Controls (PLC, Pneumatics) plus Electrical Distribution. ENVIRONMENTAL: (A) Vent Exhaust System, Ducting; (L) Spill Containment, Floor Drains.","Peri and Sons Farms with GMA Engineering has begun Market Analysis for Onion Packing Plant Storage Expansion and anticipates AFE Submittal 1Q26 (Jan). Upon Final Approvals, Peri and Sons Farms awards G/C and releases RFQs and Bid Documents for Contractors, Subcontractors & Equipment Providers 1Q26 (Jan-Mar). Construction Kick-Off 2Q26 (Apr). Project Completion 4Q26 (Dec).",3609750,3199516,Peri and Sons Farms,13-Sep-24,A,28-Mar-25,"Onions And Shallots, Nesoi, Fresh Or Chilled",https://www.industrialinfo.com/dash/project_report.jsp?PROJECT_ID=301008244,0,Low (0-69%)
Food & Beverage," $10,000,000 ",USD,15-Mar-21,DIXON HYDROPONIC GREENHOUSE PHASE III EXPANSION,Plant Expansion,Food Crops Grown Under Cover,"Hydroponic crops, grown under cover",Gotham Greens,Operational,Food Crops Grown Under Cover,Davis Hydroponic Greenhouse,Gotham Greens,9113 Olmo Lane,Davis,CA,California,U.S.A.,93230,+1 7189350600,-121.779,38.514,CA*02,West Coast U.S.A.,Yolo,Market Analysis,12/22/2454,9/21/2454,12/23/2454,12/24/2454,12/24/2454,4/9/2455,22-Oct-28,YEAR,"Gotham Greens has begun Market Analysis for Hydroponic Greenhouse Phase III Expansion. DETAILS: As Last Phase of (10-Acre) Greenhouse Project, Construct Hydroponic Greenhouse Addition (SQFT Unknown) plus Install Associated Equipment. REQUIRES: Building, Equipment Pads & Settings, Stainless Steel Fabrication, Sorting Machines, Growing Trays, Tray Racking System, Air Circulation System, Robotics/Automated Systems, Automatic Irrigation System, Sorters, Traceability System, Energy Curtains, Compressor (Air), Material Handling Equipment, Weighing System, Case Packers, Palletizers, Storage Racks, Temperature Sensors & Controls, Inventory Control System, Electrical Distribution, Lighting, Fire Protection System, Motors, Control Valves plus Process Controls (PLC). ENVIRONMENTAL: (A) Vent System, Ducting; (L) Underground Plumbing, Containment Areas, Drainage & Run-off System.","Gotham Greens with Arco Murray Design/Build continues Market Analysis for Hydroponic Greenhouse Phase III Expansion and anticipates AFE Submittal 4Q26 (Oct). Upon Final Corporate Approval, Gotham Greens with Arco Murray Design/Build releases RFQs and Bid Documents for Contractors, Subcontractors, Equipment Providers & Specialty Trades 1Q27 (Mar) Thru 2Q27 (Apr). Construction Kick-Off 2Q27 (Apr). Project Completion 4Q28 (Oct).",3441830,3263447,Gotham Greens,15-Mar-21,A,25-Mar-25,,https://www.industrialinfo.com/dash/project_report.jsp?PROJECT_ID=300679338,51,Low (0-69%)
Food & Beverage," $10,000,000 ",USD,15-Mar-21,DIXON HYDROPONIC GREENHOUSE PHASE II EXPANSION,Plant Expansion,Food Crops Grown Under Cover,"Hydroponic crops, grown under cover",Gotham Greens,Operational,Food Crops Grown Under Cover,Davis Hydroponic Greenhouse,Gotham Greens,9113 Olmo Lane,Davis,CA,California,U.S.A.,93230,+1 7189350600,-121.779,38.514,CA*02,West Coast U.S.A.,Yolo,Economic Evaluation,9/13/2454,6/13/2454,9/14/2454,9/15/2454,9/15/2454,12/30/2454,31-Oct-27,YEAR,"Gotham Greens with Arco Murray Design/Build has begun Economic Evaluation and Market Analysis for Hydroponic Greenhouse Phase II Expansion. DETAILS: As Second Phase of (10-Acre) Greenhouse Project, Construct Hydroponic Greenhouse Addition (SQFT Unknown) plus Install Associated Equipment. REQUIRES: Building, Equipment Pads & Settings, Stainless Steel Fabrication, Sorting Machines, Growing Trays, Tray Racking System, Air Circulation System, Robotics/Automated Systems, Automatic Irrigation System, Sorters, Traceability System, Energy Curtains, Compressor (Air), Material Handling Equipment, Weighing System, Case Packers, Palletizers, Storage Racks, Temperature Sensors & Controls, Inventory Control System, Electrical Distribution, Lighting, Fire Protection System, Motors, Control Valves plus Process Controls (PLC). ENVIRONMENTAL: (A) Vent System, Ducting; (L) Underground Plumbing, Containment Areas, Drainage & Run-off System.","Gotham Greens with Arco Murray Design/Build continues Economic Evaluation and Market Analysis for Hydroponic Greenhouse Phase II Expansion and anticipates AFE Submittal 1Q26 (Feb). Upon Final Capital Approval, Gotham Greens with Arco Murray Design/Build releases RFQs and Bid Documents for Contractors, Subcontractors, Equipment Providers & Specialty Trades 1Q26 (Mar) Thru 2Q26 (Apr). Construction Kick-Off 2Q26 (Apr). Project Completion 4Q27 (Oct).",3441830,3263447,Gotham Greens,15-Mar-21,A,25-Mar-25,"Vegetables, Nesoi, Fresh Or Chilled",https://www.industrialinfo.com/dash/project_report.jsp?PROJECT_ID=300679333,51,Low (0-69%)
Food & Beverage," $1,500,000 ",USD,22-Feb-22,RICHMOND BAKED GOODS PLANT AUTOMATED BAGGING LINE UPGRADES,Upgrade,"Bread & Bakery Products, Except Cookies & Crackers","Bakery products, fresh: bread, cakes, doughnuts, and pastries-mfg",Safeway Stores Incorporated,Operational,"Bread & Bakery Products, Except Cookies & Crackers",Richmond Bake Goods,Albertson's LLC,905 South 34th Street,Richmond,CA,California,U.S.A.,948044120,+1 5104122700,-122.337718,37.919488,CA*03,West Coast U.S.A.,Contra Costa,Project Justification,9/13/2454,3/5/2454,9/13/2454,9/14/2454,9/15/2454,9/15/2454,30-Apr-26,QUARTER,"Safeway Stores Incorporated has begun Project Justification (Capital) for Baked Goods Automated Bagging Line Upgrades. DETAILS: At Existing 86,411 sqft Baked Goods Manufacturing Plant, Perform Automation Upgrades to (2-3) old Bagging Lines plus Auxiliary Equipment. REQUIRES: Bagging Line Removal/Disassembly, Stainless Steel Fabrication, Robotics PLUS AUTOMATION UPGRADES TO: Bagging Machines, Conveyor Systems, Filler Machines, Feeders, Material Handling Equipment, Robotics/Automated Systems, Weighers & Scales, Hoppers, Loading/Unloading Equipment, Motors, Drives, Belts, Inspection & Monitoring Equipment, Process Controls (PLC & Pneumatics) & Tie-Ins plus Electrical Distribution.","Safeway Stores Incorporated continues Economic Evaluation and Market Analysis for Baked Goods Plant Automated Bagging Line Upgrades thru 3Q24 (Aug) and anticipates finalizing Scope by 4Q24 (Oct) and receiving Final AFE Approval by 1Q26 (Feb). Subject to Final Capital Approval, Safeway Stores Incorporated releases RFQs and Bid Documents 1Q26 (Feb-Mar). Construction Kick-Off 2Q26 (Apr). Project Completion 2Q26 (Apr).",3151469,1048038,Safeway Stores Incorporated,23-Feb-22,A,6-Mar-25,"Bread, Pastry, Cakes, Biscuits And Similar Baked Products",https://www.industrialinfo.com/dash/project_report.jsp?PROJECT_ID=300769266,40,Low (0-69%)
Food & Beverage," $15,000,000 ",USD,11-Apr-23,PASO ROBLES GRASSROOT WINE PRODUCTION FACILITY,Grassroot,"Wines, Brandy & Brandy Spirits",Wines-mfg,Daou Vineyards LLC,Planned,"Wines, Brandy & Brandy Spirits",Paso Robles Wine,Daou Vineyards LLC,5175 Airport Road,Paso Robles,CA,California,U.S.A.,93446,+1 5596740906,-120.64283,35.67656,CA*07,West Coast U.S.A.,San Luis Obispo,Permitting,9/13/2454,3/6/2454,6/14/2454,9/12/2454,9/14/2454,9/23/2454,31-Dec-26,YEAR,"Daou Vineyards LLC has begun Permitting for Grassroot Wine Production Facility. DETAILS: At (19.75-Acre) Grassroot Site, Construct (157,000 sqft) Wine Production, Bottling and Warehouse Operation plus Associated Equipment to Produce Wines. REQUIRES: Site Preparation, Foundations, Building, Stainless Steel Fabrication, Tanks/Vessels, Ingredients Receiving & Handling Equipment, Hopper, Feeder, Presses, Crusher, Mixers, Blenders, Processing Vessels, Fermentation Tanks, Filling & Bottling Equipment, Conveyors Systems, Case Packers, Barrel Storage Racks, Fire Protection System, Temperature Controls System, Compressor (Air), Pumps, Valves, Heat Exchanger, Utilities, Process Controls (PLC), Electrical Distribution plus Mechanical Room & Offices. ENVIRONMENTAL: (A) Vent System, Ducting, Exhaust System; (L) Containment, Floor Drains, (W) Wastewater Treatment.",Daou Vineyards LLC continues Permitting for Grassroot Wine Production Facility and releases RFQs and Bid Documents for Contractors/Subcontractors and Specialty Trades 4Q25 (Nov) thru 1Q265 (Jan). Construction Kick-Off 1Q26 (Mar). Project Completion 4Q26 (Dec).,3545517,1112741,Daou Vineyards LLC,11-Apr-23,A,20-Mar-25,Wine,https://www.industrialinfo.com/dash/project_report.jsp?PROJECT_ID=300873613,29,Low (0-69%)
Food & Beverage," $5,000,000 ",USD,11-Apr-23,PASO ROBLES WINE PRODUCTION FACILITY EXPANSION,Plant Expansion,"Wines, Brandy & Brandy Spirits",Wines-mfg,Daou Vineyards LLC,Planned,"Wines, Brandy & Brandy Spirits",Paso Robles Wine,Daou Vineyards LLC,5175 Airport Road,Paso Robles,CA,California,U.S.A.,93446,+1 5596740906,-120.64283,35.67656,CA*07,West Coast U.S.A.,San Luis Obispo,Market Analysis,9/21/2454,,9/21/2454,9/23/2454,12/21/2454,1/1/2455,31-Dec-27,YEAR,"Daou Vineyards LLC has begun Market Analysis for Wine Production Facility Expansion. DETAILS: At (19.75-Acre) Site with (157,000 sqft) Wine Production Facility, Construct Addition (Size Unknown) plus Associated Equipment to Produce Wines. REQUIRES: Site Preparation, Foundations, Building, Stainless Steel Fabrication, Tanks/Vessels, Ingredients Receiving & Handling Equipment, Hopper, Feeder, Presses, Crusher, Mixers, Blenders, Processing Vessels, Fermentation Tanks, Filling & Bottling Equipment, Conveyors Systems, Case Packers, Barrel Storage Racks, Fire Protection System, Temperature Controls System, Compressor (Air), Pumps, Valves, Heat Exchanger, Utilities, Process Controls (PLC), Electrical Distribution plus Mechanical Room & Offices. ENVIRONMENTAL: (A) Vent System, Ducting, Exhaust System; (L) Containment, Floor Drains, (W) Wastewater Treatment.","Daou Vineyards LLC continues Market Analysis for Wine Production Facility Expansion and anticipates Final AFE Approval 4Q26 (Oct). Upon Final Approvals, Daou Vineyards LLC awards G/C and releases RFQs and Bid Documents for Contractors/Subcontractors and Specialty Trades 4Q26 (Oct-Dec). Construction Kick-Off 1Q27 (Jan). Project Completion 4Q27 (Dec).",3545517,1112741,Daou Vineyards LLC,11-Apr-23,A,20-Mar-25,Wine,https://www.industrialinfo.com/dash/project_report.jsp?PROJECT_ID=300873615,24,Low (0-69%)
Food & Beverage," $4,000,000 ",USD,9-Mar-22,LE GRAND NUTS MANUFACTURING PLANT PRODUCTION LINE ADDITION,Plant Expansion,Salted & Roasted Nuts & Seeds,"Nuts: salted, roasted, cooked, or canned-mfg",Minturn Nut Company,Operational,Salted & Roasted Nuts & Seeds,Le Grand Nuts,Minturn Nut Company,8800 South Minturn Road,Le Grand,CA,California,U.S.A.,953339711,+1 5596658500,-120.273911,37.159454,CA*06,West Coast U.S.A.,Merced,Economic Evaluation,9/12/2454,11/24/2453,9/12/2454,9/13/2454,9/14/2454,9/23/2454,30-Dec-26,QUARTER,"Minturn Nut Company has begun Economic Evaluation and Marketing Analysis for Nuts Manufacturing Plant Production Line Addition. DETAILS: At Existing 210,000 sqft Nuts Manufacturing Plant, Construct (1) new Nuts Production Line Addition plus Auxiliary Equipment. REQUIRES: Stainless Steel Fabrication, Roaster Unit, Sheller, Automated Systems, Drying Chamber, Blanchers, Cleaners, Sorters, Conveyor Systems, Belts, Feeders, Motors, Drives, Case Packer, Trays, Fans, Material Handling Equipment, Temperature & Process Controls (PLC) & Tie-Ins plus Electrical Distribution. ENVIRONMENTAL: (A) Dust Collection System; (L) Containment.","Minturn Nut Company Continues Economic Evaluation and Marketing Analysis for Nuts Manufacturing Plant thru 1Q23 (Mar) and anticipates finalizing Scope by 3Q23 (Sep) and receiving Final AFE Approval by 1Q26 (Jan). Subject to Owner Approval, Minturn Nut Company releases RFQs and Bid Documents 1Q26 (Jan-Feb). Construction Kick-Off 1Q26 (Mar). Project Completion 4Q26 (Dec).",1044911,1064247,Minturn Nut Company,11-Mar-22,A,19-Mar-25,Almonds,https://www.industrialinfo.com/dash/project_report.jsp?PROJECT_ID=300773272,35,Low (0-69%)
Food & Beverage," $500,000,000 ",USD,8-Sep-23,RANCHO CUCAMONGA BOTTLING & DISTRIBUTION CENTER REBUILD,Rebuild,Bottled & Canned Soft Drinks & Carbonated Waters,"Carbonated beverages, nonalcoholic: bottled or canned-mfg",Reyes Coca-Cola Bottling,Operational,General Warehousing & Storage,Rancho Cucamonga Distribution Center,Reyes Holdings LLC,10670 6th Street,Rancho Cucamonga,CA,California,U.S.A.,917305912,+1 9099803121,-117.572779,34.08553,CA*08,West Coast U.S.A.,San Bernardino [sout,Construction - Merit Shop,6/5/2454,,6/5/2454,6/6/2454,6/6/2454,9/23/2454,30-Dec-26,YEAR,"Reyes Coca-Cola Bottling Company with Ryan Companies (D/B) has begun Construction for Bottling & Distribution Center Rebuild. DETAILS: At Existing (122,593 sqft) Bottling Facility, Perform Demolition to Current Building & Construct new (620,000 sqft) Building plus Install new Automated Production Lines & Warehouse Machinery with Associated Equipment & Systems Expand Operations. REQUIRES: Demolition, Site Preparation, Foundations, Building, Heavy Load Flooring, Docks/Doors, Stainless Steel Fabrication, Ingredients Handling & Storage Equipment, Processing Tanks/Vessels, Filtration Vessels, Membrane System, Process Piping, Hi-Pressure Pumps, Clean-In-Place (CIP) System, De-Palletizer, Canning & Bottling Lines, Filler Machines, Rinsers, Labelers, Case Packers, Conveyors, Automated System, Palletizers, Material Handling Equipment, Charging Stations, Fire Protection System, Temperature Control System, Pumps, Motors, Electrical Distribution, Process Controls (PLC), Mechanical Room, Utilities plus Offices. ENVIRONMENTAL: (A) Vent Exhaust System, Ducting; (L) Spill Containment, Floor Drains; (W) Wastewater Treatment System.",Reyes Coca-Cola Bottling Company with Ryan Companies (D/B) Continues Construction for Bottling & Distribution Center Rebuild plus anticipates AFE Approval 1Q25 (Feb). Reyes Coca-Cola Bottling Company awards Design Build plus releases RFQs and Bid Documents for Subcontractors/Contractors/Vendors & Specialty Trades 1Q25 (Feb-Mar). Construction Kick-Off 1Q25 (Mar). Project Completion 4Q26 (Dec).,3307549,3266401,Reyes Coca-Cola Bottling,11-Sep-23,A,18-Mar-25,,https://www.industrialinfo.com/dash/project_report.jsp?PROJECT_ID=300911983,7,High (81-99%)
Food & Beverage," $100,000,000 ",USD,17-Jun-24,CALIFORNIA GRASSROOT VERTICAL FARM,Grassroot,Food Crops Grown Under Cover,Vegetables grown under cover,Stacked Farm,Planned,Food Crops Grown Under Cover,California Vertical Farm,Stacked Farm,TBD,West Hollywood,CA,California,U.S.A.,90069,+61 756195304,-118.38845,34.08157,CA*08,West Coast U.S.A.,Los Angeles [souther,Site Study,12/23/2454,,12/21/2454,12/25/2454,12/26/2454,4/8/2455,30-Sep-28,YEAR,"Stacked Farm has begun Site Study for Grassroot Vertical Farm. DETAILS: At Selected Grassroot Site in California, Construct new (UNKNOWN sqft) Vertical Farm Facility plus Install Associated Equipment to Produce Lettuce, Herbs and other Leafy Green Products. REQUIRES: Site Preparation, Foundations, Steel-Frame Building, Wall Panels, Curtain Walls, Sorting Machines, Growing Trays, Tray Racking System, Air Circulation System, Automatic Irrigation System, Sorters, Traceability System, Silos, Material Handling Equipment, Weighing System, Case Packers, Palletizers, Storage Racks, Compressor (Air), Temperature Sensors & Controls, Inventory Control System, Electrical Distribution, LED Lighting, Fire Protection System, Motors, Control Valves plus Process Controls (PLC). ENVIRONMENTAL: (A) Vent System, Ducting;  (L) Underground Plumbing, Containment Areas, Drainage & Run-off System.","Stacked Farm Continues Site Study for Grassroot Vertical Farm thru Site Selection and Permitting plus anticipates AFE Approval 1Q27 (Mar). Upon Approval, Stacked Farms awards Design-Build plus releases RFQs and Bid Documents for Contractors/Subcontractors & Specialty Vendors 1Q27 (Jan) through 2Q27 (May). Construction Kick-Off 2Q27 (Jun). Project Completion 3Q28 (Sep).",3598191,3496897,Stacked Farm,18-Jun-24,A,18-Mar-25,"Vegetables, Nesoi, Fresh Or Chilled",https://www.industrialinfo.com/dash/project_report.jsp?PROJECT_ID=300984998,3,Low (0-69%)
Food & Beverage," $100,000,000 ",USD,15-Mar-24,AMERICAN CANYON GRASSROOT STORAGE WAREHOUSING FACILITY (PHASE II),Grassroot,General Warehousing & Storage,General warehousing and storage,Buzz Oates Development,Planned,General Warehousing & Storage,American Canyon Warehouse,Buzz Oates Development,East of Devlin Road,American Canyon,CA,California,U.S.A.,94503,+1 9163793800,-122.26877,38.20005,CA*03,West Coast U.S.A.,Napa,Market Analysis,12/24/2454,,12/23/2454,12/25/2454,12/25/2454,4/5/2455,1-Jun-28,YEAR,"Buzz Oates Development (Owner/Developer & Design-Build) has begun Market Analysis for Grassroot Storage Warehousing Facility Phase II. DETAILS: At Planned Giovannoni Logistics Center (208-Acre; 2.4MM sqft & 3 Buildings; TIV:$400M), As Part of Phase II, Construct Building (1.3MM sqft) plus Install Associated Equipment. REQUIRES: Site Preparation, Foundation, Building (Tilt-up Concrete), Heavy Load Flooring, Docks/Doors, Temperature Controlled Systems, Fans, Motors, Drives, ESFR Sprinkler Systems, Utilities, Lighting, Charging Stations, Mechanical Room, Electrical Distribution plus Office Areas. ENVIRONMENTAL: (A) Vent, Ducting; (L) Floor Drains, Spill Containment.","Buzz Oates Development continues Market Analysis for Grassroot Storage Warehousing Facility Phase II through Project Justification and Design/Permitting plus anticipates Final AFE Approval 3Q27 (Apr). Upon Approval, Buzz Oates releases RFQs and Bid Documents for Subcontractors/Contractors 1Q27 (Mar) through 2Q27 (May). Construction Kick-Off 2Q27 (May). Project Completion 2Q28 (Jun).",3586170,1081492,Buzz Oates Development,15-Mar-24,A,18-Mar-25,Special Warehousing & Storage,https://www.industrialinfo.com/dash/project_report.jsp?PROJECT_ID=300960983,0,Low (0-69%)
Food & Beverage," $50,000,000 ",USD,15-Mar-24,AMERICAN CANYON GRASSROOT STORAGE WAREHOUSING FACILITY (PHASE I-BLDG B),Grassroot,General Warehousing & Storage,General warehousing and storage,Buzz Oates Development,Planned,General Warehousing & Storage,American Canyon Warehouse,Buzz Oates Development,1200 Devlin Road,American Canyon,CA,California,U.S.A.,94503,+1 9163793800,-122.263455,38.206587,CA*03,West Coast U.S.A.,Napa,Project Justification,9/12/2454,,9/12/2454,9/14/2454,9/14/2454,9/23/2454,31-Dec-26,YEAR,"Buzz Oates Development (Owner/Developer & Design-Build) with RMW Architecture & Interiors (Architect) has Completed Project Justification (Site Approval) for Grassroot Storage Warehousing Facility. DETAILS: At Planned Giovannoni Logistics Center (208-Acre; 2.4MM sqft & 3 Buildings; TIV:$400M), As Part of Phase I, Construct Building-B (469,512 sqft; 36'H) plus Install Associated Equipment. REQUIRES: Site Preparation, Foundation, Building (Tilt-up Concrete), Heavy Load Flooring, Docks/Doors, Temperature Controlled Systems, Fans, Motors, Drives, ESFR Sprinkler Systems, Utilities, Lighting, Charging Stations, Mechanical Room, Electrical Distribution plus Office Areas. ENVIRONMENTAL: (A) Vent, Ducting; (L) Floor Drains, Spill Containment.","Buzz Oates Development with RMW Architecture & Interiors Finalizes Completed Project Justification (Site Approval) for Grassroot Storage Warehousing Facility and Proceeds with Detailed Design through Permitting plus anticipates Final AFE Approval 1Q26 (Jan). Upon Approval, Buzz Oates releases RFQs and Bid Documents for Subcontractors/Contractors 1Q26 (Jan-Mar). Construction Kick-Off 1Q26 (Mar). Construction Completion 4Q26 (Dec).",3586163,1081492,Buzz Oates Development,15-Mar-24,A,18-Mar-25,Special Warehousing & Storage,https://www.industrialinfo.com/dash/project_report.jsp?PROJECT_ID=300960945,0,Medium (70-80%)
Food & Beverage," $2,500,000 ",USD,17-Feb-22,LOS ANGELES PASTA AND BAKED GOODS PLANT AUTOMATED PACKAGING UPGRADE,Upgrade,"Macaroni, Spaghetti, Vermicelli & Noodles","Noodles: egg, plain, and water-mfg",JSL Foods Incorporated,Operational,"Macaroni, Spaghetti, Vermicelli & Noodles",Los Angeles Pasta and Baked Goods,JSL Foods Incorporated,3550 Pasadena Avenue,Los Angeles,CA,California,U.S.A.,900311946,+1 3232232484,-118.211901,34.087138,CA*09,West Coast U.S.A.,Los Angeles [norther,Project Scope,9/16/2454,6/13/2454,9/17/2454,9/18/2454,9/19/2454,9/19/2454,29-Aug-26,YEAR,"JSL Foods Incorporated has begun Project Scope for Pasta and Baked Goods Plant Automated Packaging Upgrade. DETAILS: At Existing 80,000 sqft Pasta & Baked Goods Manufacturing Plant, Perform Automation Upgrade to (1-2) old Packaging Lines (Pick & Place System and Case Packer Machines) plus Auxiliary Equipment. REQUIRES: Equipment Removal/Disassembly, Stainless Steel Fabrication, Pick & Place System, Case Packer Machine, Mounting Frames, Arms, Pneumatics, Automated System, Robotics, Wrapper, Case Erecting/Loading & Sealing Equipment, Controllers, Staging Equipment, Air Lines, Speed Reducers, Motors, Servo Drives, Grippers, Wrists, Mechanical Brakes/Adjustable Hard Stops, Operator Stations, Interface Panels, Cables, Input/Output Devices, Monitoring System, Relays, Controls (PLC & Cabinet) plus Electrical Distribution.","JSL Foods Incorporated continues Project Scope for Pasta and Baked Goods Plant Automated Packaging Upgrade thru 3Q25 (Aug) and anticipates finalizing Scope by 4Q25 (Oct) and receiving Final AFE Approval by 2Q26 (May). Subject to Final Corporate Approval, JSL Foods Incorporated releases RFQs and Bid Documents 2Q26 (Jun) Thru 3Q26 (Jul). Construction Kick-Off 3Q26 (Aug). Project Completion 3Q26 (Aug).",3364962,3309881,JSL Foods Incorporated,18-Feb-22,A,7-Mar-25,"Bread, Pastry, Cakes, Biscuits And Similar Baked Products",https://www.industrialinfo.com/dash/project_report.jsp?PROJECT_ID=300767786,37,Low (0-69%)
Food & Beverage," $1,000,000 ",USD,14-Apr-23,"PASO ROBLES BROWNFIELD ""THE HANGAR"" BREWERY",Brownfield,Malt Beverages,Breweries-mfg,BarrelHouse Brewing Company,Under Construction,Malt Beverages,Paso Robles Brewery,BarrelHouse Brewing Company,298 Sherwood Road,Paso Robles,CA,California,U.S.A.,93446,+1 8052961128,-120.6557,35.61532,CA*07,West Coast U.S.A.,San Luis Obispo,Construction - Merit Shop,2/24/2454,11/26/2453,2/24/2454,2/28/2454,2/25/2454,9/15/2454,30-Apr-26,QUARTER,"BarrelHouse Brewing Company with Ryan Brockett Architect Inc continues Construction for Brownfield ""The Hangar"" Brewery. DETAILS: At (10-Acre) Site in (100,000 sqft) Former Sherwood Field Hangar, Perform Structural Modifications and Install (5 vessel, 50-BBl) Brewhouse System (28,000 sqft) with Associated Equipment plus Taproom to Produce Beer. REQUIRES: Structural Modifications & Renovations, Stainless Fabrication, Ingredient Handling Equipment, Brewhouse, Brite Tanks, Fermentation Tanks, Barrels, Heat Exchangers, Keg Washer & Filler, Material Handling Equipment, GEA Centrifuge, KHS 27-head Rotary Canning Machine, Automated Systems, Glycol Chilling System, Stainless Steel Piping, Compressor (Air), Pumps, Motors, Drives, Valves, Flowmeters, Process Controls (PLC), Utilities, Lighting, Solar Arrays, Electrical Distribution plus Taproom and Patio. ENVIRONMENTAL: (A) Exhaust System, Vents, Ducting; (L) Spill Containment, Floor Drains.","BarrelHouse Brewing Company with Ryan Brockett Architect Inc continues Construction and releases Remaining RFQs and Bid Documents for Contractors, Subcontractors & Specialty Trades as needed 1Q24 (Jan) thru 2Q24 (May). Construction Kick-Off 1Q24 (Feb). Project Completion 2Q26 Apr).",3545933,3159375,BarrelHouse Brewing Company,14-Apr-23,A,14-Mar-25,Beer,https://www.industrialinfo.com/dash/project_report.jsp?PROJECT_ID=300874822,4,High (81-99%)
Food & Beverage," $3,000,000 ",USD,13-Mar-25,FAIRFIELD MEAT AND VEGETABLE PROCESSING PLANT DRY STORAGE WAREHOUSE ADDITION,Storage Addition,General Warehousing & Storage,General warehousing and storage,Nippon Industries Incorporated,Operational,Crop Preparation Services for Market,Fairfield Meat and Vegetable Processing,Nippon Industries Incorporated,2430 South Watney Way,Fairfield,CA,California,U.S.A.,945336730,+1 7074273127,-122.074988,38.232919,CA*03,West Coast U.S.A.,Solano,Market Analysis,12/21/2454,,12/21/2454,12/23/2454,12/25/2454,12/30/2454,31-Oct-27,YEAR,"Nippon Industries Incorporated has begun Market Analysis for Meat (Protein) & Vegetable Processing Plant Dry Storage Warehouse Addition. DETAILS: At Existing 50,000 sqft Meat (Protein) & Vegetable Processing Plant, Construct new Dry Storage Warehouse Addition (Approx. 30,000 sqft) plus Auxiliary Equipment. REQUIRES: Site Preparation, Foundation, Building, Heavy Load Flooring, Doors, Bagging Machines, Conveyors Systems, Fillers, Robotics, Automated System, Labeling Machine, Sealer, Pneumatics, Hopper, Weigher/Scale, Material Handling Equipment, Operator Interfaces, Motors, Servo Drives, Inspection & Monitoring Equipment, Storage Rack System, Lighting, Temperature and Humidity Control System, Inventory Management & Fire Protection System, Utilities, Controls (PLC, Pneumatics) plus Electrical Distribution. ENVIRONMENTAL: (A) Ventilation System, Ducting; (L) Spill Containment, Drains.","Nippon Industries Incorporated continues Market Analysis for Meat (Protein) & Vegetable Processing Plant Dry Storage Warehouse Addition thru 4Q25 (Nov) and anticipates finalizing Scope by 3Q26 (Jul) and receiving Final AFE Approval by 1Q27 (Mar). Subject to Approval, Nippon Industries Incorporated releases RFQs and Bid Documents 1Q27 (Jan-Mar). Construction Kick-Off 2Q27 (May). Project Completion 4Q27 (Oct).",1056243,1106633,Nippon Industries Incorporated,14-Mar-25,A,14-Mar-25,General Warehousing & Storage,https://www.industrialinfo.com/dash/project_report.jsp?PROJECT_ID=301057797,0,Low (0-69%)
Food & Beverage," $5,000,000 ",USD,13-Mar-25,BEAUMONT JUICES PLANT PROCESSING LINE ADDITION,Equipment Addition,"Canned Fruits, Vegetables, Preserves, Jams & Jellies","Juices, fresh: fruit or vegetable-mfg",Perricone Farms & Juices,Operational,"Canned Fruits, Vegetables, Preserves, Jams & Jellies",Beaumont Juices,Perricone Farms & Juices,550 B Street,Beaumont,CA,California,U.S.A.,922232672,+1 9517697171,-116.986396,33.928624,CA*08,West Coast U.S.A.,Riverside [western],Market Analysis,12/21/2454,9/22/2454,12/21/2454,12/23/2454,12/27/2454,12/28/2454,31-Aug-27,YEAR,"Perricone Farms & Juices has begun Market Analysis for Juice Processing Line Addition. DETAILS: At existing 70,000 sqft Juice Manufacturing Plant, Construct (1) new Processing Line Addition plus Auxiliary Equipment. REQUIRES: Stainless Steel Fabrication, Washers, Fruit Sorter, Crusher, Kettle, Fruit Juice Press Machine, Filler Machines, Conveyor Systems, Blenders, Centrifuge, Automated Systems, Robotics, Palletizer, Material Handling Equipment, Rinser Machines, Sterilization Equipment, Homogenizer, Evaporator, Storage Tank, Labelers & Cappers, Stacker, Case Packer, Process Piping, Belts, Pneumatics, Sensors, Flowmeters, Motors, Drives, Inspection System, Process Controls (PLC, Pneumatics) & Tie-Ins plus Electrical Distribution. ENVIRONMENTAL: (A) Ducting; (L) Containment.","Perricone Farms & Juices continues Market Analysis for Juice Processing Line Addition thru 2Q26 (May) and anticipates finalizing Scope by 3Q26 (Aug) and receiving Final AFE Approval by 1Q27 (Jan). Subject to Approval, Perricone Farms & Juices releases RFQs and Bid Documents 1Q27 (Jan-Mar). Construction Kick-Off 3Q27 (Jul). Project Completion 3Q27 (Aug).",3299637,3260438,Perricone Farms & Juices,14-Mar-25,A,13-Mar-25,Fruit Or Vegetable Juices,https://www.industrialinfo.com/dash/project_report.jsp?PROJECT_ID=301057871,0,Low (0-69%)
Food & Beverage," $50,000,000 ",USD,13-Mar-25,CERRITOS GRASSROOT SOJU PLANT,Grassroot,Distilled & Blended Liquors,Liquors: distilled and blended-except brandy-mfg,HITEJINRO Company Limited,Planned,Distilled & Blended Liquors,Cerritos Soju Plant,Hite Jinro Holdings Company Limited,TBD,Cerritos,CA,California,U.S.A.,90703,+1 5624047780,-118.088086,33.848566,CA*08,West Coast U.S.A.,Los Angeles [souther,Market Analysis,6/15/2454,,9/12/2454,9/14/2454,9/16/2454,12/30/2454,31-Oct-27,MONTH,"Hitejinro America (A Subsidiary of Hite Jinro Holdings Company Limited) has begun Market Analysis for Grassroot Soju Plant. DETAILS: At Selected Grassroot Site, Construct new (Sq.ft : Unknown) Rice Liquor Manufacturing Plant plus Install Associated Equipment to Produce Distilled Beverage Products. REQUIRES: Site Preparation, Foundations, Buildings, Heavy Load Flooring, Docks/Doors, Stainless Steel Fabrication, Ingredient Receiving & Handling Equipment, Stills, Distillation Columns, Blenders, Mash Cookers, Mixing & Blending Vessels, Fermentation & Aging Tanks, Cooling System, Barrel Fillers, Warehouse Equipment, Storage Racks, Rickhouses, Fire Protection System, Heat Exchangers, Temperature Control Systems, Process Piping, Pumps, Motors, Drives, Control Valves, Utilities, Process Controls (PLC) plus Electrical Distribution. ENVIRONMENTAL: (A) Dust Collectors, Exhaust System, Vent, Ducting; (L) Containment, Floor Drains; (W) Wastewater Treatment System.","Hitejinro America continues Market Analysis for Grassroot Soju Plant thru 1Q25 (Mar) and anticipates Final AFE Approval 4Q25 (Dec). Subject to Final approval, Hitejinro America awards Design-Build plus releases RFQs and Bid Documents for Contractors, Subcontractors & Equipment Providers plus Specialty Trades 1Q26 (Jan-Mar). Construction Kick-Off 2Q26 (May). Project Completion 4Q27 (Oct).",3631404,3523940,Hitejinro America,13-Mar-25,A,13-Mar-25,,https://www.industrialinfo.com/dash/project_report.jsp?PROJECT_ID=301057860,0,Low (0-69%)
Food & Beverage," $7,246,000 ",USD,12-Mar-24,TIPTON DAIRY FARM COVERED LAGOON DIGESTER ADDITION,Unit Addition,Dairy Farms,Dairy farms,F & L Barcellos Dairy,Operational,Dairy Farms,Tipton Dairy Farm,F & L Barcellos Dairy,14581 Road 80,Tipton,CA,California,U.S.A.,93272,+1 5597523220,-119.39695,36.05391,CA*06,West Coast U.S.A.,Tulare,Owner Review of Issue,9/14/2454,,9/14/2454,9/15/2454,9/16/2454,9/23/2454,31-Dec-26,YEAR,"F & L Barcellos Dairy with MAAS Energy Works Incorporated (EPC Digester) has begun Owner Review of Issue (Permitting) for Dairy Farm Covered Lagoon Digester Addition. DETAILS: At Existing (8,000+) Animals Dairy Farm, Construct New Covered Lagoon Digester with Auxiliary Equipment to Transform Methane from Cow Manure to Reduce Methane Emissions and Produce Renewable Natural Gas. REQUIRES: Site Preparation, Foundation, Stainless Steel Fabrication, Biogas Collection System, Baffles Walls, Weir Boards, Plate Coolers, Sprinkler Pens, Pumps, Storage Tanks, Screens, Chillers, Blowers, Gas Compressors, Gas Flow Meters, Cooling System, Buffers, Fire Protection System, Motors, Drives, Valves, Piping, Process Controls & Utilities Tie-Ins plus Electrical Distribution. ENVIRONMENTAL: (A) Emissions Controls, Scrubber System; (L) Containment Areas; (W) Wastewater Treatment Lagoon.","F & L Barcellos Dairy with MAAS Energy Works Incorporated Finalizes Owner Review of Issue (Permitting) for Dairy Farm Covered Lagoon Digester Addition plus anticipates Final AFE Approval 1Q26 (Mar). Upon Approval, MAAS Energy Works Incorporated Releases RFQs and Bid Documents for Contractors, Subcontractors, Equipment Providers & Specialty Trades 1Q26 (Mar) thru 2Q26 (Apr). Construction Kick-Off 2Q26 (May). Project Completion 4Q26 (Dec).",3585465,3486904,F & L Barcellos Dairy,12-Mar-24,A,13-Mar-25,"Natural Gas, Gaseous (Methane)",https://www.industrialinfo.com/dash/project_report.jsp?PROJECT_ID=300959691,20,Medium (70-80%)
Food & Beverage," $5,000,000 ",USD,4-Mar-25,DINUBA COLD STORAGE WAREHOUSE EXPANSION,Plant Expansion,Refrigerated Warehousing & Storage,Cold storage warehousing,Legacy Packing & Cold Storage,Operational,Refrigerated Warehousing & Storage,Dinuba Packing & Cold Storage,Agricultral Capital Foods,38773 Road 48,Dinuba,CA,California,U.S.A.,936189718,+1 5595916140,-119.468706,36.494918,CA*06,West Coast U.S.A.,Tulare,Market Analysis,9/12/2454,,9/12/2454,9/14/2454,9/15/2454,9/23/2454,31-Dec-26,MONTH,"Legacy Packing & Cold Storage has begun Market Analysis for Cold Storage Warehouse Expansion. DETAILS: At Existing (330,000 sq.ft) Citrus Packing & Cold Storage Warehouse , Construct (Sq.ft : Unknown) Cold Storage Addition plus Install Associated Equipment. REQUIRES: Site Preparation, Foundation, Building, Structural/Interior Modifications & Improvements, Heavy Load Flooring, Insulated Wall Panels (Metal), Docks/Doors, Freezers, Refrigeration System, Storage Racks, Racking, Evaporated Coils, Air Flow & Temperature Controlled Systems, Fans, Compressors (Air), Material Handling & Packaging Equipment, Inventory Management & Fire Protection Systems, Lighting Systems, Condensers, Mechanical & Engine Rooms, Office Areas, Controls (PLC), Utilities & Tie-Ins plus Electrical Distribution. ENVIRONMENTAL: (A) Vent Exhaust System, Ducting; (L) Spill Containment, Drains.","Legacy Packing & Cold Storage continues Market Analysis for Cold Storage Warehouse Expansion thru 1Q25 (Mar) and anticipates AFE Approval 1Q26 (Jan).  Legacy Packing & Cold Storage releases RFQs and Bid Documents for Contractors, Subcontractors, Equipment Providers & Specialty Trades 1Q26 (Jan-Mar). Project Construction Kick-Off 1Q26 (Apr). Project Completion 4Q26 (Dec).",3242387,3215388,Legacy Packing & Cold Storage,13-Mar-25,A,13-Mar-25,,https://www.industrialinfo.com/dash/project_report.jsp?PROJECT_ID=301055348,0,Low (0-69%)
Food & Beverage," $45,000,000 ",USD,8-Mar-24,OAKLAND GRASSROOT WAREHOUSE FACILITY,Grassroot,General Warehousing & Storage,General warehousing and storage,Prologis Incorporated,Planned,General Warehousing & Storage,Oakland Warehouse,Prologis Incorporated,3600 Alameda Avenue,Oakland,CA,California,U.S.A.,946013329,+1 4153949000,-122.226199,37.769478,CA*03,West Coast U.S.A.,Alameda,Project Scope,9/14/2454,,9/15/2454,9/17/2454,9/18/2454,1/1/2455,1-Dec-27,YEAR,"Prologis Incorporated with HPA Architects (Architect) has begun Developing Project for Grassroot Warehouse Facility. DETAILS: At Owned (29-Acre) Site, Demolish Existing (16) Building and Construct New (430,000 sqft) Warehouse Building (including 30,000 sqft Office Space) plus Install Machinery & System with Associated Machinery. REQUIRES: Demolition, Site Preparation, Foundation, Building (Tilt-up Concrete), Heavy Load Flooring, (48) Docks/Doors, Temperature Controlled Systems, Fans, Motors, Drives, ESFR Sprinkler Systems, Utilities, Lighting, Electrical Distribution plus Office Areas. ENVIRONMENTAL: (A) Dust Collection System, Vent, Ducting; (L) Floor Drains, Spill Containment.","Prologis Incorporated with HPA Architects continues Developing Project for Grassroot Warehouse Facility through Project Justification (Site Approval) and Proceeds with Detailed Design & Permitting plus anticipates AFE Approval 2Q26 (Mar). Upon Approval, Prologis Incorporated awards G/C plus Releases RFQs and Bid Documents for Contractors, Subcontractors & Specialty Trades through 2Q26 (Apr-Jun). Construction Kick-Off 3Q26 (Jul). Project Completion 4Q27 (Dec).",3585028,3100892,Prologis Incorporated,8-Mar-24,A,10-Mar-25,General Warehousing & Storage,https://www.industrialinfo.com/dash/project_report.jsp?PROJECT_ID=300958995,12,Low (0-69%)
Food & Beverage," $4,000,000 ",USD,8-Mar-24,TEHACHAPI GRASSROOT WINERY,Grassroot,"Wines, Brandy & Brandy Spirits",Wines-mfg,Saar Family Vineyard,Planned,"Wines, Brandy & Brandy Spirits",Tehachapi Winery,Saar Family Vineyard,26700 Cummings Valley Road,Tehachapi,CA,California,U.S.A.,93561,+1 2092726339,-118.60438,35.128687,CA*09,West Coast U.S.A.,Kern,Permitting,9/14/2454,,9/15/2454,9/17/2454,9/18/2454,12/24/2454,1-Apr-27,YEAR,"Saar Family Vineyard with Superior Construction has begun Permitting for Grassroot Winery. DETAILS: At Selected (19.15-acre) Grassroot Site, Construct (4,000 SQFT) Wine Manufacturing Facility plus Install Associated Equipment. REQUIRES: Site Preparation, Foundation, Building, Heavy Load Flooring, Insulated Wall Panels, Stainless Steel Fabrication, Ingredients Receiving & Handling Equipment, Docks/Doors, Presses, Crushers, Mixers & Blenders, Processing Vessels, Fermentation Room, Filling & Bottling Equipment, Tanks, Filtration Systems, Canning Lines, Labeler, Shrink Sleeves, Sanitation Systems, Pallet Wrapper, Rinsers, Fillers, Case Packers, Feeding System, Process Piping, Material Handling Equipment, Compressor (Air), Pumps, Drives, Valves, Filters, Screens, Aerators, Belt Conveyor, Tanks, Leak Detection Equipment & PH Regulators, Fire Protection System & Temperature Controls System, Motors plus Process Controls (PLC) & Utility Tie-ins plus Electrical Distribution. ENVIRONMENTAL: (A) Vent System, Ducting, Exhaust System; (L) Containment, Floor Drains.",Saar Family Vineyard with Superior Construction continues Permitting for Grassroot Winery and anticipates Final AFE Approval 1Q26 (Mar). Saar Family Vineyard awards Superior Construction G/C and releases any remaining RFQs and Bid Documents for Subcontractors 2Q26 (Apr-Jun). Construction Kick-Off 3Q26 (Jul). Project Completion 2Q27 (Apr).,3585042,3486594,Saar Family Vineyard,11-Mar-24,A,10-Mar-25,Wine,https://www.industrialinfo.com/dash/project_report.jsp?PROJECT_ID=300959023,12,Medium (70-80%)
Food & Beverage," $1,500,000 ",USD,7-Mar-25,CERRITOS FLAVORING PLANT FILLER MACHINE ADDITIONS,Equipment Addition,Flavoring Extracts & Flavoring Syrups,Bitters (flavoring concentrates)-mfg,T. Hasegawa USA Inc,Operational,Flavoring Extracts & Flavoring Syrups,Cerritos Flavoring,T. Hasegawa USA Inc,14047 183rd Street,Cerritos,CA,California,U.S.A.,90703,+1 8669850502,-118.03135,33.86666,CA*08,West Coast U.S.A.,Los Angeles [souther,Project Scope,9/12/2454,6/14/2454,9/12/2454,9/14/2454,9/18/2454,9/19/2454,31-Aug-26,YEAR,"T. Hasegawa USA has begun developing Project Scope for Flavoring Plant Filler Machine Additions. DETAILS: At Existing 40,000 sqft Flavoring Manufacturing Plant, Construct (2) new Filler Machine Additions plus Auxiliary Equipment. REQUIRES: Stainless Steel Fabrication, Rotary Filler Machine, Casers, Rinsing Unit, Cappers/Sealers, Filler Heads, Aseptic Equipment, Filters, Film Seals, Safety Skirts, Dispenser & Vacuum Systems, Filling Nozzles, Sorters, Heat Sealers, Pick Up Systems, Infeed & Discharge Conveyors, Weight Sensors, Feeders, Motors, Drives, CIP (Clean-In-Place) Rings, Fill Valves & Float Assembly, Material Handling Equipment, Inlet/Outlet Devices, Process Controls (PLC) plus Electrical Distribution.","T. Hasegawa USA continues developing Project Scope for Flavoring Plant Filler Machine Additions thru 3Q25 (Jul) and anticipates finalizing Scope by 3Q25 (Sep) and receiving Final AFE Approval by 1Q26 (Jan). Subject to Approval, T. Hasegawa USA releases RFQs and Bid Documents 1Q26 (Jan-Mar). Construction Kick-Off 3Q26 (Jul). Project Completion 3Q26 (Aug).",3630491,3404665,T. Hasegawa USA Inc,7-Mar-25,A,7-Mar-25,,https://www.industrialinfo.com/dash/project_report.jsp?PROJECT_ID=301056015,0,Low (0-69%)
Food & Beverage," $16,000,000 ",USD,15-Oct-24,LOS ANGELES (VAN NUYS) BREWERY EQUIPMENT UPGRADES,Upgrade,Malt Beverages,Breweries-mfg,Anheuser-Busch InBev,Operational,Malt Beverages,Los Angeles Brewery,Anheuser-Busch InBev,15800 Roscoe Boulevard,Van Nuys,CA,California,U.S.A.,914061350,+1 8189895300,-118.478129,34.220448,CA*08,West Coast U.S.A.,Los Angeles [souther,Planning and Scheduling,6/6/2454,,6/11/2454,6/14/2454,6/15/2454,12/27/2454,31-Jul-27,YEAR,"Anheuser-Busch InBev has begun Planning and Scheduling for Brewery Equipment Upgrades. DETAILS: At Existing Brewery, Perform Structural & Equipment Upgrades plus Install new Support Equipment & Systems for Emissions/Utility Reductions and to Expand Production Capabilities. REQUIRES: Equipment Dismantlement & Removal, Custom Steel Fabrication plus UPGRADES TO: Boiler Systems, Vessels, Stainless Steel Piping, Steam Lines, Automated & Conveyor Systems, Depalletizer, Rinsers, Filters, Fillers, Jet Coder, Labelers, Sensors, In-Line Controls, Flowmeters, Multipackers, Case Packers, Palletizer, Heat Exchangers, Motors, Pumps, Valves, Compressor (Air), Process Controls (PLC), Utilities plus Electrical Distribution. ENVIRONMENTAL: (A) Dust Collectors, Ventilation, Ducting, Exhaust System.",Anheuser-Busch InBev continues Planning and Scheduling for Brewery Equipment Upgrades plus releases RFQs and Bid Documents for Subcontractors/Contractors/Equipment Vendors as Needed 3Q26(Aug) through 4Q26 (Nov). Construction Kick-Off 4Q26 (Dec). Project Completion 3Q27 (Jul).,1013072,1042563,Anheuser-Busch InBev,15-Oct-24,A,3-Mar-25,Beer,https://www.industrialinfo.com/dash/project_report.jsp?PROJECT_ID=301016914,13,High (81-99%)
Food & Beverage," $5,914,000 ",USD,14-Feb-24,HANFORD DAIRY FARM BIOGAS ANAEROBIC DIGESTER SYSTEM ADDITION,Plant Expansion,Dairy Farms,"Milk production, dairy cattle farm",Felicita Dairy,Operational,Dairy Farms,Hanford Dairy Farm,Felicita Dairy,22154 4th Avenue,Hanford,CA,California,U.S.A.,93230,+1 5599923272,-119.53171,36.14389,CA*06,West Coast U.S.A.,Kings,Construction - Merit Shop,6/4/2454,,6/4/2454,6/5/2454,6/5/2454,6/15/2454,30-Dec-25,QUARTER,"Felicita Dairy with California Bioenergy LLC (Project Developer), 4 Creeks Engineering (Design Engineering) and 4CG Construction Incorporated (G/C) has begun Construction for Dairy Farm Biogas Anaerobic Digester System Addition. DETAILS: At Existing Dairy Farm, Construct Anaerobic Digester (360’ L x 175’ W x 25’ D) with Ancillary Equipment to Produce Biogas. REQUIRES: Site Preparation, Foundations, Building, Heavy Load Flooring, Digesters Tanks (AST), Biogas Collection System, Anaerobic Digester Units, Methane Gas-Fired Generators, Internal Combustion Engines, MCC Room, Fuel Handling System, Tanks, Condenser, Dehydrator, Gas Flow Meters, Cooling System, Switchgear, Breakers, Transformer, Fire Protection System, Motors, Drives, Valves, Piping, Process Controls & Utilities plus Electrical Distribution. ENVIRONMENTAL: (A) NOx Controls, Ducting, Ventilation; (L) Excavation, Spill Containment; (W) Wastewater Conditioning and Storage.","Felicita Dairy with California Bioenergy LLC, 4 Creeks Engineering and 4CG Construction Continues Construction for Dairy Farm Biogass Anaerobic Digester System Addition and anticipates Final AFE Approval 1Q25 (Jan). 4CG Construction and California Bioenergy LLC Release RFQs and Bid Documents for Contractors, Subcontractors & Specialty Trades 1Q25 (Jan-Feb). Construction Kick-Off 1Q25 (Feb). Project Completion 4Q25 (Dec).",3581635,3484180,Felicita Dairy,15-Feb-24,A,3-Mar-25,"Natural Gas, Gaseous (Methane)",https://www.industrialinfo.com/dash/project_report.jsp?PROJECT_ID=300952927,8,High (81-99%)
Food & Beverage," $2,000,000 ",USD,27-Feb-25,FRESNO FLOUR MILL PACKING LINE ADDITION,Equipment Addition,Flour & Other Grain Mill Products,"Flour mills, cereals: except rice-mfg",Miller Milling Company,Operational,Flour & Other Grain Mill Products,Fresno Flour Mill,Nisshin Seifun Group Incorporated,2908 South Maple Avenue,Fresno,CA,California,U.S.A.,937252220,+1 5594418133,-119.749244,36.695179,CA*06,West Coast U.S.A.,Fresno,Market Analysis,9/12/2454,,9/12/2454,9/14/2454,9/16/2454,9/18/2454,31-Jul-26,MONTH,"Miller Milling Company has begun Market Analysis for Flour Mill Packing Line Addition. DETAILS: At Existing  (9,500 cwts/d) Flour Mill, Perform Upgrade to Flour Mill by Constructing (1) new Packing Line Addition plus Auxiliary Equipment. REQUIRES: Stainless Steel Fabrication, Packing Machines, Conveyor Systems, Robotics, Automated Systems, Material Handling Equipment, Labelers & Sealers, Bagging Machines, Feeders, Pneumatics, Motors, Servo Drives, Feeders, Belts, Controllers, Software, Speed Reducers, Cabinets, Interface Panels, Cables, Input/Output Devices, Monitoring & Inspection System, Process Controls (PLC) & Tie-Ins plus Electrical Distribution. ENVIRONMENTAL: (A) Dust Collection System.","Miller Milling Company continues Market Analysis for Flour Mill Packing Line Addition thru 1Q25 (Feb)  and anticipates receiving Final AFE Approval by 1Q26 (Jan). Subject to Final  Approval, Miller Milling Company Incorporated releases RFQs and Bid Documents 1Q26 (Jan-Mar). Construction Kick-Off 2Q26 (May). Project Completion 3Q26 (Jul).",1015223,1027455,Miller Milling Company,27-Feb-25,A,27-Feb-25,,https://www.industrialinfo.com/dash/project_report.jsp?PROJECT_ID=301054456,0,Low (0-69%)
Food & Beverage," $2,000,000 ",USD,27-Feb-25,FRESNO FLOUR MILL 2025 MAINTENANCE PROGRAM,Maintenance Program,Flour & Other Grain Mill Products,"Flour mills, cereals: except rice-mfg",Miller Milling Company,Operational,Flour & Other Grain Mill Products,Fresno Flour Mill,Nisshin Seifun Group Incorporated,2908 South Maple Avenue,Fresno,CA,California,U.S.A.,937252220,+1 5594418133,-119.749244,36.695179,CA*06,West Coast U.S.A.,Fresno,Maintenance Programs,3/7/2454,,6/4/2454,6/12/2454,6/4/2454,6/15/2454,31-Dec-25,MONTH,"Miller Milling Company has begun 2025 Maintenance Program at (9,500 cwts/d & 3.3MM Bu. Wheat Storage) Flour Mill Facility. NORMAL INSPECTION/REPAIR OF: Grain Receiving & Storage Areas, Wheat Milling Areas, Packaging plus Utilities. REQUIRES REPAIRS/REPLACEMENTS TO: Grain Receiving and Pre-Cleaning Equipment, Storage Bins, Silos, Milling Units, Blenders, Purifiers, Aspirators, Classifier, Sorter, Cleaner, Separator, Rolling Mills, Roll Stands, Grinding Equipment, Batch Mixer, Screens, Hoppers, Scales, Filler Machines, Check-Weigher, Labelers and Sealers, Automated & Conveyor Systems, Bagging Equipment, Material Handling Equipment, Switchgear, Heat Exchangers, Transformer, Fire Protection System, Motors, Drives, Compressor (Air), Electrical Distribution plus Process Controls (PLC). ENVIRONMENTAL MRO: (A) Vent Exhaust System, Ducting, Dust Collection System, Baghouse.",Miller Milling Company continues Planning for 2025 Maintenance Program and anticipates finalizing Schedule 4Q24 (Dec) plus releases RFQs and Bid Documents for Vendors/Contractors & Subcontractors 1Q25 (Jan) through 3Q25 (Sep). Miller Milling Company indicates Preventive Maintenance Program Kick-Off 1Q25 (Jan) & Completion 4Q25 (Dec). (Subject to Production Schedules),1015223,1027455,Miller Milling Company,27-Feb-25,A,27-Feb-25,,https://www.industrialinfo.com/dash/project_report.jsp?PROJECT_ID=301054453,0,High (81-99%)
Food & Beverage," $600,000 ",USD,27-Feb-25,WILLIAMS RICE MILL DRAG CONVEYORS REPLACEMENTS,Replacement,Rice Milling,Milling of rice-mfg,Tamaki Rice Corporation,Operational,Rice Milling,Williams Rice Mill,Tamaki Rice Corporation,1701 Able Road,Williams,CA,California,U.S.A.,95987,+1 5304732862,-122.117062,39.143445,CA*02,West Coast U.S.A.,Colusa,Market Analysis,9/12/2454,,9/12/2454,9/14/2454,9/16/2454,9/18/2454,31-Jul-26,MONTH,"Tamaki Rice Corporation has begun Market Analysis for Rice Mill Drag Conveyors Replacements. Details: At Existing (23,000 Sq.ft) Rice Mill and Packaging Facility, Replace (old) Drag Conveyors (Super-Flo) plus Associated Equipment. REQUIRES: Conveyors Removal/Disassembly, Galvanized Steel Fabrication, (Drag) Conveyor Systems, Shafts & Frames, Feeders, Supporting Equipment, Idlers, Discharge Gates, Inlets, Chains, Sprockets, Gears, Pulleys, Speed Reducers, Walkways & Handrails, Bearings, Guides, Couplings, Motors, Drives, Controls (PLC) & Tie-Ins plus Electrical Distribution. ENVIRONMENTAL: (A) Dust Collection, Ducting.","Tamaki Rice Corporation continues Market Analysis for Rice Mill Drag Conveyors Replacements thru 1Q25 (Feb) and anticipates AFE Approval 1Q26 (Jan). Subject to Approval, Tamaki Rice Corporation releases RFQs and Bid Documents for Contractors & Equipment 1Q26 (Jan-Mar). Construction Kick-Off 2Q26 (May). Project Completion 3Q26 (Jul).",3146438,3134075,Tamaki Rice Corporation,27-Feb-25,A,27-Feb-25,,https://www.industrialinfo.com/dash/project_report.jsp?PROJECT_ID=301054447,0,Low (0-69%)
Food & Beverage," $40,000,000 ",USD,26-Feb-25,AMERICAN CANYON STORAGE WAREHOUSING FACILITY (PHASE II-BLDG B),Plant Expansion,General Warehousing & Storage,General warehousing and storage,Buzz Oates Development,Planned,General Warehousing & Storage,American Canyon Warehouse,Buzz Oates Development,300 Green Island Road,American Canyon,CA,California,U.S.A.,94503,+1 9163793800,-122.2601733,38.196491,CA*03,West Coast U.S.A.,Napa,Project Scope,12/27/2454,,12/24/2454,12/26/2454,12/27/2454,4/11/2455,31-Dec-28,YEAR,"Buzz Oates Development (Owner/Developer & Design-Build) with RMW Architecture & Interiors (Architect) has begun Project Scope for Storage Warehousing Facility (Phase II-BLDG B). DETAILS: At Planned Giovannoni Logistics Center (208-Acre; 2.4MM sqft & 6 Buildings; TIV:$400M), As Part of Phase II, Construct Building-B (145,397 to 627,976 sqft; 36'H) plus Install Associated Equipment. REQUIRES: Site Preparation, Foundation, Building (Tilt-up Concrete), Heavy Load Flooring, Docks/Doors, Temperature Controlled Systems, Fans, Motors, Drives, ESFR Sprinkler Systems, Utilities, Lighting, Charging Stations, Mechanical Room, Electrical Distribution plus Office Areas. ENVIRONMENTAL: (A) Vent, Ducting; (L) Floor Drains, Spill Containment.","Buzz Oates Development with RMW Architecture & Interiors continues Project Scope for Storage Warehousing Facility (Phase II-BLDG-B) plus anticipates Final AFE Approval 2Q27 (May). Upon Approval, Buzz Oates releases RFQs and Bid Documents for Subcontractors/Contractors 2Q27 (Apr-Jun). Construction Kick-Off 3Q27 (Jul). Construction Completion 4Q28 (Dec).",3586157,1081492,Buzz Oates Development,26-Feb-25,A,26-Feb-25,Special Warehousing & Storage,https://www.industrialinfo.com/dash/project_report.jsp?PROJECT_ID=301053766,0,Medium (70-80%)
Food & Beverage," $20,000,000 ",USD,20-Feb-23,FAIRFIELD PHASE II WINERY EXPANSION,Plant Expansion,"Wines, Brandy & Brandy Spirits",Wines-mfg,E & C Winery LLC,Planned,"Wines, Brandy & Brandy Spirits",Fairfield Winery,E & C Winery LLC,Rockville and Russell Roads,Fairfield,CA,California,U.S.A.,94534,+1 9255185849,-122.09895,38.24503,CA*03,West Coast U.S.A.,Solano,Market Analysis,12/27/2454,,12/27/2454,12/29/2454,12/29/2454,4/6/2455,30-Jul-28,YEAR,"E & C Winery LLC with Summit Engineering (Site Engineering) has begun Market Analysis for Phase II Winery Expansion. DETAILS: At Planned Winery on (Project ID# 300860738), As Phase II of II, Convert Phase I Building to Tasting, Hospitality and Administration uses and Construct (20,000 sqft) Building Addition plus Install Wine Production Machinery & System with Associated Equipment to Increase Production (up to 500,000 Gal/yr) of Wine Products. REQUIRES: Site Preparation, Foundations, Building, Heavy Load Flooring, Dicks/Doors, Stainless Steel Fabrication, Ingredients Receiving & Handling Equipment, Storage Tanks, Hopper, Feeder, Presses, Crusher, Mixers, Blenders, Processing Vessels, Fermentation Tanks, Filling & Bottling Equipment, Conveyors Systems, Case Packers, Barrel Storage Racks, Fire Protection System, Temperature Controls System, Compressor (Air), Pumps, Valves, Heat Exchanger, Utilities, Process Controls (PLC) plus Electrical Distribution. ENVIRONMENTAL: (A) Vent System, Ducting, Exhaust System; (L) Spill Containment, Floor Drains.","E & C Winery LLC with Summit Engineering (Site Engineering) continues Market Analysis for Phase II Winery Expansion through Project Justification, Design and Permitting plus anticipates AFE Approval 3Q27 (Jul). Upon Approval, E & C Winery LLC awards G/C plus Releases RFQs and Subcontractors, Contractors and Specialty Vendors Bid Documents 3Q27 (Jul-Sep). Construction Kick-Off 3Q27 (Sep). Project Completion 3Q28 (Jul).",3539785,3449322,E & C Winery LLC,21-Feb-23,A,26-Feb-25,Wine,https://www.industrialinfo.com/dash/project_report.jsp?PROJECT_ID=300860741,12,Low (0-69%)
Food & Beverage," $30,000,000 ",USD,25-Feb-25,SALINAS PRODUCE PROCESSING LINE AUTOMATION UPGRADE,Automation,Crop Preparation Services for Market,"Sorting, grading, and packing of fruits and vegetables",Taylor Fresh Foods Incorporated,Operational,Crop Preparation Services for Market,Salinas Produce Processing,Taylor Fresh Foods Incorporated,1207 Abbott Street,Salinas,CA,California,U.S.A.,939014542,+1 8316769446,-121.622309,36.653322,CA*05,West Coast U.S.A.,Monterey,Market Analysis,6/12/2454,,6/13/2454,6/15/2454,9/12/2454,12/21/2454,31-Jan-27,MONTH,"Taylor Fresh Foods Incorporated has begun Market Analysis for Produce Processing Line Automation. DETAILS: At Existing (71,255 sq.ft) Produce Processing Facility, Perform Automation Upgrade to Plant by Fully Automating (22) old Processing Lines  plus Auxiliary Equipment. REQUIRES: Equipment Removal/Disassembly, Stainless Steel Fabrication, Washers, Trimmers, Feeders, Dryers, Scales, Bagger Machines, Metal Detectors, Material Handling Equipment, Automated Systems, Pneumatics, Conveyor Systems, Wrappers, Controllers, Staging Equipment, Air Lines, Speed Reducers, Sorters, Labelers & Sealers, Feeders, Motors, Drives, Belts, Weighers, Software & Monitoring Equipment, Process Controls (PLC, Pneumatics) & Tie-Ins plus Electrical Distribution.","Taylor Fresh Foods Incorporated continues Market Analysis for Produce Processing Line Automation thru 1Q25 (Feb) and anticipates receiving Final AFE Approval by 3Q25 (Sep). Subject to Final Approval, Taylor Fresh Foods Incorporated releases RFQs and Bid Documents 4Q25 (Oct-Dec). Construction Kick-Off 1Q26 (Jan). Project Completion 1Q27 (Jan).",3253402,1080999,Taylor Fresh Foods Incorporated,25-Feb-25,A,25-Feb-25,,https://www.industrialinfo.com/dash/project_report.jsp?PROJECT_ID=301053327,0,Medium (70-80%)
Food & Beverage," $6,000,000 ",USD,20-Feb-23,FAIRFIELD GRASSROOT PHASE I WINERY,Grassroot,"Wines, Brandy & Brandy Spirits",Wines-mfg,E & C Winery LLC,Planned,"Wines, Brandy & Brandy Spirits",Fairfield Winery,E & C Winery LLC,Rockville and Russell Roads,Fairfield,CA,California,U.S.A.,94534,+1 9255185849,-122.09895,38.24503,CA*03,West Coast U.S.A.,Solano,Owner Review of Issue,9/13/2454,,6/14/2454,9/13/2454,9/14/2454,9/23/2454,31-Dec-26,YEAR,"E & C Winery LLC with Summit Engineering (Site & Electrical Engineering) is Preparing to begin Detailed Design for Grassroot Phase I Winery. DETAILS: At (70-Acre) Grassroot Site, As Phase I of II, Construct Building (10,000 sqft) and Install Wine Production Machinery & System with Associated Equipment to Produce (125,000 Gal/yr) of Wine Products. REQUIRES: Site Preparation, Foundations, Building, Heavy Load Flooring, Docks/Doors, Stainless Steel Fabrication, Ingredients Receiving & Handling Equipment, Storage Tanks, Hopper, Feeder, Presses, Crusher, Mixers, Blenders, Processing Vessels, Fermentation Tanks, Filling & Bottling Equipment, Conveyors Systems, Case Packers, Barrel Storage Racks, Fire Protection System, Temperature Controls System, Compressor (Air), Pumps, Valves, Heat Exchanger, Utilities, Process Controls (PLC), Electrical Distribution plus Mechanical Room & Offices. ENVIRONMENTAL: (A) Vent System, Ducting, Exhaust System; (L) Spill Containment, Floor Drains; (W) Wastewater Treatment System.","E & C Winery LLC with Summit Engineering proceeds with Detailed Design for Grassroot Phase I Winery through Permitting plus anticipates AFE Approval 1Q26 (Feb). Upon Approval, E & C Winery LLC awards G/C plus Releases RFQs and Subcontractors, Contractors and Specialty Vendors Bid Documents 4Q25 (Nov) thru 1Q26 (Feb). Construction Kick-Off 1Q26 (Mar). Project Completion 4Q26 (Dec).",3539785,3449322,E & C Winery LLC,21-Feb-23,A,25-Feb-25,Wine,https://www.industrialinfo.com/dash/project_report.jsp?PROJECT_ID=300860738,23,Low (0-69%)
Food & Beverage," $4,917,000 ",USD,16-Feb-24,VISALIA DAIRY FARM COVERED LAGOON DIGESTER ADDITION,Unit Addition,Dairy Farms,"Milk production, dairy cattle farm",Delta View Farms,Operational,Dairy Farms,Visalia Dairy Farm,Delta View Farms,4995 Avenue 304,Visalia,CA,California,U.S.A.,932919439,+1 5596512199,-119.456505,36.343122,CA*06,West Coast U.S.A.,Tulare,Project Justification,9/13/2454,,6/14/2454,9/13/2454,9/14/2454,9/23/2454,31-Dec-26,YEAR,"Delta View Farms with California Bioenergy LLC (Project Developer) and 4 Creeks Engineering (Design Engineering) has begun Project Justification for Dairy Farm Covered Lagoon Digester Addition. DETAILS: At Existing (5,000+) Animals Dairy Farm, Construct New Covered Lagoon Digester with Auxiliary Equipment to Transform Methane from Cow Manure to Reduce Methane Emissions and Produce Renewable Natural Gas. REQUIRES: Foundation, Stainless Steel Fabrication, Biogas Collection System, Baffles Walls, Weir Boards, Plate Coolers, Sprinkler Pens, Pumps, Storage Tanks, Screens, Chillers, Blowers, Gas Compressors, Gas Flow Meters, Cooling System, Buffers, Fire Protection System, Motors, Drives, Valves, Piping, Process Controls & Utilities Tie-Ins plus Electrical Distribution. ENVIRONMENTAL: (A) Emissions Controls, Scrubber System; (L) Containment Areas; (W) Wastewater Treatment Lagoon.","Delta View Farms with California Bioenergy LLC and 4 Creeks Engineering Finalizes Project Justification for Dairy Farm Covered Lagoon Digester Addition through Detailed Design & Permitting plus anticipates AFE Approval 1Q26 (Feb). Upon Approval, California Bioenergy LLC awards G/C (4CG Construction Incorporated or Similar Preferred Vendor) plus Releases RFQs and Bid Documents for Contractors, Subcontractors & Specialty Trades 4Q25 (Nov) thru 1Q26 (Feb). Construction Kick-Off 1Q26 (Mar). Project Completion 4Q26 (Dec).",3581939,3484337,Delta View Farms,19-Feb-24,A,18-Feb-25,"Natural Gas, Gaseous (Methane)",https://www.industrialinfo.com/dash/project_report.jsp?PROJECT_ID=300953463,20,Medium (70-80%)
Food & Beverage," $3,000,000 ",USD,13-Feb-25,MERCED MEAT PACKAGING LINE AUTOMATION UPGRADE,Automation,Meat Packing Plants,Meat packing plants-mfg,Yosemite Valley Beef Packing Company Inc,Operational,Meat Packing Plants,Merced Meat Packing,Yosemite Valley Beef Packing Company Inc,970 East Sandy Mush Road,Merced,CA,California,U.S.A.,953417903,+1 2093834060,-120.470942,37.186279,CA*06,West Coast U.S.A.,Merced,Market Analysis,9/23/2454,,12/21/2454,12/23/2454,12/25/2454,12/27/2454,31-Jul-27,MONTH,"Yosemite Valley Beef Packing Company Inc has begun Market Analysis for Meat Packaging Line Automation Upgrade.  DETAILS: At Existing (55,000 sq.ft) Meat Packing Plant, Reduce Labor Costs & Perform Automation Upgrade to Packaging Line by Constructing (2-3) new Robotic Palletizers plus Auxiliary Equipment. REQUIRES: Equipment Removal/Disassembly, Stainless Steel Fabrication, Palletizers Machines, Robotics, Automated Systems, Conveyors, Material Handling Equipment, Wrappers, Controllers, Staging Equipment, Air Lines, Speed Reducers, Motors, Servo Drives, Grippers, Pneumatics, Operator Stations, Interface Panels, Cables, Input/Output Devices, Monitoring System, Relays, Controls (PLC & Cabinet) & Tie-Ins plus Electrical Distribution.","Yosemite Valley Beef Packing Company Inc continues Market Analysis for Meat Packaging Line Automation Upgrade thru 1Q25 (Feb) and anticipates receiving Final AFE Approval by 4Q26 (Dec). Subject to Final Approval, Yosemite Valley Beef Packing Company Inc releases RFQs and Bid Documents 1Q27 (Jan-Mar). Construction Kick-Off 2Q27 (May). Project Completion 3Q27 (Jul).",3266280,3299194,Yosemite Valley Beef Packing Company Inc,13-Feb-25,A,13-Feb-25,,https://www.industrialinfo.com/dash/project_report.jsp?PROJECT_ID=301049200,0,Low (0-69%)
Food & Beverage," $50,000,000 ",USD,31-Jan-24,TEJON RANCH/LEBEC GRASSROOT DISTRIBUTION CENTER,Grassroot,General Warehousing & Storage,General warehousing and storage,Nestle Purina PetCare Company,Under Construction,General Warehousing & Storage,Tejon Ranch Distribution Center,Nestle SA,Tejon Ranch Commerce Center,Lebec,CA,California,U.S.A.,93243,+1 3149821000,-118.94092,35.00312,CA*09,West Coast U.S.A.,Los Angeles [norther,Construction - Merit Shop,2/24/2454,,2/24/2454,2/26/2454,2/24/2454,9/12/2454,1-Jan-26,YEAR,"Nestle Purina PetCare Company with Tejon Ranch Company has begun Construction for Grassroot Pet Food Distribution Center. DETAILS: At (58-Acre) Grassroot Site In Tejon Ranch Commerce Center, Construct (700,000 sqft) Distribution Center plus Install Associated Equipment. REQUIRES: Site Preparation, Building, Heavy Load Flooring, Insulated Wall Panels, Doors/Docks, Equipment Pads & Settings, Stainless Steel Fabrication, Conveyor Systems, Palletizer, Material Handling Equipment, Motors, Pumps, Drives, Storage Racks, Scanners, Sorters, Inventory Management System, Lighting, Temperature Control System, Safety and Fire Protection Systems, Utility Tie-Ins, Controls (PLC), Electrical Distribution plus Offices. ENVIRONMENTAL: (A) Dust Collection System, Vents; (L) Spill Containment, Floor Drains.",Nestle Purina PetCare Company with Tejon Ranch Company continues Construction for Grassroot Pet Food Distribution Center and releases remaining RFQs and Bid Documents for Contractors/Subcontractors and Specialty Trades 1Q24 (Jan-Mar). Site Preparation Kick-Off 1Q24 (Jan). Construction Kick-Off 2Q24 (May). Project Completion 1Q26 (Jan).,3580130,1042542,Nestle Purina PetCare Company,31-Jan-24,A,7-Feb-25,General Warehousing & Storage,https://www.industrialinfo.com/dash/project_report.jsp?PROJECT_ID=300950410,0,High (81-99%)
Food & Beverage," $5,000,000 ",USD,3-Feb-23,FRESNO BEVERAGE DISTRIBUTION CENTER STORAGE ADDITION,Storage Addition,General Warehousing & Storage,General warehousing and storage,Reyes Holdings LLC,Operational,General Warehousing & Storage,Fresno Beverage Distribution Center,Reyes Holdings LLC,971 East North Avenue,Fresno,CA,California,U.S.A.,937251931,+1 5592644631,-119.774535,36.691342,CA*06,West Coast U.S.A.,Fresno,Market Analysis,9/14/2454,,9/13/2454,9/15/2454,9/15/2454,9/22/2454,30-Nov-26,YEAR,"Reyes Coca-Cola Bottling (Division of Reyes Holding LLC) has begun Market Analysis for Beverage Distribution Center Storage Addition. DETAILS: At Planned (206,881 sqft, 36'H & 29 Docks/Doors) Warehouse Building on (14.78-Acre) Grassroot Site, Construct (40,300 sqft) Building Addition plus Install Associated Equipment to Increase Storage Capacity. REQUIRES: Site Preparation, Foundations, Building, Insulated Wall Panels, Heavy Load Flooring, Docks/Doors, Storage Racks, Material Handling Equipment, Inventory Management System, Scanners, Palletizer, Automation & Conveyors System, Temperature Controlled Systems, Fans, Compressors (Air), Fire Protection Systems, Lighting, Condensers, Charging Stations, Controls (PLC), Utilities plus Electrical Distribution. ENVIRONMENTAL: (A) Vent Exhaust System, Ducting; (L) Spill Containment, Floor Drains.","Reyes Coca-Cola Bottling (Division of Reyes Holding LLC) Continues Market Analysis for Beverage Distribution Center Storage Addition through Design and Permitting plus Receives Final AFE Approval 1Q26 (Mar). Upon Final AFE Approval, Reyes Holding LLC awards G/C (Gray Construction Company or Similar Vendor) plus Releases Remaining RFQs and Bid Documents for Contractors, Subcontractors & Specialty Vendors 1Q26 (Feb) through 2Q26 (Apr). Construction Kick-Off 2Q26 (Apr). Project Completion 4Q26 (Nov).",3537923,3266401,Reyes Coca-Cola Bottling,3-Feb-23,A,7-Feb-25,General Warehousing & Storage,https://www.industrialinfo.com/dash/project_report.jsp?PROJECT_ID=300856925,0,Low (0-69%)
Food & Beverage," $25,000,000 ",USD,25-Jan-23,TURLOCK MILK PROCESSING FACILITY EXPANSION,Plant Expansion,"Dry, Condensed & Evaporated Dairy Products",Evaporated milk-mfg,Valley Milk LLC,Operational,"Dry, Condensed & Evaporated Dairy Products",Turlock Evaporated Milk,Valley Milk LLC,400 North Washington Road,Turlock,CA,California,U.S.A.,953809550,+1 2094106701,-120.902137,37.496573,CA*06,West Coast U.S.A.,Stanislaus,Construction - Merit Shop,3/7/2454,11/18/2453,3/1/2454,3/7/2454,6/4/2454,6/15/2454,31-Dec-25,YEAR,"Valley Milk LLC with E A Bonelli + Associates Incorporated (A&E), Ricker Thermline Incorporated (G/C Building), Membrane Process & Controls (Technology Provider) plus Mark III Construction (MEP Contractor) has begun Construction for Milk Processing Facility Expansion. DETAILS: At Existing (136,000 sqft & 2.5 MM Lbs/d) Raw Milk Processing Plant, Construct (10,000 sqft) Building Addition plus Install Machinery & System plus Auxiliary Equipment to Produce Anhydrous Milk Fat (AMF). REQUIRES: Site Preparation, Foundation, Building, Doors/Docks, Insulated Wall Panels, Ingredients Receiving & Handling Equipment, Tanks, Vessels, Evaporators, Homogenizers, Filtration Systems, Separators, Pasteurization System, Conveyor Systems, Process Piping, Clean-In-Place (CIP) System, Bulk Packaging Equipment, Material Handling Equipment, Motors, Pumps, Drives, Process Controls, Utility Tie-Ins plus Electrical Distribution. ENVIRONMENTAL: (A) Vents, Ducts; (L) Spill Containment, Floor Drains","Valley Milk LLC with E A Bonelli + Associates Incorporated, Ricker Thermline Incorporated and Membrane Process & Controls (MP&C) plus Mark III Construction Continues Construction for Milk Processing Facility Expansion anticipates AFE Approval 4Q24 (Dec). Upon Approval, Valley Milk LLC with Ricker Thermline and MP&C releases RFQs and Bid Documents for Contractors, Subcontractors & Specialty Trades 3Q24 (Jul) thru 4Q24 (Dec). Construction Kick-Off 1Q25 (Jan). Project Completion 4Q25 (Dec).",3124276,3279894,Valley Milk LLC,31-Jan-23,A,7-Feb-25,Raw Milk (Not Pasteurized),https://www.industrialinfo.com/dash/project_report.jsp?PROJECT_ID=300854309,21,High (81-99%)
Food & Beverage," $5,416,000 ",USD,30-Jan-24,MODESTO DAIRY FARM COVERED LAGOON DIGESTER ADDITION,Electricity Distribution,Dairy Farms,Dairy farms,Meirinho Dairy Farm,Operational,Dairy Farms,Modesto Dairy Farm,Meirinho Dairy Farm,1685 Dunn Road,Modesto,CA,California,U.S.A.,953589562,+1 2095781403,-121.146419,37.658136,CA*06,West Coast U.S.A.,Stanislaus,Construction - Merit Shop,6/5/2454,,3/6/2454,6/5/2454,6/5/2454,6/15/2454,19-Dec-25,YEAR,"Meirinho Dairy Farm with California Bioenergy LLC (EPC) has begun Construction for Dairy Farm Covered Lagoon Digester Addition. DETAILS: At Existing (5,500+) Animals Dairy Farm, Construct New Covered Lagoon Digester with Auxiliary Equipment to Transform Methane from Cow Manure to Reduce Methane Emissions and Produce Renewable Natural Gas. REQUIRES: Site Preparation, Foundation, Stainless Steel Fabrication, Biogas Collection System, Baffles Walls, Weir Boards, Plate Coolers, Sprinkler Pens, Pumps, Storage Tanks, Screens, Chillers, Blowers, Gas Compressors, Gas Flow Meters, Cooling System, Buffers, Fire Protection System, Motors, Drives, Valves, Piping, Process Controls & Utilities Tie-Ins plus Electrical Distribution. ENVIRONMENTAL: (A) Emissions Controls, Scrubber System; (L) Containment Areas; (W) Wastewater Treatment Lagoon.","Meirinho Dairy Farm with California Bioenergy continues Construction for Dairy Farm Covered Lagoon Digester Addition through Permitting plus anticipates Final AFE Approval 1Q25 (Feb). Upon Approval, California Bioenergy Releases RFQs and Bid Documents for Contractors, Subcontractors, Equipment Providers & Specialty Trades 4Q24 (Nov) thru 1Q25 (Feb). Construction Kick-Off 1Q25 (Feb). Project Completion 4Q25 (Dec).",3253428,3225334,Meirinho Dairy Farm,30-Jan-24,A,6-Feb-25,"Natural Gas, Gaseous (Methane)",https://www.industrialinfo.com/dash/project_report.jsp?PROJECT_ID=300950002,6,High (81-99%)
Food & Beverage," $2,000,000 ",USD,5-Feb-25,WILLOWS CHEESE PLANT PROCESSING EQUIPMENT UPGRADES,Upgrade,"Natural, Processed & Imitation Cheese","Cheese, not elsewhere classified",Rumiano Cheese Company,Operational,"Natural, Processed & Imitation Cheese",Willows Cheese Processing & Packaging,Masters Gallery Foods,101 Harvest Drive,Willows,CA,California,U.S.A.,959883252,+1 5309345438,-122.194165,39.504843,CA*02,West Coast U.S.A.,Glenn,Market Analysis,9/12/2454,,9/12/2454,9/14/2454,9/16/2454,9/18/2454,31-Jul-26,MONTH,"Rumiano Cheese Company has begun Market Analysis for Cheese Plant Processing Equipment Upgrades. DETAILS: At Existing (46, 700 sq.ft) Cheese Processing Plant, Perform Upgrades to Processing Equipment to Improve Efficiency plus Auxiliary Equipment. REQUIRES: Stainless Steel Fabrication, Ingredients Receiving & Handling System, Milk Storage Equipment, Processing Tanks/Vessels, Mixing & Blending Equipment, High Pressure Processing Systems (HPPS), Pasteurizers, Homogenizers, Automated & Conveyors System, Feeders, Aseptic Filling & Packaging Equipment, Case Packers, Palletizers, Material Handling Equipment, Motors, Drives, Sensors, CIP (Clean-In-Place) System, Heat Exchangers, Inlet/Outlet Devices, Process Controls (PLC) plus Electrical Distribution. ENVIRONMENTAL: (A) Ducting, Vent/Exhaust System; (L) Spill Containment.","Rumiano Cheese Company continues Market Analysis for Cheese Plant Processing Equipment Upgrades thru 1Q25 (Jan)  anticipates Final AFE Approval 1Q26 (Jan). Subject to Final Approval, Rumiano Cheese Company  releases RFQs and Bid Documents for Subcontractors/Contractors & Specialty Trades 1Q26 (Jan-Mar). Construction Kick-Off 2Q26 (Apr). Project Completion 2Q26 (Jun).",3440691,1097715,Masters Gallery Foods,5-Feb-25,A,5-Feb-25,,https://www.industrialinfo.com/dash/project_report.jsp?PROJECT_ID=301047168,0,Low (0-69%)
Food & Beverage," $3,000,000 ",USD,4-Feb-25,LOS ANGELES CURED AND SMOKED MEATS PLANT PROCESSING LINE ADDITION,Equipment Addition,Meat Packing Plants,Meat packing plants-mfg,Russak's Cured & Smoked Products,Operational,Meat Packing Plants,Los Angeles Cured and Smoked Meats,Russak's Cured & Smoked Products,1407 Boyd Street,Los Angeles,CA,California,U.S.A.,900333714,+1 3232645106,-118.2258,34.044275,CA*08,West Coast U.S.A.,Los Angeles [souther,Market Analysis,12/21/2454,9/22/2454,12/21/2454,12/23/2454,12/28/2454,12/29/2454,30-Sep-27,YEAR,"Russak's Cured & Smoked Products has begun Market Analysis for Cured and Smoked Meats Plant Processing Line Addition. DETAILS: At Existing 20,000 sqft Meats (Sausage) Manufacturing Plant, Construct (1) new Processing Line Addition plus Auxiliary Equipment. REQUIRES: Stainless Steel Fabrication, Ingredient & Material Handling Equipment, Cookers/Ovens, Extruders, Cutters, Grinders, Mixers, Robotics, Scalders, Chains, Stunners, Bleeding & Dressing Rails, Knives, Washers, Smokehouse, Stuffer Machines, Conveyor Systems, Scales/Weighers, Sausage Caser Machines, Slicers, Portioning Equipment, Saws, Metal Detectors, Shackles, Trolleys, Hoppers, Belts, Tables, Process Piping, Motors, Drives, Process Controls (PLC) & Tie-Ins plus Electrical Distribution. ENVIRONMENTAL: (A) Ventilation, Ducting; (L) Spill Containment.","Russak's Cured & Smoked Products continues Market Analysis for Cured and Smoked Meats Plant Processing Line Addition thru 3Q26 (Jul) and anticipates finalizing Scope by 3Q26 (Sep) and receiving Final AFE Approval by 1Q27 (Jan). Subject to Approval, Russak's Cured & Smoked Products releases RFQs and Bid Documents 1Q27 (Jan-Mar). Construction Kick-Off 3Q27 (Aug). Project Completion 3Q27 (Sep).",3263568,3233541,Russak's Cured & Smoked Products,4-Feb-25,A,4-Feb-25,Sausages And Similar Products,https://www.industrialinfo.com/dash/project_report.jsp?PROJECT_ID=301046947,0,Low (0-69%)
Food & Beverage," $3,000,000 ",USD,4-Feb-25,MODESTO BOTTLING PACKAGING LINE ADDITION,Equipment Addition,Bottled & Canned Soft Drinks & Carbonated Waters,"Carbonated beverages, nonalcoholic: bottled or canned-mfg",Refresco,Operational,Bottled & Canned Soft Drinks & Carbonated Waters,Modesto Bottling,SouthEast Bottling and Beverage,400 Hosmer Avenue,Modesto,CA,California,U.S.A.,953513920,+1 2095211777,-120.990021,37.622297,CA*06,West Coast U.S.A.,Stanislaus,Market Analysis,9/12/2454,,9/12/2454,9/14/2454,9/16/2454,9/18/2454,31-Jul-26,MONTH,"Refresco has begun Market Analysis for Bottling Plant Packaging Line Addition. DETAILS: At Existing (600,000 sq.ft) Beverage Bottling Plant, Construct (1) new Packaging Line Addition plus Auxiliary Equipment. REQUIRES: Stainless Steel Fabrication, Filler Machines, Casers, Rinsing Unit, Cappers/Sealers, Filler Heads, Aseptic Equipment, Filters, Film Seals, Safety Skirts, Dispenser & Vacuum Systems, Filling Nozzles, Sorters, Heat Sealers, Pick Up Systems, Infeed & Discharge Conveyors, Weight Sensors, Feeders, Motors, Drives, CIP (Clean-In-Place) Rings, Fill Valves & Float Assembly, Material Handling Equipment, Inlet/Outlet Devices, Process Controls (PLC) plus Electrical Distribution.","Refresco continues Market Analysis for Bottling Plant Packaging Line Addition thru 1Q25 (Jan) and anticipates finalizing Scope by 3Q25 (Sep) and receiving Final AFE Approval by 1Q26 (Jan). Subject to Final Approval, Refresco  releases RFQs and Bid Documents 1Q26 (Jan-Mar). Construction Kick-Off 2Q26 (May). Project Completion 3Q26 (Jul).",1500049,1500049,Refresco,4-Feb-25,A,4-Feb-25,,https://www.industrialinfo.com/dash/project_report.jsp?PROJECT_ID=301046969,0,Low (0-69%)
Food & Beverage," $1,500,000 ",USD,31-Jan-24,PASO ROBLES WINERY PHASE II EXPANSION,Plant Expansion,"Wines, Brandy & Brandy Spirits",Wines-mfg,Clos Solene Winery,Operational,"Wines, Brandy & Brandy Spirits",Paso Robles Winery,Clos Solene Winery,2040 Niderer Road,Paso Robles,CA,California,U.S.A.,934469661,+1 8052397769,-120.76824,35.58657,CA*07,West Coast U.S.A.,San Luis Obispo,Project Scope,9/15/2454,,9/16/2454,9/17/2454,9/17/2454,9/23/2454,31-Dec-26,YEAR,"Clos Solene Winery has begun developing Project Scope for Winery Phase II Expansion. DETAILS: At Existing Winery, Perform Structural Modifications to Previous/Existing Production Space (4,000 sqft) and Construct Storage Expansion (Size Unknown) plus install Associated Equipment to expand Wine Storage. REQUIRES: Demolition/Removal, Structural Modifications/Upgrades, Equipment Disassembly, Stainless Steel Fabrication, Ingredients Receiving & Handling Equipment, Conveyors & Automated System, Stainless Steel Tanks, Processing Vessels, Depalletizers, Filtration Systems, Feeding System, Filling & Bottling Equipment, Rinsers, Case Erector, Case Packer, Sealer, Sanitation Systems, Pallet Wrapper, Palletizers, Robotics, Process Piping, Material Handling Equipment, Compressor (Air), Pumps, Drives, Valves, Motors plus Process Controls (PLC) plus Electrical Distribution. ENVIRONMENTAL: (A) Vent System, Ducting.","Clos Solene Winery continues developing Project Scope for Winery Phase II Expansion and anticipates AFE Submittal 4Q26 (Dec). Upon Final Approvals, Clos Solene Winery awards G/C and releases RFQs and Subcontractor/Contractor/Vendor Bid Documents 2Q26 (May-Jun). Construction Kick-Off 2Q26 (Jun). Project Completion 4Q26 (Dec).",3580134,3483063,Clos Solene Winery,31-Jan-24,A,31-Jan-25,Wine,https://www.industrialinfo.com/dash/project_report.jsp?PROJECT_ID=300950492,12,Low (0-69%)
Food & Beverage," $5,000,000 ",USD,31-Jan-24,WESTERN REGION CONCENTRATED DE-SUGARED JUICE PRODUCTION FACILITY BROWNFIELD,Brownfield,Flavoring Extracts & Flavoring Syrups,Beverage bases-mfg,NewTree Fruit Company,Planned,Flavoring Extracts & Flavoring Syrups,Western Region Sugar Extraction,NewTree Fruit Company,Western Region,Bakersfield,CA,California,U.S.A.,93308,+1 9202461323,-119.04772,35.38693,CA*09,West Coast U.S.A.,Kern,Project Scope,6/15/2454,,9/12/2454,9/14/2454,9/14/2454,9/20/2454,30-Sep-26,YEAR,"NewTree Fruit Company has begun Developing Project Scope for Concentrated De-Sugared Juice Production Facility Brownfield. DETAILS: In the Midwest Region, Select and Lease Existing Building (SQFT: Unknown) plus Install Machinery & System with Associated Equipment to Increase Manufacturing Capability of Its Patented De-Sugared Juice Products. REQUIRES: Structural Modifications & Upgrades, Food Grade Flooring, Insulated Wall Panels, Stainless Steel Fabrication, Ingredients Receiving & Handling Equipment, Extractors, Mixers, Blenders, Tanks/Vessels, Feeding System, Spray Dryers, Atomizers, CIP (Clean-In-Place) System, Fillers, Weighers/Scales, Sorting System, Conveyors Systems, Inspection & Monitoring Equipment, Temperature Control & Air Flow System, Heat Exchangers, Fire Protection System, Compressor (Air) Motors, Pumps, Valves, Drives, Process Controls (PLC, Pneumatics), Utilities, plus Electrical Distribution. ENVIRONMENTAL: (A) Vent, Dust Collection System, Exhaust System, Ducting; (L) Spill Containment, Floor Drains.","NewTree Fruit Company continues Developing Project Scope for Concentrated De-Sugared Juice Production Facility Brownfield through Site Selection and Permitting plus anticipates AFE Approval 4Q25 (Dec). Upon Approval, NewTree Fruit Company awards G/C plus Releases RFQs and Bid Documents for Contractors, Subcontractors and Equipment Providers 1Q26 (Jan-Mar). Construction Kick-Off 1Q26 (Mar). Project Completion 3Q26 (Sep).",3580152,3478730,NewTree Fruit Company,31-Jan-24,A,31-Jan-25,"Preparations For The Manufacture Of Beverages, Nesoi",https://www.industrialinfo.com/dash/project_report.jsp?PROJECT_ID=300950481,12,Low (0-69%)
Food & Beverage," $1,000,000 ",USD,30-Jan-25,SANTA CLARA ICE CREAM MANUFACTURING 4Q25 SHUTDOWN,"Maintenance Event (Outages, Turnarounds, Shutdowns)",Ice Cream & Frozen Desserts,"Ice cream: e.g., bulk, packaged, molded, on sticks-mfg",Wonder Ice Cream Company,Operational,Ice Cream & Frozen Desserts,Santa Clara Ice Cream Manufacturing,Wonder Ice Cream Company,1717 Lafayette Street,Santa Clara,CA,California,U.S.A.,950503914,+1 4082447997,-121.945834,37.356795,CA*03,West Coast U.S.A.,Santa Clara,Scheduled Maintenance,6/10/2454,,6/11/2454,6/14/2454,6/15/2454,6/15/2454,31-Dec-25,MONTH,"Wonder Ice Cream Company plans 4Q25 Maintenance Shutdown of 15,000 sqft Ice Cream Cone Bakery. NORMAL INSPECTION/REPAIR OF: Storage Areas, Mixing Areas, Production Lines & Packaging Lines plus Utilities. REQUIRES INSPECTION/REPAIR TO: Storage Tanks, Kettles, Mixing and Blending Vessels, Molders, Formers, Ovens, Dividers, Coolers, Proofers, Filling & Packaging Equipment, Conveyor Systems, Material Handling Equipment, Motors, Drives, Automated Systems, Process Piping, Robotics, Feeders, Pumps, Valves, Compressors (Air), Boiler plus Process Controls (PLC, Pneumatics). ENVIRONMENTAL MRO: (A) Dust Collection System, Exhaust System, Vents, Ducts.",Wonder Ice Cream Company expects to finalize Maintenance Schedule by 3Q25 (Jul). Wonder Ice Cream Company releases RFQs and Bid Documents plus selects Suppliers and Subcontractors as needed to Support In-House Maintenance Crew 3Q25 (Aug) thru 4Q25 (Nov). Wonder Ice Cream Company anticipates (3-Week) Kick-Off and Completion 4Q25 (Dec).,3184017,3162997,Wonder Ice Cream Company,30-Jan-25,A,30-Jan-25,,https://www.industrialinfo.com/dash/project_report.jsp?PROJECT_ID=301046341,0,Medium (70-80%)
Food & Beverage," $2,500,000 ",USD,29-Jan-25,TURLOCK TURKEY PROCESSING PLANT 2 2025 MAINTENANCE PROGRAM,Maintenance Program,Poultry Slaughtering & Processing,Poultry: slaughtering and dressing-mfg,Foster Farms Incorporated,Shuttered,Poultry Slaughtering & Processing,Turlock Turkey Further Processing Plant 2,Atlas Holdings LLC,711 West F Street,Turlock,CA,California,U.S.A.,953805963,+1 2093947901,-120.84688,37.484295,CA*06,West Coast U.S.A.,Stanislaus,Maintenance Programs,2/24/2454,,6/4/2454,6/12/2454,6/4/2454,6/15/2454,31-Dec-25,WEEK,"Foster Farms Incorporated has begun 2025 Maintenance Program at (9MM birds/yr; 125,800 sqft) Further Turkey Processing Plant. NORMAL INSPECTION/REPAIR OF: Receiving and Storage Areas, Poultry Processing Equipment and Packaging Lines plus Associated Equipment. REQUIRES INSPECTION/REPAIRS/REPLACEMENTS TO: Cutters, Slicers, Chillers/Coolers, Form/Fill & Seal Machine, Wrappers, Packaging Equipment, Scales, Conveyor Systems, Material Handling Equipment, Refrigeration System (Ammonia), Condensers, Evaporative Coils, Motors, Drives, Pumps, Heat Exchangers, Boiler plus Process Controls (PLC). ENVIRONMENTAL MRO: (A) Vent/Exhaust System, Ducting, Scrubber; (W) Wastewater Treatment System.",Foster Farms Incorporated continues Maintenance Program Planning & Scheduling plus releases Equipment RFQs and Subcontractor Bid Documents as needed to Support In-House Maintenance Staff 1Q25 (Jan) through 3Q25 (Sep). Foster Farms Incorporated indicates Maintenance Program Kick-Off (Weekends & Holidays) 1Q25 (Jan) and Completion 4Q25 (Dec). (Subject to Production Schedules),3341271,1028324,Foster Farms Incorporated,30-Jan-25,A,29-Jan-25,Turkeys,https://www.industrialinfo.com/dash/project_report.jsp?PROJECT_ID=301045910,0,High (81-99%)
Food & Beverage," $15,000,000 ",USD,8-Aug-17,GILROY PHASE II FOOD DISTRIBUTION CENTER EXPANSION,Plant Expansion,Refrigerated Warehousing & Storage,"Storage, frozen or refrigerated goods",Performance Foodservice,Operational,Refrigerated Warehousing & Storage,Gilroy (Ledyard) Food Distribution Center,Performance Food Group Company,5480 Monterey Road,Gilroy,CA,California,U.S.A.,950208031,+1 8314624400,-121.5561343,36.9807525,CA*03,West Coast U.S.A.,Santa Clara,Economic Evaluation,6/15/2454,,9/14/2454,9/16/2454,9/18/2454,4/7/2455,15-Aug-28,YEAR,"Performance Food Group has begun Economic Evaluation for Phase II Food Distribution Center Expansion. DETAILS: As Part of II Phase Capital Project, At Engineered Food Distribution Center (Project ID: 300342170), Construct new (150,968 sqft) Building Addition Including (59,491 sqft) of Dry Storage, (24,178 sqft) of Cold Storage, and (41,164 sqft) of Freezer Storage plus Auxiliary Equipment. REQUIRES: Building, Heavy Load Flooring, (12) Loading Docks/Doors, Insulated Wall Panels, Stainless Steel Fabrication, Equipment Pads & Setting, Receiving & Handling Equipment, Weighing System, Automated & Conveyor Systems, Fillers, Labelers, Packaging Equipment, Storage Rack System, Material Handling Equipment, Cooler/Freezer, Carbon Dioxide-Glycol Cascade Refrigeration System (2,700 Refrigerated Tons), Industrial Compressor (Air), Condenser, Temperature and Humidity Control System, Inventory Management, Fire Protection System, Motors, Pumps, Drives, Monitoring Systems, Process Controls (PLC), Utilities Tie-Ins, Mechanical Room plus Electrical Distribution. ENVIRONMENTAL: (A) Ventilation System, Ducting; (L) Spill Containment, Floor Drains.","Performance Food Group continues Economic Evaluation for Phase II Food Distribution Center Expansion thru 3Q23 (Aug) and anticipates AFE Approval 4Q25 (Dec). Subject to Approval, Performance Food Group releases RFQs and Bid Documents for Subcontractors/Specialty Vendors 1Q26 (Mar) thru 2Q26 (May). Construction Kick-Off 3Q26 (Jul). Project Completion 3Q28 (Aug).",3239234,1054471,Performance Food Group Company,9-Aug-17,A,30-Jan-25,,https://www.industrialinfo.com/dash/project_report.jsp?PROJECT_ID=300375686,84,Low (0-69%)
Food & Beverage," $9,866,000 ",USD,23-Jan-24,TURLOCK DAIRY FARM COVERED LAGOON DIGESTER ADDITION,Equipment Addition,Dairy Farms,Dairy farms,John Brasil Dairy,Operational,Dairy Farms,Turlock Dairy Farm,John Brasil Dairy,2613 Mitchell Road,Turlock,CA,California,U.S.A.,953809340,+1 2096327867,-120.941696,37.4692902,CA*06,West Coast U.S.A.,Stanislaus,Construction - Merit Shop,3/6/2454,3/2/2454,3/6/2454,6/4/2454,6/4/2454,6/13/2454,31-Oct-25,YEAR,"John Brasil Dairy (As Own G/C) with MAAS Energy Works Incorporated (EPC Digester) has begun Construction for Dairy Farm Covered Lagoon Digester Addition. DETAILS: At Existing (5,500+) Animals Dairy Farm, Construct New Covered Lagoon Digester with Auxiliary Equipment to Transform Methane from Cow Manure to Reduce Methane Emissions and Produce Renewable Natural Gas. REQUIRES: Site Preparation, Foundation, Stainless Steel Fabrication, Biogas Collection System, Baffles Walls, Weir Boards, Plate Coolers, Sprinkler Pens, Pumps, Storage Tanks, Screens, Chillers, Blowers, Gas Compressors, Gas Flow Meters, Cooling System, Buffers, Fire Protection System, Motors, Drives, Valves, Piping, Process Controls & Utilities Tie-Ins plus Electrical Distribution. ENVIRONMENTAL: (A) Emissions Controls, Scrubber System; (L) Containment Areas; (W) Wastewater Treatment Lagoon.","John Brasil Dairy (As Own G/C) with MAAS Energy Works Incorporated (EPC) has begun Construction Finalizes Owner Review of Issue for Dairy Farm Covered Lagoon Digester Addition Thru 3Q24 (Jul) and anticipates Final AFE Approval 4Q24 (Nov). MAAS Energy Works Incorporated Releases RFQs and Bid Documents for Contractors, Subcontractors, Equipment Providers & Specialty Trades 4Q24 (Nov) thru 1Q25 (Jan). Construction Kick-Off 1Q25 (Jan). Project Completion 4Q25 (Oct).",3578802,3482195,John Brasil Dairy,23-Jan-24,A,27-Jan-25,"Natural Gas, Gaseous (Methane)",https://www.industrialinfo.com/dash/project_report.jsp?PROJECT_ID=300947760,7,High (81-99%)
Food & Beverage," $3,000,000 ",USD,7-Jan-25,OAKLAND SALAMI PROCESSING PLANT PACKAGING LINE ADDITION,Equipment Addition,Sausage & Other Prepared Meats,"Luncheon meat, except poultry-mfpm-mfg",Milan Salami Company,Operational,Sausage & Other Prepared Meats,Oakland Salami Processing,Milan Salami Company,1155 67th Street,Oakland,CA,California,U.S.A.,946081123,+1 5106547055,-122.287344,37.849465,CA*03,West Coast U.S.A.,Alameda,Market Analysis,9/12/2454,,9/12/2454,9/14/2454,9/16/2454,9/18/2454,31-Jul-26,MONTH,"Milan Salami Company has begun Market Analysis for Salami Processing Plant Packaging Line Addition. DETAILS: At Existing (12,600 sqft) Meat Processing Plant, Construct (1) new Packaging Line Addition plus Auxiliary Equipment. REQUIRES: Stainless Steel Fabrication, Robotics, Bagging Machines, Conveyor Systems, Automated Systems, Material Handling Equipment, Labelers & Sealers, Feeders, Pneumatics, Motors, Servo Drives, Feeders, Belts, Controllers, Palletizers, Case Packers, Software, Speed Reducers, Cabinets, Interface Panels, Cables, Input/Output Devices, Monitoring & Inspection System, Process Controls (PLC) & Tie-Ins plus Electrical Distribution.","Milan Salami Company continues Market Analysis for Salami Processing Plant Packaging Line Addition thru 1Q25 (Jan)
and anticipates receiving Final AFE Approval by 1Q26 (Jan). Subject to Approval, Milan Salami Company releases RFQs and Bid Documents 1Q26 (Jan-Mar). Construction Kick-Off 2Q26 (May). Project Completion 3Q26 (Jul).",3248266,3220917,Milan Salami Company,15-Jan-25,A,15-Jan-25,,https://www.industrialinfo.com/dash/project_report.jsp?PROJECT_ID=301039320,0,Low (0-69%)
Food & Beverage," $5,000,000 ",USD,14-Jan-25,CROCKETT CANE SUGAR REFINERY 2025 MAINTENANCE PROGRAM,Maintenance Program,Cane Sugar Refining,Cane sugar refineries-mfg,C&H Sugar Company,Operational,Cane Sugar Refining,Crockett Cane Sugar Refinery,American Sugar Refining Incorporated,830 Loring Avenue,Crockett,CA,California,U.S.A.,945251104,+1 5107872121,-122.218788,38.056116,CA*03,West Coast U.S.A.,Contra Costa,Maintenance Programs,3/7/2454,,6/4/2454,6/11/2454,6/4/2454,6/15/2454,31-Dec-25,MONTH,"C&H Sugar Company (Subsidiary of American Sugar Refining) plans 2025 Maintenance Program of 800,000 Tons/Yr Raw Sugar Receiving & 6MM Lbs/d Sugar Cane Refinery. NORMAL INSPECTION/MRO OF: Cane Sugar Receiving and Associated Processing and Refining Equipment plus Utilities. REQUIRES REPAIRS/REPLACEMENTS TO: Raw Sugar Unloading & Handling Systems, (9) Storage Silos/Tanks, Conveyors, Extractors, Belts, Knives, Blades, Slicers, Crushers, Tower Diffuser, Evaporators, Centrifuges, Purifiers, Crystallizers, Pulp Dryer, Lime Kilns, Vacuum Pans, Screens, Filters, Clarifier, Pellet Mills, Granulator, Cooling System, Sugar Silos, Elevators, Screw Conveyors, Refiners, Packaging & Material Handling Equipment, Air Dryers, Pumps, Heat Exchanger, Motors, Compressors (Air), (2) Steam Turbines, Switchgears, Process Controls (PLC) & Utility Tie-Ins. ENVIRONMENTAL MRO: (A) Scrubber Systems, Exhaust System, Ducts, Dust Collection Systems; (W) Wastewater Treatment System.","C&H Sugar Company continues Planning & Scheduling for 2025 Cane Sugar Refinery Maintenance Programs and expects to finalize Maintenance Schedule 4Q24 (Dec) plus releases RFQs and Bid Documents for Subcontractors & Specialty Trades as needed to Support In-House Maintenance Crew 1Q25 (Jan) through 3Q25 (Aug). C&H Sugar Company indicates 2-Day (Every Other Weekend, Annual) & 3-Day (During Major Holidays) Maintenance Program Kick-Off 1Q25 (Jan). Project Completion 4Q25 (Dec).",1502285,1019918,C&H Sugar Company,14-Jan-25,A,14-Jan-25,Cane/Beet Sugar Refined,https://www.industrialinfo.com/dash/project_report.jsp?PROJECT_ID=301041058,0,High (81-99%)
Food & Beverage," $10,000,000 ",USD,9-Aug-24,FARMINGTON POULTRY AND EGGS LAYING HOUSE PHASE II EXPANSION,Plant Expansion,Poultry Hatcheries Production,"Egg hatcheries, poultry",Pleasant Valley Farms,Operational,Poultry Hatcheries Production,Farmington Poultry Farm,Pleasant Valley Farms,30636 East Carter Road,Farmington,CA,California,U.S.A.,952309633,+1 2098861000,-120.93864,37.88537,CA*06,West Coast U.S.A.,San Joaquin,Preliminary Design,9/23/2454,,12/21/2454,12/23/2454,12/24/2454,4/11/2455,31-Dec-28,YEAR,"Pleasant Valley Farms has begun Preliminary Design for Poultry and Egg Laying House Expansion. DETAILS: At Existing (434,716 sqft) Poultry Farm and Feed Mill, Construct new (115,000 sqft) Laying House plus Auxiliary Equipment.  REQUIRES: Demolition, Foundation, Structural Modifications, Buildings, Stainless Steel Fabrication, Conveyors, Drain Tiles, Automated Feeding & Watering System, Grain Tanks, Manure Drying Tunnel, Building Wash Systems, Blowers, Storage Bins, Lighting, Fire & Temperature Control Systems plus Electrical Distribution. ENVIRONMENTAL: (A) Dust Collectors, Vent/Exhaust System, Odor Control System, Ducting; (L) Floor Drains, Spill Containment; (W) Wastewater Treatment System.","Pleasant Valley Farms has begun Preliminary Design for Poultry Farm Laying House Addition and anticipates  Final AFE Approval by 4Q26 (Dec). Subject to Approval, Pleasant Valley Farms releases RFQs and Bid Documents 1Q27 (Jan-Mar). Construction Kick-Off 2Q27 (Apr). Project Completion 4Q28 (Dec).",3605579,3502608,Pleasant Valley Farms,15-Aug-24,A,8-Jan-25,"Chickens, Young (Broilers, Fryers, Roasters And Capons), Not Cut In Pieces, Frozen",https://www.industrialinfo.com/dash/project_report.jsp?PROJECT_ID=300999293,0,Medium (70-80%)
Food & Beverage," $10,000,000 ",USD,9-Aug-24,FARMINGTON POULTRY FARM LAYING HOUSE ADDITION,Plant Expansion,Poultry Hatcheries Production,"Egg hatcheries, poultry",Pleasant Valley Farms,Operational,Poultry Hatcheries Production,Farmington Poultry Farm,Pleasant Valley Farms,30636 East Carter Road,Farmington,CA,California,U.S.A.,952309633,+1 2098861000,-120.93864,37.88537,CA*06,West Coast U.S.A.,San Joaquin,Preliminary Design,9/14/2454,,9/15/2454,9/17/2454,9/17/2454,12/22/2454,28-Feb-27,YEAR,"Pleasant Valley Farms has begun Preliminary Design for Poultry Farm Laying House Addition. DETAILS: At Existing (434,716 sqft) Poultry Farm and Feed Mill, Construct new (115,000 sqft) Laying House (and 13,500 sft Storage Building) plus Auxiliary Equipment. REQUIRES: Demolition, Site Preparation, Foundation, Structural Modifications, Buildings, Stainless Steel Fabrication, Conveyors, Drain Tiles, Automated Feeding & Watering System, Grain Tanks, Manure Drying Tunnel, Building Wash Systems, Blowers, Storage Bins, Lighting, Fire & Temperature Control Systems plus Electrical Distribution. ENVIRONMENTAL: (A) Dust Collectors, Vent/Exhaust System, Odor Control System, Ducting; (L) Floor Drains, Spill Containment; (W) Wastewater Treatment System.","Pleasant Valley Farms has begun Preliminary Design for Poultry Farm Laying House Addition and anticipates  Final AFE Approval by 1Q26 (Mar). Subject to Approval, Pleasant Valley Farms releases RFQs and Bid Documents 2Q26 (Apr-Jun). Construction Kick-Off 2Q26 (Jun). Project Completion 1Q27 (Feb).",3605579,3502608,Pleasant Valley Farms,15-Aug-24,A,8-Jan-25,"Chickens, Young (Broilers, Fryers, Roasters And Capons), Not Cut In Pieces, Frozen",https://www.industrialinfo.com/dash/project_report.jsp?PROJECT_ID=300999285,12,Medium (70-80%)
Food & Beverage," $4,000,000 ",USD,4-Mar-16,LINDSAY CITRUS PALLETIZER ADDITIONS,Equipment Addition,Citrus Fruits,Citrus groves and farms,Porterville Citrus,Operational,Crop Preparation Services for Market,Lindsay Citrus,Sunkist Growers Incorporated,201 South Sweetbriar Avenue,Lindsay,CA,California,U.S.A.,932472422,+1 5592399320,-119.090739,36.200765,CA*06,West Coast U.S.A.,Tulare,Project Scope,12/21/2454,,12/21/2454,12/23/2454,12/25/2454,12/27/2454,31-Jul-27,MONTH,"Porterville Citrus has begun Project Scope for Palletizer Additions. DETAILS: At Existing (100,000 sqft) Citrus Processing Plant, Construct (3-4) new Palletizer plus associated Equipment. REQUIRES: Stainless Steel Fabrication, Equipment Pads, Equipment Setting, Material Handling Equipment, (4) Palletizer, Mounting Frames, Packaging Equipment, Wrappers, Controllers, Staging Equipment, Air Lines, Speed Reducers, Motors, Cables, Input/Output Devices, Monitoring System, Relays, Controls (PLC & Cabinet) plus Electrical Distribution. ENVIRONMENTAL: (A) Ducts.","Porterville Citrus continues Project Scope for Palletizer Additions and anticipates Final Approval 1Q27 (Jan). Subject to Final AFE Approval, Porterville  Citrus releases RFQs and Bid Documents for Contractors 1Q27 (Jan-Mar). Construction Kick-Off 2Q27 (May). Project Completion 3Q27 (Jul).",3183806,3247169,Porterville Citrus,8-Mar-16,A,6-Jan-25,,https://www.industrialinfo.com/dash/project_report.jsp?PROJECT_ID=300267046,117,Low (0-69%)
Food & Beverage," $15,000,000 ",USD,3-Jan-23,SACRAMENTO BEER DISTRIBUTION CENTER EXPANSION,Storage Addition,Refrigerated Warehousing & Storage,Cold storage warehousing,Reyes Holdings LLC,Operational,Refrigerated Warehousing & Storage,Sacramento Beer Distribution Center,Reyes Holdings LLC,6825 Lone Tree Road,Sacramento,CA,California,U.S.A.,95836,+1 9163735700,-121.55916,38.69413,CA*02,West Coast U.S.A.,Sacramento,Market Analysis,9/17/2454,3/5/2454,9/17/2454,9/18/2454,9/18/2454,12/27/2454,30-Jul-27,YEAR,"Reyes Holdings LLC (Parent of Golden Brands) with Buzz Oates Construction Incorporated (Developer) has begun Market Analysis for Beer Distribution Center Addition. DETAILS: At Planned (371,990 sqft) Distribution Center (Project ID #300829410), Construct (104,000 sqft) Building Addition and Install Associated Equipment to Increase Storage and Distribution of Beer Beverage Products. REQUIRES: Site Preparation, Foundation, Building, Insulated Wall Panels, Heavy Load Flooring, Docks/Doors, Storage Racks, Material Handling Equipment, Inventory Management System, Scanners, Palletizer, Ammonia Refrigeration System, Coolers, Evaporated Coils, Air Flow & Temperature Controlled Systems, Fans, Compressors (Air), Fire Protection Systems, Lighting Systems, Condensers, Mechanical Room, Charging Stations, Controls (PLC), Utilities plus Electrical Distribution. ENVIRONMENTAL: (A) Vent/Exhaust System, Ducting; (L) Spill Containment, Floor Drains.","Reyes Holdings LLC (Parent of Golden Brands) with Buzz Oates Construction Incorporated continues Market Analysis for Beer Distribution Center Addition through Project Justification plus anticipates 1Q25 (Mar). Upon Approval, Reyes Holdings awards G/C and releases RFQ's and Bid Documents for Contractors, Subcontractors and Specialty Vendors 1Q25 (Feb) through 2Q25 (Apr). Construction Kick-Off 2Q25 (Apr). Project Completion 1Q26 (Feb).",3525987,3455113,Golden Brands (Monterey Bay),3-Jan-23,A,3-Jan-25,Refrigerated Warehousing & Storage,https://www.industrialinfo.com/dash/project_report.jsp?PROJECT_ID=300849109,15,Low (0-69%)
Food & Beverage," $4,000,000 ",USD,18-Dec-24,CHICO BREWERY 2025 MAINTENANCE PROGRAM,Maintenance Program,Malt Beverages,Beer (alcoholic beverage)-mfg,Sierra Nevada Brewery Incorporated,Operational,Malt Beverages,Chico Brewery,Sierra Nevada Brewery Incorporated,1075 East 20th Street,Chico,CA,California,U.S.A.,959286722,+1 5308933520,-121.815307,39.724221,CA*02,West Coast U.S.A.,Butte,Maintenance Programs,3/7/2454,,6/4/2454,6/13/2454,6/4/2454,6/15/2454,31-Dec-25,MONTH,"Sierra Nevada Brewery Incorporated has begun 2025 Maintenance Program of (1.2MM BBL/yr; 400,000 sqft) Brewery. NORMAL INSPECTION/REPAIRS OF: Receiving & Loading Areas, Milling Equipment, Mash/Lautering Area, Cookers, Brewing Kettles, Filling and Packaging Equipment, Utilities Areas. REQUIRES REPAIRS/REPLACEMENTS TO: Storage and Milling Systems, Cookers, Brew Kettles, Tanks, Silos, Vessels, Chillers, Filters, Bottling/Canning & Packaging Equipment, CIP Systems, Cooling Towers, Centrifuges, (3) Cleaver-Brooks Boilers, Conveyor Systems, Refrigeration System (Ammonia), Evaporated Coils, Condensers, Compressors (Air), Control Valves, Process Piping, Motors, Pumps plus Process Controls. ENVIRONMENTAL MRO: (A) Vent/Exhaust System, Ducting, Scrubbers; (W) Wastewater Treatment System.","Sierra Nevada Brewery Incorporated continues Maintenance Planning and Scheduling plus releases RFQs and Bid Documents plus selects Suppliers and Contractors/Subcontractors as needed to Support the In-House Maintenance Staff 1Q25 (Jan) through 4Q25 (Oct). Sierra Nevada Brewery Incorporated Indicates (1-2 Days, Weekend) Maintenance Program Kick-Off 1Q25 (Jan) and Completion 4Q25 (Dec). (Subject to Production Schedules)",1504578,1504578,Sierra Nevada Brewery Incorporated,23-Dec-24,A,18-Dec-24,Beer,https://www.industrialinfo.com/dash/project_report.jsp?PROJECT_ID=301035502,0,High (81-99%)
Food & Beverage," $2,500,000 ",USD,20-Dec-24,DINUBA 4Q25 FROZEN FOODS PLANT MAINTENANCE SHUTDOWN,"Maintenance Event (Outages, Turnarounds, Shutdowns)",Frozen Specialties,"Dinners, frozen: packaged-mfg",Ruiz Foods Incorporated,Operational,Frozen Specialties,Dinuba Frozen Foods,Ruiz Foods Incorporated,501 South Alta Avenue,Dinuba,CA,California,U.S.A.,936182100,+1 5595915510,-119.399558,36.539017,CA*06,West Coast U.S.A.,Tulare,Scheduled Maintenance,6/10/2454,2/26/2454,6/12/2454,6/13/2454,6/15/2454,6/15/2454,31-Dec-25,MONTH,"Ruiz Foods Incorporated plans 4Q25 Maintenance Shutdown for (280,700 sqft) Frozen Foods Production Plant. NORMAL INSPECTION/REPAIR OF: Receiving & Storage Areas, Processing and Packaging Lines, Utilities plus Supporting Equipment & Systems During (7-10 Day) Christmas Shutdown. REQUIRES REPAIRS/REPLACEMENTS TO: Production Lines, Washers, Blanchers, Storage Tanks, Mixing and Blending Vessels, Ingredient Handling Equipment, Cutters, Filling and Forming Equipment, Hoppers, Feeders, Conveyor Systems, Extruders, Tortilla Production Equipment, Seasoning Equipment, Portioning Equipment, Ovens, CIP (Clean-In-Place) System (Ammonia), Refrigeration System, Filling and Packaging Equipment, Labelers & Sealers, Robotics & Automated Systems, Scales, (3) Fulton Thermofluid Boilers, (1) Herz Steam Boiler, Motors, Drives, Belts plus Process Controls. ENVIRONMENTAL MRO: (A) Vent Exhaust System, Ducting, Dust Collectors, Leak Detection; (W) Wastewater Treatment System.",Ruiz Foods Incorporated continues Maintenance Planning and expects to finalize Schedule 3Q25 (Jul) plus releases RFQs and Bid Documents plus selects Suppliers and Subcontractors/Contractors as needed to Support In-House Maintenance Staff 3Q25 (Sep) through 4Q25 (Oct). (7-10 Day; Christmas) Maintenance Shutdown Kick-Off and Completion 4Q25 (Dec). (Subject to Production Schedules).,1011262,1019995,Ruiz Foods Incorporated,20-Dec-24,A,20-Dec-24,"Food Preparations Not Elsewhere Specified Or Included, Frozen",https://www.industrialinfo.com/dash/project_report.jsp?PROJECT_ID=301036298,0,Medium (70-80%)
Food & Beverage," $10,000,000 ",USD,12-Jan-24,OXNARD PRODUCE COLD STORAGE WAREHOUSE PHASE II EXPANSION,Plant Expansion,Refrigerated Warehousing & Storage,Cold storage warehousing,Controlled Environments Construction Incorporated,Planned,Refrigerated Warehousing & Storage,Oxnard Produce Cold Storage,Arcturus Cold Storage,Arcturus Avenue and McWane Boulevard,Oxnard,CA,California,U.S.A.,93033,+1 7145669090,-119.17268,34.13992,CA*07,West Coast U.S.A.,Ventura,Market Analysis,9/16/2454,,9/17/2454,9/19/2454,9/20/2454,12/29/2454,1-Sep-27,YEAR,"Controlled Environments Construction Incorporated (as Arcturus Warehouse) has begun Market Analysis for Produce Cold Storage Phase II Expansion. DETAILS: At (105,383 sqft) Cold Storage Warehouse, Construct (Building Addition (Size Unknown) plus Install Associated Equipment & Systems. REQUIRES: Site Preparation, Foundation, Building, Heavy Load Flooring, Insulated Wall Panels, Docks/Doors, Storage Racks, Material Handling Equipment, Cooler/Freezer, Refrigeration System (Ammonia), Air Flow & Temperature Control Systems, Compressors (Air), Evaporators, Fans, Condensers, Fire Protection Systems, Lighting, Pumps, Motors, Controls (PLC), Charging Stations, Mechanical & Engine Room, Office Area, Utilities plus Electrical Distribution. ENVIRONMENTAL: (A) Vent/Exhaust System, Ducting; (L) Spill Containment, Floor Drains.","Controlled Environments Construction Incorporated (as Arcturus Warehouse) continues Market Analysis for Cold Storage Warehouse Phase II Expansion and anticipates AFE Submittal 2Q26 (May). Upon Final Approvals, Controlled Environments Construction Incorporated (as Arcturus Warehouse) releases RFQs and Bid Documents for Contractors, Subcontractors, Equipment Providers & Specialty Trades 2Q26 (May) thru 3Q26 (Aug). Construction Kick-Off 3Q26 (Sep). Project Completion 3Q27 (Sep).",3577113,3481090,Arcturus Cold Storage,15-Jan-24,A,19-Dec-24,Refrigerated Warehousing & Storage,https://www.industrialinfo.com/dash/project_report.jsp?PROJECT_ID=300945144,12,Low (0-69%)
Food & Beverage," $2,000,000 ",USD,17-Dec-24,BURLINGAME CHOCOLATE FACTORY 2025 MAINTENANCE SHUTDOWN,"Maintenance Event (Outages, Turnarounds, Shutdowns)",Chocolate & Cocoa Products,"Chocolate, instant-mfg",Guittard Chocolate Company,Operational,Chocolate & Cocoa Products,Burlingame Chocolate Production,Guittard Chocolate Company,10 Guittard Road,Burlingame,CA,California,U.S.A.,940102203,+1 6506974427,-122.381214,37.596546,CA*03,West Coast U.S.A.,San Mateo,Scheduled Maintenance,6/6/2454,,6/6/2454,6/13/2454,6/8/2454,6/15/2454,18-Dec-25,MONTH,"Guittard Chocolate Company plans 2025 Maintenance Shutdown for (114,880 sqft) Chocolate Factory. NORMAL INSPECTION/REPAIR OF: Storage/Preparation Areas, Mixing & Cooking Areas, Extrusion Area plus Utilities during (1-2) Maintenance Shutdowns. REQUIRES INSPECTION/REPAIR TO: Candy Production Lines, Storage Tanks, Heat Exchangers, Ingredient Delivery System, Batch Mixers, Cookers, Hoppers, Presses, Extruders, Filling/Packaging Equipment, Cutters, Material Handling Equipment, Automated Systems, Rollers, Dryers, Conveyors, Motors, Pumps, Utilities plus Process Controls. ENVIRONMENTAL MRO: (A) Vent/Exhaust Ducting, Dust Collector; (W) Wastewater Treatment System.",Guittard Chocolate Company continues Maintenance Planning and expects to Finalize Schedule 1Q25 (Mar) plus Releases RFQs and Subcontractor and Specialty Vendors Bid Documents to support In-House Maintenance Staff 1Q25 (Mar) through 4Q25 (Oct). Guittard Chocolate Company indicates 1st (2-3 Days) Maintenance Shutdown Kick-Off & Completion 2Q25 (May). 2nd (5-7 Days) Maintenance Shutdown Kick-Off & Completion 4Q25 (Dec). (Subject to Production Schedule).,3201042,1067654,Guittard Chocolate Company,18-Dec-24,A,17-Dec-24,"Chocolate And Other Food Preparations Containing Cocoa, Confectionery, In Blocks, Slabs Or Bars Weighing 2 Kg Or Less, Not Filled",https://www.industrialinfo.com/dash/project_report.jsp?PROJECT_ID=301034989,0,High (81-99%)
Food & Beverage," $2,000,000 ",USD,12-Dec-24,KINGSBURG RAISINS PRODUCTION PLANT 4Q25 MAINTENANCE SHUTDOWN,"Maintenance Event (Outages, Turnarounds, Shutdowns)","Dried & Dehydrated Fruits, Vegetables & Soup Mixes",Raisins-mfg,Sun-Maid Growers of California Corporation,Operational,"Dried & Dehydrated Fruits, Vegetables & Soup Mixes",Kingsburg Raisins,Sun-Maid Growers Of California Corporation,13525 South Bethel Avenue,Kingsburg,CA,California,U.S.A.,936319212,+1 5598968000,-119.577533,36.536464,CA*06,West Coast U.S.A.,Fresno,Scheduled Maintenance,6/10/2454,,6/11/2454,6/13/2454,6/15/2454,6/15/2454,19-Dec-25,MONTH,"Sun-Maid Growers of California Corporation Plans 4Q25 Maintenance Shutdown at (100,000 T/yr & 640,000 sqft) Raisins Production Facility. NORMAL INSPECTION/REPAIR OF: Receiving and Storage Areas, Washing and Drying Areas, Packaging & Freezing plus Utilities. REQUIRES REPAIRS/REPLACEMENTS TO: Receiving and Storage Equipment, Storage Silos, Processing Tanks, Washing System, Graders, Dryers, Dehydration Equipment, Packaging Lines, Ammonia Refrigeration System, Pasteurization Systems, Coolers/Freezers, Pneumatics, Conveyor Systems, Heat Exchangers, Motors, Pumps, Inspection Systems, Boilers, Steam/Water Lines plus Process Controls (PLC). ENVIRONMENTAL MRO: (A) Dust Collection Systems, Exhaust System, Emission Controls, Ducting; (W) Wastewater Treatment.","Sun-Maid Growers of California Corporation finalizes Maintenance Planning and Scheduling 3Q25 (Jul). Upon Completion, Sun-Maid Growers of California releases RFQs and Bid Documents plus selects Equipment Suppliers and Subcontractors to Support In-House Maintenance Crew 3Q25 (Aug) thru 4Q25 (Oct). Sun-Maid Growers of California indicates (10-14 Days) Maintenance Shutdown Kick-Off and Completion 4Q25 (Dec). (Subject to Production Schedule)",1506741,1020049,Sun-Maid Growers of California Corporation,12-Dec-24,A,12-Dec-24,"Grapes, Dried (Including Raisins)",https://www.industrialinfo.com/dash/project_report.jsp?PROJECT_ID=301033685,0,High (81-99%)
Food & Beverage," $7,500,000 ",USD,13-Nov-20,HUGHSON PHASE III WALNUT STORAGE WAREHOUSE ADDITION,Plant Expansion,Refrigerated Warehousing & Storage,Refrigerated warehousing,Grower Direct Nut Company,Operational,Farm Product Warehousing & Storage,Hughson Walnut Storage,Grower Direct Nut Company,8133 Service Road,Hughson,CA,California,U.S.A.,953269735,+1 2098834890,-120.842502,37.581046,CA*06,West Coast U.S.A.,Stanislaus,Market Analysis,9/20/2454,9/12/2454,9/20/2454,9/23/2454,12/21/2454,12/30/2454,30-Oct-27,QUARTER,"Grower Direct Nut Company (As Own G/C) has begun Market Analysis for Phase III Walnut Storage Warehouse Addition. DETAILS: As Phase III of Planned III-Phase Project, At Existing (171,275 sqft) Walnut Processing & Storage Facility, Construct new (120,000 sqft) Walnut Storage Warehouse and Construct (12,000 sqft) Office Space for Existing Walnut Processing Plant (Project ID: #300584999) plus Install Associated Equipment. REQUIRES: Site Preparation, Foundation, Building, Heavy Load Flooring, Insulated Wall Panels, Docks/Doors, Equipment Pads & Settings, Steel Fabrication, Refrigeration System, Storage Racks, Air Flow & Temperature Controlled Systems, Receiving & Handling Equipment, Hopper, Feeder, Conveyors, Washer, Sorter, Grader, Filling, Case Packers, Palletizer, Metal Detectors & Inspection Systems,  Automated Systems & Robotics, Motor, Pumps, Heat Exchanger, Compressors (Air), Material Handling & Packaging Equipment, Inventory Management & Fire Protection Systems, Condensers, Process Controls (PLC), Utilities & Tie-Ins plus Electrical Distribution. ENVIRONMENTAL: (A) Vent, Exhaust System, Ducting; (L) Spill Containment, Drains.","Grower Direct Nut Company (As Own G/C) Continues Market Analysis for Phase III Walnut Storage Warehouse Addition Thru 2Q26 (May) and anticipates Final AFE Approval 3Q26 (Sep). Subject to Final Capital Approval, Grower Direct Nut Company releases RFQs and Bid Documents for Contractors, Subcontractors, Equipment Providers & Specialty Trades 3Q26 (Sep) thru 4Q26 (Dec). Construction Kick-Off 1Q27 (Jan). Project Completion 4Q27 (Oct).",3402913,3023489,Grower Direct Nut Company,13-Nov-20,A,12-Dec-24,,https://www.industrialinfo.com/dash/project_report.jsp?PROJECT_ID=300648371,35,Low (0-69%)
Food & Beverage," $25,000,000 ",USD,21-Feb-20,HUGHSON PHASE II WALNUT PROCESSING FACILITY ADDITION,Plant Expansion,Crop Preparation Services for Market,Walnut hulling and shelling,Grower Direct Nut Company,Operational,Farm Product Warehousing & Storage,Hughson Walnut Storage,Grower Direct Nut Company,8133 Service Road,Hughson,CA,California,U.S.A.,953269735,+1 2098834890,-120.842502,37.581046,CA*06,West Coast U.S.A.,Stanislaus,Project Scope,6/12/2454,6/4/2454,6/12/2454,6/15/2454,9/12/2454,9/21/2454,30-Oct-26,YEAR,"Grower Direct Nut Company (As Own G/C) with Associated Engineering Group Incorporated (Civil Engineer) has begun developing Project Scope for Phase II Walnut Processing Facility Addition. DETAILS: As Phase II of Planned III-Phase Project, At Existing (171,275 sqft) Walnut Processing & Storage Facility, Construct new (120,000 sqft) Walnut Processing Facility to Relocate Processing Equipment from Converted Temporary Processing Facility (Project ID: #300584976) and Convert Temporary Facility back into Walnut Storage Warehouse and Expand (9,350 sqft) and Construct new Truck Dock including (6,768 sqft) Canopy and Expand Existing (64,000 sqft) Walnut Storage Warehouse by (8,800 sqft) on West side and (25,200 sqft) on East Side plus Install Associated Equipment. REQUIRES: Site Preparation, Foundation, Building, Interior Modifications & Equipment Removal, Heavy Load Flooring, Stainless Steel Fabrication, Airtight Sealed Doors, Pasteurization Units, Roasters, Hullers, Laser Sorters, Loaders/Unloaders, Abrasive Rollers, Float Tanks, Dryers, Shelling Equipment, Washers, Vessels, Receiving & Ingredient Handling Equipment, Production & Packaging Lines, Fumigation Lines, Conveyor Systems, Automated Systems & Robotics, Metal Detectors & Inspection Systems, Automated Systems & Robotics,  Ingredient Receiving & Handling Equipment, Blanching Machines, Peelers, Cooling Machines, Racking Systems, Utility Tie-ins Plus Electrical Distribution. ENVIRONMENTAL: (A) Ducts, Vents; (L) Floor Drains, Spill Containment; (W) Wastewater Treatment Systems.","Grower Direct Nut Company (As Own G/C) with Associated Engineering Group Incorporated continues Developing Full Project Scope for Phase II Walnut Processing Facility Addition Thru 2Q25 (May) and anticipates Final AFE Approval 3Q25 (Sep). Subject to Final Capital Approval, Grower Direct Nut Company releases RFQs and Bid Documents for Contractors, Subcontractors, Equipment Providers & Specialty Trades 3Q25 (Sep) thru 4Q25 (Dec). Construction Kick-Off 1Q26 (Jan). Project Completion 4Q26 (Oct).",3402913,3023489,Grower Direct Nut Company,24-Feb-20,A,12-Dec-24,,https://www.industrialinfo.com/dash/project_report.jsp?PROJECT_ID=300584999,42,Low (0-69%)
Food & Beverage," $1,000,000 ",USD,5-Dec-24,STOCKTON 2025 FATS & OILS PLANT MAINTENANCE PROGRAM,Maintenance Program,Animal & Marine Fats & Oils,"Oils, animal-mfg",Wilmar Oleo North America,Operational,Animal & Marine Fats & Oils,Stockton Fats & Oil Refinery,Wilmar International Limited,2008 Port Road B,Stockton,CA,California,U.S.A.,952032923,+1 2095077500,-121.321139,37.950697,CA*06,West Coast U.S.A.,San Joaquin,Maintenance Programs,3/6/2454,,3/6/2454,6/12/2454,6/4/2454,6/15/2454,31-Dec-25,MONTH,"Wilmar Oleo North America plans 2025 Maintenance Program of 90,000 sqft Fats & Oils Refinery. NORMAL INSPECTION/REPAIR OF: Unloading and Receiving Areas, Refining and Distillation Equipment, Processing and Packaging Areas plus Associated Support Equipment and Systems. REQUIRES REPAIRS/REPLACEMENTS TO: Ingredients Receiving & Handling Equipment, Loading/Unloading Systems, Grinders, Crushers, Dryers, Deodorizer Vessels, Cookers, Fractionation Lines, Sterilizers, Mixing & Blending Equipment, Storage Tanks, Extruders, Crystallizers, Heat Exchangers, Cooling Systems, Hoppers, Feeders, Weighing System, Screens, Filling and Packaging Lines, Conveyors, Process Piping, Condensers, Pumps, Heat Exchangers, Drives, Boilers, Motors plus Process Controls. ENVIRONMENTAL MRO: (A) Emission Controls, Vent Exhaust System, Ducting, Scrubbers, Dust Collection System; (L) Liners; (W) Wastewater Treatment System.","Wilmar Oleo North America continues Maintenance Planning and Scheduling thru 4Q24 (Oct) and anticipates finalizing Schedule by 4Q24 (Nov). Wilmar Oleo North America releases RFQs and Suppliers/Subcontractors Bid Documents as needed to Support In-House Maintenance Crew 4Q24 (Nov) thru 3Q25 (Sep). Wilmar Oleo North America indicates (3-7 Days ea., Every Month) Maintenance Shutdown Kick-Off 1Q25 (Jan) & Completion 4Q25 (Dec). (Subject to Production Schedules)",3199384,3176261,Wilmar Oleo North America,6-Dec-24,A,5-Dec-24,"Animal And Vegetable Fats And Oils And Their Fractions, Edible, Nesoi, Except Those Of Heading 1516",https://www.industrialinfo.com/dash/project_report.jsp?PROJECT_ID=301031594,0,High (81-99%)
Food & Beverage," $7,000,000 ",USD,5-Dec-24,TURLARE PISTACHIO PROCESSING PLANT PRODUCTION LINE ADDITION,Equipment Addition,Salted & Roasted Nuts & Seeds,"Nuts: salted, roasted, cooked, or canned-mfg",Horizon Nut Company,Operational,Salted & Roasted Nuts & Seeds,Tulare Pistachio Processing,Horizon Nut Company,26487 North Highway 99,Tulare,CA,California,U.S.A.,932749317,+1 5596853663,-119.366642,36.273212,CA*06,West Coast U.S.A.,Tulare,Market Analysis,12/21/2454,9/22/2454,12/21/2454,12/23/2454,12/27/2454,12/28/2454,31-Aug-27,YEAR,"Horizon Nut Company has begun Market Analysis for Pistachio Processing Plant Production Line Addition. DETAILS: At Existing 187,000 sqft Pistachio Processing Plant, Construct (1) new Production Line Addition plus Auxiliary Equipment. REQUIRES: Stainless Steel Fabrication, Roaster Unit, Sheller, Automated Systems, Drying Chamber, Blanchers, Cleaners, Sorters, Conveyor Systems, Belts, Feeders, Motors, Drives, Case Packer, Trays, Fans, Material Handling Equipment, Temperature & Process Controls (PLC) & Tie-Ins plus Electrical Distribution. ENVIRONMENTAL: (A) Dust Collection System; (L) Containment.","Horizon Nut Company continues Market Analysis for Pistachio Processing Plant Production Line Addition thru 4Q25 (Dec) and anticipates finalizing Scope by 4Q26 (Oct) and receiving Final AFE Approval by 1Q27 (Jan). Subject to Approval, Horizon Nut Company releases RFQs and Bid Documents 1Q27 (Jan-Mar). Construction Kick-Off 3Q27 (Jul). Project Completion 3Q27 (Aug).",3119649,3111823,Horizon Nut Company,5-Dec-24,A,5-Dec-24,"Pistachios, Prepared Or Preserved Nesoi",https://www.industrialinfo.com/dash/project_report.jsp?PROJECT_ID=301031547,0,Low (0-69%)
Food & Beverage," $7,000,000 ",USD,3-Oct-23,SANTA FE MEAT PROCESSING PLANT SPIRAL FREEZER REPLACEMENT,Replacement,Fresh and Frozen Chicken,Fresh and Frozen Chicken,Day-Lee Foods Incorporated,Operational,Fresh and Frozen Chicken,Santa Fe Meat Processing,NH Foods Limited,13055 Mollette Street,Santa Fe Springs,CA,California,U.S.A.,906705521,+1 5628026800,-118.053409,33.89203,CA*08,West Coast U.S.A.,Los Angeles [souther,Market Analysis,9/13/2454,9/12/2454,9/13/2454,9/15/2454,9/21/2454,9/22/2454,30-Nov-26,YEAR,"Day-Lee Foods Incorporated (Subsidiary of NH Foods) has begun Market Analysis for Meat Processing Plant Spiral Freezer Replacement. DETAILS: At Existing 85,000 sqft & Meat (Frozen Chicken) Processing Plant, Perform Upgrade to Plant by Replacing (1) old Spiral Freezer Unit with (1) new Spiral Freezer (Ammonia Refrigeration or Freon 507) plus Auxiliary Equipment. REQUIRES: Spiral Freezer Unit Removal/Disassembly, Stainless Steel Fabrication, Spiral Freezer Unit, Insulated Panels, Conveyor Systems, Fans, Ammonia Refrigerated Systems, Cooling Coils, Belts & Tensioning Systems, Compressors (Air), Process Piping, Condensers, Motors, Drives, Pumps, Temperature Controls (PLC), Utilities Tie-Ins plus Electrical Distribution. ENVIRONMENTAL: (A) Ventilation, Ducting; (L) Containment.","Day-Lee Foods Incorporated continues Market Analysis for Meat Processing Plant Spiral Freezer Replacement thru 3Q25 (Jul) and anticipates finalizing Scope by 4Q25 (Oct) and receiving Final AFE Approval by 1Q26 (Feb). Subject to Approval, Day-Lee Foods Incorporated releases RFQs and Bid Documents 1Q26 (Feb) thru 2Q26 (Apr). Construction Kick-Off 4Q26 (Oct). Project Completion 4Q26 (Nov).",3261044,3231525,Day-Lee Foods Incorporated,3-Oct-23,A,27-Nov-24,Chicken (Processed Poultry Products),https://www.industrialinfo.com/dash/project_report.jsp?PROJECT_ID=300918754,12,Low (0-69%)
Food & Beverage," $60,000,000 ",USD,30-Nov-22,GILROY FOOD DISTRIBUTION CENTER EXPANSION,Plant Expansion,Refrigerated Warehousing & Storage,Refrigerated warehousing,United Natural Foods Incorporated,Operational,Refrigerated Warehousing & Storage,Gilroy Food Distribution Center,United Natural Foods Incorporated,6351 Cameron Boulevard,Gilroy,CA,California,U.S.A.,950207087,+1 4088461780,-121.545038,36.99586,CA*03,West Coast U.S.A.,Santa Clara,Market Analysis,12/25/2454,,12/27/2454,12/29/2454,12/30/2454,4/10/2455,30-Nov-28,YEAR,"United Natural Foods Incorporated has begun Market Analysis for Food Distribution Center Expansion. DETAILS: At Existing (430,000 sqft) Food Distribution Facility, Construct a new (~430,000 sqft) Distribution Center and Install Auxiliary Equipment. REQUIRES: Site Preparation, Foundations, Building, Heavy Load Flooring, Insulated Wall Panels, Loading Docks/Doors, Freezer/Cooler, Storage Racks, Air Flow & Temperature Controlled System, Condenser, Evaporator, Compressor (Air), Fire Protection and Security System, Inventory Management Systems, Ammonia Refrigerated System, Refrigeration Piping, Material Handling Equipment, Fans, Lighting, Utilities, Mechanical Room, Offices, Electrical Distribution plus Controls (PLC). ENVIRONMENTAL: (A) Vent Exhaust System, Ducting; (L) Spill Containment.",United Natural Foods Incorporated continues Market Analysis for Distribution Center Expansion and anticipates finalizing scope 1Q27 (Jan). United Natural Foods Incorporated releases RFQs and Bid Documents 3Q27 (Jul-Sept). Construction Kick-Off 4Q27 (Oct).Project Completion 4Q28 (Nov).,3103390,1112209,United Natural Foods Incorporated,30-Nov-22,A,25-Nov-24,,https://www.industrialinfo.com/dash/project_report.jsp?PROJECT_ID=300841456,24,Low (0-69%)
Food & Beverage," $10,000,000 ",USD,9-Nov-23,SAN LEANDRO FLAVORINGS PLANT PACKAGING LINE ADDITION,Equipment Addition,Flavoring Extracts & Flavoring Syrups,"Flavoring extracts, pastes, powders, and syrups-mfg",R Torre & Company Incorporated,Operational,Flavoring Extracts & Flavoring Syrups,San Leandro Flavorings,R Torre & Company Incorporated,2000 Mariana Boulevard,San Leandro,CA,California,U.S.A.,945773208,+1 6508751200,-122.174964,37.707597,CA*03,West Coast U.S.A.,Alameda,Market Analysis,6/14/2454,,9/12/2454,9/14/2454,9/16/2454,9/18/2454,30-Jul-26,YEAR,"Torani has begun Market Analysis for Flavorings Plant Packaging Line Addition. DETAILS: At Existing (303,330 sqft) Flavor Factory, Upon Completion of New Warehouse & Distribution Center with Prologis Adjacent to Existing Plant, Construct (1-2) new Packaging Line Additions plus Auxiliary Equipment. REQUIRES: Stainless Steel Fabrication, Filler Machines, Casers, Rinsing Unit, Cappers/Sealers, Filler Heads, Aseptic Equipment, Filters, Film Seals, Safety Skirts, Dispenser & Vacuum Systems, Filling Nozzles, Sorters, Heat Sealers, Pick Up Systems, Infeed & Discharge Conveyors, Weight Sensors, Feeders, Motors, Drives, CIP (Clean-In-Place) Rings, Fill Valves & Float Assembly, Material Handling Equipment, Inlet/Outlet Devices, Process Controls (PLC) plus Electrical Distribution.","Torani continues Market Analysis for Flavorings Plant Packaging Line Addition thru 2Q25 (Apr) and anticipates finalizing Scope by 3Q25 (Jul) and receiving Final AFE Approval by 4Q25 (Nov). Subject to Final Capital Approval, Torani releases RFQs and Bid Documents for Contractors, Subcontractors, and Vendors 1Q26 (Jan-Mar). Construction Kick-Off 2Q26 (May). Project Completion 2Q26 (Jul).",3567600,3473438,R Torre & Company Incorporated,9-Nov-23,A,20-Nov-24,,https://www.industrialinfo.com/dash/project_report.jsp?PROJECT_ID=300928635,12,Low (0-69%)
Food & Beverage," $10,000,000 ",USD,14-Nov-24,MODESTO SNACK FOOD PLANT ROBOTIC PALLETIZER ADDITION,Equipment Addition,"Potato Chips, Corn Chips & Similar Snacks",Potato chips and related corn snacks-mfg,Frito-Lay Incorporated,Operational,"Potato Chips, Corn Chips & Similar Snacks",Modesto Snack Food,PepsiCo Incorporated,600 Garner Road,Modesto,CA,California,U.S.A.,953570514,+1 2095445400,-120.920751,37.631419,CA*06,West Coast U.S.A.,Stanislaus,Project Scope,6/14/2454,,9/12/2454,9/14/2454,9/16/2454,9/23/2454,31-Dec-26,YEAR,"Frito-Lay Incorporated (A Subsidiary of PepsiCo Incorporated) with JMP Engineering (Design-Build) has begun Project Scope for Snack Food Plant Robotic Palletizer Addition. DETAILS: At Existing (589,000 sqft) Snack Food Manufacturing Plant (As Part of Multi-Phase Improvements to the Facility), Perform Automation Upgrade by Constructing (1) new Robotic Palletizer Addition plus Auxiliary Equipment. REQUIRES: Stainless Steel Fabrication, Robotics, Palletizer Machine, Mounting Frames, Arms, Pneumatics, Automated Systems, Material Handling Equipment, Wrappers, Controllers, Staging Equipment, Air Lines, Speed Reducers, Motors, Servo Drives, Grippers, Wrists, Mechanical Brakes/Adjustable Hard Stops, Operator Stations, Interface Panels, Cables, Input/Output Devices, Monitoring System, Relays, Controls (PLC & Cabinet) plus Electrical Distribution.","Frito-Lay Incorporated (A Subsidiary of PepsiCo Incorporated) with JMP Engineering (Design-Build) continues Project Scope for Snack Food Plant Robotic Palletizer Addition thru 2Q25 (Jun) and anticipates finalizing Scope by 3Q25 (Aug) and receiving Final AFE Approval by 4Q25 (Nov). Subject to Approval, Frito-Lay Incorporated with JMP Engineering (Design-Build) releases RFQs and Bid Documents 1Q26 (Jan-Mar). Construction Kick-Off 2Q26 (May). Project Completion 4Q26 (Dec).",1013795,1000748,Frito-Lay Incorporated,15-Nov-24,A,15-Nov-24,Corn Chips And Similar Crisp Savory Snack Foods,https://www.industrialinfo.com/dash/project_report.jsp?PROJECT_ID=301025331,0,Low (0-69%)
Food & Beverage," $1,000,000 ",USD,14-Nov-24,LEMOORE DAIRY EAST PLANT 2025 MAINTENANCE PROGRAM,Maintenance Program,Fluid Milk,"Milk processing (pasteurizing, homogenizing, vitaminizing, bottling)-mfg",Leprino Foods Company,Operational,Fluid Milk,Lemoore Dairy East Plant,Leprino Foods Company,490 F Street,Lemoore,CA,California,U.S.A.,932452661,+1 5599247722,-119.787398,36.304444,CA*06,West Coast U.S.A.,Kings,Maintenance Programs,3/7/2454,,6/4/2454,6/10/2454,6/4/2454,6/15/2454,31-Dec-25,QUARTER,"Leprino Foods Company plans for 2025 Maintenance Program of Existing 500,000 sqft Cheese & Whey Processing Plant. INSPECTION/REPAIR OF: Refrigeration System (Ammonia) 65,000 lbs/hr, Receiving & Storage Areas, Processing and Packaging Equipment plus Auxiliary Equipment. REQUIRES: Stainless Steel Fabrication, Welding plus REPAIRS/REPLACEMENTS TO: Tanks/Vessels, Process Piping, Homogenizers, Pasteurizers, Motors, Pumps, Separators, Conveyors, Material Handling Equipment, Cooler/Freezer, Refrigeration System (Ammonia), Compressors (Air), Flowmeters, Hoppers, Mixers, Screens, Boilers, Temperature System, Sensors, Pumps, Motors, Drives, Filters, Steam/Water Lines, Process Controls (PLC). ENVIRONMENTAL MRO: (A) Dust Collectors, Exhaust System, Ducting, Vents; (W) Wastewater Treatment System.",Leprino Foods Company expects to finalize Maintenance Planning and Scheduling 4Q24 (Dec) plus release Equipment RFQs and Subcontractor Bid Documents as needed to Support In-House Maintenance Staff 1Q25 (Jan) thru 3Q25 (Jul). Leprino Foods Company indicates Maintenance Program Kick-Off 1Q25 (Jan). Maintenance Program Completion 4Q25 (Dec).,1510584,1028094,Leprino Foods Company,15-Nov-24,A,14-Nov-24,Milk,https://www.industrialinfo.com/dash/project_report.jsp?PROJECT_ID=301025328,0,High (81-99%)
Food & Beverage," $3,000,000 ",USD,10-Nov-23,POMONA MEAT PROCESSING PLANT WAREHOUSE EXPANSION,Plant Expansion,Refrigerated Warehousing & Storage,"Warehousing, cold storage or refrigerated",Unit Star Foods,Operational,Meat Packing Plants,Pomona Meat Processing,Unit Star Foods,128 North Gibbs Street,Pomona,CA,California,U.S.A.,917675409,+1 9096229611,-117.747141,34.059523,CA*08,West Coast U.S.A.,Los Angeles [souther,Market Analysis,7/9/2455,,7/9/2455,7/11/2455,7/13/2455,7/19/2455,30-Nov-29,YEAR,"Unit Star Foods has begun Market Analysis for Meat Processing Plant Warehouse Expansion. DETAILS: At Existing 36,000 sqft Meat Processing Plant & Refrigerated Warehouse Facility, Perform Warehouse Expansion by Constructing new Refrigerated Warehouse Facility (SQFT: Unknown) Addition plus Auxiliary Equipment. REQUIRES: Site Preparation, Foundation, Building, Structural Modifications, Heavy Load Flooring, Insulated Wall Panels, Docks/Doors, Cooler/Freezer, Refrigeration System (Freon/Ammonia), Evaporator Coils, Air Flow & Temperature Controlled Systems, Screw Compressor, Fans, Storage Racks, Condenser, Fire Protection & Inventory Management Systems, Controls (PLC), Utilities Tie-Ins plus Electrical Distribution. ENVIRONMENTAL: (A) Vent Exhaust System, Ducting; (L) Spill Containment, Floor Drains.","Unit Star Foods continues Market Analysis for Meat Processing Plant Warehouse Expansion thru 3Q28 (Jul) and anticipates finalizing Scope by 4Q28 (Oct) and receiving Final AFE Approval by 1Q29 (Jan). Subject to Approval, Unit Star Foods releases RFQs and Bid Documents 1Q29 (Jan-Mar). Construction Kick-Off 2Q29 (May). Project Completion 4Q29 (Nov).",3248577,3221127,Unit Star Foods,15-Nov-23,A,12-Nov-24,Refrigerated Warehousing & Storage,https://www.industrialinfo.com/dash/project_report.jsp?PROJECT_ID=300928966,48,Low (0-69%)
Food & Beverage," $1,000,000 ",USD,11-Nov-24,SAN DIEGO FROZEN FOODS PLANT 2025 MAINTENANCE SHUTDOWN,"Maintenance Event (Outages, Turnarounds, Shutdowns)",Frozen Specialties,"Frozen dinners, packaged-mfg","Ajinomoto Foods North America, Incorporated",Operational,Frozen Specialties,San Diego Frozen Foods,Ajinomoto Company Incorporated,8411 Siempre Viva Road,San Diego,CA,California,U.S.A.,921546299,+1 6196713900,-116.96148,32.552345,CA*10,West Coast U.S.A.,San Diego,Scheduled Maintenance,3/7/2454,,6/5/2454,6/12/2454,6/6/2454,6/14/2454,28-Nov-25,MONTH,"Windsor Foods (A Division of Ajinomoto Foods North America) plans 2025 Maintenance Shutdown of (165,763 sqft) Frozen Foods Plant. NORMAL INSPECTION/REPAIR OF: Ingredient Storage and Handling Areas, Food Preparation, Cooking and Fabrication Areas, Packaging, Finished Goods Storage, Utilities plus Associated Support Equipment/Systems. REQUIRES REPAIRS/REPLACEMENTS TO: Storage Tanks, Mixing and Blending Vessels, Cookers, Ovens, Quick Freezing System, (Ammonia) Refrigeration System, Conveyor Systems, Filling and Packaging Equipment, Automated Systems, Scales, Motors, Drives plus Process Controls. ENVIRONMENTAL MRO: (A) Scrubber, Ventilation, Exhaust System, Ducting; (W) Wastewater Treatment System.","Windsor Foods expects to finalize Maintenance Planning and Scheduling 4Q24 (Dec). Windsor Foods releases RFQs and Bid Documents for Contractors, Subcontractors & Specialty Trades as needed to Support In-House Maintenance Staff 1Q25 (Feb) thru 3Q25 (Sep). Windsor Foods indicates (1 Week, Quarterly) 1st Maintenance Shutdown Kick-Off & Completion 1Q25 (Mar). 2nd Maintenance Shutdown Kick-Off & Completion 2Q25 (Jun). 3rd Maintenance Shutdown Kick-Off & Completion 3Q25 (Sep). 4th Maintenance Shutdown Kick-Off & Completion 4Q25 (Nov).",3247266,1023000,"Ajinomoto Foods North America, Incorporated",11-Nov-24,A,11-Nov-24,"Food Preparations Not Elsewhere Specified Or Included, Frozen",https://www.industrialinfo.com/dash/project_report.jsp?PROJECT_ID=301023902,0,High (81-99%)
Food & Beverage," $8,000,000 ",USD,7-Nov-24,SAN MARCOS DAIRY PROCESSING LINE ADDITION,Equipment Addition,Fluid Milk,"Milk processing (pasteurizing, homogenizing, vitaminizing, bottling)-mfg",Hollandia Dairy Incorporated,Operational,Fluid Milk,San Marcos Dairy,Hollandia Dairy Incorporated,622 East Mission Road,San Marcos,CA,California,U.S.A.,920691902,+1 7607443222,-117.146685,33.145827,CA*10,West Coast U.S.A.,San Diego,Market Analysis,9/12/2454,6/14/2454,9/12/2454,9/14/2454,9/18/2454,9/20/2454,30-Sep-26,YEAR,"Hollandia Dairy Incorporated has begun Market Analysis for Dairy Processing Line Addition. DETAILS: At Existing 80,000 sqft & 29MM gal/yr Dairy Manufacturing Plant, Construct (1) new Processing Line Addition plus Auxiliary Equipment. REQUIRES: Stainless Steel Fabrication, Mixers, Tanks/Vessels, Homogenizer, Separator, Pasteurization System, Plate Heat Exchangers, Refrigeration System (Ammonia), Blending System, Condensers, Fillers, Conveyor Systems, Robotics, Material Handling Equipment, Automated System, Pumps, CIP (Clean-In-Place) System, Motors, Drives, Process Controls (PLC) & Tie-Ins plus Electrical Distribution. ENVIRONMENTAL: (A) Ducting, Ventilation; (L) Spill Containment.","Hollandia Dairy Incorporated continues Market Analysis for Dairy Processing Line Addition thru 1Q25 (Mar) and anticipates finalizing Scope by 3Q25 (Jul) and receiving Final AFE Approval by 1Q26 (Jan). Subject to Approval, Hollandia Dairy Incorporated releases RFQs and Bid Documents 1Q26 (Jan-Mar). Construction Kick-Off 3Q26 (Jul). Project Completion 3Q26 (Sep).",1087148,1110123,Hollandia Dairy Incorporated,7-Nov-24,A,7-Nov-24,Milk,https://www.industrialinfo.com/dash/project_report.jsp?PROJECT_ID=301023267,0,Low (0-69%)
