<?xml version="1.0" encoding="UTF-8"?>
<kml xmlns="http://www.opengis.net/kml/2.2"><Document>
<name>Water Districts - EAE Targeting (CA/WA/OR/NV/AZ/HI)</name>
<Style id="s0"><IconStyle><color>ff3b30c8</color><scale>1.1</scale><Icon><href>http://maps.google.com/mapfiles/kml/shapes/placemark_circle.png</href></Icon></IconStyle></Style>
<Style id="s1"><IconStyle><color>ff8b5cf6</color><scale>1.1</scale><Icon><href>http://maps.google.com/mapfiles/kml/shapes/placemark_circle.png</href></Icon></IconStyle></Style>
<Style id="s2"><IconStyle><color>ff909090</color><scale>1.1</scale><Icon><href>http://maps.google.com/mapfiles/kml/shapes/placemark_circle.png</href></Icon></IconStyle></Style>
<Folder><name>Blocked (115)</name>
<Placemark><name>Inland Empire Utilities Agency</name><styleUrl>#s0</styleUrl><description><![CDATA[<b>Inland Empire Utilities Agency</b> (CA)<br/>EAE score: <b>100.0</b> &nbsp;|&nbsp; Status: <b>Blocked</b><br/>Population: 10,000<br/>County: San Bernardino<br/>Opportunities: 119 (105 high-fit, 89 priority)<br/>Total value: $1,395,655,000<br/><br/><b>Contact:</b> Randy Lee, Manager of Operations<br/>rlee@ieua.org 1-909-472-1722<br/><br/><b>Top opportunities:</b><ul><li><b>High fit</b> - Tertiary Treatment Initiatives; Disinfection Initiatives - $223,000,000</li><li><b>High fit</b> - Wastewater Treatment Plant or Facility Initiatives; Financial - $199,390,000</li><li><b>High fit</b> - Lift Station Initiatives; Pipe Initiatives - $125,860,000</li><li><b>High fit</b> - Pipe Initiatives; Lift Station Initiatives - $125,000,000</li><li><b>High fit</b> - Lift Station Initiatives; Pipe Initiatives - $125,000,000</li><li><b>High fit</b> - Wastewater Treatment Plant or Facility Initiatives - $48,500,000</li></ul>]]></description><Point><coordinates>-115.967051,34.839964,0</coordinates></Point></Placemark>
<Placemark><name>City of Glendale</name><styleUrl>#s0</styleUrl><description><![CDATA[<b>City of Glendale</b> (AZ)<br/>EAE score: <b>90.0</b> &nbsp;|&nbsp; Status: <b>Blocked</b><br/>Population: 250,290<br/>County: Maricopa<br/>Opportunities: 28 (22 high-fit, 21 priority)<br/>Total value: $266,861,000<br/><br/><b>Contact:</b> Tom Kaczmarowski, Principal Engineer<br/>TKaczmarowski@glendaleaz.com 1-623-930-3640<br/><br/><b>Top opportunities:</b><ul><li><b>High fit</b> - Water Treatment Plant or Facility Initiatives - $46,720,000</li><li><b>High fit</b> - Water Treatment Plant or Facility Initiatives - $46,720,000</li><li><b>High fit</b> - Implementation; Wastewater Treatment Plant or Facility Initiatives - $43,801,000</li><li><b>High fit</b> - System Monitoring and Control Software Initiatives - $15,500,000</li><li><b>High fit</b> - Pipe Initiatives; Lift Station Initiatives - $15,500,000</li><li><b>High fit</b> - Lift Station Initiatives; Pipe Initiatives - $15,500,000</li></ul>]]></description><Point><coordinates>-112.18717,33.276539,0</coordinates></Point></Placemark>
<Placemark><name>Napa Sanitation District</name><styleUrl>#s0</styleUrl><description><![CDATA[<b>Napa Sanitation District</b> (CA)<br/>EAE score: <b>90.0</b> &nbsp;|&nbsp; Status: <b>Blocked</b><br/>Population: 78,130<br/>County: Napa<br/>Opportunities: 28 (18 high-fit, 20 priority)<br/>Total value: $68,021,600<br/><br/><b>Contact:</b> Jim Keller, Director of Operations<br/>jkeller@napasan.com 1-707-258-6020;ext=601<br/><br/><b>Top opportunities:</b><ul><li><b>High fit</b> - Pump Initiatives - $12,430,700</li><li><b>Medium fit</b> - Collection System-Wide Initiatives - $10,324,850</li><li><b>Medium fit</b> - Collection System-Wide Initiatives - $7,164,600</li><li><b>Medium fit</b> - Collection System-Wide Initiatives - $6,737,100</li><li><b>High fit</b> - Secondary Treatment Initiatives; Wastewater Treatment Plant or Facility Initiatives - $6,247,700</li><li><b>Medium fit</b> - Collection System-Wide Initiatives - $6,030,300</li></ul>]]></description><Point><coordinates>-122.311685,38.256973,0</coordinates></Point></Placemark>
<Placemark><name>City of Las Vegas</name><styleUrl>#s0</styleUrl><description><![CDATA[<b>City of Las Vegas</b> (NV)<br/>EAE score: <b>90.0</b> &nbsp;|&nbsp; Status: <b>Blocked</b><br/>Population: 644,644<br/>County: Clark<br/>Opportunities: 37 (27 high-fit, 34 priority)<br/>Total value: $273,581,958<br/><br/><b>Contact:</b> Mike Janssen, City Manager<br/>mjanssen@lasvegasnevada.gov 1-702-229-6272<br/><br/><b>Top opportunities:</b><ul><li><b>Low fit</b> - Lighting Initiatives; Stormwater Drainage Initiatives - $36,121,630</li><li><b>High fit</b> - Wastewater Treatment Plant or Facility Initiatives - $20,393,476</li><li><b>Medium fit</b> - Distribution System-Wide Initiatives; Traffic Light Initiatives - $18,610,560</li><li><b>Low fit</b> - Stormwater Drainage Initiatives; Traffic Light Initiatives - $17,800,000</li><li><b>High fit</b> - Pump Station Initiatives; Pipe Initiatives - $12,188,032</li><li><b>High fit</b> - Wastewater Treatment Plant or Facility Initiatives - $12,000,000</li></ul>]]></description><Point><coordinates>-115.10647,36.17372,0</coordinates></Point></Placemark>
<Placemark><name>Delta Diablo District</name><styleUrl>#s0</styleUrl><description><![CDATA[<b>Delta Diablo District</b> (CA)<br/>EAE score: <b>88.0</b> &nbsp;|&nbsp; Status: <b>Blocked</b><br/>Population: 1,153,526<br/>County: Contra Costa<br/>Opportunities: 33 (23 high-fit, 22 priority)<br/>Total value: $69,968,647<br/><br/><b>Contact:</b> Brian Thomas, Deputy General Manager<br/>briant@deltadiablo.org 1-925-756-1928<br/><br/><b>Top opportunities:</b><ul><li><b>High fit</b> - Pipe Initiatives; Lift Station Initiatives - $22,320,000</li><li><b>High fit</b> - Lift Station Initiatives; Collection System-Wide Initiatives - $22,000,000</li><li><b>High fit</b> - Power Supply, Control, and Protection Initiatives; Wastewater Tank Initiatives - $12,201,305</li><li><b>High fit</b> - System Monitoring and Control Software Initiatives - $3,000,000</li><li><b>High fit</b> - System Monitoring and Control Software Initiatives - $2,510,000</li><li><b>High fit</b> - System Monitoring and Control Software Initiatives; Financial - $2,500,000</li></ul>]]></description><Point><coordinates>-121.906748,37.931997,0</coordinates></Point></Placemark>
<Placemark><name>Eastern Municipal Water District</name><styleUrl>#s0</styleUrl><description><![CDATA[<b>Eastern Municipal Water District</b> (CA)<br/>EAE score: <b>88.0</b> &nbsp;|&nbsp; Status: <b>Blocked</b><br/>Population: 2,470,546<br/>County: Riverside<br/>Opportunities: 22 (18 high-fit, 14 priority)<br/>Total value: $326,366,455<br/><br/><b>Contact:</b> Philip E. Paule, Board of Directors<br/>nan 1-951-928-3777;ext=4235<br/><br/><b>Top opportunities:</b><ul><li><b>High fit</b> - Odor and Corrosion Initiatives; Electrical Systems-Wide Initiatives - $75,000,000</li><li><b>High fit</b> - Consultant Initiatives; Wastewater Treatment Plant or Facility Initiatives - $70,000,000</li><li><b>Medium fit</b> - Distribution System-Wide Initiatives; Filtration Initiatives - $37,933,000</li><li><b>High fit</b> - Water Treatment Plant or Facility Initiatives - $30,000,000</li><li><b>High fit</b> - Pump Station Initiatives - $28,900,000</li><li><b>High fit</b> - Wastewater Treatment Plant or Facility Initiatives - $26,043,068</li></ul>]]></description><Point><coordinates>-116.055617,33.752886,0</coordinates></Point></Placemark>
<Placemark><name>City of Phoenix</name><styleUrl>#s0</styleUrl><description><![CDATA[<b>City of Phoenix</b> (AZ)<br/>EAE score: <b>86.0</b> &nbsp;|&nbsp; Status: <b>Blocked</b><br/>Population: 1,660,000<br/>County: Maricopa<br/>Opportunities: 29 (21 high-fit, 24 priority)<br/>Total value: $633,376,025<br/><br/><b>Contact:</b> Brandie Barrett, Deputy Public Works Director<br/>brandie.barrett@phoenix.gov 1-602-534-1754<br/><br/><b>Top opportunities:</b><ul><li><b>High fit</b> - Wastewater Treatment Plant or Facility Initiatives - $94,200,000</li><li><b>Low fit</b> - Financial; General Planning - $73,760,000</li><li><b>High fit</b> - Water Treatment Plant or Facility Initiatives - $70,030,000</li><li><b>Low fit</b> - Project Planning; Implementation - $63,050,000</li><li><b>High fit</b> - Wastewater Treatment Plant or Facility Initiatives; Operational Technology (OT) Initiatives - $60,056,945</li><li><b>High fit</b> - General Planning; Wastewater Treatment Plant or Facility Initiatives - $46,000,000</li></ul>]]></description><Point><coordinates>-112.18717,33.276539,0</coordinates></Point></Placemark>
<Placemark><name>County of Pima</name><styleUrl>#s0</styleUrl><description><![CDATA[<b>County of Pima</b> (AZ)<br/>EAE score: <b>86.0</b> &nbsp;|&nbsp; Status: <b>Blocked</b><br/>Population: 1,047,279<br/>County: Pima<br/>Opportunities: 9 (6 high-fit, 7 priority)<br/>Total value: $433,168,833<br/><br/><b>Contact:</b> Jackson Jenkins, Regional Wastewater Reclamation Department Director<br/>jackson.jenkins@pima.gov 1-520-724-6500<br/><br/><b>Top opportunities:</b><ul><li><b>High fit</b> - Wastewater Treatment Plant or Facility Initiatives - $199,250,000</li><li><b>Medium fit</b> - Pipe Initiatives; Collection System-Wide Initiatives - $107,000,000</li><li><b>High fit</b> - Wastewater Treatment Plant or Facility Initiatives - $97,001,000</li><li><b>Medium fit</b> - Collection System-Wide Initiatives; Pipe Initiatives - $16,001,000</li><li><b>High fit</b> - Lift Station Initiatives - $5,601,000</li><li><b>High fit</b> - Wastewater Treatment Plant or Facility Initiatives - $5,000,000</li></ul>]]></description><Point><coordinates>-110.970869,32.217975,0</coordinates></Point></Placemark>
<Placemark><name>Central Contra Costa Sanitary District</name><styleUrl>#s0</styleUrl><description><![CDATA[<b>Central Contra Costa Sanitary District</b> (CA)<br/>EAE score: <b>86.0</b> &nbsp;|&nbsp; Status: <b>Blocked</b><br/>Population: 38,297<br/>County: Contra Costa<br/>Opportunities: 8 (7 high-fit, 3 priority)<br/>Total value: $199,638,000<br/><br/><b>Contact:</b> Greg Norby, Deputy General Manager<br/>gnorby@centralsan.org 1-925-228-9500<br/><br/><b>Top opportunities:</b><ul><li><b>High fit</b> - Electrical Systems-Wide Initiatives; Power Supply, Control, and Protection Initiatives - $197,338,000</li><li><b>High fit</b> - System Monitoring and Control Software Initiatives - $2,300,000</li><li><b>High fit</b> - System Monitoring and Control Software Initiatives - $nan</li><li><b>High fit</b> - System Monitoring and Control Software Initiatives - $nan</li><li><b>Medium fit</b> - Collection System-Wide Initiatives - $nan</li><li><b>High fit</b> - Lift Station Initiatives - $nan</li></ul>]]></description><Point><coordinates>-122.134976,37.986421,0</coordinates></Point></Placemark>
<Placemark><name>San Francisco Public Utilities Commission</name><styleUrl>#s0</styleUrl><description><![CDATA[<b>San Francisco Public Utilities Commission</b> (CA)<br/>EAE score: <b>84.0</b> &nbsp;|&nbsp; Status: <b>Blocked</b><br/>Population: 1,900,000<br/>County: County of San Francisco<br/>Opportunities: 10 (7 high-fit, 6 priority)<br/>Total value: $1,295,230,000<br/><br/><b>Contact:</b> Dennis Herrera, General Manager<br/>dherrera@sfwater.org 1-415-551-3000<br/><br/><b>Top opportunities:</b><ul><li><b>Medium fit</b> - Reservoir Initiatives; Water Tank or Tower Initiatives - $1,250,000,000</li><li><b>High fit</b> - Wastewater Treatment Plant or Facility Initiatives; Structural Initiatives - $25,230,000</li><li><b>High fit</b> - Water Treatment Plant or Facility Initiatives - $20,000,000</li><li><b>High fit</b> - Reservoir Initiatives; Water Treatment Plant or Facility Initiatives - $nan</li><li><b>Medium fit</b> - Distribution System-Wide Initiatives; Pipe Initiatives - $nan</li><li><b>High fit</b> - Pump Station Initiatives; Water Tank or Tower Initiatives - $nan</li></ul>]]></description><Point><coordinates>-122.416582,37.779278,0</coordinates></Point></Placemark>
<Placemark><name>Truckee Meadows Water Authority</name><styleUrl>#s0</styleUrl><description><![CDATA[<b>Truckee Meadows Water Authority</b> (NV)<br/>EAE score: <b>84.0</b> &nbsp;|&nbsp; Status: <b>Blocked</b><br/>County: Unspecified<br/>Opportunities: 24 (22 high-fit, 15 priority)<br/>Total value: $301,015,000<br/><br/><b>Contact:</b> Danny Rotter, Engineering Manager<br/>drotter@tmwa.com 1-775-834-8020<br/><br/><b>Top opportunities:</b><ul><li><b>High fit</b> - Water Purification Initiatives; Disinfection Initiatives - $212,000,000</li><li><b>High fit</b> - Financial; Pump Station Initiatives - $38,670,000</li><li><b>Medium fit</b> - Pipe Initiatives; Water Tank or Tower Initiatives - $12,300,000</li><li><b>High fit</b> - Financial; Water Treatment Plant or Facility Initiatives - $9,755,000</li><li><b>High fit</b> - Pump Station Initiatives - $7,400,000</li><li><b>High fit</b> - Pump Station Initiatives; Pipe Initiatives - $4,390,000</li></ul>]]></description><Point><coordinates>-119.586934,40.541218,0</coordinates></Point></Placemark>
<Placemark><name>City of Surprise</name><styleUrl>#s0</styleUrl><description><![CDATA[<b>City of Surprise</b> (AZ)<br/>EAE score: <b>84.0</b> &nbsp;|&nbsp; Status: <b>Blocked</b><br/>Population: 141,664<br/>County: Maricopa<br/>Opportunities: 9 (7 high-fit, 8 priority)<br/>Total value: $33,821,950<br/><br/><b>Contact:</b> Bob Wingenroth, City Manager<br/>bob.wingenroth@surpriseaz.gov 1-623-222-1100<br/><br/><b>Top opportunities:</b><ul><li><b>High fit</b> - Water Treatment Plant or Facility Initiatives - $18,500,000</li><li><b>High fit</b> - Water Treatment Plant or Facility Initiatives - $3,300,000</li><li><b>Medium fit</b> - Distribution System-Wide Initiatives - $2,500,000</li><li><b>Medium fit</b> - Distribution System-Wide Initiatives - $2,200,000</li><li><b>High fit</b> - Water Treatment Plant or Facility Initiatives - $2,171,950</li><li><b>High fit</b> - System Monitoring and Control Software Initiatives - $2,000,000</li></ul>]]></description><Point><coordinates>-112.18717,33.276539,0</coordinates></Point></Placemark>
<Placemark><name>City of Scottsdale</name><styleUrl>#s0</styleUrl><description><![CDATA[<b>City of Scottsdale</b> (AZ)<br/>EAE score: <b>84.0</b> &nbsp;|&nbsp; Status: <b>Blocked</b><br/>Population: 243,050<br/>County: Maricopa<br/>Opportunities: 22 (18 high-fit, 16 priority)<br/>Total value: $461,333,199<br/><br/><b>Contact:</b> Gina Kirklin, Finance Director<br/>gkirklin@scottsdaleaz.gov 1-480-312-5006<br/><br/><b>Top opportunities:</b><ul><li><b>High fit</b> - Lift Station Initiatives; Decentralized Treatment Initiatives - $60,724,000</li><li><b>High fit</b> - Water Treatment Plant or Facility Initiatives - $53,499,999</li><li><b>High fit</b> - Water Treatment Plant or Facility Initiatives - $50,000,000</li><li><b>High fit</b> - Water Treatment Plant or Facility Initiatives - $50,000,000</li><li><b>High fit</b> - Water Treatment Plant or Facility Initiatives - $49,098,000</li><li><b>High fit</b> - General Planning; Wastewater Treatment Plant or Facility Initiatives - $46,000,000</li></ul>]]></description><Point><coordinates>-111.792658,33.420061,0</coordinates></Point></Placemark>
<Placemark><name>Santa Clara Valley Water District</name><styleUrl>#s0</styleUrl><description><![CDATA[<b>Santa Clara Valley Water District</b> (CA)<br/>EAE score: <b>84.0</b> &nbsp;|&nbsp; Status: <b>Blocked</b><br/>Population: 10,039,107<br/>County: Los Angeles<br/>Opportunities: 30 (26 high-fit, 17 priority)<br/>Total value: $672,565,193<br/><br/><b>Contact:</b> Emmanuel Aryee, Interim Assistant Operating Officer<br/>earyee@valleywater.org 1-408-630-3074<br/><br/><b>Top opportunities:</b><ul><li><b>High fit</b> - Water Treatment Plant or Facility Initiatives - $600,000,000</li><li><b>High fit</b> - Financial; Pump Station Initiatives - $36,800,000</li><li><b>High fit</b> - System Monitoring and Control Software Initiatives; Financial - $10,425,000</li><li><b>High fit</b> - Water Treatment Plant or Facility Initiatives - $9,300,000</li><li><b>High fit</b> - System Monitoring and Control Software Initiatives - $6,500,000</li><li><b>High fit</b> - Pump Station Initiatives - $2,943,348</li></ul>]]></description><Point><coordinates>-118.298662,33.786594,0</coordinates></Point></Placemark>
<Placemark><name>City of San Diego</name><styleUrl>#s0</styleUrl><description><![CDATA[<b>City of San Diego</b> (CA)<br/>EAE score: <b>84.0</b> &nbsp;|&nbsp; Status: <b>Blocked</b><br/>Population: 1,426,000<br/>County: San Diego<br/>Opportunities: 9 (6 high-fit, 6 priority)<br/>Total value: $236,265,691<br/><br/><b>Contact:</b> Parita Ammerlahn, Assistant Deputy Director<br/>pammerlahn@sandiego.gov 1-619-533-5406<br/><br/><b>Top opportunities:</b><ul><li><b>High fit</b> - Pump Station Initiatives; Financial - $165,179,423</li><li><b>Low fit</b> - Financial; Project Design - $67,135,700</li><li><b>High fit</b> - Lift Station Initiatives; Power Supply, Control, and Protection Initiatives - $2,450,000</li><li><b>High fit</b> - Pump Station Initiatives - $2,000,000</li><li><b>High fit</b> - Valve Initiatives; Water Treatment Plant or Facility Initiatives - $-499,432</li><li><b>High fit</b> - Pump Station Initiatives - $nan</li></ul>]]></description><Point><coordinates>-117.174366,32.7211,0</coordinates></Point></Placemark>
<Placemark><name>Zone 7 Water Agency</name><styleUrl>#s0</styleUrl><description><![CDATA[<b>Zone 7 Water Agency</b> (CA)<br/>EAE score: <b>84.0</b> &nbsp;|&nbsp; Status: <b>Blocked</b><br/>Population: 1,671,329<br/>County: Alameda<br/>Opportunities: 14 (11 high-fit, 7 priority)<br/>Total value: $57,000,900<br/><br/><b>Contact:</b> Valerie Pryor, General Manager<br/>vpryor@zone7water.com nan<br/><br/><b>Top opportunities:</b><ul><li><b>High fit</b> - Pump Station Initiatives - $20,000,000</li><li><b>High fit</b> - Water Treatment Plant or Facility Initiatives - $16,000,000</li><li><b>Medium fit</b> - Pipe Initiatives; Emerging Contaminants Initiatives - $12,643,900</li><li><b>Low fit</b> - General Planning; Financial - $3,733,000</li><li><b>High fit</b> - Pump Station Initiatives - $3,700,000</li><li><b>High fit</b> - Water Treatment Plant or Facility Initiatives - $500,000</li></ul>]]></description><Point><coordinates>-121.921498,37.680181,0</coordinates></Point></Placemark>
<Placemark><name>Alameda County Water District</name><styleUrl>#s0</styleUrl><description><![CDATA[<b>Alameda County Water District</b> (CA)<br/>EAE score: <b>82.0</b> &nbsp;|&nbsp; Status: <b>Blocked</b><br/>Population: 1,671,329<br/>County: Alameda<br/>Opportunities: 21 (20 high-fit, 14 priority)<br/>Total value: $59,786,765<br/><br/><b>Contact:</b> Ed Stevenson, General Manager<br/>Ed.Stevenson@acwd.com 91-510-668-4202<br/><br/><b>Top opportunities:</b><ul><li><b>High fit</b> - Water Treatment Plant or Facility Initiatives - $24,931,000</li><li><b>High fit</b> - Pump Station Initiatives - $6,472,000</li><li><b>High fit</b> - System Monitoring and Control Software Initiatives - $4,422,000</li><li><b>High fit</b> - Pump Station Initiatives - $3,335,000</li><li><b>High fit</b> - Financial; System Monitoring and Control Software Initiatives - $2,919,000</li><li><b>High fit</b> - Financial; System Monitoring and Control Software Initiatives - $2,840,000</li></ul>]]></description><Point><coordinates>-121.95832,37.509453,0</coordinates></Point></Placemark>
<Placemark><name>City of Reno</name><styleUrl>#s0</styleUrl><description><![CDATA[<b>City of Reno</b> (NV)<br/>EAE score: <b>82.0</b> &nbsp;|&nbsp; Status: <b>Blocked</b><br/>Population: 255,601<br/>County: Washoe<br/>Opportunities: 7 (5 high-fit, 7 priority)<br/>Total value: $155,521,073<br/><br/><b>Contact:</b> Trina Magoon, Director of Utilities<br/>magoont@reno.gov 1-775-334-4230<br/><br/><b>Top opportunities:</b><ul><li><b>Medium fit</b> - Collection System-Wide Initiatives; Effluent Quality-Wide Initiatives - $112,598,083</li><li><b>Low fit</b> - Wastewater-Wide Initiatives; Pipe Initiatives - $18,550,000</li><li><b>High fit</b> - Seismic Retrofit Initiatives; Water Treatment Plant or Facility Initiatives - $11,872,990</li><li><b>High fit</b> - Lift Station Initiatives; System Monitoring and Control Software Initiatives - $5,100,000</li><li><b>High fit</b> - System Monitoring and Control Software Initiatives; Financial - $5,100,000</li><li><b>High fit</b> - Lift Station Initiatives; Pretreatment Initiatives - $1,300,000</li></ul>]]></description><Point><coordinates>-119.835275,39.52241,0</coordinates></Point></Placemark>
<Placemark><name>City of Tempe</name><styleUrl>#s0</styleUrl><description><![CDATA[<b>City of Tempe</b> (AZ)<br/>EAE score: <b>82.0</b> &nbsp;|&nbsp; Status: <b>Blocked</b><br/>Population: 190,889<br/>County: Maricopa<br/>Opportunities: 10 (9 high-fit, 10 priority)<br/>Total value: $397,938,317<br/><br/><b>Contact:</b> Mark Weber, Deputy Public Works Director<br/>mark_weber@tempe.gov 1-480-350-8526<br/><br/><b>Top opportunities:</b><ul><li><b>High fit</b> - Water Treatment Plant or Facility Initiatives - $212,410,000</li><li><b>High fit</b> - Financial; Wastewater Treatment Plant or Facility Initiatives - $82,040,000</li><li><b>Medium fit</b> - Pipe Initiatives; Collection System-Wide Initiatives - $53,536,372</li><li><b>High fit</b> - Financial; Wastewater Treatment Plant or Facility Initiatives - $13,350,000</li><li><b>High fit</b> - Financial; System Monitoring and Control Software Initiatives - $12,523,000</li><li><b>High fit</b> - Lift Station Initiatives; Pipe Initiatives - $11,565,000</li></ul>]]></description><Point><coordinates>-111.927219,33.432844,0</coordinates></Point></Placemark>
<Placemark><name>South Orange County Wastewater Authority</name><styleUrl>#s0</styleUrl><description><![CDATA[<b>South Orange County Wastewater Authority</b> (CA)<br/>EAE score: <b>82.0</b> &nbsp;|&nbsp; Status: <b>Blocked</b><br/>Population: 100,000<br/>County: Orange<br/>Opportunities: 27 (26 high-fit, 16 priority)<br/>Total value: $17,867,822<br/><br/><b>Contact:</b> Amber Boone, General Manager<br/>amberb@socwa.com 1-949-234-5409<br/><br/><b>Top opportunities:</b><ul><li><b>High fit</b> - Secondary Treatment Initiatives; Power Supply, Control, and Protection Initiatives - $6,256,220</li><li><b>High fit</b> - Financial; Lift Station Initiatives - $4,200,000</li><li><b>High fit</b> - Power Supply, Control, and Protection Initiatives - $3,000,000</li><li><b>High fit</b> - Lift Station Initiatives - $671,364</li><li><b>High fit</b> - Lift Station Initiatives - $633,742</li><li><b>High fit</b> - Power Supply, Control, and Protection Initiatives - $418,260</li></ul>]]></description><Point><coordinates>-117.696366,33.485903,0</coordinates></Point></Placemark>
<Placemark><name>City of Avondale</name><styleUrl>#s0</styleUrl><description><![CDATA[<b>City of Avondale</b> (AZ)<br/>EAE score: <b>82.0</b> &nbsp;|&nbsp; Status: <b>Blocked</b><br/>Population: 94,870<br/>County: Maricopa<br/>Opportunities: 6 (5 high-fit, 5 priority)<br/>Total value: $119,200,000<br/><br/><b>Contact:</b> Marcella M. Ortiz, City Clerk<br/>cityclerk@avondaleaz.gov 1-623-333-1200<br/><br/><b>Top opportunities:</b><ul><li><b>High fit</b> - Water Treatment Plant or Facility Initiatives - $108,750,000</li><li><b>Medium fit</b> - Pipe Initiatives; Distribution System-Wide Initiatives - $9,000,000</li><li><b>High fit</b> - Lift Station Initiatives; Financial - $550,000</li><li><b>High fit</b> - Lift Station Initiatives - $500,000</li><li><b>High fit</b> - Lift Station Initiatives - $250,000</li><li><b>High fit</b> - System Monitoring and Control Software Initiatives - $150,000</li></ul>]]></description><Point><coordinates>-112.18717,33.276539,0</coordinates></Point></Placemark>
<Placemark><name>City of Buckeye</name><styleUrl>#s0</styleUrl><description><![CDATA[<b>City of Buckeye</b> (AZ)<br/>EAE score: <b>82.0</b> &nbsp;|&nbsp; Status: <b>Blocked</b><br/>Population: 119,434<br/>County: Maricopa<br/>Opportunities: 9 (8 high-fit, 8 priority)<br/>Total value: $48,098,000<br/><br/><b>Contact:</b> Lucinda Aja, City Clerk<br/>laja@buckeyeaz.gov 1-623-349-6911<br/><br/><b>Top opportunities:</b><ul><li><b>High fit</b> - Wastewater Treatment Plant or Facility Initiatives; Biosolids and Sludge Management Initiatives - $20,000,000</li><li><b>High fit</b> - Wastewater Treatment Plant or Facility Initiatives; Flooding / CSO Initiatives - $12,000,000</li><li><b>High fit</b> - Water Treatment Plant or Facility Initiatives - $6,000,000</li><li><b>Medium fit</b> - Water Purification Initiatives; Well Initiatives - $4,500,000</li><li><b>High fit</b> - Odor and Corrosion Initiatives; Secondary Treatment Initiatives - $2,250,000</li><li><b>High fit</b> - Wastewater Treatment Plant or Facility Initiatives - $2,000,000</li></ul>]]></description><Point><coordinates>-112.18717,33.276539,0</coordinates></Point></Placemark>
<Placemark><name>City of Sacramento</name><styleUrl>#s0</styleUrl><description><![CDATA[<b>City of Sacramento</b> (CA)<br/>EAE score: <b>81.0</b> &nbsp;|&nbsp; Status: <b>Blocked</b><br/>Population: 508,529<br/>County: Sacramento<br/>Opportunities: 7 (5 high-fit, 4 priority)<br/>Total value: $83,756,262<br/><br/><b>Contact:</b> Lisa Moretti, Supervising Engineer<br/>lmoretti@cityofsacramento.org 1-916-808-5390<br/><br/><b>Top opportunities:</b><ul><li><b>Medium fit</b> - Reservoir Initiatives; Financial - $31,825,896</li><li><b>Medium fit</b> - Distribution System-Wide Initiatives; Pipe Initiatives - $23,310,695</li><li><b>High fit</b> - System Monitoring and Control Software Initiatives - $15,519,671</li><li><b>High fit</b> - Water Treatment Plant or Facility Initiatives; Disinfection Initiatives - $13,100,000</li><li><b>High fit</b> - Water Intake Initiatives; Water Treatment Plant or Facility Initiatives - $nan</li><li><b>High fit</b> - Water Treatment Plant or Facility Initiatives - $nan</li></ul>]]></description><Point><coordinates>-121.480905,38.579055,0</coordinates></Point></Placemark>
<Placemark><name>City of Santa Cruz</name><styleUrl>#s0</styleUrl><description><![CDATA[<b>City of Santa Cruz</b> (CA)<br/>EAE score: <b>80.0</b> &nbsp;|&nbsp; Status: <b>Blocked</b><br/>Population: 64,725<br/>County: Santa Cruz<br/>Opportunities: 6 (6 high-fit, 6 priority)<br/>Total value: $160,800,284<br/><br/><b>Contact:</b> Nathan Nguyen, Public Works Director<br/>nnguyen@santacruzca.gov 1-831-420-5160<br/><br/><b>Top opportunities:</b><ul><li><b>High fit</b> - Water Treatment Plant or Facility Initiatives - $128,000,000</li><li><b>High fit</b> - Water Treatment Plant or Facility Initiatives - $17,163,986</li><li><b>High fit</b> - Pump Station Initiatives - $11,105,032</li><li><b>High fit</b> - Flooding / CSO Initiatives; Pump Station Initiatives - $2,731,266</li><li><b>High fit</b> - Wastewater Treatment Plant or Facility Initiatives - $1,750,000</li><li><b>High fit</b> - Wastewater Treatment Plant or Facility Initiatives; Collection System-Wide Initiatives - $50,000</li></ul>]]></description><Point><coordinates>-122.111126,37.052748,0</coordinates></Point></Placemark>
<Placemark><name>City of Chandler</name><styleUrl>#s0</styleUrl><description><![CDATA[<b>City of Chandler</b> (AZ)<br/>EAE score: <b>80.0</b> &nbsp;|&nbsp; Status: <b>Blocked</b><br/>Population: 257,165<br/>County: Maricopa<br/>Opportunities: 15 (15 high-fit, 12 priority)<br/>Total value: $1,487,227,047<br/><br/><b>Contact:</b> John Pombier, City Manager<br/>john.pombier@chandleraz.gov 1-480-782-2210<br/><br/><b>Top opportunities:</b><ul><li><b>High fit</b> - Water Treatment Plant or Facility Initiatives; Financial - $373,108,000</li><li><b>High fit</b> - Water Treatment Plant or Facility Initiatives; Water Purification Initiatives - $303,163,047</li><li><b>High fit</b> - Financial; Water Treatment Plant or Facility Initiatives - $222,712,000</li><li><b>High fit</b> - Financial; Wastewater Treatment Plant or Facility Initiatives - $194,159,000</li><li><b>High fit</b> - Financial; Water Treatment Plant or Facility Initiatives - $154,510,000</li><li><b>High fit</b> - Electrical Systems-Wide Initiatives; Pipe Initiatives - $55,890,000</li></ul>]]></description><Point><coordinates>-111.824367,33.325991,0</coordinates></Point></Placemark>
<Placemark><name>City of Peoria</name><styleUrl>#s0</styleUrl><description><![CDATA[<b>City of Peoria</b> (AZ)<br/>EAE score: <b>80.0</b> &nbsp;|&nbsp; Status: <b>Blocked</b><br/>Population: 168,196<br/>County: Maricopa<br/>Opportunities: 8 (8 high-fit, 6 priority)<br/>Total value: $31,452,320<br/><br/><b>Contact:</b> Brent Mattingly, Finance &amp; Budget Director<br/>brent.mattingly@peoriaaz.gov 1-623-773-7134<br/><br/><b>Top opportunities:</b><ul><li><b>High fit</b> - Pump Station Initiatives; Reservoir Initiatives - $17,126,000</li><li><b>High fit</b> - Water Treatment Plant or Facility Initiatives - $5,421,700</li><li><b>High fit</b> - Water Treatment Plant or Facility Initiatives - $4,609,420</li><li><b>High fit</b> - Lift Station Initiatives; Financial - $4,200,000</li><li><b>High fit</b> - Pump Initiatives; Pump Station Initiatives - $95,200</li><li><b>High fit</b> - Water Treatment Plant or Facility Initiatives - $nan</li></ul>]]></description><Point><coordinates>-112.18717,33.276539,0</coordinates></Point></Placemark>
<Placemark><name>Town of Gilbert</name><styleUrl>#s0</styleUrl><description><![CDATA[<b>Town of Gilbert</b> (AZ)<br/>EAE score: <b>80.0</b> &nbsp;|&nbsp; Status: <b>Blocked</b><br/>Population: 254,114<br/>County: Maricopa<br/>Opportunities: 12 (12 high-fit, 10 priority)<br/>Total value: $570,319,000<br/><br/><b>Contact:</b> Rebecca Hamel, Water Manager<br/>rebecca.hamel@gilbertaz.gov 1-480-503-6000<br/><br/><b>Top opportunities:</b><ul><li><b>High fit</b> - Water Treatment Plant or Facility Initiatives - $545,230,000</li><li><b>High fit</b> - Financial; Pump Station Initiatives - $13,061,000</li><li><b>High fit</b> - Financial; Lift Station Initiatives - $3,449,000</li><li><b>High fit</b> - System Monitoring and Control Software Initiatives - $2,833,000</li><li><b>High fit</b> - Financial; Lift Station Initiatives - $2,200,000</li><li><b>High fit</b> - Financial; Lift Station Initiatives - $2,200,000</li></ul>]]></description><Point><coordinates>-111.748791,33.314508,0</coordinates></Point></Placemark>
<Placemark><name>Coachella Valley Water District</name><styleUrl>#s0</styleUrl><description><![CDATA[<b>Coachella Valley Water District</b> (CA)<br/>EAE score: <b>80.0</b> &nbsp;|&nbsp; Status: <b>Blocked</b><br/>Population: 2,470,546<br/>County: Riverside<br/>Opportunities: 14 (14 high-fit, 7 priority)<br/>Total value: $50,062,761<br/><br/><b>Contact:</b> Carrie Oliphant, Director Engineering<br/>coliphant@cvwd.org 1-760-398-2651<br/><br/><b>Top opportunities:</b><ul><li><b>High fit</b> - Heavy Metals or Toxic Chemical Initiatives; Water Treatment Plant or Facility Initiatives - $24,000,000</li><li><b>High fit</b> - Lift Station Initiatives - $11,290,200</li><li><b>High fit</b> - Lift Station Initiatives - $3,600,000</li><li><b>High fit</b> - Pump Station Initiatives - $3,200,000</li><li><b>High fit</b> - Lift Station Initiatives - $2,087,561</li><li><b>High fit</b> - Pump Station Initiatives - $1,825,000</li></ul>]]></description><Point><coordinates>-116.402695,33.680623,0</coordinates></Point></Placemark>
<Placemark><name>Clark Regional Wastewater District</name><styleUrl>#s0</styleUrl><description><![CDATA[<b>Clark Regional Wastewater District</b> (WA)<br/>EAE score: <b>80.0</b> &nbsp;|&nbsp; Status: <b>Blocked</b><br/>Population: 474,643<br/>County: Clark<br/>Opportunities: 42 (42 high-fit, 31 priority)<br/>Total value: $99,765,000<br/><br/><b>Contact:</b> John Peterson, General Manager<br/>jpeterson@crwwd.com 1-360-993-8819<br/><br/><b>Top opportunities:</b><ul><li><b>High fit</b> - Pipe Initiatives; Lift Station Initiatives - $15,840,000</li><li><b>High fit</b> - Pipe Initiatives; Lift Station Initiatives - $6,300,000</li><li><b>High fit</b> - Lift Station Initiatives; Pipe Initiatives - $6,050,000</li><li><b>High fit</b> - Lift Station Initiatives - $4,650,000</li><li><b>High fit</b> - Pipe Initiatives; Lift Station Initiatives - $4,580,000</li><li><b>High fit</b> - Pipe Initiatives; Lift Station Initiatives - $4,580,000</li></ul>]]></description><Point><coordinates>-122.661608,45.689187,0</coordinates></Point></Placemark>
<Placemark><name>Irvine Ranch Water District</name><styleUrl>#s0</styleUrl><description><![CDATA[<b>Irvine Ranch Water District</b> (CA)<br/>EAE score: <b>80.0</b> &nbsp;|&nbsp; Status: <b>Blocked</b><br/>Population: 100,000<br/>County: Orange<br/>Opportunities: 17 (17 high-fit, 12 priority)<br/>Total value: $328,167,750<br/><br/><b>Contact:</b> Fiona Sanchez, Director of Water Operations<br/>sanchezf@irwd.com 1-949-453-5300<br/><br/><b>Top opportunities:</b><ul><li><b>High fit</b> - Pump Station Initiatives; Reservoir Initiatives - $291,000,000</li><li><b>High fit</b> - Lift Station Initiatives; Pipe Initiatives - $11,671,000</li><li><b>High fit</b> - Pump Station Initiatives; Pipe Initiatives - $7,700,000</li><li><b>High fit</b> - Consultant Initiatives; Pump Station Initiatives - $6,280,000</li><li><b>High fit</b> - Pump Station Initiatives - $3,048,000</li><li><b>High fit</b> - Pump Station Initiatives - $2,500,000</li></ul>]]></description><Point><coordinates>-117.73269,33.641579,0</coordinates></Point></Placemark>
<Placemark><name>Clark County Water Reclamation District</name><styleUrl>#s0</styleUrl><description><![CDATA[<b>Clark County Water Reclamation District</b> (NV)<br/>EAE score: <b>79.0</b> &nbsp;|&nbsp; Status: <b>Blocked</b><br/>County: Unspecified<br/>Opportunities: 6 (5 high-fit, 4 priority)<br/>Total value: $177,826,025<br/><br/><b>Contact:</b> Thomas (Tom) Minwegen, General Manager<br/>tminwegen@cleanwaterteam.com 1-702-668-8157<br/><br/><b>Top opportunities:</b><ul><li><b>High fit</b> - Pipe Initiatives; Lift Station Initiatives - $61,000,000</li><li><b>High fit</b> - Pump Initiatives; Secondary Treatment Initiatives - $33,118,080</li><li><b>High fit</b> - Secondary Treatment Initiatives; Financial - $33,118,080</li><li><b>High fit</b> - Lift Station Initiatives - $22,900,000</li><li><b>Medium fit</b> - Biosolids and Sludge Management Initiatives; Financial - $14,573,613</li><li><b>High fit</b> - Biosolids and Sludge Management Initiatives; Pump Initiatives - $13,116,252</li></ul>]]></description><Point><coordinates>-114.746447,35.160398,0</coordinates></Point></Placemark>
<Placemark><name>City of Benicia</name><styleUrl>#s0</styleUrl><description><![CDATA[<b>City of Benicia</b> (CA)<br/>EAE score: <b>78.0</b> &nbsp;|&nbsp; Status: <b>Blocked</b><br/>Population: 28,240<br/>County: Solano<br/>Opportunities: 4 (4 high-fit, 4 priority)<br/>Total value: $13,506,000<br/><br/><b>Contact:</b> Jeff Gregory, Wastewater Treatment Plant Superintendent<br/>JGregory@ci.benicia.ca.us 1-707-746-4336<br/><br/><b>Top opportunities:</b><ul><li><b>High fit</b> - Pump Station Initiatives - $6,802,000</li><li><b>High fit</b> - Wastewater Treatment Plant or Facility Initiatives - $2,750,000</li><li><b>High fit</b> - System Monitoring and Control Software Initiatives - $1,977,000</li><li><b>High fit</b> - System Monitoring and Control Software Initiatives - $1,977,000</li></ul>]]></description><Point><coordinates>-122.032061,38.1012,0</coordinates></Point></Placemark>
<Placemark><name>Las Vegas Valley Water District</name><styleUrl>#s0</styleUrl><description><![CDATA[<b>Las Vegas Valley Water District</b> (NV)<br/>EAE score: <b>78.0</b> &nbsp;|&nbsp; Status: <b>Blocked</b><br/>Population: 644,644<br/>County: Clark<br/>Opportunities: 8 (6 high-fit, 6 priority)<br/>Total value: $135,099,500<br/><br/><b>Contact:</b> David Johnson, Deputy General Manager<br/>customerservice@lvvwd.com 1-702-870-2011<br/><br/><b>Top opportunities:</b><ul><li><b>High fit</b> - Pump Station Initiatives; Reservoir Initiatives - $52,900,000</li><li><b>High fit</b> - Pump Station Initiatives; Resevoir Initiatives - $52,900,000</li><li><b>High fit</b> - Reservoir Initiatives; Pump Station Initiatives - $28,100,000</li><li><b>High fit</b> - System Monitoring and Control Software Initiatives - $721,500</li><li><b>High fit</b> - System Monitoring and Control Software Initiatives - $128,000</li><li><b>Medium fit</b> - Distribution System-Wide Initiatives - $123,000</li></ul>]]></description><Point><coordinates>-115.10647,36.17372,0</coordinates></Point></Placemark>
<Placemark><name>Santa Fe Irrigation District</name><styleUrl>#s0</styleUrl><description><![CDATA[<b>Santa Fe Irrigation District</b> (CA)<br/>EAE score: <b>77.0</b> &nbsp;|&nbsp; Status: <b>Blocked</b><br/>Population: 3,338,330<br/>County: San Diego<br/>Opportunities: 10 (9 high-fit, 4 priority)<br/>Total value: $27,384,400<br/><br/><b>Contact:</b> Al Lau, General Manager<br/>nan 1-858-756-2424<br/><br/><b>Top opportunities:</b><ul><li><b>High fit</b> - Electrical Systems-Wide Initiatives; Pump Station Initiatives - $13,400,000</li><li><b>Low fit</b> - Pipe Initiatives; Building Operations and Maintenance Initiatives - $12,600,400</li><li><b>High fit</b> - Wastewater Treatment Plant or Facility Initiatives; Structural Initiatives - $975,000</li><li><b>High fit</b> - System Monitoring and Control Software Initiatives - $216,000</li><li><b>High fit</b> - System Monitoring and Control Software Initiatives - $75,000</li><li><b>High fit</b> - System Monitoring and Control Software Initiatives - $40,000</li></ul>]]></description><Point><coordinates>-117.21569,33.005026,0</coordinates></Point></Placemark>
<Placemark><name>East Bay Municipal Utility District</name><styleUrl>#s0</styleUrl><description><![CDATA[<b>East Bay Municipal Utility District</b> (CA)<br/>EAE score: <b>77.0</b> &nbsp;|&nbsp; Status: <b>Blocked</b><br/>Population: 1,671,329<br/>County: Alameda<br/>Opportunities: 10 (8 high-fit, 4 priority)<br/>Total value: $6,811,500,000<br/><br/><b>Contact:</b> Patrick Cho, Manager<br/>pcho@ebmud.com 1-510-763-1035<br/><br/><b>Top opportunities:</b><ul><li><b>High fit</b> - Reservoir Initiatives; Water Treatment Plant or Facility Initiatives - $5,600,000,000</li><li><b>High fit</b> - Nutrient Initiatives; Wastewater Treatment Plant or Facility Initiatives - $1,200,000,000</li><li><b>High fit</b> - Power Supply, Control, and Protection Initiatives; Wastewater Treatment Plant or Facility Initiatives - $11,500,000</li><li><b>Low fit</b> - Infiltration and Inflow Initiatives; Pipe Initiatives - $nan</li><li><b>High fit</b> - System Monitoring and Control Software Initiatives - $nan</li><li><b>High fit</b> - Water Treatment Plant or Facility Initiatives; Filtration Initiatives - $nan</li></ul>]]></description><Point><coordinates>-122.29878,37.807967,0</coordinates></Point></Placemark>
<Placemark><name>City of Goodyear</name><styleUrl>#s0</styleUrl><description><![CDATA[<b>City of Goodyear</b> (AZ)<br/>EAE score: <b>77.0</b> &nbsp;|&nbsp; Status: <b>Blocked</b><br/>Population: 86,840<br/>County: Maricopa<br/>Opportunities: 9 (9 high-fit, 4 priority)<br/>Total value: $152,738,879<br/><br/><b>Contact:</b> Sumeet Mohan, Public Works Director<br/>sumeet.mohan@goodyearaz.gov 1-623-932-3010<br/><br/><b>Top opportunities:</b><ul><li><b>High fit</b> - Wastewater Treatment Plant or Facility Initiatives - $140,481,100</li><li><b>High fit</b> - Pipe Initiatives; Lift Station Initiatives - $6,143,500</li><li><b>High fit</b> - Power Supply, Control, and Protection Initiatives - $3,000,000</li><li><b>High fit</b> - Lift Station Initiatives; Pipe Initiatives - $2,395,900</li><li><b>High fit</b> - Wastewater Treatment Plant or Facility Initiatives - $718,379</li><li><b>High fit</b> - Wastewater Treatment Plant or Facility Initiatives - $nan</li></ul>]]></description><Point><coordinates>-112.7557438625,33.29005329999997,0</coordinates></Point></Placemark>
<Placemark><name>City of Manteca</name><styleUrl>#s0</styleUrl><description><![CDATA[<b>City of Manteca</b> (CA)<br/>EAE score: <b>76.0</b> &nbsp;|&nbsp; Status: <b>Blocked</b><br/>Population: 83,028<br/>County: San Joaquin<br/>Opportunities: 6 (5 high-fit, 5 priority)<br/>Total value: $14,182,000<br/><br/><b>Contact:</b> Heather Grove, Wastewater Superintendent<br/>hgrove@ci.manteca.ca.us 1-209-456-8473<br/><br/><b>Top opportunities:</b><ul><li><b>High fit</b> - Pump Initiatives; Chemical Treatment Initiatives - $7,600,000</li><li><b>High fit</b> - Water Treatment Plant or Facility Initiatives; Wastewater Treatment Plant or Facility Initiatives - $2,925,000</li><li><b>High fit</b> - Financial; System Monitoring and Control Software Initiatives - $1,374,000</li><li><b>High fit</b> - System Monitoring and Control Software Initiatives - $1,127,000</li><li><b>High fit</b> - System Monitoring and Control Software Initiatives - $1,127,000</li><li><b>Medium fit</b> - Collection System-Wide Initiatives - $29,000</li></ul>]]></description><Point><coordinates>-121.227351,37.743327,0</coordinates></Point></Placemark>
<Placemark><name>Contra Costa Water District</name><styleUrl>#s0</styleUrl><description><![CDATA[<b>Contra Costa Water District</b> (CA)<br/>EAE score: <b>76.0</b> &nbsp;|&nbsp; Status: <b>Blocked</b><br/>Population: 1,153,526<br/>County: Contra Costa<br/>Opportunities: 5 (4 high-fit, 5 priority)<br/>Total value: $209,070,000<br/><br/><b>Contact:</b> Jill Mosley, Principal Engineer<br/>jmosley@ccwater.com 1-925-688-8127<br/><br/><b>Top opportunities:</b><ul><li><b>High fit</b> - Water Treatment Plant or Facility Initiatives - $103,370,000</li><li><b>High fit</b> - Water Treatment Plant or Facility Initiatives - $47,300,000</li><li><b>High fit</b> - Water Treatment Plant or Facility Initiatives - $37,100,000</li><li><b>High fit</b> - Water Treatment Plant or Facility Initiatives - $21,300,000</li><li><b>Medium fit</b> - Distribution System-Wide Initiatives; Valve Initiatives - $nan</li></ul>]]></description><Point><coordinates>-122.013355,37.988871,0</coordinates></Point></Placemark>
<Placemark><name>Metropolitan Water District of Southern California</name><styleUrl>#s0</styleUrl><description><![CDATA[<b>Metropolitan Water District of Southern California</b> (CA)<br/>EAE score: <b>75.0</b> &nbsp;|&nbsp; Status: <b>Blocked</b><br/>Population: 10,039,107<br/>County: Los Angeles<br/>Opportunities: 9 (7 high-fit, 4 priority)<br/>Total value: $239,408,611<br/><br/><b>Contact:</b> Katano Kasaine, Chief Financial Officer<br/>kkasaine@mwdh2o.com 1-213-217-7121<br/><br/><b>Top opportunities:</b><ul><li><b>High fit</b> - Water Treatment Plant or Facility Initiatives - $122,760,000</li><li><b>High fit</b> - Pump Station Initiatives - $110,000,000</li><li><b>High fit</b> - Wastewater Treatment Plant or Facility Initiatives - $5,828,611</li><li><b>High fit</b> - Pump Station Initiatives; Water Tank or Tower Initiatives - $485,000</li><li><b>Medium fit</b> - Distribution System-Wide Initiatives - $335,000</li><li><b>High fit</b> - Power Supply, Control, and Protection Initiatives; Water Tank or Tower Initiatives - $nan</li></ul>]]></description><Point><coordinates>-118.298662,33.786594,0</coordinates></Point></Placemark>
<Placemark><name>City of Ridgefield and Clark Regional Wastewater District</name><styleUrl>#s0</styleUrl><description><![CDATA[<b>City of Ridgefield and Clark Regional Wastewater District</b> (WA)<br/>EAE score: <b>73.4</b> &nbsp;|&nbsp; Status: <b>Blocked</b><br/>Population: 9,153<br/>County: Clark<br/>Opportunities: 5 (5 high-fit, 3 priority)<br/>Total value: $4,680,000<br/><br/><b>Contact:</b> Robin Krause, Principal Engineer (Transmission &amp; Treatment)<br/>rkrause@crwwd.com 1-360-993-4000<br/><br/><b>Top opportunities:</b><ul><li><b>High fit</b> - Pump Station Initiatives - $3,500,000</li><li><b>High fit</b> - Pump Station Initiatives - $1,180,000</li><li><b>High fit</b> - Pipe Initiatives; Pump Initiatives - $nan</li><li><b>High fit</b> - Pump Station Initiatives - $nan</li><li><b>High fit</b> - Pump Station Initiatives - $nan</li></ul>]]></description><Point><coordinates>-122.520347,45.801586,0</coordinates></Point></Placemark>
<Placemark><name>City of Huntington Beach</name><styleUrl>#s0</styleUrl><description><![CDATA[<b>City of Huntington Beach</b> (CA)<br/>EAE score: <b>73.0</b> &nbsp;|&nbsp; Status: <b>Blocked</b><br/>Population: 199,223<br/>County: Orange<br/>Opportunities: 6 (5 high-fit, 6 priority)<br/>Total value: $40,084,257<br/><br/><b>Contact:</b> Travis Hopkins, City Manager<br/>city.manager@surfcity-hb.org 1-714-536-5202<br/><br/><b>Top opportunities:</b><ul><li><b>High fit</b> - Lift Station Initiatives; Pipe Initiatives - $18,376,341</li><li><b>High fit</b> - Lift Station Initiatives - $6,000,000</li><li><b>High fit</b> - Lift Station Initiatives - $5,350,000</li><li><b>High fit</b> - Lift Station Initiatives - $4,357,916</li><li><b>High fit</b> - Lift Station Initiatives - $4,350,000</li><li><b>Medium fit</b> - Financial; Operations-Wide Initiatives - $1,650,000</li></ul>]]></description><Point><coordinates>-117.769442,33.640302,0</coordinates></Point></Placemark>
<Placemark><name>City of Calexico</name><styleUrl>#s0</styleUrl><description><![CDATA[<b>City of Calexico</b> (CA)<br/>EAE score: <b>72.8</b> &nbsp;|&nbsp; Status: <b>Blocked</b><br/>Population: 39,825<br/>County: Imperial<br/>Opportunities: 9 (8 high-fit, 4 priority)<br/>Total value: $2,101,000<br/><br/><b>Contact:</b> Karla Chaparro, Finance Director<br/>kchaparro@calexico.ca.gov +1-760-768-2130<br/><br/><b>Top opportunities:</b><ul><li><b>High fit</b> - Lift Station Initiatives - $1,700,000</li><li><b>Medium fit</b> - Collection System-Wide Initiatives - $201,000</li><li><b>High fit</b> - System Monitoring and Control Software Initiatives - $200,000</li><li><b>High fit</b> - Water Treatment Plant or Facility Initiatives - $nan</li><li><b>High fit</b> - Wastewater Treatment Plant or Facility Initiatives - $nan</li><li><b>High fit</b> - Water Treatment Plant or Facility Initiatives - $nan</li></ul>]]></description><Point><coordinates>-115.518355,32.946832,0</coordinates></Point></Placemark>
<Placemark><name>Las Virgenes Municipal Water District</name><styleUrl>#s0</styleUrl><description><![CDATA[<b>Las Virgenes Municipal Water District</b> (CA)<br/>EAE score: <b>71.0</b> &nbsp;|&nbsp; Status: <b>Blocked</b><br/>Population: 10,039,107<br/>County: Los Angeles<br/>Opportunities: 5 (5 high-fit, 3 priority)<br/>Total value: $379,773,031<br/><br/><b>Contact:</b> Joe McDermott, Assistant General Manager<br/>jmcdermott@lvmwd.com 1-818-251-2130<br/><br/><b>Top opportunities:</b><ul><li><b>High fit</b> - Tertiary Treatment Initiatives; Pipe Initiatives - $364,663,031</li><li><b>High fit</b> - Financial; Pump Station Initiatives - $15,000,000</li><li><b>High fit</b> - System Monitoring and Control Software Initiatives - $110,000</li><li><b>High fit</b> - System Monitoring and Control Software Initiatives - $nan</li><li><b>High fit</b> - Lift Station Initiatives - $nan</li></ul>]]></description><Point><coordinates>-118.298662,33.786594,0</coordinates></Point></Placemark>
<Placemark><name>Western Municipal Water District</name><styleUrl>#s0</styleUrl><description><![CDATA[<b>Western Municipal Water District</b> (CA)<br/>EAE score: <b>71.0</b> &nbsp;|&nbsp; Status: <b>Blocked</b><br/>Population: 331,360<br/>County: Riverside<br/>Opportunities: 5 (5 high-fit, 2 priority)<br/>Total value: $18,050,000<br/><br/><b>Contact:</b> Chris Fike, Director of Maintenance Operations<br/>cfike@wmwd.com 1-951-789-5133<br/><br/><b>Top opportunities:</b><ul><li><b>High fit</b> - Power Supply, Control, and Protection Initiatives - $10,000,000</li><li><b>High fit</b> - Lift Station Initiatives - $8,050,000</li><li><b>High fit</b> - System Monitoring and Control Software Initiatives - $nan</li><li><b>High fit</b> - Lift Station Initiatives - $nan</li><li><b>High fit</b> - Lift Station Initiatives - $nan</li></ul>]]></description><Point><coordinates>-116.055617,33.752886,0</coordinates></Point></Placemark>
<Placemark><name>Port Of Seattle</name><styleUrl>#s0</styleUrl><description><![CDATA[<b>Port Of Seattle</b> (WA)<br/>EAE score: <b>70.0</b> &nbsp;|&nbsp; Status: <b>Blocked</b><br/>Population: 2,253,000<br/>County: King<br/>Opportunities: 7 (6 high-fit, 1 priority)<br/>Total value: $107,451,000<br/><br/><b>Contact:</b> Janice Zahn, Director of Engineering<br/>zahn.j@portseattle.org 1-206-787-3798<br/><br/><b>Top opportunities:</b><ul><li><b>High fit</b> - Financial; Lift Station Initiatives - $100,000,000</li><li><b>High fit</b> - Lift Station Initiatives - $2,500,000</li><li><b>High fit</b> - Financial; Lift Station Initiatives - $2,139,000</li><li><b>High fit</b> - Lift Station Initiatives - $1,918,000</li><li><b>High fit</b> - Pump Station Initiatives; Financial - $874,000</li><li><b>Medium fit</b> - Financial; Collection System-Wide Initiatives - $20,000</li></ul>]]></description><Point><coordinates>-121.803388,47.432251,0</coordinates></Point></Placemark>
<Placemark><name>City of Roseville</name><styleUrl>#s0</styleUrl><description><![CDATA[<b>City of Roseville</b> (CA)<br/>EAE score: <b>68.8</b> &nbsp;|&nbsp; Status: <b>Blocked</b><br/>Population: 139,117<br/>County: Placer<br/>Opportunities: 8 (7 high-fit, 5 priority)<br/>Total value: $9,916,750<br/><br/><b>Contact:</b> Jason Shykowski, Public Works Director<br/>jshykowski@roseville.ca.us 1-916-746-5331<br/><br/><b>Top opportunities:</b><ul><li><b>Low fit</b> - Pipe Initiatives; Financial - $5,500,000</li><li><b>High fit</b> - System Monitoring and Control Software Initiatives; Financial - $1,750,000</li><li><b>High fit</b> - Financial; System Monitoring and Control Software Initiatives - $1,000,000</li><li><b>High fit</b> - Financial; Wastewater Treatment Plant or Facility Initiatives - $1,000,000</li><li><b>High fit</b> - Financial; Secondary Treatment Initiatives - $500,000</li><li><b>High fit</b> - System Monitoring and Control Software Initiatives - $166,750</li></ul>]]></description><Point><coordinates>-82.936069,42.509635,0</coordinates></Point></Placemark>
<Placemark><name>Orange County Sanitation District</name><styleUrl>#s0</styleUrl><description><![CDATA[<b>Orange County Sanitation District</b> (CA)<br/>EAE score: <b>68.0</b> &nbsp;|&nbsp; Status: <b>Blocked</b><br/>Population: 2,600,000<br/>County: Orange<br/>Opportunities: 9 (9 high-fit, 1 priority)<br/>Total value: $17,774,000<br/><br/><b>Contact:</b> Mike Dorman, Director of Engineering<br/>mdorman@ocsan.gov 1-714-593-7014<br/><br/><b>Top opportunities:</b><ul><li><b>High fit</b> - Lift Station Initiatives - $17,774,000</li><li><b>High fit</b> - Pipe Initiatives; Lift Station Initiatives - $nan</li><li><b>High fit</b> - Lift Station Initiatives - $nan</li><li><b>High fit</b> - Pipe Initiatives; Lift Station Initiatives - $nan</li><li><b>High fit</b> - Lift Station Initiatives - $nan</li><li><b>High fit</b> - Pipe Initiatives; Lift Station Initiatives - $nan</li></ul>]]></description><Point><coordinates>-117.769442,33.640302,0</coordinates></Point></Placemark>
<Placemark><name>Southern Nevada Water Authority</name><styleUrl>#s0</styleUrl><description><![CDATA[<b>Southern Nevada Water Authority</b> (NV)<br/>EAE score: <b>68.0</b> &nbsp;|&nbsp; Status: <b>Blocked</b><br/>Population: 644,644<br/>County: Clark<br/>Opportunities: 6 (5 high-fit, 3 priority)<br/>Total value: $146,396,000<br/><br/><b>Contact:</b> J.C. Davis, Chief Operations Officer<br/>jc.davis@snwa.com 1-702-258-3930<br/><br/><b>Top opportunities:</b><ul><li><b>Low fit</b> - Pipe Initiatives; Substation Initiatives - $134,000,000</li><li><b>High fit</b> - Pipe Initiatives; Pump Station Initiatives - $5,324,000</li><li><b>High fit</b> - Pipe Initiatives; Pump Station Initiatives - $3,551,000</li><li><b>High fit</b> - System Monitoring and Control Software Initiatives - $2,300,000</li><li><b>High fit</b> - Wastewater Treatment Plant or Facility Initiatives; Water Reuse Initiatives - $1,000,000</li><li><b>High fit</b> - Power Supply, Control, and Protection Initiatives - $221,000</li></ul>]]></description><Point><coordinates>-115.208529,36.169069,0</coordinates></Point></Placemark>
<Placemark><name>City of Brentwood</name><styleUrl>#s0</styleUrl><description><![CDATA[<b>City of Brentwood</b> (CA)<br/>EAE score: <b>68.0</b> &nbsp;|&nbsp; Status: <b>Blocked</b><br/>Population: 65,618<br/>County: Contra Costa<br/>Opportunities: 5 (5 high-fit, 4 priority)<br/>Total value: $115,320,000<br/><br/><b>Contact:</b> J. Wolfe, Project Manager<br/>jwolfe@brentwoodca.gov 1-925-260-4794<br/><br/><b>Top opportunities:</b><ul><li><b>High fit</b> - Financial; Water Treatment Plant or Facility Initiatives - $100,000,000</li><li><b>High fit</b> - Electrical Systems-Wide Initiatives; Road Initiatives - $4,350,000</li><li><b>High fit</b> - Pump Station Initiatives - $4,035,000</li><li><b>High fit</b> - Pump Station Initiatives - $4,035,000</li><li><b>High fit</b> - Pretreatment Initiatives; Power Supply, Control, and Protection Initiatives - $2,900,000</li></ul>]]></description><Point><coordinates>-121.843071,37.912274,0</coordinates></Point></Placemark>
<Placemark><name>City of Antioch</name><styleUrl>#s0</styleUrl><description><![CDATA[<b>City of Antioch</b> (CA)<br/>EAE score: <b>67.9</b> &nbsp;|&nbsp; Status: <b>Blocked</b><br/>Population: 111,502<br/>County: Contra Costa<br/>Opportunities: 6 (5 high-fit, 6 priority)<br/>Total value: $4,037,341<br/><br/><b>Contact:</b> Marcus Woodland, Project Manager<br/>mwoodland@antiochca.gov 91-92577-83911<br/><br/><b>Top opportunities:</b><ul><li><b>Medium fit</b> - Distribution System-Wide Initiatives; Valve Initiatives - $1,100,000</li><li><b>High fit</b> - Water Treatment Plant or Facility Initiatives - $1,000,000</li><li><b>High fit</b> - Water Treatment Plant or Facility Initiatives - $787,341</li><li><b>High fit</b> - Financial; Water Treatment Plant or Facility Initiatives - $500,000</li><li><b>High fit</b> - Water Treatment Plant or Facility Initiatives - $500,000</li><li><b>High fit</b> - Water Treatment Plant or Facility Initiatives - $150,000</li></ul>]]></description><Point><coordinates>-121.906748,37.931997,0</coordinates></Point></Placemark>
<Placemark><name>City of Bend</name><styleUrl>#s0</styleUrl><description><![CDATA[<b>City of Bend</b> (OR)<br/>EAE score: <b>67.0</b> &nbsp;|&nbsp; Status: <b>Blocked</b><br/>Population: 100,421<br/>County: Deschutes<br/>Opportunities: 5 (4 high-fit, 3 priority)<br/>Total value: $33,220,000<br/><br/><b>Contact:</b> Mike Buettner, Utility Director<br/>mbuettner@bendoregon.gov 1-541-388-5515<br/><br/><b>Top opportunities:</b><ul><li><b>Medium fit</b> - Collection System-Wide Initiatives; Pipe Initiatives - $22,000,000</li><li><b>High fit</b> - Lift Station Initiatives - $10,220,000</li><li><b>High fit</b> - Wastewater Treatment Plant or Facility Initiatives - $1,000,000</li><li><b>High fit</b> - Wastewater Treatment Plant or Facility Initiatives - $nan</li><li><b>High fit</b> - Pump Station Initiatives - $nan</li></ul>]]></description><Point><coordinates>-120.51736112121213,43.80528472727271,0</coordinates></Point></Placemark>
<Placemark><name>Yorba Linda Water District</name><styleUrl>#s0</styleUrl><description><![CDATA[<b>Yorba Linda Water District</b> (CA)<br/>EAE score: <b>65.0</b> &nbsp;|&nbsp; Status: <b>Blocked</b><br/>Population: 100,000<br/>County: Orange<br/>Opportunities: 7 (7 high-fit, 0 priority)<br/>Total value: $24,000,931<br/><br/><b>Contact:</b> Christine McIlrevey, Finance Manager<br/>cmcilrevey@ylwd.com 1-714-701-3042<br/><br/><b>Top opportunities:</b><ul><li><b>High fit</b> - Pipe Initiatives; Lift Station Initiatives - $10,800,000</li><li><b>High fit</b> - Pump Station Initiatives - $8,200,965</li><li><b>High fit</b> - Pump Station Initiatives - $4,084,966</li><li><b>High fit</b> - Pump Station Initiatives - $450,000</li><li><b>High fit</b> - Water Tank or Tower Initiatives; Water Treatment Plant or Facility Initiatives - $430,000</li><li><b>High fit</b> - System Monitoring and Control Software Initiatives - $35,000</li></ul>]]></description><Point><coordinates>-117.769442,33.640302,0</coordinates></Point></Placemark>
<Placemark><name>San Bernardino Municipal Water Department</name><styleUrl>#s0</styleUrl><description><![CDATA[<b>San Bernardino Municipal Water Department</b> (CA)<br/>EAE score: <b>64.7</b> &nbsp;|&nbsp; Status: <b>Blocked</b><br/>Population: 10,000<br/>County: San Bernardino<br/>Opportunities: 7 (7 high-fit, 3 priority)<br/>Total value: $335,000<br/><br/><b>Contact:</b> Robin L. Ohama, Deputy General Manager<br/>robin.ohama@sbmwd.org 1-909-384-5141<br/><br/><b>Top opportunities:</b><ul><li><b>High fit</b> - System Monitoring and Control Software Initiatives - $170,000</li><li><b>High fit</b> - System Monitoring and Control Software Initiatives - $165,000</li><li><b>High fit</b> - System Monitoring and Control Software Initiatives - $nan</li><li><b>High fit</b> - Pipe Initiatives; Pretreatment Initiatives - $nan</li><li><b>High fit</b> - Lift Station Initiatives - $nan</li><li><b>High fit</b> - Wastewater Treatment Plant or Facility Initiatives - $nan</li></ul>]]></description><Point><coordinates>-116.701168,34.850671,0</coordinates></Point></Placemark>
<Placemark><name>City of Henderson</name><styleUrl>#s0</styleUrl><description><![CDATA[<b>City of Henderson</b> (NV)<br/>EAE score: <b>64.1</b> &nbsp;|&nbsp; Status: <b>Blocked</b><br/>Population: 310,390<br/>County: Clark<br/>Opportunities: 5 (4 high-fit, 5 priority)<br/>Total value: $8,643,700<br/><br/><b>Contact:</b> Maria Gamboa, Director of Finance<br/>Maria.Gamboa@cityofhenderson.com 1-702-267-1707<br/><br/><b>Top opportunities:</b><ul><li><b>High fit</b> - Valve Initiatives; Lift Station Initiatives - $4,904,000</li><li><b>High fit</b> - System Monitoring and Control Software Initiatives - $2,500,000</li><li><b>Low fit</b> - Bus System Initiatives; Electrical Transmission and Distribution Initiatives - $589,700</li><li><b>High fit</b> - Pump Initiatives; Lift Station Initiatives - $450,000</li><li><b>High fit</b> - Lift Station Initiatives; Pipe Initiatives - $200,000</li></ul>]]></description><Point><coordinates>-115.193902,35.98395,0</coordinates></Point></Placemark>
<Placemark><name>Orange County Water District</name><styleUrl>#s0</styleUrl><description><![CDATA[<b>Orange County Water District</b> (CA)<br/>EAE score: <b>62.0</b> &nbsp;|&nbsp; Status: <b>Blocked</b><br/>Population: 100,000<br/>County: Orange<br/>Opportunities: 5 (4 high-fit, 3 priority)<br/>Total value: $550,360,000<br/><br/><b>Contact:</b> Chris Olsen, Executive Director of Engineering/Water Resources<br/>colsen@ocwd.com 1-714-378-3232<br/><br/><b>Top opportunities:</b><ul><li><b>High fit</b> - Emerging Contaminants Initiatives; Water Treatment Plant or Facility Initiatives - $550,000,000</li><li><b>High fit</b> - Pump Station Initiatives - $200,000</li><li><b>High fit</b> - System Monitoring and Control Software Initiatives - $100,000</li><li><b>High fit</b> - Financial; System Monitoring and Control Software Initiatives - $60,000</li><li><b>Low fit</b> - Technology Innovation Initiatives - $nan</li></ul>]]></description><Point><coordinates>-117.769442,33.640302,0</coordinates></Point></Placemark>
<Placemark><name>Helix Water District</name><styleUrl>#s0</styleUrl><description><![CDATA[<b>Helix Water District</b> (CA)<br/>EAE score: <b>60.6</b> &nbsp;|&nbsp; Status: <b>Blocked</b><br/>Population: 3,338,330<br/>County: San Diego<br/>Opportunities: 9 (3 high-fit, 8 priority)<br/>Total value: $5,796,000<br/><br/><b>Contact:</b> Luis Valdez, Director of Water Quality and System Operations<br/>luis.valdez@helixwater.org 1-619-667-6203<br/><br/><b>Top opportunities:</b><ul><li><b>Medium fit</b> - Pipe Initiatives; Distribution System-Wide Initiatives - $1,500,000</li><li><b>Medium fit</b> - Distribution System-Wide Initiatives - $1,500,000</li><li><b>Medium fit</b> - Distribution System-Wide Initiatives - $1,500,000</li><li><b>High fit</b> - Pump Station Initiatives; Valve Initiatives - $1,010,000</li><li><b>High fit</b> - Pipe Initiatives; Pump Station Initiatives - $200,000</li><li><b>High fit</b> - Pump Station Initiatives - $66,000</li></ul>]]></description><Point><coordinates>-117.018638,32.781084,0</coordinates></Point></Placemark>
<Placemark><name>City of Orange</name><styleUrl>#s0</styleUrl><description><![CDATA[<b>City of Orange</b> (CA)<br/>EAE score: <b>57.8</b> &nbsp;|&nbsp; Status: <b>Blocked</b><br/>Population: 134,475<br/>County: Orange<br/>Opportunities: 6 (6 high-fit, 4 priority)<br/>Total value: $4,875,000<br/><br/><b>Contact:</b> Christopher Cash, Director of Public Works<br/>ccash@cityoforange.org 1-714-744-5525<br/><br/><b>Top opportunities:</b><ul><li><b>High fit</b> - Pump Station Initiatives - $1,600,000</li><li><b>High fit</b> - Pump Station Initiatives - $1,500,000</li><li><b>High fit</b> - Pump Station Initiatives - $1,200,000</li><li><b>High fit</b> - System Monitoring and Control Software Initiatives - $375,000</li><li><b>High fit</b> - Financial; Water Treatment Plant or Facility Initiatives - $200,000</li><li><b>High fit</b> - Pump Station Initiatives - $nan</li></ul>]]></description><Point><coordinates>-117.769442,33.640302,0</coordinates></Point></Placemark>
<Placemark><name>City of Napa</name><styleUrl>#s0</styleUrl><description><![CDATA[<b>City of Napa</b> (CA)<br/>EAE score: <b>56.0</b> &nbsp;|&nbsp; Status: <b>Blocked</b><br/>Population: 78,130<br/>County: Napa<br/>Opportunities: 3 (3 high-fit, 3 priority)<br/>Total value: $37,900,000<br/><br/><b>Contact:</b> Steve Potter, City Manager<br/>spotter@cityofnapa.org 1-707-257-9501<br/><br/><b>Top opportunities:</b><ul><li><b>High fit</b> - Water Treatment Plant or Facility Initiatives - $34,000,000</li><li><b>High fit</b> - Pump Station Initiatives - $2,000,000</li><li><b>High fit</b> - System Monitoring and Control Software Initiatives - $1,900,000</li></ul>]]></description><Point><coordinates>-122.311685,38.256973,0</coordinates></Point></Placemark>
<Placemark><name>County of Napa</name><styleUrl>#s0</styleUrl><description><![CDATA[<b>County of Napa</b> (CA)<br/>EAE score: <b>56.0</b> &nbsp;|&nbsp; Status: <b>Blocked</b><br/>Population: 137,744<br/>County: Napa<br/>Opportunities: 3 (3 high-fit, 3 priority)<br/>Total value: $12,444,500<br/><br/><b>Contact:</b> Ryan Alsop, County Executive Officer<br/>ryan.alsop@countyofnapa.org 1-707-253-4421<br/><br/><b>Top opportunities:</b><ul><li><b>High fit</b> - Wastewater Treatment Plant or Facility Initiatives - $8,000,000</li><li><b>High fit</b> - Pipe Initiatives; Pump Initiatives - $4,044,500</li><li><b>High fit</b> - Lift Station Initiatives - $400,000</li></ul>]]></description><Point><coordinates>-122.311685,38.256973,0</coordinates></Point></Placemark>
<Placemark><name>Central Coast Water Authority</name><styleUrl>#s0</styleUrl><description><![CDATA[<b>Central Coast Water Authority</b> (CA)<br/>EAE score: <b>54.9</b> &nbsp;|&nbsp; Status: <b>Blocked</b><br/>Population: 5,102<br/>County: Santa Barbara<br/>Opportunities: 5 (5 high-fit, 0 priority)<br/>Total value: $1,450,000<br/><br/><b>Contact:</b> Ray Stokes, Executive Director<br/>ras@ccwa.com 1-805-688-2292<br/><br/><b>Top opportunities:</b><ul><li><b>High fit</b> - System Monitoring and Control Software Initiatives - $650,000</li><li><b>High fit</b> - System Monitoring and Control Software Initiatives - $400,000</li><li><b>High fit</b> - System Monitoring and Control Software Initiatives - $400,000</li><li><b>High fit</b> - System Monitoring and Control Software Initiatives - $nan</li><li><b>High fit</b> - System Monitoring and Control Software Initiatives - $nan</li></ul>]]></description><Point><coordinates>-120.201469,34.635927,0</coordinates></Point></Placemark>
<Placemark><name>City of Santa Barbara</name><styleUrl>#s0</styleUrl><description><![CDATA[<b>City of Santa Barbara</b> (CA)<br/>EAE score: <b>52.7</b> &nbsp;|&nbsp; Status: <b>Blocked</b><br/>Population: 91,364<br/>County: Santa Barbara<br/>Opportunities: 5 (3 high-fit, 4 priority)<br/>Total value: $10,395,000<br/><br/><b>Contact:</b> Keith DeMartini, Finance Director<br/>kdemartini@santabarbaraca.gov 1-805-564-5336<br/><br/><b>Top opportunities:</b><ul><li><b>High fit</b> - Lift Station Initiatives - $4,900,000</li><li><b>Medium fit</b> - Collection System-Wide Initiatives - $4,550,000</li><li><b>High fit</b> - Wastewater Treatment Plant or Facility Initiatives - $700,000</li><li><b>High fit</b> - Pump Station Initiatives - $245,000</li><li><b>Low fit</b> - Staffing Initiatives - $nan</li></ul>]]></description><Point><coordinates>-119.707135,34.421897,0</coordinates></Point></Placemark>
<Placemark><name>Nevada Irrigation District</name><styleUrl>#s0</styleUrl><description><![CDATA[<b>Nevada Irrigation District</b> (CA)<br/>EAE score: <b>52.1</b> &nbsp;|&nbsp; Status: <b>Blocked</b><br/>Population: 99,755<br/>County: Nevada<br/>Opportunities: 8 (7 high-fit, 1 priority)<br/>Total value: $140,038,000<br/><br/><b>Contact:</b> Doug Roderick, Interim Engineering Manager<br/>engdepartment@nidwater.com 1-530-271-6863<br/><br/><b>Top opportunities:</b><ul><li><b>Medium fit</b> - Distribution System-Wide Initiatives - $139,000,000</li><li><b>High fit</b> - Water Treatment Plant or Facility Initiatives - $250,000</li><li><b>High fit</b> - System Monitoring and Control Software Initiatives - $208,000</li><li><b>High fit</b> - System Monitoring and Control Software Initiatives - $200,000</li><li><b>High fit</b> - System Monitoring and Control Software Initiatives - $100,000</li><li><b>High fit</b> - System Monitoring and Control Software Initiatives - $100,000</li></ul>]]></description><Point><coordinates>-120.95855,39.196288,0</coordinates></Point></Placemark>
<Placemark><name>City of San Jose</name><styleUrl>#s0</styleUrl><description><![CDATA[<b>City of San Jose</b> (CA)<br/>EAE score: <b>50.9</b> &nbsp;|&nbsp; Status: <b>Blocked</b><br/>Population: 1,021,795<br/>County: Santa Clara<br/>Opportunities: 3 (3 high-fit, 3 priority)<br/>Total value: $7,449,000<br/><br/><b>Contact:</b> Matt Loesch, Director of Public Works<br/>matt.loesch@sanjoseca.gov 1-408-535-8300<br/><br/><b>Top opportunities:</b><ul><li><b>High fit</b> - Lift Station Initiatives - $6,260,000</li><li><b>High fit</b> - Pump Initiatives; Power Supply, Control, and Protection Initiatives - $939,000</li><li><b>High fit</b> - Wastewater-Wide Initiatives; Pump Initiatives - $250,000</li></ul>]]></description><Point><coordinates>-121.705327,37.189396,0</coordinates></Point></Placemark>
<Placemark><name>Goleta Water District</name><styleUrl>#s0</styleUrl><description><![CDATA[<b>Goleta Water District</b> (CA)<br/>EAE score: <b>49.6</b> &nbsp;|&nbsp; Status: <b>Blocked</b><br/>Population: 446,499<br/>County: Santa Barbara<br/>Opportunities: 4 (4 high-fit, 2 priority)<br/>Total value: $5,319,851<br/><br/><b>Contact:</b> David Matson, General Manager<br/>dmatson@goletawater.com 1-805-879-4624<br/><br/><b>Top opportunities:</b><ul><li><b>High fit</b> - Financial; System Monitoring and Control Software Initiatives - $3,570,000</li><li><b>High fit</b> - Pump Station Initiatives - $1,700,000</li><li><b>High fit</b> - Pump Station Initiatives - $49,851</li><li><b>High fit</b> - Lift Station Initiatives - $nan</li></ul>]]></description><Point><coordinates>-119.906198,34.539027,0</coordinates></Point></Placemark>
<Placemark><name>City of Puyallup</name><styleUrl>#s0</styleUrl><description><![CDATA[<b>City of Puyallup</b> (WA)<br/>EAE score: <b>47.3</b> &nbsp;|&nbsp; Status: <b>Blocked</b><br/>Population: 42,361<br/>County: Pierce<br/>Opportunities: 3 (3 high-fit, 3 priority)<br/>Total value: $650,000<br/><br/><b>Contact:</b> Steve Kirkelie, City Manager<br/>skirkelie@puyallupwa.gov 1-253-841-4321<br/><br/><b>Top opportunities:</b><ul><li><b>High fit</b> - Lift Station Initiatives - $250,000</li><li><b>High fit</b> - System Monitoring and Control Software Initiatives - $250,000</li><li><b>High fit</b> - Lift Station Initiatives; Financial - $150,000</li></ul>]]></description><Point><coordinates>-122.317148,47.212822,0</coordinates></Point></Placemark>
<Placemark><name>City of Riverside</name><styleUrl>#s0</styleUrl><description><![CDATA[<b>City of Riverside</b> (CA)<br/>EAE score: <b>47.2</b> &nbsp;|&nbsp; Status: <b>Blocked</b><br/>Population: 331,360<br/>County: Riverside<br/>Opportunities: 4 (3 high-fit, 2 priority)<br/>Total value: $7,100,000<br/><br/><b>Contact:</b> David Garcia, General Manager<br/>dagarcia@riversideca.gov 1-951-351-6331<br/><br/><b>Top opportunities:</b><ul><li><b>High fit</b> - Lift Station Initiatives - $5,000,000</li><li><b>High fit</b> - Pump Station Initiatives - $1,500,000</li><li><b>High fit</b> - Pump Initiatives; Biosolids and Sludge Management Initiatives - $600,000</li><li><b>Low fit</b> - Staffing Initiatives - $nan</li></ul>]]></description><Point><coordinates>-116.055617,33.752886,0</coordinates></Point></Placemark>
<Placemark><name>City of Fresno</name><styleUrl>#s0</styleUrl><description><![CDATA[<b>City of Fresno</b> (CA)<br/>EAE score: <b>47.0</b> &nbsp;|&nbsp; Status: <b>Blocked</b><br/>Population: 520,052<br/>County: Fresno<br/>Opportunities: 3 (3 high-fit, 1 priority)<br/>Total value: $27,093,300<br/><br/><b>Contact:</b> Georgeanne White, City Manager<br/>georgeanne.white@fresno.gov 1-559-621-7900<br/><br/><b>Top opportunities:</b><ul><li><b>High fit</b> - Wastewater Treatment Plant or Facility Initiatives - $18,042,000</li><li><b>High fit</b> - System Monitoring and Control Software Initiatives - $8,566,300</li><li><b>High fit</b> - System Monitoring and Control Software Initiatives - $485,000</li></ul>]]></description><Point><coordinates>-119.771526,36.729049,0</coordinates></Point></Placemark>
<Placemark><name>City of Seattle</name><styleUrl>#s0</styleUrl><description><![CDATA[<b>City of Seattle</b> (WA)<br/>EAE score: <b>47.0</b> &nbsp;|&nbsp; Status: <b>Blocked</b><br/>Population: 753,675<br/>County: King<br/>Opportunities: 3 (2 high-fit, 3 priority)<br/>Total value: $97,848,256<br/><br/><b>Contact:</b> Andrew Lee, General Manager and CEO of Seattle Public Utilities<br/>andrew.lee@seattle.gov 1-206-684-3000<br/><br/><b>Top opportunities:</b><ul><li><b>Low fit</b> - Sanitary Sewer Overflow (SSO) initiatives; Infiltration and Inflow Initiatives - $79,256,000</li><li><b>High fit</b> - System Monitoring and Control Software Initiatives - $18,513,000</li><li><b>High fit</b> - Pump Initiatives; Infiltration and Inflow Initiatives - $79,256</li></ul>]]></description><Point><coordinates>-121.803388,47.432251,0</coordinates></Point></Placemark>
<Placemark><name>Calleguas Municipal Water District</name><styleUrl>#s0</styleUrl><description><![CDATA[<b>Calleguas Municipal Water District</b> (CA)<br/>EAE score: <b>45.5</b> &nbsp;|&nbsp; Status: <b>Blocked</b><br/>Population: 846,006<br/>County: Ventura<br/>Opportunities: 4 (4 high-fit, 2 priority)<br/>Total value: $3,242,000<br/><br/><b>Contact:</b> Dan Smith, Finance Manager<br/>dsmith@calleguas.com 1-805-526-9323<br/><br/><b>Top opportunities:</b><ul><li><b>High fit</b> - Financial; Pump Station Initiatives - $1,740,000</li><li><b>High fit</b> - Pump Station Initiatives; Financial - $1,502,000</li><li><b>High fit</b> - Pump Station Initiatives - $nan</li><li><b>High fit</b> - Pump Station Initiatives - $nan</li></ul>]]></description><Point><coordinates>-118.800204,34.213403,0</coordinates></Point></Placemark>
<Placemark><name>Town of Cave Creek</name><styleUrl>#s0</styleUrl><description><![CDATA[<b>Town of Cave Creek</b> (AZ)<br/>EAE score: <b>45.1</b> &nbsp;|&nbsp; Status: <b>Blocked</b><br/>Population: 5,838<br/>County: Maricopa<br/>Opportunities: 4 (4 high-fit, 0 priority)<br/>Total value: $1,065,000<br/><br/><b>Contact:</b> Hal Marron, Public Works Director / Town Engineer<br/>hmarron@cavecreekaz.gov 1-480-488-6625<br/><br/><b>Top opportunities:</b><ul><li><b>High fit</b> - System Monitoring and Control Software Initiatives; Primary Treatment Initiatives - $375,000</li><li><b>High fit</b> - Distribution System-Wide Initiatives; System Monitoring and Control Software Initiatives - $300,000</li><li><b>High fit</b> - Pump Station Initiatives; Pipe Initiatives - $250,000</li><li><b>High fit</b> - Lift Station Initiatives; Pump Initiatives - $140,000</li></ul>]]></description><Point><coordinates>-112.18717,33.276539,0</coordinates></Point></Placemark>
<Placemark><name>City of Santa Ana</name><styleUrl>#s0</styleUrl><description><![CDATA[<b>City of Santa Ana</b> (CA)<br/>EAE score: <b>44.0</b> &nbsp;|&nbsp; Status: <b>Blocked</b><br/>Population: 332,318<br/>County: Orange<br/>Opportunities: 2 (2 high-fit, 2 priority)<br/>Total value: $22,000,000<br/><br/><b>Contact:</b> Kathryn Downs, Executive Director of Finance Department<br/>kdowns@santa-ana.org 1-714-647-3378<br/><br/><b>Top opportunities:</b><ul><li><b>High fit</b> - Lift Station Initiatives; Financial - $11,000,000</li><li><b>High fit</b> - Lift Station Initiatives - $11,000,000</li></ul>]]></description><Point><coordinates>-117.769442,33.640302,0</coordinates></Point></Placemark>
<Placemark><name>Truckee-Donner Public Utility District</name><styleUrl>#s0</styleUrl><description><![CDATA[<b>Truckee-Donner Public Utility District</b> (CA)<br/>EAE score: <b>43.3</b> &nbsp;|&nbsp; Status: <b>Blocked</b><br/>Population: 16,735<br/>County: Nevada<br/>Opportunities: 3 (3 high-fit, 0 priority)<br/>Total value: $4,669,219<br/><br/><b>Contact:</b> Mike Salmon, Chief Financial Officer<br/>michaelsalmon@tdpud.org 1-530-587-3896<br/><br/><b>Top opportunities:</b><ul><li><b>High fit</b> - Financial; Pump Station Initiatives - $2,378,206</li><li><b>High fit</b> - Financial; Pump Station Initiatives - $2,291,013</li><li><b>High fit</b> - Electrical Systems-Wide Initiatives; Pipe Initiatives - $nan</li></ul>]]></description><Point><coordinates>-120.887965,39.299606,0</coordinates></Point></Placemark>
<Placemark><name>Goleta Sanitary District</name><styleUrl>#s0</styleUrl><description><![CDATA[<b>Goleta Sanitary District</b> (CA)<br/>EAE score: <b>42.2</b> &nbsp;|&nbsp; Status: <b>Blocked</b><br/>Population: 30,911<br/>County: Santa Barbara<br/>Opportunities: 4 (4 high-fit, 0 priority)<br/>Total value: $1,084,019<br/><br/><b>Contact:</b> Rob Mangus, Finance Director<br/>rmangus@goletasanitary.org 1-805-967-4519<br/><br/><b>Top opportunities:</b><ul><li><b>High fit</b> - System Monitoring and Control Software Initiatives - $327,608</li><li><b>High fit</b> - System Monitoring and Control Software Initiatives - $300,000</li><li><b>High fit</b> - System Monitoring and Control Software Initiatives - $243,251</li><li><b>High fit</b> - System Monitoring and Control Software Initiatives - $213,160</li></ul>]]></description><Point><coordinates>-120.038806,34.503802,0</coordinates></Point></Placemark>
<Placemark><name>City of Modesto</name><styleUrl>#s0</styleUrl><description><![CDATA[<b>City of Modesto</b> (CA)<br/>EAE score: <b>41.0</b> &nbsp;|&nbsp; Status: <b>Blocked</b><br/>Population: 215,196<br/>County: Stanislaus<br/>Opportunities: 2 (2 high-fit, 1 priority)<br/>Total value: $90,000,000<br/><br/><b>Contact:</b> William Wong, Director of Utilities<br/>wwong@modestogov.com 1-209-571-5801<br/><br/><b>Top opportunities:</b><ul><li><b>High fit</b> - System Monitoring and Control Software Initiatives - $45,000,000</li><li><b>High fit</b> - System Monitoring and Control Software Initiatives - $45,000,000</li></ul>]]></description><Point><coordinates>-121.090835,37.533682,0</coordinates></Point></Placemark>
<Placemark><name>Town of Queen Creek</name><styleUrl>#s0</styleUrl><description><![CDATA[<b>Town of Queen Creek</b> (AZ)<br/>EAE score: <b>41.0</b> &nbsp;|&nbsp; Status: <b>Blocked</b><br/>Population: 78,634<br/>County: Maricopa<br/>Opportunities: 2 (2 high-fit, 2 priority)<br/>Total value: $172,000,000<br/><br/><b>Contact:</b> Chris Dovel, Town Engineer<br/>chris.dovel@queencreekaz.gov 1-480-358-3067<br/><br/><b>Top opportunities:</b><ul><li><b>High fit</b> - Water Treatment Plant or Facility Initiatives - $120,000,000</li><li><b>High fit</b> - Wastewater Treatment Plant or Facility Initiatives - $52,000,000</li></ul>]]></description><Point><coordinates>-111.61,33.22,0</coordinates></Point></Placemark>
<Placemark><name>City of Mesa</name><styleUrl>#s0</styleUrl><description><![CDATA[<b>City of Mesa</b> (AZ)<br/>EAE score: <b>39.7</b> &nbsp;|&nbsp; Status: <b>Blocked</b><br/>Population: 504,300<br/>County: Maricopa<br/>Opportunities: 4 (4 high-fit, 1 priority)<br/>Total value: $362,046<br/><br/><b>Contact:</b> Candace Cannistraro, Finance Director<br/>candace.cannistraro@mesaaz.gov 1-480-644-4941<br/><br/><b>Top opportunities:</b><ul><li><b>High fit</b> - Pump Station Initiatives - $362,046</li><li><b>High fit</b> - Water Treatment Plant or Facility Initiatives; Pipe Initiatives - $nan</li><li><b>High fit</b> - Wastewater Treatment Plant or Facility Initiatives - $nan</li><li><b>High fit</b> - Wastewater Treatment Plant or Facility Initiatives - $nan</li></ul>]]></description><Point><coordinates>-111.856967,33.440695,0</coordinates></Point></Placemark>
<Placemark><name>County of Douglas</name><styleUrl>#s0</styleUrl><description><![CDATA[<b>County of Douglas</b> (NV)<br/>EAE score: <b>35.8</b> &nbsp;|&nbsp; Status: <b>Blocked</b><br/>Population: 46,997<br/>County: Douglas<br/>Opportunities: 2 (2 high-fit, 2 priority)<br/>Total value: $875,000<br/><br/><b>Contact:</b> Philip Ritger, Public Works Director<br/>Pritger@douglasnv.us 1-775-783-6480<br/><br/><b>Top opportunities:</b><ul><li><b>High fit</b> - Pump Station Initiatives - $600,000</li><li><b>High fit</b> - Structural Initiatives; Lift Station Initiatives - $275,000</li></ul>]]></description><Point><coordinates>-119.729731,39.008718,0</coordinates></Point></Placemark>
<Placemark><name>City of Portland</name><styleUrl>#s0</styleUrl><description><![CDATA[<b>City of Portland</b> (OR)<br/>EAE score: <b>35.4</b> &nbsp;|&nbsp; Status: <b>Blocked</b><br/>Population: 647,805<br/>County: Multnomah<br/>Opportunities: 3 (3 high-fit, 2 priority)<br/>Total value: $2,702,818<br/><br/><b>Contact:</b> Patricia Diefenderfer, Chief Planner<br/>patricia.diefenderfer@portlandoregon.gov 1-503-313-2177<br/><br/><b>Top opportunities:</b><ul><li><b>High fit</b> - Financial; System Monitoring and Control Software Initiatives - $2,100,000</li><li><b>High fit</b> - Operational Technology (OT) Initiatives - $602,818</li><li><b>High fit</b> - Pipe Initiatives; Pump Initiatives - $nan</li></ul>]]></description><Point><coordinates>-122.693157,45.498931,0</coordinates></Point></Placemark>
<Placemark><name>City of Cerritos</name><styleUrl>#s0</styleUrl><description><![CDATA[<b>City of Cerritos</b> (CA)<br/>EAE score: <b>34.2</b> &nbsp;|&nbsp; Status: <b>Blocked</b><br/>Population: 50,143<br/>County: Los Angeles<br/>Opportunities: 3 (3 high-fit, 3 priority)<br/>Total value: $625,000<br/><br/><b>Contact:</b> Robert Lopez, City Manager<br/>ralopez@cerritos.us 1-562-860-4018<br/><br/><b>Top opportunities:</b><ul><li><b>High fit</b> - Pump Station Initiatives - $250,000</li><li><b>High fit</b> - Pump Station Initiatives - $225,000</li><li><b>High fit</b> - Lift Station Initiatives - $150,000</li></ul>]]></description><Point><coordinates>-118.068648,33.866914,0</coordinates></Point></Placemark>
<Placemark><name>South Coast Water District</name><styleUrl>#s0</styleUrl><description><![CDATA[<b>South Coast Water District</b> (CA)<br/>EAE score: <b>34.2</b> &nbsp;|&nbsp; Status: <b>Blocked</b><br/>Population: 100,000<br/>County: Orange<br/>Opportunities: 5 (4 high-fit, 2 priority)<br/>Total value: $600,000<br/><br/><b>Contact:</b> Joe McDivitt, Chief Operations Officer<br/>jmcdivitt@scwd.org 1-949-499-4555;ext=3122<br/><br/><b>Top opportunities:</b><ul><li><b>High fit</b> - System Monitoring and Control Software Initiatives - $300,000</li><li><b>High fit</b> - System Monitoring and Control Software Initiatives - $200,000</li><li><b>High fit</b> - System Monitoring and Control Software Initiatives - $100,000</li><li><b>High fit</b> - System Monitoring and Control Software Initiatives - $nan</li><li><b>Low fit</b> - Filtration Initiatives; Natural Disaster Resiliency Initiatives - $nan</li></ul>]]></description><Point><coordinates>-117.741315,33.520941,0</coordinates></Point></Placemark>
<Placemark><name>City of Tracy</name><styleUrl>#s0</styleUrl><description><![CDATA[<b>City of Tracy</b> (CA)<br/>EAE score: <b>33.7</b> &nbsp;|&nbsp; Status: <b>Blocked</b><br/>Population: 97,328<br/>County: San Joaquin<br/>Opportunities: 3 (3 high-fit, 3 priority)<br/>Total value: $1,849,000<br/><br/><b>Contact:</b> Jenny Haruyama, City Manager<br/>cm@cityoftracy.org 1-209-831-6115<br/><br/><b>Top opportunities:</b><ul><li><b>High fit</b> - Pump Station Initiatives - $1,620,000</li><li><b>High fit</b> - System Monitoring and Control Software Initiatives - $229,000</li><li><b>High fit</b> - System Monitoring and Control Software Initiatives - $nan</li></ul>]]></description><Point><coordinates>-121.407804,37.688679,0</coordinates></Point></Placemark>
<Placemark><name>County of Santa Barbara</name><styleUrl>#s0</styleUrl><description><![CDATA[<b>County of Santa Barbara</b> (CA)<br/>EAE score: <b>33.6</b> &nbsp;|&nbsp; Status: <b>Blocked</b><br/>Population: 446,499<br/>County: Santa Barbara<br/>Opportunities: 2 (1 high-fit, 2 priority)<br/>Total value: $9,780,000<br/><br/><b>Contact:</b> Mona Miyasato, County Executive Officer<br/>mmiyasato@sbcag.org 1-805-568-3400<br/><br/><b>Top opportunities:</b><ul><li><b>High fit</b> - Water Treatment Plant or Facility Initiatives - $8,280,000</li><li><b>Medium fit</b> - Collection System-Wide Initiatives; Wastewater Treatment-Wide Initiatives - $1,500,000</li></ul>]]></description><Point><coordinates>-120.377957,34.883589,0</coordinates></Point></Placemark>
<Placemark><name>City of Palo Alto</name><styleUrl>#s0</styleUrl><description><![CDATA[<b>City of Palo Alto</b> (CA)<br/>EAE score: <b>33.0</b> &nbsp;|&nbsp; Status: <b>Blocked</b><br/>Population: 66,573<br/>County: Santa Clara<br/>Opportunities: 5 (2 high-fit, 3 priority)<br/>Total value: $28,902,094<br/><br/><b>Contact:</b> Ed Shikada, City Manager<br/>Ed.Shikada@paloalto.gov 1-650-329-2280<br/><br/><b>Top opportunities:</b><ul><li><b>Medium fit</b> - Pipe Initiatives; Collection System-Wide Initiatives - $14,960,000</li><li><b>Medium fit</b> - Collection System-Wide Initiatives - $13,066,594</li><li><b>Medium fit</b> - Collection System-Wide Initiatives; Financial - $875,500</li><li><b>High fit</b> - Wastewater Treatment Plant or Facility Initiatives - $nan</li><li><b>High fit</b> - Wastewater Treatment Plant or Facility Initiatives - $nan</li></ul>]]></description><Point><coordinates>-121.705327,37.189396,0</coordinates></Point></Placemark>
<Placemark><name>County of Clark</name><styleUrl>#s0</styleUrl><description><![CDATA[<b>County of Clark</b> (NV)<br/>EAE score: <b>32.0</b> &nbsp;|&nbsp; Status: <b>Blocked</b><br/>Population: 2,266,715<br/>County: Clark<br/>Opportunities: 1 (1 high-fit, 1 priority)<br/>Total value: $22,900,000<br/><br/><b>Contact:</b> Layne Weber, Principal Engineer, Drainage and Flood<br/>wlweber@clarkcountynv.gov 1-702-455-4856<br/><br/><b>Top opportunities:</b><ul><li><b>High fit</b> - Financial; Lift Station Initiatives - $22,900,000</li></ul>]]></description><Point><coordinates>-114.972061,35.927901,0</coordinates></Point></Placemark>
<Placemark><name>City of Douglas</name><styleUrl>#s0</styleUrl><description><![CDATA[<b>City of Douglas</b> (AZ)<br/>EAE score: <b>31.8</b> &nbsp;|&nbsp; Status: <b>Blocked</b><br/>Population: 16,193<br/>County: Cochise<br/>Opportunities: 3 (2 high-fit, 2 priority)<br/>Total value: $419,756<br/><br/><b>Contact:</b> Elberto Acosta, Water Supervisor<br/>elberto.acosta@douglasaz.gov 1-520-417-7536<br/><br/><b>Top opportunities:</b><ul><li><b>High fit</b> - Financial; Wastewater Treatment Plant or Facility Initiatives - $359,756</li><li><b>High fit</b> - Pump Station Initiatives - $60,000</li><li><b>Low fit</b> - Staffing Initiatives - $nan</li></ul>]]></description><Point><coordinates>-109.866187,31.604081,0</coordinates></Point></Placemark>
<Placemark><name>City of Long Beach</name><styleUrl>#s0</styleUrl><description><![CDATA[<b>City of Long Beach</b> (WA)<br/>EAE score: <b>31.5</b> &nbsp;|&nbsp; Status: <b>Blocked</b><br/>Population: 1,496<br/>County: Pacific<br/>Opportunities: 2 (2 high-fit, 0 priority)<br/>Total value: $1,744,800<br/><br/><b>Contact:</b> Jessie Hermens, City Clerk<br/>jhermens@longbeachwa.gov 1-360-642-4421<br/><br/><b>Top opportunities:</b><ul><li><b>High fit</b> - Pump Initiatives; Pipe Initiatives - $900,000</li><li><b>High fit</b> - Lift Station Initiatives - $844,800</li></ul>]]></description><Point><coordinates>-123.995591,46.376798,0</coordinates></Point></Placemark>
<Placemark><name>County of Clark</name><styleUrl>#s0</styleUrl><description><![CDATA[<b>County of Clark</b> (WA)<br/>EAE score: <b>30.9</b> &nbsp;|&nbsp; Status: <b>Blocked</b><br/>Population: 474,643<br/>County: Clark<br/>Opportunities: 3 (3 high-fit, 2 priority)<br/>Total value: $465,000<br/><br/><b>Contact:</b> Ken Lader, Public Works	Director<br/>ken.lader@clark.wa.gov 1-564-397-4185<br/><br/><b>Top opportunities:</b><ul><li><b>High fit</b> - Lift Station Initiatives; Power Supply, Control, and Protection Initiatives - $375,000</li><li><b>High fit</b> - Power Supply, Control, and Protection Initiatives; Secondary Treatment Initiatives - $50,000</li><li><b>High fit</b> - Lift Station Initiatives - $40,000</li></ul>]]></description><Point><coordinates>-122.580457,45.691419,0</coordinates></Point></Placemark>
<Placemark><name>Marin Municipal Water District</name><styleUrl>#s0</styleUrl><description><![CDATA[<b>Marin Municipal Water District</b> (CA)<br/>EAE score: <b>29.4</b> &nbsp;|&nbsp; Status: <b>Blocked</b><br/>Population: 157,327<br/>County: Madera<br/>Opportunities: 3 (3 high-fit, 1 priority)<br/>Total value: $1,200,000<br/><br/><b>Contact:</b> Ben Horenstein, General Manager<br/>bhorenstein@marinwater.org 1-415-945-1455<br/><br/><b>Top opportunities:</b><ul><li><b>High fit</b> - Pump Station Initiatives - $1,200,000</li><li><b>High fit</b> - Pump Station Initiatives - $nan</li><li><b>High fit</b> - System Monitoring and Control Software Initiatives - $nan</li></ul>]]></description><Point><coordinates>-122.512035,37.925039,0</coordinates></Point></Placemark>
<Placemark><name>Central Arizona Project</name><styleUrl>#s0</styleUrl><description><![CDATA[<b>Central Arizona Project</b> (AZ)<br/>EAE score: <b>29.0</b> &nbsp;|&nbsp; Status: <b>Blocked</b><br/>Population: 1,660,000<br/>County: Maricopa<br/>Opportunities: 1 (1 high-fit, 0 priority)<br/>Total value: $19,900,000<br/><br/><b>Contact:</b> Patrick Dent, ASSISTANT GENERAL MANAGER, WATER POLICY<br/>pdent@cap-az.com nan<br/><br/><b>Top opportunities:</b><ul><li><b>High fit</b> - System Monitoring and Control Software Initiatives - $19,900,000</li></ul>]]></description><Point><coordinates>-112.18717,33.276539,0</coordinates></Point></Placemark>
<Placemark><name>City of Los Angeles</name><styleUrl>#s0</styleUrl><description><![CDATA[<b>City of Los Angeles</b> (CA)<br/>EAE score: <b>29.0</b> &nbsp;|&nbsp; Status: <b>Blocked</b><br/>Population: 3,979,576<br/>County: Los Angeles<br/>Opportunities: 1 (1 high-fit, 1 priority)<br/>Total value: $329,000,000<br/><br/><b>Contact:</b> nan, nan<br/>nan nan<br/><br/><b>Top opportunities:</b><ul><li><b>High fit</b> - Filtration Initiatives; Disinfection Initiatives - $329,000,000</li></ul>]]></description><Point><coordinates>-118.298662,33.786594,0</coordinates></Point></Placemark>
<Placemark><name>Salt River Project</name><styleUrl>#s0</styleUrl><description><![CDATA[<b>Salt River Project</b> (AZ)<br/>EAE score: <b>28.3</b> &nbsp;|&nbsp; Status: <b>Blocked</b><br/>Population: 190,889<br/>County: Maricopa<br/>Opportunities: 3 (1 high-fit, 3 priority)<br/>Total value: $24,165,000<br/><br/><b>Contact:</b> Alaina Chabrier, Associate General Manager &amp; Chief Communications Executive​<br/>achabrier10@gmail.com 1-602-236-5900<br/><br/><b>Top opportunities:</b><ul><li><b>Medium fit</b> - Distribution System-Wide Initiatives; Financial - $16,012,000</li><li><b>Medium fit</b> - Distribution System-Wide Initiatives; Financial - $5,000,000</li><li><b>High fit</b> - System Monitoring and Control Software Initiatives - $3,153,000</li></ul>]]></description><Point><coordinates>-111.927219,33.432844,0</coordinates></Point></Placemark>
<Placemark><name>County of Sacramento</name><styleUrl>#s0</styleUrl><description><![CDATA[<b>County of Sacramento</b> (CA)<br/>EAE score: <b>25.3</b> &nbsp;|&nbsp; Status: <b>Blocked</b><br/>Population: 1,552,058<br/>County: Sacramento<br/>Opportunities: 2 (2 high-fit, 2 priority)<br/>Total value: $636,372<br/><br/><b>Contact:</b> Megan Floyd, Small Water Systems<br/>FloydM@saccounty.net 1-916-876-7888<br/><br/><b>Top opportunities:</b><ul><li><b>High fit</b> - Water Tank or Tower Initiatives; Pump Station Initiatives - $536,372</li><li><b>High fit</b> - Water Treatment Plant or Facility Initiatives - $100,000</li></ul>]]></description><Point><coordinates>-121.480905,38.579055,0</coordinates></Point></Placemark>
<Placemark><name>City of Flagstaff</name><styleUrl>#s0</styleUrl><description><![CDATA[<b>City of Flagstaff</b> (AZ)<br/>EAE score: <b>25.0</b> &nbsp;|&nbsp; Status: <b>Blocked</b><br/>Population: 73,964<br/>County: Coconino<br/>Opportunities: 2 (1 high-fit, 2 priority)<br/>Total value: $4,222,403<br/><br/><b>Contact:</b> Scott Overton, Public Works Director<br/>scott.overton@flagstaffaz.gov 1-928-213-2107<br/><br/><b>Top opportunities:</b><ul><li><b>High fit</b> - Pump Station Initiatives - $4,000,000</li><li><b>Medium fit</b> - Distribution System-Wide Initiatives; Financial - $222,403</li></ul>]]></description><Point><coordinates>-111.597853,35.932116,0</coordinates></Point></Placemark>
<Placemark><name>Long Beach Utilities</name><styleUrl>#s0</styleUrl><description><![CDATA[<b>Long Beach Utilities</b> (CA)<br/>EAE score: <b>24.5</b> &nbsp;|&nbsp; Status: <b>Blocked</b><br/>Population: 466,776<br/>County: Los Angeles<br/>Opportunities: 3 (2 high-fit, 2 priority)<br/>Total value: $1,743,000<br/><br/><b>Contact:</b> Robert Verceles, Director of Engineering<br/>robert.verceles@lbwater.org 1-562-570-2337<br/><br/><b>Top opportunities:</b><ul><li><b>High fit</b> - Lift Station Initiatives; Pipe Initiatives - $1,743,000</li><li><b>Low fit</b> - Mapping and Modeling Software Initiatives; Software-Wide Initiatives - $nan</li><li><b>High fit</b> - Lift Station Initiatives - $nan</li></ul>]]></description><Point><coordinates>-118.201101,33.756024,0</coordinates></Point></Placemark>
<Placemark><name>San Francisco Water Power Sewer</name><styleUrl>#s0</styleUrl><description><![CDATA[<b>San Francisco Water Power Sewer</b> (CA)<br/>EAE score: <b>24.0</b> &nbsp;|&nbsp; Status: <b>Blocked</b><br/>Population: 1,900,000<br/>County: County of San Francisco<br/>Opportunities: 1 (1 high-fit, 1 priority)<br/>Total value: $6,000,000<br/><br/><b>Contact:</b> Steven Ritchie, Assistant General Manager<br/>sritchie@sfwater.org 1-205-348-2712<br/><br/><b>Top opportunities:</b><ul><li><b>High fit</b> - Secondary Treatment Initiatives; Financial - $6,000,000</li></ul>]]></description><Point><coordinates>-122.416582,37.779278,0</coordinates></Point></Placemark>
<Placemark><name>Los Angeles County Department of Public Works</name><styleUrl>#s0</styleUrl><description><![CDATA[<b>Los Angeles County Department of Public Works</b> (CA)<br/>EAE score: <b>24.0</b> &nbsp;|&nbsp; Status: <b>Blocked</b><br/>Population: 10,039,107<br/>County: Los Angeles<br/>Opportunities: 2 (2 high-fit, 1 priority)<br/>Total value: $1,500,000<br/><br/><b>Contact:</b> Miki Esposito, Assistant Director<br/>mesposito@pw.lacounty.gov 1-626-458-4019<br/><br/><b>Top opportunities:</b><ul><li><b>High fit</b> - Water Tank or Tower Initiatives; Pump Station Initiatives - $1,500,000</li><li><b>High fit</b> - Pipe Initiatives; Pump Station Initiatives - $nan</li></ul>]]></description><Point><coordinates>-118.298662,33.786594,0</coordinates></Point></Placemark>
<Placemark><name>City of Malibu</name><styleUrl>#s0</styleUrl><description><![CDATA[<b>City of Malibu</b> (CA)<br/>EAE score: <b>23.6</b> &nbsp;|&nbsp; Status: <b>Blocked</b><br/>Population: 11,820<br/>County: Los Angeles<br/>Opportunities: 1 (1 high-fit, 1 priority)<br/>Total value: $2,300,000<br/><br/><b>Contact:</b> Rob DuBoux, Public Works Director / City Engineer<br/>rduboux@malibucity.org 1-310-456-2489<br/><br/><b>Top opportunities:</b><ul><li><b>High fit</b> - Wastewater Treatment Plant or Facility Initiatives - $2,300,000</li></ul>]]></description><Point><coordinates>-118.298662,33.786594,0</coordinates></Point></Placemark>
<Placemark><name>Mission Springs Water District</name><styleUrl>#s0</styleUrl><description><![CDATA[<b>Mission Springs Water District</b> (CA)<br/>EAE score: <b>23.0</b> &nbsp;|&nbsp; Status: <b>Blocked</b><br/>Population: 2,470,546<br/>County: Riverside<br/>Opportunities: 2 (2 high-fit, 2 priority)<br/>Total value: $977,040<br/><br/><b>Contact:</b> Arturo Ceja, Director of Finance<br/>accountingteam@mswd.org 1-760-329-6448;ext=134<br/><br/><b>Top opportunities:</b><ul><li><b>High fit</b> - Lift Station Initiatives - $730,000</li><li><b>High fit</b> - Power Supply, Control, and Protection Initiatives - $247,040</li></ul>]]></description><Point><coordinates>-116.400701,33.900103,0</coordinates></Point></Placemark>
<Placemark><name>City of South San Francisco</name><styleUrl>#s0</styleUrl><description><![CDATA[<b>City of South San Francisco</b> (CA)<br/>EAE score: <b>21.7</b> &nbsp;|&nbsp; Status: <b>Blocked</b><br/>Population: 67,789<br/>County: San Mateo<br/>Opportunities: 2 (2 high-fit, 1 priority)<br/>Total value: $3,350,000<br/><br/><b>Contact:</b> Jeffrey Chou, Project Manager<br/>Jeffrey.Chou@ssf.net 1-650-829-6668<br/><br/><b>Top opportunities:</b><ul><li><b>High fit</b> - Pump Station Initiatives - $2,850,000</li><li><b>High fit</b> - Pipe Initiatives; Lift Station Initiatives - $500,000</li></ul>]]></description><Point><coordinates>-122.423483,37.657443,0</coordinates></Point></Placemark>
<Placemark><name>County of Orange</name><styleUrl>#s0</styleUrl><description><![CDATA[<b>County of Orange</b> (CA)<br/>EAE score: <b>20.7</b> &nbsp;|&nbsp; Status: <b>Blocked</b><br/>Population: 100,000<br/>County: Orange<br/>Opportunities: 1 (1 high-fit, 1 priority)<br/>Total value: $5,826,000<br/><br/><b>Contact:</b> Christopher Cash, Public Works Director<br/>ccash@cityoforange.org 1-714-744-5525<br/><br/><b>Top opportunities:</b><ul><li><b>High fit</b> - Bridge Initiatives; Stormwater Treatment Plant or Facility Initiatives - $5,826,000</li></ul>]]></description><Point><coordinates>-117.769442,33.640302,0</coordinates></Point></Placemark>
<Placemark><name>City of Patterson</name><styleUrl>#s0</styleUrl><description><![CDATA[<b>City of Patterson</b> (CA)<br/>EAE score: <b>19.1</b> &nbsp;|&nbsp; Status: <b>Blocked</b><br/>Population: 22,524<br/>County: Stanislaus<br/>Opportunities: 1 (1 high-fit, 0 priority)<br/>Total value: $30,000<br/><br/><b>Contact:</b> Michael Willett, Public Works Director<br/>mwillett@ci.patterson.ca.us 1-209-895-8065<br/><br/><b>Top opportunities:</b><ul><li><b>High fit</b> - System Monitoring and Control Software Initiatives - $30,000</li></ul>]]></description><Point><coordinates>-121.23848,37.516383,0</coordinates></Point></Placemark>
<Placemark><name>East Valley Water District</name><styleUrl>#s0</styleUrl><description><![CDATA[<b>East Valley Water District</b> (CA)<br/>EAE score: <b>19.0</b> &nbsp;|&nbsp; Status: <b>Blocked</b><br/>Population: 10,000<br/>County: San Bernardino<br/>Opportunities: 1 (1 high-fit, 0 priority)<br/>Total value: $0<br/><br/><b>Contact:</b> Patrick Milroy, Operations Manager<br/>pmilroy@eastvalley.org 1-909-889-9501<br/><br/><b>Top opportunities:</b><ul><li><b>High fit</b> - Water Treatment Plant or Facility Initiatives - $nan</li></ul>]]></description><Point><coordinates>-117.14027,34.156543,0</coordinates></Point></Placemark>
<Placemark><name>Modesto Irrigation District</name><styleUrl>#s0</styleUrl><description><![CDATA[<b>Modesto Irrigation District</b> (CA)<br/>EAE score: <b>19.0</b> &nbsp;|&nbsp; Status: <b>Blocked</b><br/>Population: 215,196<br/>County: Stanislaus<br/>Opportunities: 2 (2 high-fit, 0 priority)<br/>Total value: $500,000<br/><br/><b>Contact:</b> Larry Byrd, Director<br/>larry.byrd@mid.org 1-888-335-1643<br/><br/><b>Top opportunities:</b><ul><li><b>High fit</b> - System Monitoring and Control Software Initiatives - $500,000</li><li><b>High fit</b> - System Monitoring and Control Software Initiatives - $nan</li></ul>]]></description><Point><coordinates>-120.937052,37.60396,0</coordinates></Point></Placemark>
<Placemark><name>City of San Bernardino</name><styleUrl>#s0</styleUrl><description><![CDATA[<b>City of San Bernardino</b> (CA)<br/>EAE score: <b>17.6</b> &nbsp;|&nbsp; Status: <b>Blocked</b><br/>Population: 216,089<br/>County: San Bernardino<br/>Opportunities: 1 (1 high-fit, 1 priority)<br/>Total value: $4,300,000<br/><br/><b>Contact:</b> Jodi Mansfield, Operations Manager<br/>mansfield@sbcity.org 1-909-384-5188<br/><br/><b>Top opportunities:</b><ul><li><b>High fit</b> - System Monitoring and Control Software Initiatives - $4,300,000</li></ul>]]></description><Point><coordinates>-115.967051,34.839964,0</coordinates></Point></Placemark>
<Placemark><name>City of Phoenix</name><styleUrl>#s0</styleUrl><description><![CDATA[<b>City of Phoenix</b> (OR)<br/>EAE score: <b>16.0</b> &nbsp;|&nbsp; Status: <b>Blocked</b><br/>Population: 4,653<br/>County: Jackson<br/>Opportunities: 1 (1 high-fit, 0 priority)<br/>Total value: $10,000<br/><br/><b>Contact:</b> Eric Swanson, City Manager<br/>eric.swanson@phoenixoregon.gov 1-541-535-1955;ext=317<br/><br/><b>Top opportunities:</b><ul><li><b>High fit</b> - Mapping and Modeling Software Initiatives; System Monitoring and Control Software Initiatives - $10,000</li></ul>]]></description><Point><coordinates>-122.72255,42.482623,0</coordinates></Point></Placemark>
<Placemark><name>Sweetwater Authority</name><styleUrl>#s0</styleUrl><description><![CDATA[<b>Sweetwater Authority</b> (CA)<br/>EAE score: <b>15.2</b> &nbsp;|&nbsp; Status: <b>Blocked</b><br/>Population: 3,338,330<br/>County: San Diego<br/>Opportunities: 2 (1 high-fit, 1 priority)<br/>Total value: $610,900<br/><br/><b>Contact:</b> Ron Mosher, Director of Engineering<br/>environmental@sweetwater.org 1-619-409-6750<br/><br/><b>Top opportunities:</b><ul><li><b>High fit</b> - System Monitoring and Control Software Initiatives - $610,900</li><li><b>Medium fit</b> - Distribution System-Wide Initiatives - $nan</li></ul>]]></description><Point><coordinates>-117.050072,32.636922,0</coordinates></Point></Placemark>
<Placemark><name>Diablo Water District</name><styleUrl>#s0</styleUrl><description><![CDATA[<b>Diablo Water District</b> (CA)<br/>EAE score: <b>15.0</b> &nbsp;|&nbsp; Status: <b>Blocked</b><br/>Population: 1,153,526<br/>County: Contra Costa<br/>Opportunities: 2 (2 high-fit, 0 priority)<br/>Total value: $0<br/><br/><b>Contact:</b> nan, nan<br/>nan nan<br/><br/><b>Top opportunities:</b><ul><li><b>High fit</b> - Water Treatment Plant or Facility Initiatives - $nan</li><li><b>High fit</b> - System Monitoring and Control Software Initiatives - $nan</li></ul>]]></description><Point><coordinates>-121.68972,37.996516,0</coordinates></Point></Placemark>
<Placemark><name>County of San Diego</name><styleUrl>#s0</styleUrl><description><![CDATA[<b>County of San Diego</b> (CA)<br/>EAE score: <b>14.6</b> &nbsp;|&nbsp; Status: <b>Blocked</b><br/>Population: 3,338,330<br/>County: San Diego<br/>Opportunities: 1 (1 high-fit, 1 priority)<br/>Total value: $1,300,000<br/><br/><b>Contact:</b> nan, nan<br/>nan nan<br/><br/><b>Top opportunities:</b><ul><li><b>High fit</b> - Structural Initiatives; Wastewater Treatment Plant or Facility Initiatives - $1,300,000</li></ul>]]></description><Point><coordinates>-117.136812,32.810983,0</coordinates></Point></Placemark>
<Placemark><name>Municipal Water District of Orange County</name><styleUrl>#s0</styleUrl><description><![CDATA[<b>Municipal Water District of Orange County</b> (CA)<br/>EAE score: <b>12.0</b> &nbsp;|&nbsp; Status: <b>Blocked</b><br/>Population: 3,200,000<br/>County: Municipal Water District of Orange<br/>Opportunities: 1 (1 high-fit, 1 priority)<br/>Total value: $0<br/><br/><b>Contact:</b> Harvey De La Torre, General Manager<br/>hdelatorre@mwdoc.com 1-714-593-5027<br/><br/><b>Top opportunities:</b><ul><li><b>High fit</b> - Operational Technology (OT) Initiatives - $nan</li></ul>]]></description><Point><coordinates>-117.769442,33.640302,0</coordinates></Point></Placemark>
<Placemark><name>West Basin Municipal Water District</name><styleUrl>#s0</styleUrl><description><![CDATA[<b>West Basin Municipal Water District</b> (CA)<br/>EAE score: <b>9.0</b> &nbsp;|&nbsp; Status: <b>Blocked</b><br/>Population: 91,394<br/>County: Los Angeles<br/>Opportunities: 1 (1 high-fit, 1 priority)<br/>Total value: $0<br/><br/><b>Contact:</b> Barkev Meserlian, Executive Manager of Engineering &amp; Operations<br/>barkevm@westbasin.org 1-310-660-6223<br/><br/><b>Top opportunities:</b><ul><li><b>High fit</b> - Cybersecurity Initiatives - $nan</li></ul>]]></description><Point><coordinates>-118.255204,33.859716,0</coordinates></Point></Placemark>
<Placemark><name>County of Riverside</name><styleUrl>#s0</styleUrl><description><![CDATA[<b>County of Riverside</b> (CA)<br/>EAE score: <b>9.0</b> &nbsp;|&nbsp; Status: <b>Blocked</b><br/>Population: 2,470,546<br/>County: Riverside<br/>Opportunities: 1 (1 high-fit, 0 priority)<br/>Total value: $0<br/><br/><b>Contact:</b> Peter Aldana, County Clerk<br/>paldana@rivco.org 1-951-955-1069<br/><br/><b>Top opportunities:</b><ul><li><b>High fit</b> - Pump Station Initiatives; Disinfection Initiatives - $nan</li></ul>]]></description><Point><coordinates>-116.055617,33.752886,0</coordinates></Point></Placemark>
<Placemark><name>City of Alameda</name><styleUrl>#s0</styleUrl><description><![CDATA[<b>City of Alameda</b> (CA)<br/>EAE score: <b>9.0</b> &nbsp;|&nbsp; Status: <b>Blocked</b><br/>Population: 77,624<br/>County: Alameda<br/>Opportunities: 1 (1 high-fit, 0 priority)<br/>Total value: $0<br/><br/><b>Contact:</b> Erin Smith, Director of Public Works<br/>esmith@alamedaca.gov 1-510-747-7938<br/><br/><b>Top opportunities:</b><ul><li><b>High fit</b> - Pump Station Initiatives - $nan</li></ul>]]></description><Point><coordinates>-122.264779,37.770563,0</coordinates></Point></Placemark>
<Placemark><name>San Diego County Water Authority</name><styleUrl>#s0</styleUrl><description><![CDATA[<b>San Diego County Water Authority</b> (CA)<br/>EAE score: <b>6.1</b> &nbsp;|&nbsp; Status: <b>Blocked</b><br/>Population: 3,338,330<br/>County: San Diego<br/>Opportunities: 1 (1 high-fit, 0 priority)<br/>Total value: $50,000<br/><br/><b>Contact:</b> Jaymie Bradford, Assistant General Manager<br/>jnunez@sdcwa.org 1-858-522-6600<br/><br/><b>Top opportunities:</b><ul><li><b>High fit</b> - Water Treatment Plant or Facility Initiatives - $50,000</li></ul>]]></description><Point><coordinates>-117.136812,32.810983,0</coordinates></Point></Placemark>
<Placemark><name>Golden State Water Company</name><styleUrl>#s0</styleUrl><description><![CDATA[<b>Golden State Water Company</b> (CA)<br/>EAE score: <b>3.0</b> &nbsp;|&nbsp; Status: <b>Blocked</b><br/>Population: 59,329<br/>County: Los Angeles<br/>Opportunities: 1 (0 high-fit, 0 priority)<br/>Total value: $0<br/><br/><b>Contact:</b> Paul Schubert, General Manager<br/>pschubert@gswater.com nan<br/><br/><b>Top opportunities:</b><ul><li><b>Low fit</b> - Water Metering Initiatives; Valve Initiatives - $nan</li></ul>]]></description><Point><coordinates>-118.298662,33.786594,0</coordinates></Point></Placemark>
<Placemark><name>Encina Wastewater Authority</name><styleUrl>#s0</styleUrl><description><![CDATA[<b>Encina Wastewater Authority</b> (CA)<br/>EAE score: <b>2.0</b> &nbsp;|&nbsp; Status: <b>Blocked</b><br/>Population: 3,338,330<br/>County: San Diego<br/>Opportunities: 1 (0 high-fit, 0 priority)<br/>Total value: $0<br/><br/><b>Contact:</b> Michael Steinlicht, General Manager<br/>msteinlicht@encinajpa.com 1-760-438-3941<br/><br/><b>Top opportunities:</b><ul><li><b>Medium fit</b> - Nutrient Initiatives; Biosolids and Sludge Management Initiatives - $nan</li></ul>]]></description><Point><coordinates>-117.29,33.1,0</coordinates></Point></Placemark>
</Folder>
<Folder><name>Open - priority (score 70+) (120)</name>
<Placemark><name>City of Pullman</name><styleUrl>#s1</styleUrl><description><![CDATA[<b>City of Pullman</b> (WA)<br/>EAE score: <b>98.0</b> &nbsp;|&nbsp; Status: <b>Open</b><br/>Population: 34,506<br/>County: Whitman<br/>Opportunities: 16 (11 high-fit, 13 priority)<br/>Total value: $14,046,266<br/><br/><b>Contact:</b> Mike Urban, City Administrator<br/>mike.urban@pullman-wa.gov 1-509-338-3206<br/><br/><b>Top opportunities:</b><ul><li><b>High fit</b> - Lift Station Initiatives; Pipe Initiatives - $6,750,000</li><li><b>High fit</b> - Pipe Initiatives; Pump Station Initiatives - $1,241,810</li><li><b>High fit</b> - Pipe Initiatives; Pump Station Initiatives - $1,202,830</li><li><b>Low fit</b> - Procurement; Project Design - $1,197,520</li><li><b>High fit</b> - Lift Station Initiatives - $1,150,000</li><li><b>High fit</b> - Pipe Initiatives; Power Supply, Control, and Protection Initiatives - $625,000</li></ul>]]></description><Point><coordinates>-117.317741,46.82748,0</coordinates></Point></Placemark>
<Placemark><name>City of Wilsonville</name><styleUrl>#s1</styleUrl><description><![CDATA[<b>City of Wilsonville</b> (OR)<br/>EAE score: <b>98.0</b> &nbsp;|&nbsp; Status: <b>Open</b><br/>Population: 24,918<br/>County: Clackamas<br/>Opportunities: 13 (8 high-fit, 10 priority)<br/>Total value: $15,505,524<br/><br/><b>Contact:</b> Jeanna Troha, City Manager<br/>troha@wilsonvilleoregon.gov 1-503-570-1520<br/><br/><b>Top opportunities:</b><ul><li><b>High fit</b> - Pipe Initiatives; Lift Station Initiatives - $3,178,660</li><li><b>High fit</b> - Pipe Initiatives; Lift Station Initiatives - $2,764,064</li><li><b>High fit</b> - Financial; Pump Station Initiatives - $2,724,000</li><li><b>High fit</b> - Pipe Initiatives; Lift Station Initiatives - $2,485,400</li><li><b>High fit</b> - Lift Station Initiatives; Pipe Initiatives - $2,485,400</li><li><b>High fit</b> - Lift Station Initiatives; Financial - $865,000</li></ul>]]></description><Point><coordinates>-122.785518,45.308493,0</coordinates></Point></Placemark>
<Placemark><name>Oak Lodge Water Services</name><styleUrl>#s1</styleUrl><description><![CDATA[<b>Oak Lodge Water Services</b> (OR)<br/>EAE score: <b>98.0</b> &nbsp;|&nbsp; Status: <b>Open</b><br/>Population: 30,000<br/>County: Clackamas<br/>Opportunities: 19 (11 high-fit, 16 priority)<br/>Total value: $54,782,000<br/><br/><b>Contact:</b> Aaron Janicke, Director of Public Works<br/>aaron.janicke@olws.org 1-503-353-4212<br/><br/><b>Top opportunities:</b><ul><li><b>High fit</b> - Pump Station Initiatives; Pipe Initiatives - $9,491,000</li><li><b>Medium fit</b> - Pipe Initiatives; Collection System-Wide Initiatives - $9,335,000</li><li><b>Medium fit</b> - Collection System-Wide Initiatives; Infiltration and Inflow Initiatives - $9,322,000</li><li><b>High fit</b> - Pipe Initiatives; Pump Station Initiatives - $8,100,000</li><li><b>Low fit</b> - Pipe Initiatives; Infiltration and Inflow Initiatives - $6,471,000</li><li><b>High fit</b> - Lift Station Initiatives - $2,756,000</li></ul>]]></description><Point><coordinates>-122.614353,45.402142,0</coordinates></Point></Placemark>
<Placemark><name>Calaveras County Water District</name><styleUrl>#s1</styleUrl><description><![CDATA[<b>Calaveras County Water District</b> (CA)<br/>EAE score: <b>98.0</b> &nbsp;|&nbsp; Status: <b>Open</b><br/>Population: 13,080<br/>County: Calaveras<br/>Opportunities: 41 (37 high-fit, 26 priority)<br/>Total value: $73,143,836<br/><br/><b>Contact:</b> Micah Martin, Director of Public Works<br/>micah@ccwd.org 91-20-9754-3001<br/><br/><b>Top opportunities:</b><ul><li><b>High fit</b> - Wastewater Treatment Plant or Facility Initiatives; Secondary Treatment Initiatives - $10,300,000</li><li><b>High fit</b> - Pump Initiatives; Electrical Systems-Wide Initiatives - $8,400,000</li><li><b>High fit</b> - Electrical Systems-Wide Initiatives; Pump Initiatives - $8,400,000</li><li><b>High fit</b> - Lift Station Initiatives - $7,723,038</li><li><b>High fit</b> - Lift Station Initiatives - $6,000,000</li><li><b>High fit</b> - Lift Station Initiatives - $6,000,000</li></ul>]]></description><Point><coordinates>-120.616052,38.190106,0</coordinates></Point></Placemark>
<Placemark><name>City of Mount Vernon</name><styleUrl>#s1</styleUrl><description><![CDATA[<b>City of Mount Vernon</b> (WA)<br/>EAE score: <b>98.0</b> &nbsp;|&nbsp; Status: <b>Open</b><br/>Population: 36,006<br/>County: Skagit<br/>Opportunities: 10 (6 high-fit, 9 priority)<br/>Total value: $13,997,000<br/><br/><b>Contact:</b> Frank Reinart, City Engineer<br/>mvengineering@mountvernonwa.gov 1-360-336-9057<br/><br/><b>Top opportunities:</b><ul><li><b>High fit</b> - Pump Station Initiatives - $5,867,000</li><li><b>High fit</b> - Financial; Pump Station Initiatives - $3,700,000</li><li><b>Medium fit</b> - Collection System-Wide Initiatives; Pipe Initiatives - $3,000,000</li><li><b>High fit</b> - Wastewater Treatment Plant or Facility Initiatives - $600,000</li><li><b>High fit</b> - Wastewater Treatment Plant or Facility Initiatives - $600,000</li><li><b>Medium fit</b> - Collection System-Wide Initiatives - $60,000</li></ul>]]></description><Point><coordinates>-122.208184,48.435248,0</coordinates></Point></Placemark>
<Placemark><name>City of Prescott</name><styleUrl>#s1</styleUrl><description><![CDATA[<b>City of Prescott</b> (AZ)<br/>EAE score: <b>96.0</b> &nbsp;|&nbsp; Status: <b>Open</b><br/>Population: 48,946<br/>County: Yavapai<br/>Opportunities: 19 (15 high-fit, 13 priority)<br/>Total value: $109,747,000<br/><br/><b>Contact:</b> Gwen Rowitsch, Public Works Director<br/>gwen.rowitsch@prescott-az.gov 1-928-777-1130<br/><br/><b>Top opportunities:</b><ul><li><b>Low fit</b> - Financial; Project Planning - $50,052,000</li><li><b>High fit</b> - Wastewater Treatment Plant or Facility Initiatives - $27,000,000</li><li><b>High fit</b> - Lift Station Initiatives; Pipe Initiatives - $11,305,000</li><li><b>High fit</b> - Lift Station Initiatives; Pipe Initiatives - $3,550,000</li><li><b>High fit</b> - Financial; Lift Station Initiatives - $3,050,000</li><li><b>High fit</b> - Lift Station Initiatives - $2,920,000</li></ul>]]></description><Point><coordinates>-112.378309,34.49579,0</coordinates></Point></Placemark>
<Placemark><name>Tuolumne Utilities District</name><styleUrl>#s1</styleUrl><description><![CDATA[<b>Tuolumne Utilities District</b> (CA)<br/>EAE score: <b>94.0</b> &nbsp;|&nbsp; Status: <b>Open</b><br/>Population: 2,500<br/>County: Tuolumne<br/>Opportunities: 19 (17 high-fit, 18 priority)<br/>Total value: $16,817,984<br/><br/><b>Contact:</b> Erik Johnson, District Engineer<br/>ejohnson@tudwater.com 1-209-532-5536;ext=520<br/><br/><b>Top opportunities:</b><ul><li><b>High fit</b> - Water Treatment Plant or Facility Initiatives; Pipe Initiatives - $3,812,337</li><li><b>High fit</b> - Pump Station Initiatives; Water Tank or Tower Initiatives - $3,362,020</li><li><b>High fit</b> - Pipe Initiatives; Water Treatment Plant or Facility Initiatives - $3,126,815</li><li><b>High fit</b> - Wastewater Treatment Plant or Facility Initiatives - $1,415,110</li><li><b>High fit</b> - Pump Station Initiatives; Distribution System-Wide Initiatives - $1,167,596</li><li><b>High fit</b> - Water Tank or Tower Initiatives; Pump Station Initiatives - $991,237</li></ul>]]></description><Point><coordinates>-120.343863,37.96091,0</coordinates></Point></Placemark>
<Placemark><name>City of Canby</name><styleUrl>#s1</styleUrl><description><![CDATA[<b>City of Canby</b> (OR)<br/>EAE score: <b>94.0</b> &nbsp;|&nbsp; Status: <b>Open</b><br/>Population: 17,932<br/>County: Clackamas<br/>Opportunities: 8 (6 high-fit, 8 priority)<br/>Total value: $85,000,000<br/><br/><b>Contact:</b> Daniel Murphy, Utility General Manager<br/>dmurphy@canbyutility.org 1-503-266-6400<br/><br/><b>Top opportunities:</b><ul><li><b>High fit</b> - Water Treatment Plant or Facility Initiatives - $82,000,000</li><li><b>Medium fit</b> - Collection System-Wide Initiatives - $2,500,000</li><li><b>High fit</b> - Lift Station Initiatives - $500,000</li><li><b>High fit</b> - System Monitoring and Control Software Initiatives - $nan</li><li><b>High fit</b> - Pump Initiatives - $nan</li><li><b>High fit</b> - Pump Initiatives - $nan</li></ul>]]></description><Point><coordinates>-122.499461,45.415038,0</coordinates></Point></Placemark>
<Placemark><name>City of Laguna Beach</name><styleUrl>#s1</styleUrl><description><![CDATA[<b>City of Laguna Beach</b> (CA)<br/>EAE score: <b>92.0</b> &nbsp;|&nbsp; Status: <b>Open</b><br/>Population: 22,827<br/>County: Orange<br/>Opportunities: 16 (15 high-fit, 16 priority)<br/>Total value: $64,721,011<br/><br/><b>Contact:</b> Dave Kiff, City Manager<br/>dkiff@lagunabeachcity.net 1-949-497-0704<br/><br/><b>Top opportunities:</b><ul><li><b>High fit</b> - Wastewater Treatment Plant or Facility Initiatives; Financial - $20,620,000</li><li><b>High fit</b> - Lift Station Initiatives - $7,028,837</li><li><b>High fit</b> - Lift Station Initiatives - $7,028,837</li><li><b>High fit</b> - Lift Station Initiatives - $7,028,837</li><li><b>High fit</b> - Lift Station Initiatives; Financial - $6,707,000</li><li><b>High fit</b> - Financial; Pump Initiatives - $3,207,500</li></ul>]]></description><Point><coordinates>-117.769442,33.640302,0</coordinates></Point></Placemark>
<Placemark><name>City of Astoria</name><styleUrl>#s1</styleUrl><description><![CDATA[<b>City of Astoria</b> (OR)<br/>EAE score: <b>92.0</b> &nbsp;|&nbsp; Status: <b>Open</b><br/>Population: 10,015<br/>County: Clatsop<br/>Opportunities: 6 (5 high-fit, 6 priority)<br/>Total value: $22,979,909<br/><br/><b>Contact:</b> Jeff Harrington, Public Works Director<br/>jharrington@astoria.gov 1-503-338-5177<br/><br/><b>Top opportunities:</b><ul><li><b>High fit</b> - Wastewater Treatment Plant or Facility Initiatives - $4,860,000</li><li><b>High fit</b> - Wastewater Treatment Plant or Facility Initiatives - $4,860,000</li><li><b>High fit</b> - Lift Station Initiatives; Pump Initiatives - $4,000,000</li><li><b>High fit</b> - Lift Station Initiatives; Financial - $3,670,000</li><li><b>High fit</b> - Lift Station Initiatives - $3,589,909</li><li><b>Medium fit</b> - Collection System-Wide Initiatives - $2,000,000</li></ul>]]></description><Point><coordinates>-123.795996,46.142206,0</coordinates></Point></Placemark>
<Placemark><name>City of Port Angeles</name><styleUrl>#s1</styleUrl><description><![CDATA[<b>City of Port Angeles</b> (WA)<br/>EAE score: <b>92.0</b> &nbsp;|&nbsp; Status: <b>Open</b><br/>Population: 20,229<br/>County: Clallam<br/>Opportunities: 23 (20 high-fit, 21 priority)<br/>Total value: $14,125,300<br/><br/><b>Contact:</b> Scott Curtin, Director of Public Works and Utilities<br/>scurtin@cityofpa.us 1-360-417-4800<br/><br/><b>Top opportunities:</b><ul><li><b>Low fit</b> - Other; Flooding / CSO Initiatives - $2,167,000</li><li><b>High fit</b> - Lift Station Initiatives; Pipe Initiatives - $1,800,000</li><li><b>High fit</b> - Lift Station Initiatives - $1,458,600</li><li><b>Low fit</b> - Financial; Consultant Initiatives - $1,458,600</li><li><b>High fit</b> - Pump Initiatives; Wastewater-Wide Initiatives - $1,004,900</li><li><b>High fit</b> - Pump Initiatives; Valve Initiatives - $859,100</li></ul>]]></description><Point><coordinates>-123.360411,48.051108,0</coordinates></Point></Placemark>
<Placemark><name>City of Anacortes</name><styleUrl>#s1</styleUrl><description><![CDATA[<b>City of Anacortes</b> (WA)<br/>EAE score: <b>92.0</b> &nbsp;|&nbsp; Status: <b>Open</b><br/>Population: 17,527<br/>County: Skagit<br/>Opportunities: 20 (17 high-fit, 19 priority)<br/>Total value: $34,440,000<br/><br/><b>Contact:</b> Andrew Rheaume, Public Works Director<br/>andrewr@anacorteswa.gov 1-360-299-1954<br/><br/><b>Top opportunities:</b><ul><li><b>Medium fit</b> - Financial; Collection System-Wide Initiatives - $10,000,000</li><li><b>High fit</b> - Financial; Lift Station Initiatives - $9,000,000</li><li><b>Low fit</b> - Pipe Initiatives; Financial - $3,855,000</li><li><b>High fit</b> - Financial; Lift Station Initiatives - $2,875,000</li><li><b>High fit</b> - Wastewater-Wide Initiatives; Pretreatment Initiatives - $1,100,000</li><li><b>High fit</b> - Financial; Pump Initiatives - $1,000,000</li></ul>]]></description><Point><coordinates>-122.607111,48.499172,0</coordinates></Point></Placemark>
<Placemark><name>City of Arcata</name><styleUrl>#s1</styleUrl><description><![CDATA[<b>City of Arcata</b> (CA)<br/>EAE score: <b>92.0</b> &nbsp;|&nbsp; Status: <b>Open</b><br/>Population: 18,431<br/>County: Humboldt<br/>Opportunities: 6 (5 high-fit, 5 priority)<br/>Total value: $13,370,000<br/><br/><b>Contact:</b> Rhea Varley, City Clerk<br/>rvarley@cityofarcata.org 1-707-825-2103<br/><br/><b>Top opportunities:</b><ul><li><b>High fit</b> - Wastewater Treatment Plant or Facility Initiatives - $6,000,000</li><li><b>High fit</b> - Wastewater Treatment Plant or Facility Initiatives - $3,500,000</li><li><b>High fit</b> - Wastewater Treatment Plant or Facility Initiatives - $2,520,000</li><li><b>High fit</b> - Pump Initiatives - $1,000,000</li><li><b>Medium fit</b> - Pipe Initiatives; Collection System-Wide Initiatives - $350,000</li><li><b>High fit</b> - Wastewater Treatment Plant or Facility Initiatives; Primary Treatment Initiatives - $nan</li></ul>]]></description><Point><coordinates>-123.935891,40.564495,0</coordinates></Point></Placemark>
<Placemark><name>Carmel Area Wastewater District</name><styleUrl>#s1</styleUrl><description><![CDATA[<b>Carmel Area Wastewater District</b> (CA)<br/>EAE score: <b>92.0</b> &nbsp;|&nbsp; Status: <b>Open</b><br/>Population: 11,000<br/>County: Monterey<br/>Opportunities: 14 (12 high-fit, 12 priority)<br/>Total value: $15,286,800<br/><br/><b>Contact:</b> Barbara Buikema, General Manager<br/>buikema@cawd.org 1-831-624-1248<br/><br/><b>Top opportunities:</b><ul><li><b>High fit</b> - Pipe Initiatives; Lift Station Initiatives - $4,600,000</li><li><b>Low fit</b> - Pipe Initiatives; Financial - $2,615,044</li><li><b>High fit</b> - Odor and Corrosion Initiatives; Lift Station Initiatives - $2,550,000</li><li><b>High fit</b> - System Monitoring and Control Software Initiatives - $1,000,000</li><li><b>High fit</b> - System Monitoring and Control Software Initiatives - $1,000,000</li><li><b>High fit</b> - System Monitoring and Control Software Initiatives - $1,000,000</li></ul>]]></description><Point><coordinates>-121.926315,36.543261,0</coordinates></Point></Placemark>
<Placemark><name>Amador Water Agency</name><styleUrl>#s1</styleUrl><description><![CDATA[<b>Amador Water Agency</b> (CA)<br/>EAE score: <b>92.0</b> &nbsp;|&nbsp; Status: <b>Open</b><br/>Population: 39,752<br/>County: Amador<br/>Opportunities: 33 (32 high-fit, 18 priority)<br/>Total value: $41,833,717<br/><br/><b>Contact:</b> John D. Walsh, Director of Utilities<br/>info@amadorwater.org 1-209-223-3018<br/><br/><b>Top opportunities:</b><ul><li><b>High fit</b> - Water Treatment Plant or Facility Initiatives - $8,400,000</li><li><b>High fit</b> - Water Treatment Plant or Facility Initiatives; Pipe Initiatives - $6,000,000</li><li><b>High fit</b> - Lift Station Initiatives; Collection System-Wide Initiatives - $5,649,949</li><li><b>High fit</b> - Collection System-Wide Initiatives; Lift Station Initiatives - $5,649,949</li><li><b>High fit</b> - Water Tank or Tower Initiatives; Pump Station Initiatives - $4,926,000</li><li><b>High fit</b> - Pump Station Initiatives - $2,868,000</li></ul>]]></description><Point><coordinates>-120.742839,38.436584,0</coordinates></Point></Placemark>
<Placemark><name>City of Seal Beach</name><styleUrl>#s1</styleUrl><description><![CDATA[<b>City of Seal Beach</b> (CA)<br/>EAE score: <b>92.0</b> &nbsp;|&nbsp; Status: <b>Open</b><br/>Population: 24,119<br/>County: Orange<br/>Opportunities: 6 (5 high-fit, 6 priority)<br/>Total value: $15,863,000<br/><br/><b>Contact:</b> David Spitz, Associate Engineer<br/>dspitz@sealbeachca.gov 1-562-431-2527;ext=1331<br/><br/><b>Top opportunities:</b><ul><li><b>High fit</b> - Pump Station Initiatives; Well Initiatives - $8,063,000</li><li><b>High fit</b> - Pipe Initiatives; Lift Station Initiatives - $2,700,000</li><li><b>High fit</b> - Pipe Initiatives; Pump Initiatives - $2,700,000</li><li><b>High fit</b> - Financial; Lift Station Initiatives - $1,700,000</li><li><b>High fit</b> - Lift Station Initiatives; Pipe Initiatives - $700,000</li><li><b>Medium fit</b> - Distribution System-Wide Initiatives - $nan</li></ul>]]></description><Point><coordinates>-117.769442,33.640302,0</coordinates></Point></Placemark>
<Placemark><name>City of Issaquah</name><styleUrl>#s1</styleUrl><description><![CDATA[<b>City of Issaquah</b> (WA)<br/>EAE score: <b>90.0</b> &nbsp;|&nbsp; Status: <b>Open</b><br/>Population: 39,509<br/>County: King<br/>Opportunities: 9 (9 high-fit, 9 priority)<br/>Total value: $21,226,192<br/><br/><b>Contact:</b> Robin Spear, Planning and Development Manager<br/>robins@issaquahwa.gov 1-425-837-3000<br/><br/><b>Top opportunities:</b><ul><li><b>High fit</b> - Water Treatment Plant or Facility Initiatives - $17,680,465</li><li><b>High fit</b> - Lift Station Initiatives; Pipe Initiatives - $1,416,000</li><li><b>High fit</b> - Financial; Lift Station Initiatives - $696,939</li><li><b>High fit</b> - Lift Station Initiatives; Decentralized Treatment Initiatives - $682,880</li><li><b>High fit</b> - Lift Station Initiatives; Operational Technology (OT) Initiatives - $234,000</li><li><b>High fit</b> - Lift Station Initiatives - $213,000</li></ul>]]></description><Point><coordinates>-122.010699,47.497419,0</coordinates></Point></Placemark>
<Placemark><name>City of Millbrae</name><styleUrl>#s1</styleUrl><description><![CDATA[<b>City of Millbrae</b> (CA)<br/>EAE score: <b>90.0</b> &nbsp;|&nbsp; Status: <b>Open</b><br/>Population: 22,394<br/>County: San Mateo<br/>Opportunities: 9 (8 high-fit, 9 priority)<br/>Total value: $13,410,000<br/><br/><b>Contact:</b> Fai Ali, Director of Engineering &amp; Public Works<br/>fali@ci.millbrae.ca.us 1-650-259-2336<br/><br/><b>Top opportunities:</b><ul><li><b>High fit</b> - Pump Initiatives; Lift Station Initiatives - $4,350,000</li><li><b>High fit</b> - Lift Station Initiatives - $3,500,000</li><li><b>High fit</b> - System Monitoring and Control Software Initiatives - $2,000,000</li><li><b>High fit</b> - Wastewater Treatment Plant or Facility Initiatives - $1,500,000</li><li><b>High fit</b> - Lift Station Initiatives; Operational Technology (OT) Initiatives - $660,000</li><li><b>High fit</b> - Lift Station Initiatives - $650,000</li></ul>]]></description><Point><coordinates>-122.400083,37.598385,0</coordinates></Point></Placemark>
<Placemark><name>City of Shafter</name><styleUrl>#s1</styleUrl><description><![CDATA[<b>City of Shafter</b> (CA)<br/>EAE score: <b>90.0</b> &nbsp;|&nbsp; Status: <b>Open</b><br/>Population: 20,401<br/>County: Kern<br/>Opportunities: 7 (6 high-fit, 5 priority)<br/>Total value: $191,565,021<br/><br/><b>Contact:</b> Lance Lippincott, City Manager<br/>LLippincott@shafterca.gov 1-661-746-5000<br/><br/><b>Top opportunities:</b><ul><li><b>High fit</b> - Wastewater Treatment Plant or Facility Initiatives - $81,500,000</li><li><b>High fit</b> - Wastewater Treatment Plant or Facility Initiatives - $61,727,021</li><li><b>Low fit</b> - Procurement; Financial - $46,488,000</li><li><b>High fit</b> - Lift Station Initiatives - $1,550,000</li><li><b>High fit</b> - Lift Station Initiatives - $300,000</li><li><b>High fit</b> - Wastewater Treatment Plant or Facility Initiatives - $nan</li></ul>]]></description><Point><coordinates>-118.435693,35.763646,0</coordinates></Point></Placemark>
<Placemark><name>Marina Coast Water District</name><styleUrl>#s1</styleUrl><description><![CDATA[<b>Marina Coast Water District</b> (CA)<br/>EAE score: <b>90.0</b> &nbsp;|&nbsp; Status: <b>Open</b><br/>Population: 11,000<br/>County: Monterey<br/>Opportunities: 23 (21 high-fit, 9 priority)<br/>Total value: $33,478,000<br/><br/><b>Contact:</b> Patrick Breen, Water Resources Manager<br/>pbreen@mcwd.org 1-831-883-5951<br/><br/><b>Top opportunities:</b><ul><li><b>High fit</b> - Pump Station Initiatives; Water Tank or Tower Initiatives - $11,008,000</li><li><b>High fit</b> - System Monitoring and Control Software Initiatives - $7,887,000</li><li><b>High fit</b> - Pipe Initiatives; Lift Station Initiatives - $3,252,000</li><li><b>High fit</b> - Pipe Initiatives; Lift Station Initiatives - $3,252,000</li><li><b>High fit</b> - Lift Station Initiatives - $2,300,000</li><li><b>Low fit</b> - Financial; General Planning - $2,079,000</li></ul>]]></description><Point><coordinates>-121.812711,36.643259,0</coordinates></Point></Placemark>
<Placemark><name>Monterey One Water</name><styleUrl>#s1</styleUrl><description><![CDATA[<b>Monterey One Water</b> (CA)<br/>EAE score: <b>90.0</b> &nbsp;|&nbsp; Status: <b>Open</b><br/>Population: 28,178<br/>County: Monterey<br/>Opportunities: 6 (6 high-fit, 5 priority)<br/>Total value: $28,549,000<br/><br/><b>Contact:</b> Fred Marsh, CFO and  Manager<br/>fred@my1water.org 1-831-645-4630<br/><br/><b>Top opportunities:</b><ul><li><b>High fit</b> - Financial; Lift Station Initiatives - $10,364,000</li><li><b>High fit</b> - Lift Station Initiatives - $9,219,000</li><li><b>High fit</b> - Lift Station Initiatives; Financial - $4,902,000</li><li><b>High fit</b> - Lift Station Initiatives - $2,343,000</li><li><b>High fit</b> - Financial; Lift Station Initiatives - $1,721,000</li><li><b>High fit</b> - System Monitoring and Control Software Initiatives - $nan</li></ul>]]></description><Point><coordinates>-121.688623,36.521811,0</coordinates></Point></Placemark>
<Placemark><name>City of San Luis Obispo</name><styleUrl>#s1</styleUrl><description><![CDATA[<b>City of San Luis Obispo</b> (CA)<br/>EAE score: <b>90.0</b> &nbsp;|&nbsp; Status: <b>Open</b><br/>Population: 47,459<br/>County: San Luis Obispo<br/>Opportunities: 11 (10 high-fit, 7 priority)<br/>Total value: $35,700,376<br/><br/><b>Contact:</b> Brian Nelson, Deputy Director of Public Works- Engineering<br/>bnelson@slocity.org 1-805-781-7113<br/><br/><b>Top opportunities:</b><ul><li><b>High fit</b> - Pump Initiatives; Water Tank or Tower Initiatives - $22,235,996</li><li><b>High fit</b> - Pump Initiatives; Pump Station Initiatives - $5,039,380</li><li><b>High fit</b> - Pipe Initiatives; Lift Station Initiatives - $3,645,000</li><li><b>High fit</b> - Pump Initiatives - $1,900,000</li><li><b>High fit</b> - Pretreatment Initiatives; Disinfection Initiatives - $780,000</li><li><b>High fit</b> - Pipe Initiatives; Water Treatment Plant or Facility Initiatives - $750,000</li></ul>]]></description><Point><coordinates>-120.62122,35.265573,0</coordinates></Point></Placemark>
<Placemark><name>City of Sandy</name><styleUrl>#s1</styleUrl><description><![CDATA[<b>City of Sandy</b> (OR)<br/>EAE score: <b>90.0</b> &nbsp;|&nbsp; Status: <b>Open</b><br/>Population: 11,387<br/>County: Clackamas<br/>Opportunities: 13 (13 high-fit, 12 priority)<br/>Total value: $218,600,000<br/><br/><b>Contact:</b> Tyler Deems, City Manager<br/>tdeems@ci.sandy.or.us 1-503-826-1079<br/><br/><b>Top opportunities:</b><ul><li><b>High fit</b> - Wastewater Treatment Plant or Facility Initiatives; Secondary Treatment Initiatives - $76,000,000</li><li><b>High fit</b> - Biosolids and Sludge Management Initiatives; Pump Initiatives - $43,000,000</li><li><b>High fit</b> - Water Treatment Plant or Facility Initiatives - $40,000,000</li><li><b>High fit</b> - Water Treatment Plant or Facility Initiatives - $18,110,000</li><li><b>High fit</b> - Wastewater Treatment Plant or Facility Initiatives - $15,000,000</li><li><b>High fit</b> - Infiltration and Inflow Initiatives; Wastewater Treatment Plant or Facility Initiatives - $14,700,000</li></ul>]]></description><Point><coordinates>-122.172544,45.388551,0</coordinates></Point></Placemark>
<Placemark><name>City of San Luis</name><styleUrl>#s1</styleUrl><description><![CDATA[<b>City of San Luis</b> (AZ)<br/>EAE score: <b>90.0</b> &nbsp;|&nbsp; Status: <b>Open</b><br/>Population: 34,778<br/>County: Yuma<br/>Opportunities: 12 (12 high-fit, 5 priority)<br/>Total value: $30,570,000<br/><br/><b>Contact:</b> Jorge Perez, Assistant Director of Public Works<br/>jperez@sanluisaz.gov 1-928-341-8577;ext=2044<br/><br/><b>Top opportunities:</b><ul><li><b>High fit</b> - Wastewater Treatment Plant or Facility Initiatives - $26,240,000</li><li><b>High fit</b> - System Monitoring and Control Software Initiatives - $2,010,000</li><li><b>High fit</b> - System Monitoring and Control Software Initiatives - $1,220,000</li><li><b>High fit</b> - System Monitoring and Control Software Initiatives - $1,000,000</li><li><b>High fit</b> - Lift Station Initiatives; Financial - $100,000</li><li><b>High fit</b> - Wastewater Treatment Plant or Facility Initiatives - $nan</li></ul>]]></description><Point><coordinates>-114.754999,32.540068,0</coordinates></Point></Placemark>
<Placemark><name>City of West Richland</name><styleUrl>#s1</styleUrl><description><![CDATA[<b>City of West Richland</b> (WA)<br/>EAE score: <b>90.0</b> &nbsp;|&nbsp; Status: <b>Open</b><br/>Population: 15,075<br/>County: Benton<br/>Opportunities: 8 (7 high-fit, 6 priority)<br/>Total value: $63,022,000<br/><br/><b>Contact:</b> Dustin Miller, Sewer Operations Supervisor<br/>dmiller@westrichland.org 1-509-967-5434<br/><br/><b>Top opportunities:</b><ul><li><b>High fit</b> - Wastewater Treatment Plant or Facility Initiatives - $50,000,000</li><li><b>High fit</b> - Lift Station Initiatives; Pipe Initiatives - $6,400,000</li><li><b>Low fit</b> - Financial; Pipe Initiatives - $6,400,000</li><li><b>High fit</b> - Financial; System Monitoring and Control Software Initiatives - $147,000</li><li><b>High fit</b> - System Monitoring and Control Software Initiatives - $25,000</li><li><b>High fit</b> - System Monitoring and Control Software Initiatives - $25,000</li></ul>]]></description><Point><coordinates>-119.559674,46.148328,0</coordinates></Point></Placemark>
<Placemark><name>City of Spokane</name><styleUrl>#s1</styleUrl><description><![CDATA[<b>City of Spokane</b> (WA)<br/>EAE score: <b>88.0</b> &nbsp;|&nbsp; Status: <b>Open</b><br/>Population: 222,081<br/>County: Spokane<br/>Opportunities: 51 (43 high-fit, 43 priority)<br/>Total value: $244,855,000<br/><br/><b>Contact:</b> Marlene Feist, Director of Public Works<br/>mfeist@spokanecity.org 1-509-625-6505<br/><br/><b>Top opportunities:</b><ul><li><b>High fit</b> - Lift Station Initiatives - $21,000,000</li><li><b>High fit</b> - Well Initiatives; Pump Station Initiatives - $18,500,000</li><li><b>High fit</b> - Secondary Treatment Initiatives; Lift Station Initiatives - $15,000,000</li><li><b>High fit</b> - Pump Initiatives; Lift Station Initiatives - $15,000,000</li><li><b>High fit</b> - Pump Station Initiatives - $11,000,000</li><li><b>Low fit</b> - Stormwater Storage Initiatives; Stormwater Drainage Initiatives - $9,350,000</li></ul>]]></description><Point><coordinates>-117.435997,47.66264,0</coordinates></Point></Placemark>
<Placemark><name>City of Olympia</name><styleUrl>#s1</styleUrl><description><![CDATA[<b>City of Olympia</b> (WA)<br/>EAE score: <b>88.0</b> &nbsp;|&nbsp; Status: <b>Open</b><br/>Population: 51,534<br/>County: Thurston<br/>Opportunities: 17 (11 high-fit, 15 priority)<br/>Total value: $20,294,544<br/><br/><b>Contact:</b> Jay Burney, City Manager<br/>jburney@ci.olympia.wa.us 1-360-753-8447<br/><br/><b>Top opportunities:</b><ul><li><b>High fit</b> - Pipe Initiatives; Lift Station Initiatives - $3,714,409</li><li><b>Low fit</b> - Pipe Initiatives; Financial - $3,714,409</li><li><b>High fit</b> - Lift Station Initiatives - $2,197,000</li><li><b>High fit</b> - Lift Station Initiatives - $2,178,414</li><li><b>High fit</b> - Lift Station Initiatives; Financial - $2,056,566</li><li><b>High fit</b> - Financial; Lift Station Initiatives - $1,547,000</li></ul>]]></description><Point><coordinates>-122.702393,46.978118,0</coordinates></Point></Placemark>
<Placemark><name>City of Norco</name><styleUrl>#s1</styleUrl><description><![CDATA[<b>City of Norco</b> (CA)<br/>EAE score: <b>87.0</b> &nbsp;|&nbsp; Status: <b>Open</b><br/>Population: 26,604<br/>County: Riverside<br/>Opportunities: 6 (6 high-fit, 6 priority)<br/>Total value: $10,200,000<br/><br/><b>Contact:</b> Chad Blais, Director of Public Works<br/>cblais@ci.norco.ca.us 1-951-270-5678<br/><br/><b>Top opportunities:</b><ul><li><b>High fit</b> - Lift Station Initiatives; Financial - $3,000,000</li><li><b>High fit</b> - Lift Station Initiatives - $3,000,000</li><li><b>High fit</b> - Lift Station Initiatives; Financial - $1,900,000</li><li><b>High fit</b> - Lift Station Initiatives - $1,900,000</li><li><b>High fit</b> - Lift Station Initiatives - $200,000</li><li><b>High fit</b> - Lift Station Initiatives; Financial - $200,000</li></ul>]]></description><Point><coordinates>-116.055617,33.752886,0</coordinates></Point></Placemark>
<Placemark><name>Sunrise Water Authority</name><styleUrl>#s1</styleUrl><description><![CDATA[<b>Sunrise Water Authority</b> (OR)<br/>EAE score: <b>87.0</b> &nbsp;|&nbsp; Status: <b>Open</b><br/>Population: 22,553<br/>County: Clackamas<br/>Opportunities: 7 (7 high-fit, 6 priority)<br/>Total value: $24,959,000<br/><br/><b>Contact:</b> Jamey Pietzold, Executive Director<br/>jpietzold@sunrisewateror.gov 1-503-761-0220;ext=150<br/><br/><b>Top opportunities:</b><ul><li><b>High fit</b> - Water Treatment Plant or Facility Initiatives - $20,000,000</li><li><b>High fit</b> - Pump Station Initiatives - $3,646,000</li><li><b>High fit</b> - Pump Station Initiatives - $1,163,000</li><li><b>High fit</b> - Pump Station Initiatives - $150,000</li><li><b>High fit</b> - System Monitoring and Control Software Initiatives - $nan</li><li><b>High fit</b> - Pipe Initiatives; Pump Station Initiatives - $nan</li></ul>]]></description><Point><coordinates>-122.56,45.51,0</coordinates></Point></Placemark>
<Placemark><name>City of St. Helens</name><styleUrl>#s1</styleUrl><description><![CDATA[<b>City of St. Helens</b> (OR)<br/>EAE score: <b>87.0</b> &nbsp;|&nbsp; Status: <b>Open</b><br/>Population: 13,739<br/>County: Columbia<br/>Opportunities: 5 (5 high-fit, 5 priority)<br/>Total value: $18,280,000<br/><br/><b>Contact:</b> Jacob Graichen, City Planner<br/>jgraichen@sthelensoregon.gov 1-503-366-8204<br/><br/><b>Top opportunities:</b><ul><li><b>High fit</b> - Lift Station Initiatives; Road Initiatives - $13,200,000</li><li><b>High fit</b> - Secondary Treatment Initiatives; Wastewater Treatment Plant or Facility Initiatives - $2,500,000</li><li><b>High fit</b> - Lift Station Initiatives; Road Initiatives - $2,400,000</li><li><b>High fit</b> - System Monitoring and Control Software Initiatives; Financial - $140,000</li><li><b>High fit</b> - System Monitoring and Control Software Initiatives - $40,000</li></ul>]]></description><Point><coordinates>-122.919935,45.887794,0</coordinates></Point></Placemark>
<Placemark><name>City of Newport</name><styleUrl>#s1</styleUrl><description><![CDATA[<b>City of Newport</b> (OR)<br/>EAE score: <b>87.0</b> &nbsp;|&nbsp; Status: <b>Open</b><br/>Population: 10,853<br/>County: Lincoln<br/>Opportunities: 6 (6 high-fit, 5 priority)<br/>Total value: $19,652,177<br/><br/><b>Contact:</b> Erik Glover, Assistant City Manager<br/>e.glover@newportoregon.gov 1-541-574-0613<br/><br/><b>Top opportunities:</b><ul><li><b>High fit</b> - Lift Station Initiatives - $7,230,000</li><li><b>High fit</b> - Financial; Wastewater Treatment Plant or Facility Initiatives - $4,916,519</li><li><b>High fit</b> - Pump Initiatives; Odor and Corrosion Initiatives - $3,690,000</li><li><b>High fit</b> - Wastewater Treatment Plant or Facility Initiatives; Financial - $3,615,658</li><li><b>High fit</b> - Lift Station Initiatives - $100,000</li><li><b>High fit</b> - System Monitoring and Control Software Initiatives - $100,000</li></ul>]]></description><Point><coordinates>-124.024426,44.552413,0</coordinates></Point></Placemark>
<Placemark><name>City of Petaluma</name><styleUrl>#s1</styleUrl><description><![CDATA[<b>City of Petaluma</b> (CA)<br/>EAE score: <b>86.0</b> &nbsp;|&nbsp; Status: <b>Open</b><br/>Population: 60,520<br/>County: Sonoma<br/>Opportunities: 13 (10 high-fit, 11 priority)<br/>Total value: $29,052,000<br/><br/><b>Contact:</b> Peggy Flynn, City Manager<br/>pflynn@cityofpetaluma.org 1-707-778-4345<br/><br/><b>Top opportunities:</b><ul><li><b>Medium fit</b> - Collection System-Wide Initiatives; Pipe Initiatives - $7,971,000</li><li><b>Medium fit</b> - Pipe Initiatives; Collection System-Wide Initiatives - $6,025,000</li><li><b>High fit</b> - Lift Station Initiatives - $2,840,000</li><li><b>High fit</b> - Lift Station Initiatives - $2,840,000</li><li><b>High fit</b> - Pump Initiatives; Electrical Systems-Wide Initiatives - $2,840,000</li><li><b>High fit</b> - Lift Station Initiatives - $1,500,000</li></ul>]]></description><Point><coordinates>-122.822588,38.265366,0</coordinates></Point></Placemark>
<Placemark><name>Santa Clarita Valley Water Agency</name><styleUrl>#s1</styleUrl><description><![CDATA[<b>Santa Clarita Valley Water Agency</b> (CA)<br/>EAE score: <b>86.0</b> &nbsp;|&nbsp; Status: <b>Open</b><br/>Population: 10,039,107<br/>County: Los Angeles<br/>Opportunities: 20 (17 high-fit, 18 priority)<br/>Total value: $17,350,646<br/><br/><b>Contact:</b> Matt Stone, General Manager<br/>mstone@scvwa.org 1-661-297-1600<br/><br/><b>Top opportunities:</b><ul><li><b>High fit</b> - Water Treatment Plant or Facility Initiatives; Financial - $3,735,000</li><li><b>High fit</b> - Financial; Pump Station Initiatives - $3,255,000</li><li><b>High fit</b> - Lift Station Initiatives - $2,500,000</li><li><b>High fit</b> - Lift Station Initiatives - $1,810,447</li><li><b>High fit</b> - Pump Station Initiatives - $1,350,000</li><li><b>High fit</b> - Pump Station Initiatives; Financial - $1,350,000</li></ul>]]></description><Point><coordinates>-118.298662,33.786594,0</coordinates></Point></Placemark>
<Placemark><name>City of Ceres</name><styleUrl>#s1</styleUrl><description><![CDATA[<b>City of Ceres</b> (CA)<br/>EAE score: <b>86.0</b> &nbsp;|&nbsp; Status: <b>Open</b><br/>Population: 48,706<br/>County: Stanislaus<br/>Opportunities: 8 (7 high-fit, 8 priority)<br/>Total value: $129,623,620<br/><br/><b>Contact:</b> Blanca Rosa, Account Clerk<br/>blanca.rosa@ci.ceres.ca.us 1-209-538-5767<br/><br/><b>Top opportunities:</b><ul><li><b>High fit</b> - Wastewater Treatment Plant or Facility Initiatives - $80,002,000</li><li><b>High fit</b> - Wastewater Treatment Plant or Facility Initiatives - $24,800,620</li><li><b>High fit</b> - Lift Station Initiatives - $6,985,000</li><li><b>High fit</b> - Lift Station Initiatives; Pipe Initiatives - $6,500,000</li><li><b>Medium fit</b> - Financial; Collection System-Wide Initiatives - $5,985,000</li><li><b>High fit</b> - Pump Station Initiatives - $3,451,000</li></ul>]]></description><Point><coordinates>-120.967976,37.561889,0</coordinates></Point></Placemark>
<Placemark><name>McMinnville Water and Light</name><styleUrl>#s1</styleUrl><description><![CDATA[<b>McMinnville Water and Light</b> (OR)<br/>EAE score: <b>85.6</b> &nbsp;|&nbsp; Status: <b>Open</b><br/>Population: 34,743<br/>County: Yamhill<br/>Opportunities: 8 (7 high-fit, 5 priority)<br/>Total value: $9,297,551<br/><br/><b>Contact:</b> James Burke, Engineering &amp; Operations Director<br/>E&amp;O.director@mc-power.com +1-503-379-1346<br/><br/><b>Top opportunities:</b><ul><li><b>High fit</b> - Chemical Treatment Initiatives; Water Treatment Plant or Facility Initiatives - $8,000,000</li><li><b>High fit</b> - Water Intake Initiatives; Pump Station Initiatives - $1,000,000</li><li><b>High fit</b> - System Monitoring and Control Software Initiatives - $150,000</li><li><b>High fit</b> - System Monitoring and Control Software Initiatives - $110,000</li><li><b>High fit</b> - System Monitoring and Control Software Initiatives - $19,756</li><li><b>High fit</b> - System Monitoring and Control Software Initiatives - $17,795</li></ul>]]></description><Point><coordinates>-123.237145,45.187444,0</coordinates></Point></Placemark>
<Placemark><name>City of Gresham</name><styleUrl>#s1</styleUrl><description><![CDATA[<b>City of Gresham</b> (OR)<br/>EAE score: <b>84.0</b> &nbsp;|&nbsp; Status: <b>Open</b><br/>Population: 109,381<br/>County: Multnomah<br/>Opportunities: 21 (13 high-fit, 19 priority)<br/>Total value: $104,765,806<br/><br/><b>Contact:</b> Steve Fancher, Assistant City Manager<br/>steve.fancher@greshamoregon.gov 1-503-618-2583<br/><br/><b>Top opportunities:</b><ul><li><b>Low fit</b> - General Planning; Project Planning - $44,289,042</li><li><b>High fit</b> - Water Treatment Plant or Facility Initiatives; Water Storage or Supply-Wide Initiatives - $15,714,241</li><li><b>High fit</b> - Secondary Treatment Initiatives; Chemical Treatment Initiatives - $13,287,997</li><li><b>High fit</b> - Wastewater Treatment Plant or Facility Initiatives; Secondary Treatment Initiatives - $5,675,190</li><li><b>High fit</b> - Lift Station Initiatives; Wastewater Treatment Plant or Facility Initiatives - $5,057,111</li><li><b>Medium fit</b> - Pipe Initiatives; Distribution System-Wide Initiatives - $4,240,358</li></ul>]]></description><Point><coordinates>-122.430233,45.508117,0</coordinates></Point></Placemark>
<Placemark><name>Dublin San Ramon Services District</name><styleUrl>#s1</styleUrl><description><![CDATA[<b>Dublin San Ramon Services District</b> (CA)<br/>EAE score: <b>84.0</b> &nbsp;|&nbsp; Status: <b>Open</b><br/>Population: 1,671,329<br/>County: Alameda<br/>Opportunities: 12 (9 high-fit, 9 priority)<br/>Total value: $254,876,000<br/><br/><b>Contact:</b> Cliff Mcclure, Water/Wastewater Systems Operator<br/>mcclure@dsrsd.com 1-925-828-0515<br/><br/><b>Top opportunities:</b><ul><li><b>High fit</b> - Pipe Initiatives; Pump Station Initiatives - $200,000,000</li><li><b>High fit</b> - Wastewater Treatment Plant or Facility Initiatives - $28,650,000</li><li><b>Low fit</b> - Pipe Initiatives; Financial - $7,000,000</li><li><b>Medium fit</b> - Collection System-Wide Initiatives; Pipe Initiatives - $5,000,000</li><li><b>High fit</b> - System Monitoring and Control Software Initiatives - $4,000,000</li><li><b>High fit</b> - System Monitoring and Control Software Initiatives - $4,000,000</li></ul>]]></description><Point><coordinates>-121.906329,37.714402,0</coordinates></Point></Placemark>
<Placemark><name>Heritage Ranch Community Services District</name><styleUrl>#s1</styleUrl><description><![CDATA[<b>Heritage Ranch Community Services District</b> (CA)<br/>EAE score: <b>84.0</b> &nbsp;|&nbsp; Status: <b>Open</b><br/>Population: 283,111<br/>County: San Luis Obispo<br/>Opportunities: 15 (13 high-fit, 12 priority)<br/>Total value: $22,037,055<br/><br/><b>Contact:</b> Doug Groshart, District Engineer<br/>doug@heritageranchcsd.ca.gov 1-805-227-6230<br/><br/><b>Top opportunities:</b><ul><li><b>High fit</b> - Wastewater Treatment Plant or Facility Initiatives - $18,406,862</li><li><b>High fit</b> - Lift Station Initiatives - $964,000</li><li><b>High fit</b> - Lift Station Initiatives - $474,061</li><li><b>High fit</b> - Lift Station Initiatives - $474,061</li><li><b>High fit</b> - Lift Station Initiatives - $444,242</li><li><b>High fit</b> - Lift Station Initiatives - $444,242</li></ul>]]></description><Point><coordinates>-120.700313,35.640598,0</coordinates></Point></Placemark>
<Placemark><name>City of Pleasanton</name><styleUrl>#s1</styleUrl><description><![CDATA[<b>City of Pleasanton</b> (CA)<br/>EAE score: <b>84.0</b> &nbsp;|&nbsp; Status: <b>Open</b><br/>Population: 81,777<br/>County: Alameda<br/>Opportunities: 9 (7 high-fit, 8 priority)<br/>Total value: $24,655,032<br/><br/><b>Contact:</b> Gerry Beaudin, City Manager<br/>gbeaudin@cityofpleasantonca.gov 1-925-931-5614<br/><br/><b>Top opportunities:</b><ul><li><b>Medium fit</b> - Distribution System-Wide Initiatives; Pipe Initiatives - $8,687,500</li><li><b>High fit</b> - Lift Station Initiatives; Pipe Initiatives - $6,120,000</li><li><b>High fit</b> - Pipe Initiatives; Pump Station Initiatives - $2,240,000</li><li><b>High fit</b> - Power Supply, Control, and Protection Initiatives - $2,167,532</li><li><b>High fit</b> - Pump Initiatives; Valve Initiatives - $1,540,000</li><li><b>High fit</b> - Pump Initiatives; Valve Initiatives - $1,540,000</li></ul>]]></description><Point><coordinates>-121.862128,37.646081,0</coordinates></Point></Placemark>
<Placemark><name>Camrosa Water District</name><styleUrl>#s1</styleUrl><description><![CDATA[<b>Camrosa Water District</b> (CA)<br/>EAE score: <b>84.0</b> &nbsp;|&nbsp; Status: <b>Open</b><br/>Population: 846,006<br/>County: Ventura<br/>Opportunities: 46 (44 high-fit, 28 priority)<br/>Total value: $62,845,312<br/><br/><b>Contact:</b> Terry Curson, District Engineer<br/>terryc@camrosa.com 1-805-482-8063<br/><br/><b>Top opportunities:</b><ul><li><b>High fit</b> - Financial; Wastewater Treatment Plant or Facility Initiatives - $25,000,000</li><li><b>High fit</b> - Pump Station Initiatives; Financial - $3,825,000</li><li><b>High fit</b> - Financial; Lift Station Initiatives - $3,100,000</li><li><b>High fit</b> - Pump Station Initiatives - $2,000,000</li><li><b>High fit</b> - Pump Station Initiatives - $2,000,000</li><li><b>High fit</b> - Financial; Lift Station Initiatives - $1,774,000</li></ul>]]></description><Point><coordinates>-118.974355,34.204429,0</coordinates></Point></Placemark>
<Placemark><name>Town of Marana</name><styleUrl>#s1</styleUrl><description><![CDATA[<b>Town of Marana</b> (AZ)<br/>EAE score: <b>83.0</b> &nbsp;|&nbsp; Status: <b>Open</b><br/>Population: 49,030<br/>County: Pima<br/>Opportunities: 7 (6 high-fit, 7 priority)<br/>Total value: $90,024,857<br/><br/><b>Contact:</b> Fausto Burruel, Public Works Director and Acting Town Engineer<br/>fburruel@maranaaz.gov 1-520-382-2676<br/><br/><b>Top opportunities:</b><ul><li><b>High fit</b> - Wastewater Treatment Plant or Facility Initiatives - $49,448,657</li><li><b>High fit</b> - Pump Station Initiatives; Drinking Water-Wide Initiatives - $21,699,000</li><li><b>High fit</b> - Well Initiatives; Pump Station Initiatives - $6,157,400</li><li><b>Medium fit</b> - Well Initiatives; Financial - $5,643,000</li><li><b>High fit</b> - Pump Station Initiatives; Financial - $4,413,000</li><li><b>High fit</b> - System Monitoring and Control Software Initiatives - $2,463,800</li></ul>]]></description><Point><coordinates>-111.159344,32.442979,0</coordinates></Point></Placemark>
<Placemark><name>Sammamish Plateau Water and Sewer</name><styleUrl>#s1</styleUrl><description><![CDATA[<b>Sammamish Plateau Water and Sewer</b> (WA)<br/>EAE score: <b>82.0</b> &nbsp;|&nbsp; Status: <b>Open</b><br/>Population: 65,892<br/>County: King<br/>Opportunities: 12 (11 high-fit, 11 priority)<br/>Total value: $33,573,364<br/><br/><b>Contact:</b> Chip Corder, Finance Manager<br/>chip.corder@spwater.org 1-425-295-3219<br/><br/><b>Top opportunities:</b><ul><li><b>High fit</b> - Pump Station Initiatives - $13,853,840</li><li><b>High fit</b> - Pump Station Initiatives; Financial - $3,000,000</li><li><b>High fit</b> - Lift Station Initiatives - $2,969,986</li><li><b>High fit</b> - Lift Station Initiatives - $2,863,152</li><li><b>High fit</b> - Lift Station Initiatives - $2,211,464</li><li><b>High fit</b> - Lift Station Initiatives - $2,083,263</li></ul>]]></description><Point><coordinates>-122.03,47.58,0</coordinates></Point></Placemark>
<Placemark><name>Elsinore Valley Municipal Water District</name><styleUrl>#s1</styleUrl><description><![CDATA[<b>Elsinore Valley Municipal Water District</b> (CA)<br/>EAE score: <b>82.0</b> &nbsp;|&nbsp; Status: <b>Open</b><br/>Population: 2,470,546<br/>County: Riverside<br/>Opportunities: 14 (13 high-fit, 6 priority)<br/>Total value: $129,480,000<br/><br/><b>Contact:</b> Kelia Jones, Director of Engineering<br/>kjones@evmwd.com 1-951-674-3146<br/><br/><b>Top opportunities:</b><ul><li><b>High fit</b> - Pump Station Initiatives; Emerging Contaminants Initiatives - $66,000,000</li><li><b>High fit</b> - Water Treatment Plant or Facility Initiatives; Emerging Contaminants Initiatives - $54,500,000</li><li><b>High fit</b> - Lift Station Initiatives - $6,224,000</li><li><b>High fit</b> - Lift Station Initiatives; Financial - $2,300,000</li><li><b>High fit</b> - Pump Station Initiatives - $300,000</li><li><b>Medium fit</b> - Drinking Water-Wide Initiatives; Operations-Wide Initiatives - $50,000</li></ul>]]></description><Point><coordinates>-116.649216,33.658068,0</coordinates></Point></Placemark>
<Placemark><name>County of Lyon</name><styleUrl>#s1</styleUrl><description><![CDATA[<b>County of Lyon</b> (NV)<br/>EAE score: <b>82.0</b> &nbsp;|&nbsp; Status: <b>Open</b><br/>Population: 57,510<br/>County: Lyon<br/>Opportunities: 9 (8 high-fit, 9 priority)<br/>Total value: $30,253,500<br/><br/><b>Contact:</b> Sean Sinclair, Utilities Director<br/>ssinclair@lyon-county.org 1-775-246-6220<br/><br/><b>Top opportunities:</b><ul><li><b>Medium fit</b> - Well Initiatives; Pipe Initiatives - $9,000,000</li><li><b>High fit</b> - Lift Station Initiatives - $5,008,500</li><li><b>High fit</b> - Lift Station Initiatives - $5,000,000</li><li><b>High fit</b> - Pipe Initiatives; Lift Station Initiatives - $4,845,000</li><li><b>High fit</b> - Lift Station Initiatives - $2,500,000</li><li><b>High fit</b> - Lift Station Initiatives - $2,500,000</li></ul>]]></description><Point><coordinates>-119.228631,39.080415,0</coordinates></Point></Placemark>
<Placemark><name>Carmichael Water District</name><styleUrl>#s1</styleUrl><description><![CDATA[<b>Carmichael Water District</b> (CA)<br/>EAE score: <b>82.0</b> &nbsp;|&nbsp; Status: <b>Open</b><br/>Population: 1,552,058<br/>County: Sacramento<br/>Opportunities: 12 (11 high-fit, 9 priority)<br/>Total value: $15,530,000<br/><br/><b>Contact:</b> Debbie Martin, Finance Manager<br/>mail@carmichaelwd.org 1-916-483-2452<br/><br/><b>Top opportunities:</b><ul><li><b>High fit</b> - Software-Wide Initiatives; System Monitoring and Control Software Initiatives - $5,200,000</li><li><b>High fit</b> - Water Tank or Tower Initiatives; Pump Station Initiatives - $4,500,000</li><li><b>High fit</b> - System Monitoring and Control Software Initiatives - $1,850,000</li><li><b>High fit</b> - System Monitoring and Control Software Initiatives; Software-Wide Initiatives - $1,700,000</li><li><b>Medium fit</b> - Water Quality-Wide Initiatives; Distribution System-Wide Initiatives - $1,550,000</li><li><b>High fit</b> - Water Treatment Plant or Facility Initiatives - $580,000</li></ul>]]></description><Point><coordinates>-121.332191,38.62136,0</coordinates></Point></Placemark>
<Placemark><name>Ventura County Public Works Agency</name><styleUrl>#s1</styleUrl><description><![CDATA[<b>Ventura County Public Works Agency</b> (CA)<br/>EAE score: <b>82.0</b> &nbsp;|&nbsp; Status: <b>Open</b><br/>County: Unspecified<br/>Opportunities: 17 (16 high-fit, 14 priority)<br/>Total value: $32,994,500<br/><br/><b>Contact:</b> Anastasia Seims, Director Of Engineering<br/>anastasia.seims@ventura.org 1-805-654-2039<br/><br/><b>Top opportunities:</b><ul><li><b>High fit</b> - Water Treatment Plant or Facility Initiatives - $9,850,000</li><li><b>High fit</b> - Pump Station Initiatives - $5,682,000</li><li><b>High fit</b> - Pump Station Initiatives - $4,625,000</li><li><b>High fit</b> - Pipe Initiatives; Pump Station Initiatives - $1,643,500</li><li><b>High fit</b> - Lift Station Initiatives; Power Supply, Control, and Protection Initiatives - $1,521,000</li><li><b>High fit</b> - Pipe Initiatives; Lift Station Initiatives - $1,270,000</li></ul>]]></description><Point><coordinates>-119.146228,34.356248,0</coordinates></Point></Placemark>
<Placemark><name>County of Pierce</name><styleUrl>#s1</styleUrl><description><![CDATA[<b>County of Pierce</b> (WA)<br/>EAE score: <b>82.0</b> &nbsp;|&nbsp; Status: <b>Open</b><br/>Population: 904,980<br/>County: Pierce<br/>Opportunities: 10 (9 high-fit, 9 priority)<br/>Total value: $67,918,100<br/><br/><b>Contact:</b> Jen Tetatzin, Planning and Public Works Director<br/>jen.tetatzin@piercecountywa.gov 1-253-798-2754<br/><br/><b>Top opportunities:</b><ul><li><b>High fit</b> - Lift Station Initiatives - $48,510,000</li><li><b>High fit</b> - System Monitoring and Control Software Initiatives; Financial - $10,501,000</li><li><b>High fit</b> - Financial; Water Treatment Plant or Facility Initiatives - $3,910,300</li><li><b>High fit</b> - Pump Station Initiatives - $1,973,800</li><li><b>High fit</b> - Pump Station Initiatives - $1,973,800</li><li><b>High fit</b> - Pump Station Initiatives - $500,000</li></ul>]]></description><Point><coordinates>-122.472793,47.247871,0</coordinates></Point></Placemark>
<Placemark><name>LOTT Clean Water Alliance</name><styleUrl>#s1</styleUrl><description><![CDATA[<b>LOTT Clean Water Alliance</b> (WA)<br/>EAE score: <b>82.0</b> &nbsp;|&nbsp; Status: <b>Open</b><br/>County: Unspecified<br/>Opportunities: 14 (13 high-fit, 12 priority)<br/>Total value: $75,851,200<br/><br/><b>Contact:</b> Ken Butti, Operations &amp; Facilities Director<br/>kenbutti@lottcleanwater.org 1-360-528-5708<br/><br/><b>Top opportunities:</b><ul><li><b>High fit</b> - Lift Station Initiatives - $29,355,524</li><li><b>High fit</b> - Pump Initiatives; Electrical Systems-Wide Initiatives - $27,124,001</li><li><b>High fit</b> - Lift Station Initiatives - $5,000,000</li><li><b>High fit</b> - Valve Initiatives; Pump Initiatives - $2,778,816</li><li><b>High fit</b> - Operational Technology (OT) Initiatives - $2,644,120</li><li><b>High fit</b> - Financial; Pretreatment Initiatives - $2,314,573</li></ul>]]></description><Point><coordinates>-122.869079,46.984767,0</coordinates></Point></Placemark>
<Placemark><name>City of Bellevue</name><styleUrl>#s1</styleUrl><description><![CDATA[<b>City of Bellevue</b> (WA)<br/>EAE score: <b>82.0</b> &nbsp;|&nbsp; Status: <b>Open</b><br/>Population: 144,403<br/>County: King<br/>Opportunities: 10 (8 high-fit, 9 priority)<br/>Total value: $133,563,991<br/><br/><b>Contact:</b> Lucy Liu, Director of Utilities<br/>lliu@bellevuewa.gov 1-425-452-6932<br/><br/><b>Top opportunities:</b><ul><li><b>High fit</b> - Pipe Initiatives; Lift Station Initiatives - $104,000,000</li><li><b>Low fit</b> - Leak Detection Initiatives; Pipe Initiatives - $15,237,991</li><li><b>High fit</b> - Pump Station Initiatives - $10,777,000</li><li><b>High fit</b> - System Monitoring and Control Software Initiatives - $1,118,000</li><li><b>High fit</b> - Financial; System Monitoring and Control Software Initiatives - $1,100,000</li><li><b>High fit</b> - System Monitoring and Control Software Initiatives - $944,000</li></ul>]]></description><Point><coordinates>-122.207221,47.615471,0</coordinates></Point></Placemark>
<Placemark><name>City of Bellingham</name><styleUrl>#s1</styleUrl><description><![CDATA[<b>City of Bellingham</b> (WA)<br/>EAE score: <b>82.0</b> &nbsp;|&nbsp; Status: <b>Open</b><br/>Population: 92,314<br/>County: Whatcom<br/>Opportunities: 8 (7 high-fit, 7 priority)<br/>Total value: $1,113,804,000<br/><br/><b>Contact:</b> Joel Pfundt, Assistant Director of Public Works - Transportation<br/>jfpfundt@cob.org 1-360-778-7778<br/><br/><b>Top opportunities:</b><ul><li><b>High fit</b> - Wastewater Treatment Plant or Facility Initiatives - $1,100,000,000</li><li><b>High fit</b> - Pump Station Initiatives; Pump Initiatives - $4,700,000</li><li><b>High fit</b> - Financial; Pump Station Initiatives - $4,000,000</li><li><b>High fit</b> - Pump Station Initiatives; Pump Initiatives - $3,800,000</li><li><b>High fit</b> - Financial; Pump Initiatives - $1,000,000</li><li><b>High fit</b> - Pump Station Initiatives; Financial - $263,000</li></ul>]]></description><Point><coordinates>-122.454297,48.747687,0</coordinates></Point></Placemark>
<Placemark><name>Santa Margarita Water District</name><styleUrl>#s1</styleUrl><description><![CDATA[<b>Santa Margarita Water District</b> (CA)<br/>EAE score: <b>82.0</b> &nbsp;|&nbsp; Status: <b>Open</b><br/>Population: 100,000<br/>County: Orange<br/>Opportunities: 12 (11 high-fit, 9 priority)<br/>Total value: $80,138,000<br/><br/><b>Contact:</b> Tricia Butler, Chief Engineer<br/>triciab@smwd.com 1-949-456-6554<br/><br/><b>Top opportunities:</b><ul><li><b>High fit</b> - Water Treatment Plant or Facility Initiatives; Other - $65,158,000</li><li><b>High fit</b> - Lift Station Initiatives - $6,100,000</li><li><b>High fit</b> - Financial; Pump Station Initiatives - $3,000,000</li><li><b>High fit</b> - Financial; Pump Station Initiatives - $2,200,000</li><li><b>High fit</b> - Pump Station Initiatives; Financial - $2,000,000</li><li><b>High fit</b> - Lift Station Initiatives - $600,000</li></ul>]]></description><Point><coordinates>-117.603684,33.601944,0</coordinates></Point></Placemark>
<Placemark><name>Las Gallinas Valley Sanitary District</name><styleUrl>#s1</styleUrl><description><![CDATA[<b>Las Gallinas Valley Sanitary District</b> (CA)<br/>EAE score: <b>82.0</b> &nbsp;|&nbsp; Status: <b>Open</b><br/>Population: 258,826<br/>County: Marin<br/>Opportunities: 22 (21 high-fit, 19 priority)<br/>Total value: $51,348,804<br/><br/><b>Contact:</b> Mike Cortez, District Engineer<br/>mcortez@lgvsd.org 1-415-472-1734;ext=18<br/><br/><b>Top opportunities:</b><ul><li><b>High fit</b> - Wastewater Treatment Plant or Facility Initiatives; Disinfection Initiatives - $7,950,000</li><li><b>High fit</b> - Pipe Initiatives; Lift Station Initiatives - $7,701,000</li><li><b>High fit</b> - Pipe Initiatives; Lift Station Initiatives - $7,600,000</li><li><b>High fit</b> - Disinfection Initiatives; Primary Treatment Initiatives - $7,500,000</li><li><b>High fit</b> - Disinfection Initiatives; Secondary Treatment Initiatives - $7,500,000</li><li><b>High fit</b> - Lift Station Initiatives - $3,500,000</li></ul>]]></description><Point><coordinates>-122.58549,38.033922,0</coordinates></Point></Placemark>
<Placemark><name>Lake Whatcom Water and Sewer District</name><styleUrl>#s1</styleUrl><description><![CDATA[<b>Lake Whatcom Water and Sewer District</b> (WA)<br/>EAE score: <b>82.0</b> &nbsp;|&nbsp; Status: <b>Open</b><br/>Population: 229,247<br/>County: Whatcom<br/>Opportunities: 16 (15 high-fit, 13 priority)<br/>Total value: $19,169,000<br/><br/><b>Contact:</b> Greg Nicoll, Engineering Manager/District Engineer<br/>greg.nicoll@lwwsd.org 1-360-734-9224<br/><br/><b>Top opportunities:</b><ul><li><b>High fit</b> - Stormwater Treatment Plant or Facility Initiatives; Flooding / CSO Initiatives - $14,200,000</li><li><b>High fit</b> - Wastewater Treatment Plant or Facility Initiatives; Financial - $1,176,000</li><li><b>High fit</b> - Lift Station Initiatives; Financial - $947,000</li><li><b>High fit</b> - Lift Station Initiatives - $656,000</li><li><b>High fit</b> - Lift Station Initiatives - $591,000</li><li><b>High fit</b> - Pump Initiatives; Pump Station Initiatives - $359,000</li></ul>]]></description><Point><coordinates>-122.25299376315793,48.3420562368421,0</coordinates></Point></Placemark>
<Placemark><name>City of Camarillo</name><styleUrl>#s1</styleUrl><description><![CDATA[<b>City of Camarillo</b> (CA)<br/>EAE score: <b>82.0</b> &nbsp;|&nbsp; Status: <b>Open</b><br/>Population: 70,886<br/>County: Ventura<br/>Opportunities: 8 (7 high-fit, 6 priority)<br/>Total value: $52,100,000<br/><br/><b>Contact:</b> Greg Ramirez, City Manager<br/>citymanager@cityofcamarillo.org 1-805-388-5307<br/><br/><b>Top opportunities:</b><ul><li><b>High fit</b> - Wastewater Treatment Plant or Facility Initiatives - $24,000,000</li><li><b>High fit</b> - Wastewater Treatment Plant or Facility Initiatives; Consultant Initiatives - $24,000,000</li><li><b>Medium fit</b> - Collection System-Wide Initiatives; Financial - $2,000,000</li><li><b>High fit</b> - Pump Station Initiatives; Financial - $1,050,000</li><li><b>High fit</b> - Financial; Pump Initiatives - $1,050,000</li><li><b>High fit</b> - System Monitoring and Control Software Initiatives - $nan</li></ul>]]></description><Point><coordinates>-119.084253,34.307783,0</coordinates></Point></Placemark>
<Placemark><name>City of Lake Havasu City</name><styleUrl>#s1</styleUrl><description><![CDATA[<b>City of Lake Havasu City</b> (AZ)<br/>EAE score: <b>82.0</b> &nbsp;|&nbsp; Status: <b>Open</b><br/>Population: 60,971<br/>County: Mohave<br/>Opportunities: 16 (15 high-fit, 12 priority)<br/>Total value: $23,011,505<br/><br/><b>Contact:</b> Jess Knudson, City Manager<br/>knudsonj@lhcaz.gov 1-928-453-4141<br/><br/><b>Top opportunities:</b><ul><li><b>High fit</b> - Lift Station Initiatives - $6,925,000</li><li><b>High fit</b> - System Monitoring and Control Software Initiatives; Pump Initiatives - $4,757,005</li><li><b>High fit</b> - Water Treatment Plant or Facility Initiatives; Distribution System-Wide Initiatives - $3,705,000</li><li><b>High fit</b> - Pump Station Initiatives - $1,397,500</li><li><b>High fit</b> - Pump Station Initiatives - $1,397,500</li><li><b>High fit</b> - Pump Station Initiatives - $1,397,500</li></ul>]]></description><Point><coordinates>-114.310294,34.500556,0</coordinates></Point></Placemark>
<Placemark><name>City of Redlands</name><styleUrl>#s1</styleUrl><description><![CDATA[<b>City of Redlands</b> (CA)<br/>EAE score: <b>82.0</b> &nbsp;|&nbsp; Status: <b>Open</b><br/>Population: 71,513<br/>County: San Bernardino<br/>Opportunities: 7 (6 high-fit, 6 priority)<br/>Total value: $143,825,261<br/><br/><b>Contact:</b> Chris Boatman, Interim Director of Municipal Utilities<br/>cboatman@cityofredlands.org 1-909-798-7698<br/><br/><b>Top opportunities:</b><ul><li><b>High fit</b> - Wastewater Treatment Plant or Facility Initiatives - $45,000,000</li><li><b>High fit</b> - Wastewater Treatment Plant or Facility Initiatives - $45,000,000</li><li><b>High fit</b> - Financial; Wastewater Treatment Plant or Facility Initiatives - $45,000,000</li><li><b>High fit</b> - System Monitoring and Control Software Initiatives - $5,300,000</li><li><b>High fit</b> - Power Supply, Control, and Protection Initiatives; Financial - $3,473,761</li><li><b>High fit</b> - Pump Station Initiatives - $51,500</li></ul>]]></description><Point><coordinates>-116.889474,34.2409,0</coordinates></Point></Placemark>
<Placemark><name>Town of Eloy</name><styleUrl>#s1</styleUrl><description><![CDATA[<b>Town of Eloy</b> (AZ)<br/>EAE score: <b>81.0</b> &nbsp;|&nbsp; Status: <b>Open</b><br/>Population: 15,988<br/>County: Pinal<br/>Opportunities: 6 (6 high-fit, 5 priority)<br/>Total value: $19,850,000<br/><br/><b>Contact:</b> Kidwell CMC, Celine, Town Clerk<br/>ckidwell@eloyaz.gov 1-520-466-9201<br/><br/><b>Top opportunities:</b><ul><li><b>High fit</b> - Nutrient Initiatives; Lift Station Initiatives - $15,650,000</li><li><b>High fit</b> - Nutrient Initiatives; Water Treatment Plant or Facility Initiatives - $2,000,000</li><li><b>High fit</b> - Lift Station Initiatives - $1,900,000</li><li><b>High fit</b> - Lift Station Initiatives - $300,000</li><li><b>High fit</b> - Pump Station Initiatives - $nan</li><li><b>High fit</b> - System Monitoring and Control Software Initiatives - $nan</li></ul>]]></description><Point><coordinates>-111.57,32.71,0</coordinates></Point></Placemark>
<Placemark><name>Beaumont-Cherry Valley Water District</name><styleUrl>#s1</styleUrl><description><![CDATA[<b>Beaumont-Cherry Valley Water District</b> (CA)<br/>EAE score: <b>81.0</b> &nbsp;|&nbsp; Status: <b>Open</b><br/>Population: 2,470,546<br/>County: Riverside<br/>Opportunities: 13 (11 high-fit, 11 priority)<br/>Total value: $26,080,000<br/><br/><b>Contact:</b> Daniel Jaggers, General Manager<br/>dan.jaggers@bcvwd.org 1-951-845-9581;ext=217<br/><br/><b>Top opportunities:</b><ul><li><b>High fit</b> - Water Metering Initiatives; System Monitoring and Control Software Initiatives - $8,327,500</li><li><b>High fit</b> - Pump Station Initiatives - $4,353,600</li><li><b>High fit</b> - Water Metering Initiatives; System Monitoring and Control Software Initiatives - $3,550,800</li><li><b>High fit</b> - System Monitoring and Control Software Initiatives - $3,254,500</li><li><b>High fit</b> - Pump Station Initiatives; Financial - $2,854,400</li><li><b>Medium fit</b> - Valve Initiatives; Collection System-Wide Initiatives - $865,600</li></ul>]]></description><Point><coordinates>-116.954753,33.92703,0</coordinates></Point></Placemark>
<Placemark><name>City of Clovis</name><styleUrl>#s1</styleUrl><description><![CDATA[<b>City of Clovis</b> (CA)<br/>EAE score: <b>81.0</b> &nbsp;|&nbsp; Status: <b>Open</b><br/>Population: 127,753<br/>County: Fresno<br/>Opportunities: 14 (11 high-fit, 14 priority)<br/>Total value: $266,262,000<br/><br/><b>Contact:</b> Scott Redelfs, Director of Public Utilities<br/>scottr@clovisca.gov 1-559-324-2648<br/><br/><b>Top opportunities:</b><ul><li><b>High fit</b> - Water Treatment Plant or Facility Initiatives - $69,200,000</li><li><b>High fit</b> - Water Treatment Plant or Facility Initiatives - $65,500,000</li><li><b>High fit</b> - Water Reuse Initiatives; Wastewater Treatment Plant or Facility Initiatives - $35,000,000</li><li><b>High fit</b> - Wastewater Treatment Plant or Facility Initiatives - $35,000,000</li><li><b>High fit</b> - Water Treatment Plant or Facility Initiatives - $30,000,000</li><li><b>Low fit</b> - Pipe Initiatives; Financial - $20,500,000</li></ul>]]></description><Point><coordinates>-119.585303,36.878242,0</coordinates></Point></Placemark>
<Placemark><name>City of Camas</name><styleUrl>#s1</styleUrl><description><![CDATA[<b>City of Camas</b> (WA)<br/>EAE score: <b>81.0</b> &nbsp;|&nbsp; Status: <b>Open</b><br/>Population: 24,418<br/>County: Clark<br/>Opportunities: 5 (4 high-fit, 4 priority)<br/>Total value: $27,433,729<br/><br/><b>Contact:</b> Steve Wall, Director of Public Works<br/>swall@cityofcamas.us 1-360-817-1561;ext=4212<br/><br/><b>Top opportunities:</b><ul><li><b>High fit</b> - Wastewater Treatment Plant or Facility Initiatives - $14,000,000</li><li><b>High fit</b> - Wastewater Treatment Plant or Facility Initiatives - $7,000,000</li><li><b>High fit</b> - Wastewater Treatment Plant or Facility Initiatives - $5,000,000</li><li><b>Low fit</b> - Financial; Pipe Initiatives - $1,433,729</li><li><b>High fit</b> - Pump Station Initiatives - $nan</li></ul>]]></description><Point><coordinates>-122.399341,45.656489,0</coordinates></Point></Placemark>
<Placemark><name>Placer County Water Agency</name><styleUrl>#s1</styleUrl><description><![CDATA[<b>Placer County Water Agency</b> (CA)<br/>EAE score: <b>80.0</b> &nbsp;|&nbsp; Status: <b>Open</b><br/>Population: 412,300<br/>County: Placer<br/>Opportunities: 16 (16 high-fit, 10 priority)<br/>Total value: $382,020,000<br/><br/><b>Contact:</b> Richard Moorehead, Public Works Director<br/>rmoorehe@placer.ca.gov 1-530-745-7533<br/><br/><b>Top opportunities:</b><ul><li><b>High fit</b> - Water Treatment Plant or Facility Initiatives - $227,000,000</li><li><b>High fit</b> - Water Treatment Plant or Facility Initiatives - $122,450,000</li><li><b>High fit</b> - Pipe Initiatives; Water Treatment Plant or Facility Initiatives - $28,720,000</li><li><b>High fit</b> - Water Treatment Plant or Facility Initiatives - $2,150,000</li><li><b>High fit</b> - System Monitoring and Control Software Initiatives - $450,000</li><li><b>High fit</b> - Water Treatment Plant or Facility Initiatives; Financial - $325,000</li></ul>]]></description><Point><coordinates>-121.067718,38.973505,0</coordinates></Point></Placemark>
<Placemark><name>Santa Clarita Valley Water</name><styleUrl>#s1</styleUrl><description><![CDATA[<b>Santa Clarita Valley Water</b> (CA)<br/>EAE score: <b>80.0</b> &nbsp;|&nbsp; Status: <b>Open</b><br/>Population: 10,039,107<br/>County: Los Angeles<br/>Opportunities: 8 (8 high-fit, 6 priority)<br/>Total value: $49,365,447<br/><br/><b>Contact:</b> Matt Stone, General Manager<br/>mstone@scvwa.org 1-469-893-2200<br/><br/><b>Top opportunities:</b><ul><li><b>High fit</b> - Pipe Initiatives; Pump Station Initiatives - $30,055,000</li><li><b>High fit</b> - Pump Station Initiatives - $17,000,000</li><li><b>High fit</b> - Pump Station Initiatives - $1,410,447</li><li><b>High fit</b> - Pump Station Initiatives - $400,000</li><li><b>High fit</b> - Pump Station Initiatives - $250,000</li><li><b>High fit</b> - System Monitoring and Control Software Initiatives - $150,000</li></ul>]]></description><Point><coordinates>-118.298662,33.786594,0</coordinates></Point></Placemark>
<Placemark><name>Los Angeles County Sanitation Districts</name><styleUrl>#s1</styleUrl><description><![CDATA[<b>Los Angeles County Sanitation Districts</b> (CA)<br/>EAE score: <b>80.0</b> &nbsp;|&nbsp; Status: <b>Open</b><br/>Population: 10,039,107<br/>County: Los Angeles<br/>Opportunities: 11 (11 high-fit, 9 priority)<br/>Total value: $179,699,000<br/><br/><b>Contact:</b> Martha Tremblay, Assistant Chief Engineer and Assistant General Manager<br/>mtremblay@lacsd.org 1-562-908-4288<br/><br/><b>Top opportunities:</b><ul><li><b>High fit</b> - Wastewater Treatment Plant or Facility Initiatives; Financial - $64,600,000</li><li><b>High fit</b> - Primary Treatment Initiatives; Lift Station Initiatives - $57,389,000</li><li><b>High fit</b> - Primary Treatment Initiatives; Lift Station Initiatives - $26,210,000</li><li><b>High fit</b> - Pump Initiatives - $14,000,000</li><li><b>High fit</b> - Pipe Initiatives; Lift Station Initiatives - $5,000,000</li><li><b>High fit</b> - Wastewater Treatment Plant or Facility Initiatives - $4,300,000</li></ul>]]></description><Point><coordinates>-118.298662,33.786594,0</coordinates></Point></Placemark>
<Placemark><name>Selma-Kingsburg-Fowler County Sanitation District</name><styleUrl>#s1</styleUrl><description><![CDATA[<b>Selma-Kingsburg-Fowler County Sanitation District</b> (CA)<br/>EAE score: <b>80.0</b> &nbsp;|&nbsp; Status: <b>Open</b><br/>Population: 999,101<br/>County: Fresno<br/>Opportunities: 11 (11 high-fit, 5 priority)<br/>Total value: $14,515,876<br/><br/><b>Contact:</b> Ben Munoz, General Manager<br/>nan 1-559-897-6500<br/><br/><b>Top opportunities:</b><ul><li><b>High fit</b> - Wastewater Treatment Plant or Facility Initiatives - $7,352,039</li><li><b>High fit</b> - Lift Station Initiatives - $4,403,617</li><li><b>High fit</b> - Financial; Wastewater Treatment Plant or Facility Initiatives - $2,310,000</li><li><b>High fit</b> - System Monitoring and Control Software Initiatives - $265,220</li><li><b>High fit</b> - Secondary Treatment Initiatives; Power Supply, Control, and Protection Initiatives - $75,000</li><li><b>High fit</b> - System Monitoring and Control Software Initiatives; Secondary Treatment Initiatives - $75,000</li></ul>]]></description><Point><coordinates>-119.602863,36.5249,0</coordinates></Point></Placemark>
<Placemark><name>City of San Mateo</name><styleUrl>#s1</styleUrl><description><![CDATA[<b>City of San Mateo</b> (CA)<br/>EAE score: <b>80.0</b> &nbsp;|&nbsp; Status: <b>Open</b><br/>Population: 104,430<br/>County: San Mateo<br/>Opportunities: 8 (8 high-fit, 5 priority)<br/>Total value: $74,720,422<br/><br/><b>Contact:</b> Matt Fabry, Public Works Director<br/>mfabry@cityofsanmateo.org 1-650-522-7309<br/><br/><b>Top opportunities:</b><ul><li><b>High fit</b> - Wastewater Treatment Plant or Facility Initiatives - $44,227,422</li><li><b>High fit</b> - Lift Station Initiatives; Financial - $22,020,000</li><li><b>High fit</b> - Wastewater Treatment Plant or Facility Initiatives - $2,600,000</li><li><b>High fit</b> - Power Supply, Control, and Protection Initiatives - $2,100,000</li><li><b>High fit</b> - Lift Station Initiatives - $1,563,000</li><li><b>High fit</b> - Wastewater Treatment Plant or Facility Initiatives - $1,300,000</li></ul>]]></description><Point><coordinates>-122.304079,37.541486,0</coordinates></Point></Placemark>
<Placemark><name>Moulton Niguel Water District</name><styleUrl>#s1</styleUrl><description><![CDATA[<b>Moulton Niguel Water District</b> (CA)<br/>EAE score: <b>80.0</b> &nbsp;|&nbsp; Status: <b>Open</b><br/>Population: 100,000<br/>County: Orange<br/>Opportunities: 25 (25 high-fit, 5 priority)<br/>Total value: $116,001,538<br/><br/><b>Contact:</b> Todd Novacek, Director of Operations<br/>tnovacek@mnwd.com 1-949-831-2500<br/><br/><b>Top opportunities:</b><ul><li><b>High fit</b> - Lift Station Initiatives; Collection System-Wide Initiatives - $24,000,000</li><li><b>High fit</b> - Lift Station Initiatives; Pipe Initiatives - $12,274,212</li><li><b>High fit</b> - Electrical Systems-Wide Initiatives; Lift Station Initiatives - $11,025,000</li><li><b>High fit</b> - Pump Station Initiatives - $10,400,000</li><li><b>High fit</b> - Pump Station Initiatives - $10,035,000</li><li><b>High fit</b> - Lift Station Initiatives; Electrical Systems-Wide Initiatives - $9,018,301</li></ul>]]></description><Point><coordinates>-117.769442,33.640302,0</coordinates></Point></Placemark>
<Placemark><name>City of Burbank</name><styleUrl>#s1</styleUrl><description><![CDATA[<b>City of Burbank</b> (CA)<br/>EAE score: <b>80.0</b> &nbsp;|&nbsp; Status: <b>Open</b><br/>Population: 103,703<br/>County: Los Angeles<br/>Opportunities: 12 (12 high-fit, 8 priority)<br/>Total value: $32,144,052<br/><br/><b>Contact:</b> Damian Skinner, Interim Director of Public Works<br/>dskinner@burbankca.gov 1-818-238-3915<br/><br/><b>Top opportunities:</b><ul><li><b>High fit</b> - System Monitoring and Control Software Initiatives; Supervisory Control And Data Acquisition (SCADA) - $28,262,860</li><li><b>High fit</b> - Pump Station Initiatives; Financial - $1,750,000</li><li><b>High fit</b> - System Monitoring and Control Software Initiatives; Supervisory Control And Data Acquisition (SCADA) - $465,933</li><li><b>High fit</b> - Supervisory Control And Data Acquisition (SCADA); System Monitoring and Control Software Initiatives - $455,260</li><li><b>High fit</b> - Pump Station Initiatives; Financial - $350,000</li><li><b>High fit</b> - Pump Station Initiatives - $300,000</li></ul>]]></description><Point><coordinates>-118.298662,33.786594,0</coordinates></Point></Placemark>
<Placemark><name>City and County of Honolulu</name><styleUrl>#s1</styleUrl><description><![CDATA[<b>City and County of Honolulu</b> (HI)<br/>EAE score: <b>80.0</b> &nbsp;|&nbsp; Status: <b>Open</b><br/>Population: 347,397<br/>County: Honolulu<br/>Opportunities: 27 (24 high-fit, 27 priority)<br/>Total value: $627,324,000<br/><br/><b>Contact:</b> Andrew T. Kawano, Finance Director<br/>bfsmail@honolulu.gov 1-808-768-3901<br/><br/><b>Top opportunities:</b><ul><li><b>Low fit</b> - Financial; Pipe Initiatives - $133,003,000</li><li><b>High fit</b> - Pipe Initiatives; Lift Station Initiatives - $83,001,000</li><li><b>High fit</b> - Pipe Initiatives; Pump Initiatives - $55,302,000</li><li><b>High fit</b> - Wastewater Treatment Plant or Facility Initiatives - $55,001,000</li><li><b>High fit</b> - Wastewater Treatment Plant or Facility Initiatives - $55,001,000</li><li><b>High fit</b> - Pump Initiatives; Lift Station Initiatives - $50,302,000</li></ul>]]></description><Point><coordinates>-168.021815,24.859832,0</coordinates></Point></Placemark>
<Placemark><name>City of Pasadena</name><styleUrl>#s1</styleUrl><description><![CDATA[<b>City of Pasadena</b> (CA)<br/>EAE score: <b>80.0</b> &nbsp;|&nbsp; Status: <b>Open</b><br/>Population: 130,935<br/>County: Los Angeles<br/>Opportunities: 7 (7 high-fit, 5 priority)<br/>Total value: $106,797,674<br/><br/><b>Contact:</b> Brent Maue, City Engineer<br/>bmaue@cityofpasadena.net 1-626-744-4307<br/><br/><b>Top opportunities:</b><ul><li><b>High fit</b> - Transportation Safety Initiatives; Pump Initiatives - $38,400,000</li><li><b>High fit</b> - Aquifer Initiatives; Water Treatment Plant or Facility Initiatives - $20,392,674</li><li><b>High fit</b> - Reservoir Initiatives; Pump Station Initiatives - $14,855,000</li><li><b>High fit</b> - Pump Station Initiatives; Water Tank or Tower Initiatives - $14,855,000</li><li><b>High fit</b> - Pump Station Initiatives; Pump Initiatives - $12,510,000</li><li><b>High fit</b> - Lift Station Initiatives; Operational Technology (OT) Initiatives - $5,250,000</li></ul>]]></description><Point><coordinates>-118.298662,33.786594,0</coordinates></Point></Placemark>
<Placemark><name>Town Of Discovery Bay</name><styleUrl>#s1</styleUrl><description><![CDATA[<b>Town Of Discovery Bay</b> (CA)<br/>EAE score: <b>80.0</b> &nbsp;|&nbsp; Status: <b>Open</b><br/>County: Contra Costa<br/>Opportunities: 12 (12 high-fit, 9 priority)<br/>Total value: $10,089,886<br/><br/><b>Contact:</b> Kevin Graves, Director<br/>kgraves@todb.ca.gov 1-925-634-1131<br/><br/><b>Top opportunities:</b><ul><li><b>High fit</b> - Wastewater Treatment Plant or Facility Initiatives - $4,757,150</li><li><b>High fit</b> - Lift Station Initiatives - $1,423,000</li><li><b>High fit</b> - Financial; Lift Station Initiatives - $1,000,000</li><li><b>High fit</b> - Lift Station Initiatives - $800,000</li><li><b>High fit</b> - Lift Station Initiatives - $680,736</li><li><b>High fit</b> - Lift Station Initiatives - $607,000</li></ul>]]></description><Point><coordinates>-122.05240659340662,37.93037123076923,0</coordinates></Point></Placemark>
<Placemark><name>Vallejo Flood &amp; Wastewater District</name><styleUrl>#s1</styleUrl><description><![CDATA[<b>Vallejo Flood &amp; Wastewater District</b> (CA)<br/>EAE score: <b>80.0</b> &nbsp;|&nbsp; Status: <b>Open</b><br/>Population: 123,564<br/>County: Solano<br/>Opportunities: 6 (6 high-fit, 5 priority)<br/>Total value: $14,110,000<br/><br/><b>Contact:</b> Mark Tomko, Director of Engineering<br/>mtomko@vallejowastewater.org 1-707-652-7801<br/><br/><b>Top opportunities:</b><ul><li><b>High fit</b> - Lift Station Initiatives - $8,750,000</li><li><b>High fit</b> - Pipe Initiatives; Lift Station Initiatives - $2,200,000</li><li><b>High fit</b> - Financial; Lift Station Initiatives - $1,400,000</li><li><b>High fit</b> - Lift Station Initiatives - $1,000,000</li><li><b>High fit</b> - Lift Station Initiatives - $760,000</li><li><b>High fit</b> - Lift Station Initiatives - $nan</li></ul>]]></description><Point><coordinates>-122.25328,38.096719,0</coordinates></Point></Placemark>
<Placemark><name>City of Vallejo</name><styleUrl>#s1</styleUrl><description><![CDATA[<b>City of Vallejo</b> (CA)<br/>EAE score: <b>80.0</b> &nbsp;|&nbsp; Status: <b>Open</b><br/>Population: 123,564<br/>County: Solano<br/>Opportunities: 7 (6 high-fit, 7 priority)<br/>Total value: $14,503,305<br/><br/><b>Contact:</b> Beth Schoenberger, Water Director<br/>beth.schoenberger@cityofvallejo.net 1-707-648-5439<br/><br/><b>Top opportunities:</b><ul><li><b>Low fit</b> - Procurement; General Planning - $4,111,021</li><li><b>High fit</b> - Pipe Initiatives; Pump Station Initiatives - $3,000,000</li><li><b>High fit</b> - Pump Station Initiatives - $2,692,284</li><li><b>High fit</b> - Pump Station Initiatives - $2,200,000</li><li><b>High fit</b> - Water Treatment Plant or Facility Initiatives - $1,500,000</li><li><b>High fit</b> - Pump Station Initiatives - $700,000</li></ul>]]></description><Point><coordinates>-122.25328,38.096719,0</coordinates></Point></Placemark>
<Placemark><name>Montecito Sanitary District</name><styleUrl>#s1</styleUrl><description><![CDATA[<b>Montecito Sanitary District</b> (CA)<br/>EAE score: <b>80.0</b> &nbsp;|&nbsp; Status: <b>Open</b><br/>Population: 446,499<br/>County: Santa Barbara<br/>Opportunities: 18 (14 high-fit, 3 priority)<br/>Total value: $14,214,000<br/><br/><b>Contact:</b> Bryce Swetek, Engineering Manager<br/>bswetek@montsan.org 1-805-883-6872<br/><br/><b>Top opportunities:</b><ul><li><b>Low fit</b> - Financial; Pipe Initiatives - $4,000,000</li><li><b>High fit</b> - Lift Station Initiatives - $3,000,000</li><li><b>High fit</b> - Lift Station Initiatives - $2,500,000</li><li><b>High fit</b> - Wastewater Treatment Plant or Facility Initiatives - $1,800,000</li><li><b>High fit</b> - Lift Station Initiatives - $1,000,000</li><li><b>High fit</b> - Financial; Wastewater Treatment Plant or Facility Initiatives - $1,000,000</li></ul>]]></description><Point><coordinates>-119.615862,34.437795,0</coordinates></Point></Placemark>
<Placemark><name>City of Yuma</name><styleUrl>#s1</styleUrl><description><![CDATA[<b>City of Yuma</b> (AZ)<br/>EAE score: <b>80.0</b> &nbsp;|&nbsp; Status: <b>Open</b><br/>Population: 96,349<br/>County: Yuma<br/>Opportunities: 8 (7 high-fit, 7 priority)<br/>Total value: $14,168,000<br/><br/><b>Contact:</b> David Wostenberg, Director of Engineering<br/>david.wostenberg@yumaaz.gov 1-928-373-4520<br/><br/><b>Top opportunities:</b><ul><li><b>High fit</b> - Filtration Initiatives; Water Treatment Plant or Facility Initiatives - $4,340,000</li><li><b>High fit</b> - Wastewater Treatment Plant or Facility Initiatives - $4,000,000</li><li><b>High fit</b> - Pump Station Initiatives - $3,818,000</li><li><b>High fit</b> - Water Treatment Plant or Facility Initiatives - $1,150,000</li><li><b>High fit</b> - Lift Station Initiatives - $520,000</li><li><b>High fit</b> - Financial; System Monitoring and Control Software Initiatives - $300,000</li></ul>]]></description><Point><coordinates>-114.648722,32.615305,0</coordinates></Point></Placemark>
<Placemark><name>Clean Water Services</name><styleUrl>#s1</styleUrl><description><![CDATA[<b>Clean Water Services</b> (OR)<br/>EAE score: <b>80.0</b> &nbsp;|&nbsp; Status: <b>Open</b><br/>Population: 601,592<br/>County: Washington<br/>Opportunities: 20 (20 high-fit, 17 priority)<br/>Total value: $100,530,000<br/><br/><b>Contact:</b> Denny Wade, City Engineer<br/>dennyw@cleanwaterservices.org 1-503-547-8117<br/><br/><b>Top opportunities:</b><ul><li><b>High fit</b> - Pipe Initiatives; Lift Station Initiatives - $27,000,000</li><li><b>High fit</b> - Power Supply, Control, and Protection Initiatives; Secondary Treatment Initiatives - $20,100,000</li><li><b>High fit</b> - Pump Initiatives; Lift Station Initiatives - $18,600,000</li><li><b>High fit</b> - Lift Station Initiatives - $10,800,000</li><li><b>High fit</b> - Pipe Initiatives; Lift Station Initiatives - $4,500,000</li><li><b>High fit</b> - Pipe Initiatives; Lift Station Initiatives - $4,450,000</li></ul>]]></description><Point><coordinates>-122.977963,45.458397,0</coordinates></Point></Placemark>
<Placemark><name>City of Hermiston</name><styleUrl>#s1</styleUrl><description><![CDATA[<b>City of Hermiston</b> (OR)<br/>EAE score: <b>79.9</b> &nbsp;|&nbsp; Status: <b>Open</b><br/>Population: 17,782<br/>County: Umatilla<br/>Opportunities: 10 (9 high-fit, 9 priority)<br/>Total value: $5,567,800<br/><br/><b>Contact:</b> Ignacio Palacios, Finance Director<br/>billing@hermiston.or.us 1-541-567-5521<br/><br/><b>Top opportunities:</b><ul><li><b>High fit</b> - Pump Initiatives; Pump Station Initiatives - $1,290,000</li><li><b>High fit</b> - Pump Initiatives; Pump Station Initiatives - $1,020,000</li><li><b>High fit</b> - Pump Initiatives; Lift Station Initiatives - $950,000</li><li><b>Low fit</b> - Valve Initiatives; Financial - $600,000</li><li><b>High fit</b> - Lift Station Initiatives; Power Supply, Control, and Protection Initiatives - $600,000</li><li><b>High fit</b> - Pump Initiatives - $307,800</li></ul>]]></description><Point><coordinates>-119.100692,45.699986,0</coordinates></Point></Placemark>
<Placemark><name>Sanitary District No.5 of Marin County</name><styleUrl>#s1</styleUrl><description><![CDATA[<b>Sanitary District No.5 of Marin County</b> (CA)<br/>EAE score: <b>79.8</b> &nbsp;|&nbsp; Status: <b>Open</b><br/>Population: 258,826<br/>County: Marin<br/>Opportunities: 21 (18 high-fit, 14 priority)<br/>Total value: $9,100,000<br/><br/><b>Contact:</b> Tony Rubio, District Manager<br/>tony@sani5.org 1-888-765-1970<br/><br/><b>Top opportunities:</b><ul><li><b>High fit</b> - Lift Station Initiatives - $3,000,000</li><li><b>High fit</b> - Lift Station Initiatives - $2,000,000</li><li><b>High fit</b> - Lift Station Initiatives; Valve Initiatives - $950,000</li><li><b>High fit</b> - Pump Initiatives; Pipe Initiatives - $510,000</li><li><b>High fit</b> - Pipe Initiatives; Lift Station Initiatives - $500,000</li><li><b>High fit</b> - Lift Station Initiatives; Financial - $420,000</li></ul>]]></description><Point><coordinates>-122.562937,37.886325,0</coordinates></Point></Placemark>
<Placemark><name>Big Bear Area Regional Wastewater Agency</name><styleUrl>#s1</styleUrl><description><![CDATA[<b>Big Bear Area Regional Wastewater Agency</b> (CA)<br/>EAE score: <b>79.3</b> &nbsp;|&nbsp; Status: <b>Open</b><br/>Population: 10,000<br/>County: San Bernardino<br/>Opportunities: 7 (6 high-fit, 3 priority)<br/>Total value: $9,872,639<br/><br/><b>Contact:</b> Marie Jauregui, Project Manager<br/>mjauregui@bbarwa.org 1-909-584-4018<br/><br/><b>Top opportunities:</b><ul><li><b>High fit</b> - Wastewater Treatment Plant or Facility Initiatives - $4,563,338</li><li><b>High fit</b> - Wastewater Treatment Plant or Facility Initiatives; Pipe Initiatives - $4,563,338</li><li><b>Low fit</b> - Effluent Disposal Initiatives; Financial - $698,000</li><li><b>High fit</b> - Power Supply, Control, and Protection Initiatives - $47,963</li><li><b>High fit</b> - Wastewater Treatment Plant or Facility Initiatives; Solar Initiatives - $nan</li><li><b>High fit</b> - Wastewater Treatment Plant or Facility Initiatives - $nan</li></ul>]]></description><Point><coordinates>-116.110086,34.50514,0</coordinates></Point></Placemark>
<Placemark><name>San Lorenzo Valley Water District</name><styleUrl>#s1</styleUrl><description><![CDATA[<b>San Lorenzo Valley Water District</b> (CA)<br/>EAE score: <b>78.8</b> &nbsp;|&nbsp; Status: <b>Open</b><br/>Population: 35,000<br/>County: Santa Cruz<br/>Opportunities: 7 (7 high-fit, 5 priority)<br/>Total value: $7,390,000<br/><br/><b>Contact:</b> Garrett Roffe, Engineering Manager<br/>groffe@slvwd.com +1-831-430-4635<br/><br/><b>Top opportunities:</b><ul><li><b>High fit</b> - Pump Station Initiatives; Water Tank or Tower Initiatives - $2,700,000</li><li><b>High fit</b> - Pump Station Initiatives; Water Tank or Tower Initiatives - $2,000,000</li><li><b>High fit</b> - System Monitoring and Control Software Initiatives; Pump Station Initiatives - $1,000,000</li><li><b>High fit</b> - Pump Station Initiatives - $610,000</li><li><b>High fit</b> - Pump Station Initiatives; Building Operations and Maintenance Initiatives - $610,000</li><li><b>High fit</b> - Pump Station Initiatives - $320,000</li></ul>]]></description><Point><coordinates>-122.111126,37.052748,0</coordinates></Point></Placemark>
<Placemark><name>Jurupa Community Services District</name><styleUrl>#s1</styleUrl><description><![CDATA[<b>Jurupa Community Services District</b> (CA)<br/>EAE score: <b>78.0</b> &nbsp;|&nbsp; Status: <b>Open</b><br/>Population: 2,470,546<br/>County: Riverside<br/>Opportunities: 8 (5 high-fit, 3 priority)<br/>Total value: $11,884,030<br/><br/><b>Contact:</b> Scott Lynch, Principal Engineer<br/>slynch@jcsd.us 1-949-292-7454<br/><br/><b>Top opportunities:</b><ul><li><b>High fit</b> - Pipe Initiatives; Lift Station Initiatives - $4,070,000</li><li><b>High fit</b> - Wastewater Treatment Plant or Facility Initiatives - $3,199,630</li><li><b>High fit</b> - Pump Station Initiatives - $2,170,000</li><li><b>High fit</b> - Lift Station Initiatives - $1,770,000</li><li><b>High fit</b> - Wastewater Treatment Plant or Facility Initiatives - $290,000</li><li><b>Medium fit</b> - Distribution System-Wide Initiatives; Financial - $175,500</li></ul>]]></description><Point><coordinates>-116.055617,33.752886,0</coordinates></Point></Placemark>
<Placemark><name>City of St. Helena</name><styleUrl>#s1</styleUrl><description><![CDATA[<b>City of St. Helena</b> (CA)<br/>EAE score: <b>78.0</b> &nbsp;|&nbsp; Status: <b>Open</b><br/>Population: 6,102<br/>County: Napa<br/>Opportunities: 10 (9 high-fit, 1 priority)<br/>Total value: $39,210,457<br/><br/><b>Contact:</b> Mandy Kellogg, Administrative Director<br/>mkellogg@cityofsthelena.gov 1-707-968-2649<br/><br/><b>Top opportunities:</b><ul><li><b>High fit</b> - Wastewater Treatment Plant or Facility Initiatives; Financial - $18,815,827</li><li><b>High fit</b> - Pump Station Initiatives; Financial - $13,120,000</li><li><b>High fit</b> - System Monitoring and Control Software Initiatives; Financial - $2,600,000</li><li><b>Low fit</b> - Pipe Initiatives; Financial - $1,805,704</li><li><b>High fit</b> - Financial; Water Treatment Plant or Facility Initiatives - $1,000,000</li><li><b>High fit</b> - System Monitoring and Control Software Initiatives; Financial - $915,271</li></ul>]]></description><Point><coordinates>-122.401289,38.537757,0</coordinates></Point></Placemark>
<Placemark><name>City of Redwood City</name><styleUrl>#s1</styleUrl><description><![CDATA[<b>City of Redwood City</b> (CA)<br/>EAE score: <b>78.0</b> &nbsp;|&nbsp; Status: <b>Open</b><br/>Population: 85,925<br/>County: San Mateo<br/>Opportunities: 6 (4 high-fit, 5 priority)<br/>Total value: $38,050,000<br/><br/><b>Contact:</b> Melissa Stevenson Diaz, City Manager<br/>mdiaz@redwoodcity.org 1-650-780-7300<br/><br/><b>Top opportunities:</b><ul><li><b>Medium fit</b> - Collection System-Wide Initiatives - $15,500,000</li><li><b>High fit</b> - Lift Station Initiatives; Wastewater Tank Initiatives - $12,000,000</li><li><b>High fit</b> - Water Tank or Tower Initiatives; Pump Station Initiatives - $6,500,000</li><li><b>Medium fit</b> - Collection System-Wide Initiatives - $3,000,000</li><li><b>High fit</b> - System Monitoring and Control Software Initiatives; Pump Initiatives - $550,000</li><li><b>High fit</b> - System Monitoring and Control Software Initiatives; Pump Initiatives - $500,000</li></ul>]]></description><Point><coordinates>-122.212846,37.490387,0</coordinates></Point></Placemark>
<Placemark><name>Burbank Water and Power</name><styleUrl>#s1</styleUrl><description><![CDATA[<b>Burbank Water and Power</b> (CA)<br/>EAE score: <b>77.2</b> &nbsp;|&nbsp; Status: <b>Open</b><br/>Population: 10,039,107<br/>County: Los Angeles<br/>Opportunities: 14 (13 high-fit, 5 priority)<br/>Total value: $11,967,352<br/><br/><b>Contact:</b> Mandip Samra, General Manager<br/>msamra@burbankca.gov 1-818-238-3550<br/><br/><b>Top opportunities:</b><ul><li><b>Medium fit</b> - Distribution System-Wide Initiatives - $4,375,000</li><li><b>High fit</b> - Pump Station Initiatives - $3,250,000</li><li><b>High fit</b> - Pump Station Initiatives - $1,750,000</li><li><b>High fit</b> - System Monitoring and Control Software Initiatives - $750,000</li><li><b>High fit</b> - System Monitoring and Control Software Initiatives - $625,000</li><li><b>High fit</b> - Cybersecurity Initiatives - $500,000</li></ul>]]></description><Point><coordinates>-118.298662,33.786594,0</coordinates></Point></Placemark>
<Placemark><name>San Benito County Water District</name><styleUrl>#s1</styleUrl><description><![CDATA[<b>San Benito County Water District</b> (CA)<br/>EAE score: <b>77.0</b> &nbsp;|&nbsp; Status: <b>Open</b><br/>Population: 62,808<br/>County: San Benito<br/>Opportunities: 9 (9 high-fit, 4 priority)<br/>Total value: $246,062,502<br/><br/><b>Contact:</b> Lana Way Hollister, County Clerk<br/>Cclerk@sanbenitocountyca.gov 1-831-636-4029<br/><br/><b>Top opportunities:</b><ul><li><b>High fit</b> - Pipe Initiatives; Water Treatment Plant or Facility Initiatives - $115,000,001</li><li><b>High fit</b> - Well Initiatives; Water Treatment Plant or Facility Initiatives - $115,000,001</li><li><b>High fit</b> - Pipe Initiatives; Water Treatment Plant or Facility Initiatives - $6,700,000</li><li><b>High fit</b> - Well Initiatives; Water Treatment Plant or Facility Initiatives - $6,700,000</li><li><b>High fit</b> - Water Treatment Plant or Facility Initiatives; Financial - $1,492,500</li><li><b>High fit</b> - System Monitoring and Control Software Initiatives - $900,000</li></ul>]]></description><Point><coordinates>-121.3924,36.828078,0</coordinates></Point></Placemark>
<Placemark><name>City of San Buenaventura (Ventura)</name><styleUrl>#s1</styleUrl><description><![CDATA[<b>City of San Buenaventura (Ventura)</b> (CA)<br/>EAE score: <b>77.0</b> &nbsp;|&nbsp; Status: <b>Open</b><br/>Population: 109,708<br/>County: Ventura<br/>Opportunities: 9 (9 high-fit, 4 priority)<br/>Total value: $49,841,701<br/><br/><b>Contact:</b> Gina Dorrington, Assistant General Manager - Operations<br/>gdorrington@venturawater.net 1-805-677-4131<br/><br/><b>Top opportunities:</b><ul><li><b>High fit</b> - Lift Station Initiatives; Pump Initiatives - $27,151,000</li><li><b>High fit</b> - System Monitoring and Control Software Initiatives - $9,780,701</li><li><b>High fit</b> - Pump Station Initiatives - $6,000,000</li><li><b>High fit</b> - Pump Station Initiatives - $3,180,000</li><li><b>High fit</b> - Pump Station Initiatives; Financial - $3,180,000</li><li><b>High fit</b> - Financial; System Monitoring and Control Software Initiatives - $550,000</li></ul>]]></description><Point><coordinates>-119.358352,34.330829,0</coordinates></Point></Placemark>
<Placemark><name>County of Clackamas</name><styleUrl>#s1</styleUrl><description><![CDATA[<b>County of Clackamas</b> (OR)<br/>EAE score: <b>77.0</b> &nbsp;|&nbsp; Status: <b>Open</b><br/>Population: 80,000<br/>County: Clackamas<br/>Opportunities: 7 (6 high-fit, 7 priority)<br/>Total value: $43,330,000<br/><br/><b>Contact:</b> Marc Gonzales, Finance Director<br/>marcg@clackamas.us 1-503-742-5405<br/><br/><b>Top opportunities:</b><ul><li><b>Low fit</b> - Pipe Initiatives; Financial - $24,560,000</li><li><b>High fit</b> - Pump Initiatives; Building Operations and Maintenance Initiatives - $12,920,000</li><li><b>High fit</b> - Collection System-Wide Initiatives; Pump Initiatives - $2,500,000</li><li><b>High fit</b> - System Monitoring and Control Software Initiatives - $1,500,000</li><li><b>High fit</b> - Pump Initiatives; Primary Treatment Initiatives - $1,100,000</li><li><b>High fit</b> - Lift Station Initiatives - $500,000</li></ul>]]></description><Point><coordinates>-122.499461,45.415038,0</coordinates></Point></Placemark>
<Placemark><name>City of Vacaville</name><styleUrl>#s1</styleUrl><description><![CDATA[<b>City of Vacaville</b> (CA)<br/>EAE score: <b>77.0</b> &nbsp;|&nbsp; Status: <b>Open</b><br/>Population: 100,670<br/>County: Solano<br/>Opportunities: 5 (5 high-fit, 5 priority)<br/>Total value: $16,399,664<br/><br/><b>Contact:</b> Brian McLean, Director of Public Works<br/>brian.mclean@cityofvacaville.com 1-707-449-5176<br/><br/><b>Top opportunities:</b><ul><li><b>High fit</b> - Lift Station Initiatives; Pump Initiatives - $10,377,757</li><li><b>High fit</b> - Wastewater Treatment Plant or Facility Initiatives - $1,800,000</li><li><b>High fit</b> - Lift Station Initiatives; Pipe Initiatives - $1,687,135</li><li><b>High fit</b> - Lift Station Initiatives; Wastewater Treatment Plant or Facility Initiatives - $1,500,000</li><li><b>High fit</b> - Water Treatment Plant or Facility Initiatives - $1,034,772</li></ul>]]></description><Point><coordinates>-122.012778,38.407405,0</coordinates></Point></Placemark>
<Placemark><name>Valley Sanitary District</name><styleUrl>#s1</styleUrl><description><![CDATA[<b>Valley Sanitary District</b> (CA)<br/>EAE score: <b>77.0</b> &nbsp;|&nbsp; Status: <b>Open</b><br/>Population: 2,470,546<br/>County: Riverside<br/>Opportunities: 8 (8 high-fit, 5 priority)<br/>Total value: $94,129,904<br/><br/><b>Contact:</b> Ron Buchwald, District Engineer<br/>rbuchwald@valley-sanitary.org 1-760-238-5400<br/><br/><b>Top opportunities:</b><ul><li><b>High fit</b> - Financial; Wastewater Treatment Plant or Facility Initiatives - $82,056,814</li><li><b>High fit</b> - Wastewater Treatment Plant or Facility Initiatives - $11,293,090</li><li><b>High fit</b> - Pump Initiatives; Secondary Treatment Initiatives - $200,000</li><li><b>High fit</b> - Pump Initiatives; Nutrient Initiatives - $200,000</li><li><b>High fit</b> - System Monitoring and Control Software Initiatives - $200,000</li><li><b>High fit</b> - System Monitoring and Control Software Initiatives - $150,000</li></ul>]]></description><Point><coordinates>-116.035705,33.728721,0</coordinates></Point></Placemark>
<Placemark><name>Vallecitos Water District</name><styleUrl>#s1</styleUrl><description><![CDATA[<b>Vallecitos Water District</b> (CA)<br/>EAE score: <b>75.4</b> &nbsp;|&nbsp; Status: <b>Open</b><br/>Population: 3,338,330<br/>County: San Diego<br/>Opportunities: 11 (11 high-fit, 6 priority)<br/>Total value: $7,686,240<br/><br/><b>Contact:</b> Wes Owen, Director of Finance<br/>wowen@vwd.org 1-760-744-0460<br/><br/><b>Top opportunities:</b><ul><li><b>High fit</b> - System Monitoring and Control Software Initiatives - $3,786,240</li><li><b>High fit</b> - Financial; Electrical Systems-Wide Initiatives - $2,705,000</li><li><b>High fit</b> - Lift Station Initiatives; Pipe Initiatives - $565,000</li><li><b>High fit</b> - Pump Initiatives; Power Supply, Control, and Protection Initiatives - $130,000</li><li><b>High fit</b> - Power Supply, Control, and Protection Initiatives; Pump Initiatives - $130,000</li><li><b>High fit</b> - Pump Initiatives - $130,000</li></ul>]]></description><Point><coordinates>-117.215112,33.099573,0</coordinates></Point></Placemark>
<Placemark><name>Rogue Valley Sewer Services</name><styleUrl>#s1</styleUrl><description><![CDATA[<b>Rogue Valley Sewer Services</b> (OR)<br/>EAE score: <b>75.4</b> &nbsp;|&nbsp; Status: <b>Open</b><br/>Population: 18,848<br/>County: Jackson<br/>Opportunities: 7 (7 high-fit, 6 priority)<br/>Total value: $2,675,000<br/><br/><b>Contact:</b> Nicholas Bakke, District Engineer<br/>nbakke@rvss.us 1-541-664-6300<br/><br/><b>Top opportunities:</b><ul><li><b>High fit</b> - System Monitoring and Control Software Initiatives; Disinfection Initiatives - $800,000</li><li><b>High fit</b> - Lift Station Initiatives; Valve Initiatives - $425,000</li><li><b>High fit</b> - Lift Station Initiatives; Power Supply, Control, and Protection Initiatives - $400,000</li><li><b>High fit</b> - Lift Station Initiatives; Pump Initiatives - $350,000</li><li><b>High fit</b> - Lift Station Initiatives; Pump Initiatives - $350,000</li><li><b>High fit</b> - Lift Station Initiatives; Pump Initiatives - $350,000</li></ul>]]></description><Point><coordinates>-122.917383,42.416384,0</coordinates></Point></Placemark>
<Placemark><name>City of Snohomish</name><styleUrl>#s1</styleUrl><description><![CDATA[<b>City of Snohomish</b> (WA)<br/>EAE score: <b>75.3</b> &nbsp;|&nbsp; Status: <b>Open</b><br/>Population: 10,154<br/>County: Snohomish<br/>Opportunities: 7 (7 high-fit, 5 priority)<br/>Total value: $2,651,350<br/><br/><b>Contact:</b> Tim Cross, Public Works Operations Manager<br/>cross@snohomishwa.gov 1-360-282-3193<br/><br/><b>Top opportunities:</b><ul><li><b>High fit</b> - Lift Station Initiatives; Financial - $1,302,000</li><li><b>High fit</b> - Wastewater Treatment Plant or Facility Initiatives; Financial - $500,000</li><li><b>High fit</b> - Pipe Initiatives; Lift Station Initiatives - $320,000</li><li><b>High fit</b> - Pipe Initiatives; Lift Station Initiatives - $250,000</li><li><b>High fit</b> - Financial; Wastewater Treatment Plant or Facility Initiatives - $200,000</li><li><b>High fit</b> - System Monitoring and Control Software Initiatives - $79,350</li></ul>]]></description><Point><coordinates>-122.014722,47.954558,0</coordinates></Point></Placemark>
<Placemark><name>City of Pismo Beach</name><styleUrl>#s1</styleUrl><description><![CDATA[<b>City of Pismo Beach</b> (CA)<br/>EAE score: <b>75.0</b> &nbsp;|&nbsp; Status: <b>Open</b><br/>Population: 8,168<br/>County: San Luis Obispo<br/>Opportunities: 6 (6 high-fit, 0 priority)<br/>Total value: $20,555,490<br/><br/><b>Contact:</b> Erica Inderlied, City Clerk<br/>einderlied@pismobeach.org 1-805-773-7003<br/><br/><b>Top opportunities:</b><ul><li><b>High fit</b> - Wastewater Treatment Plant or Facility Initiatives - $14,505,490</li><li><b>High fit</b> - Primary Treatment Initiatives; Lift Station Initiatives - $3,100,000</li><li><b>High fit</b> - Lift Station Initiatives; Pipe Initiatives - $2,000,000</li><li><b>High fit</b> - Lift Station Initiatives - $600,000</li><li><b>High fit</b> - Pump Station Initiatives - $200,000</li><li><b>High fit</b> - Lift Station Initiatives - $150,000</li></ul>]]></description><Point><coordinates>-120.549178,35.391719,0</coordinates></Point></Placemark>
<Placemark><name>City of Estacada</name><styleUrl>#s1</styleUrl><description><![CDATA[<b>City of Estacada</b> (OR)<br/>EAE score: <b>75.0</b> &nbsp;|&nbsp; Status: <b>Open</b><br/>Population: 3,770<br/>County: Clackamas<br/>Opportunities: 10 (10 high-fit, 0 priority)<br/>Total value: $145,682,000<br/><br/><b>Contact:</b> Sadie Main, Finance Director<br/>main@cityofestacada.org 1-503-630-8270;ext=202<br/><br/><b>Top opportunities:</b><ul><li><b>High fit</b> - Wastewater Treatment Plant or Facility Initiatives - $45,550,000</li><li><b>High fit</b> - Wastewater Treatment Plant or Facility Initiatives - $41,000,000</li><li><b>High fit</b> - Financial; Wastewater Treatment Plant or Facility Initiatives - $32,200,000</li><li><b>High fit</b> - Secondary Treatment Initiatives; Wastewater Treatment Plant or Facility Initiatives - $12,000,000</li><li><b>High fit</b> - Wastewater Treatment Plant or Facility Initiatives - $5,000,000</li><li><b>High fit</b> - Water Treatment Plant or Facility Initiatives - $3,632,000</li></ul>]]></description><Point><coordinates>-122.499461,45.415038,0</coordinates></Point></Placemark>
<Placemark><name>City of Warrenton</name><styleUrl>#s1</styleUrl><description><![CDATA[<b>City of Warrenton</b> (OR)<br/>EAE score: <b>75.0</b> &nbsp;|&nbsp; Status: <b>Open</b><br/>Population: 5,739<br/>County: Clatsop<br/>Opportunities: 17 (16 high-fit, 0 priority)<br/>Total value: $47,910,000<br/><br/><b>Contact:</b> Esther Moberg, City Manager<br/>citymanager@warrrentonoregon.us 1-503-861-3927<br/><br/><b>Top opportunities:</b><ul><li><b>High fit</b> - Secondary Treatment Initiatives; Wastewater Treatment Plant or Facility Initiatives - $34,365,000</li><li><b>High fit</b> - Wastewater Treatment Plant or Facility Initiatives - $12,500,000</li><li><b>High fit</b> - Shoreline Management Initiatives; Lift Station Initiatives - $180,000</li><li><b>High fit</b> - Lift Station Initiatives - $170,000</li><li><b>High fit</b> - Lift Station Initiatives - $170,000</li><li><b>High fit</b> - Valve Initiatives; Lift Station Initiatives - $120,000</li></ul>]]></description><Point><coordinates>-123.905174,46.125267,0</coordinates></Point></Placemark>
<Placemark><name>Town of Clarkdale</name><styleUrl>#s1</styleUrl><description><![CDATA[<b>Town of Clarkdale</b> (AZ)<br/>EAE score: <b>75.0</b> &nbsp;|&nbsp; Status: <b>Open</b><br/>Population: 4,391<br/>County: Yavapai<br/>Opportunities: 7 (7 high-fit, 0 priority)<br/>Total value: $29,721,000<br/><br/><b>Contact:</b> Tracie Hlavinka, Town Manager<br/>tracie.hlavinka@clarkdale.az.gov 1-928-639-2415<br/><br/><b>Top opportunities:</b><ul><li><b>High fit</b> - Wastewater Treatment Plant or Facility Initiatives - $18,500,000</li><li><b>High fit</b> - Water Treatment Plant or Facility Initiatives - $6,000,000</li><li><b>High fit</b> - Pump Station Initiatives; Water Treatment Plant or Facility Initiatives - $4,000,000</li><li><b>High fit</b> - Pipe Initiatives; Pump Station Initiatives - $721,000</li><li><b>High fit</b> - Pump Station Initiatives; Road Initiatives - $400,000</li><li><b>High fit</b> - Pipe Initiatives; Lift Station Initiatives - $50,000</li></ul>]]></description><Point><coordinates>-112.13222,34.659484,0</coordinates></Point></Placemark>
<Placemark><name>City of Lynnwood</name><styleUrl>#s1</styleUrl><description><![CDATA[<b>City of Lynnwood</b> (WA)<br/>EAE score: <b>75.0</b> &nbsp;|&nbsp; Status: <b>Open</b><br/>Population: 36,997<br/>County: Snohomish<br/>Opportunities: 4 (4 high-fit, 3 priority)<br/>Total value: $256,250,000<br/><br/><b>Contact:</b> David Mach, Public Works Manager<br/>dmach@lynnwoodwa.gov 1-425-670-5275<br/><br/><b>Top opportunities:</b><ul><li><b>High fit</b> - Wastewater Treatment Plant or Facility Initiatives; Financial - $250,000,000</li><li><b>High fit</b> - Lift Station Initiatives - $4,000,000</li><li><b>High fit</b> - Pump Initiatives; Collection System-Wide Initiatives - $2,250,000</li><li><b>High fit</b> - Wastewater Treatment Plant or Facility Initiatives - $nan</li></ul>]]></description><Point><coordinates>-122.285481,47.804869,0</coordinates></Point></Placemark>
<Placemark><name>Groveland Community Services District</name><styleUrl>#s1</styleUrl><description><![CDATA[<b>Groveland Community Services District</b> (CA)<br/>EAE score: <b>75.0</b> &nbsp;|&nbsp; Status: <b>Open</b><br/>Population: 2,500<br/>County: Tuolumne<br/>Opportunities: 6 (6 high-fit, 0 priority)<br/>Total value: $23,462,583<br/><br/><b>Contact:</b> Luis Melchor, Operations Manager<br/>lmelchor@gcsd.org 1-209-962-7161;ext=1018<br/><br/><b>Top opportunities:</b><ul><li><b>High fit</b> - Water Reuse Initiatives; Wastewater Treatment Plant or Facility Initiatives - $15,000,000</li><li><b>High fit</b> - Lift Station Initiatives; Financial - $7,171,000</li><li><b>High fit</b> - Pump Station Initiatives; Valve Initiatives - $900,000</li><li><b>High fit</b> - Lift Station Initiatives; Pump Initiatives - $270,583</li><li><b>High fit</b> - System Monitoring and Control Software Initiatives; Financial - $121,000</li><li><b>High fit</b> - Lift Station Initiatives - $nan</li></ul>]]></description><Point><coordinates>-120.088197,37.867634,0</coordinates></Point></Placemark>
<Placemark><name>City of Sultan</name><styleUrl>#s1</styleUrl><description><![CDATA[<b>City of Sultan</b> (WA)<br/>EAE score: <b>75.0</b> &nbsp;|&nbsp; Status: <b>Open</b><br/>Population: 5,388<br/>County: Snohomish<br/>Opportunities: 6 (6 high-fit, 0 priority)<br/>Total value: $24,226,001<br/><br/><b>Contact:</b> Jason Strauss, Water Systems Manager<br/>jason.strauss@sultanwa.gov 1-425-508-9168<br/><br/><b>Top opportunities:</b><ul><li><b>High fit</b> - Wastewater Treatment Plant or Facility Initiatives - $10,200,000</li><li><b>High fit</b> - Water Treatment Plant or Facility Initiatives - $9,765,001</li><li><b>High fit</b> - Water Treatment Plant or Facility Initiatives - $1,600,000</li><li><b>High fit</b> - Water Treatment Plant or Facility Initiatives - $1,275,000</li><li><b>High fit</b> - Pump Station Initiatives - $1,147,000</li><li><b>High fit</b> - Lift Station Initiatives; Financial - $239,000</li></ul>]]></description><Point><coordinates>-122.199795,47.988661,0</coordinates></Point></Placemark>
<Placemark><name>Rainbow Municipal Water District</name><styleUrl>#s1</styleUrl><description><![CDATA[<b>Rainbow Municipal Water District</b> (CA)<br/>EAE score: <b>75.0</b> &nbsp;|&nbsp; Status: <b>Open</b><br/>Population: 3,338,330<br/>County: San Diego<br/>Opportunities: 15 (13 high-fit, 2 priority)<br/>Total value: $31,325,000<br/><br/><b>Contact:</b> Richard Gutierrez, Chief Operations Officer<br/>rgutierrez@rainbowmwd.com 1-760-728-1178<br/><br/><b>Top opportunities:</b><ul><li><b>High fit</b> - Lift Station Initiatives - $10,500,000</li><li><b>High fit</b> - Financial; Lift Station Initiatives - $7,500,000</li><li><b>High fit</b> - Pump Station Initiatives - $2,750,000</li><li><b>High fit</b> - Pump Station Initiatives - $2,750,000</li><li><b>High fit</b> - Pump Station Initiatives - $1,800,000</li><li><b>High fit</b> - Financial; Pump Station Initiatives - $1,725,000</li></ul>]]></description><Point><coordinates>-117.136812,32.810983,0</coordinates></Point></Placemark>
<Placemark><name>City of Prosser</name><styleUrl>#s1</styleUrl><description><![CDATA[<b>City of Prosser</b> (WA)<br/>EAE score: <b>75.0</b> &nbsp;|&nbsp; Status: <b>Open</b><br/>Population: 6,380<br/>County: Benton<br/>Opportunities: 7 (7 high-fit, 0 priority)<br/>Total value: $13,925,000<br/><br/><b>Contact:</b> Marty Groom, Public Works Director<br/>mgroom@ci.prosser.wa.us 1-509-786-7300<br/><br/><b>Top opportunities:</b><ul><li><b>High fit</b> - Pretreatment Initiatives; Wastewater Treatment Plant or Facility Initiatives - $10,000,000</li><li><b>High fit</b> - Pipe Initiatives; Lift Station Initiatives - $1,750,000</li><li><b>High fit</b> - Wastewater Treatment Plant or Facility Initiatives; Pipe Initiatives - $945,000</li><li><b>High fit</b> - Lift Station Initiatives - $700,000</li><li><b>High fit</b> - Lift Station Initiatives - $500,000</li><li><b>High fit</b> - Lift Station Initiatives - $30,000</li></ul>]]></description><Point><coordinates>-119.559674,46.148328,0</coordinates></Point></Placemark>
<Placemark><name>City of Healdsburg</name><styleUrl>#s1</styleUrl><description><![CDATA[<b>City of Healdsburg</b> (CA)<br/>EAE score: <b>74.9</b> &nbsp;|&nbsp; Status: <b>Open</b><br/>Population: 11,845<br/>County: Sonoma<br/>Opportunities: 5 (5 high-fit, 5 priority)<br/>Total value: $3,955,939<br/><br/><b>Contact:</b> Jeff Kay, City Manager<br/>jkay@ci.healdsburg.ca.us 1-707-431-3452<br/><br/><b>Top opportunities:</b><ul><li><b>High fit</b> - Lift Station Initiatives; Financial - $1,706,188</li><li><b>High fit</b> - Financial; Water Treatment Plant or Facility Initiatives - $1,477,457</li><li><b>High fit</b> - Financial; Lift Station Initiatives - $277,981</li><li><b>High fit</b> - Lift Station Initiatives - $277,981</li><li><b>High fit</b> - Lift Station Initiatives - $216,332</li></ul>]]></description><Point><coordinates>-122.787101,38.512761,0</coordinates></Point></Placemark>
<Placemark><name>City of Prineville</name><styleUrl>#s1</styleUrl><description><![CDATA[<b>City of Prineville</b> (OR)<br/>EAE score: <b>74.4</b> &nbsp;|&nbsp; Status: <b>Open</b><br/>Population: 10,734<br/>County: Crook<br/>Opportunities: 7 (6 high-fit, 4 priority)<br/>Total value: $2,945,000<br/><br/><b>Contact:</b> Casey Kaiser, Public Works Director<br/>ckaiser@cityofprineville.com 1-541-447-8338<br/><br/><b>Top opportunities:</b><ul><li><b>High fit</b> - Wastewater Treatment Plant or Facility Initiatives - $1,275,000</li><li><b>High fit</b> - Collection System-Wide Initiatives; Lift Station Initiatives - $500,000</li><li><b>High fit</b> - Lift Station Initiatives; Collection System-Wide Initiatives - $500,000</li><li><b>High fit</b> - Lift Station Initiatives - $400,000</li><li><b>Medium fit</b> - Collection System-Wide Initiatives - $270,000</li><li><b>High fit</b> - Pump Station Initiatives - $nan</li></ul>]]></description><Point><coordinates>-120.660334,44.16805,0</coordinates></Point></Placemark>
<Placemark><name>Clackamas River Water</name><styleUrl>#s1</styleUrl><description><![CDATA[<b>Clackamas River Water</b> (OR)<br/>EAE score: <b>74.1</b> &nbsp;|&nbsp; Status: <b>Open</b><br/>Population: 80,000<br/>County: Clackamas<br/>Opportunities: 9 (7 high-fit, 8 priority)<br/>Total value: $6,598,000<br/><br/><b>Contact:</b> Joe Eskew, Engineering Manager, Capital Improvement Projects<br/>jeskew@crwater.com 1-503-723-2565<br/><br/><b>Top opportunities:</b><ul><li><b>High fit</b> - Water Treatment Plant or Facility Initiatives - $1,500,000</li><li><b>High fit</b> - System Monitoring and Control Software Initiatives - $1,267,000</li><li><b>High fit</b> - System Monitoring and Control Software Initiatives - $1,267,000</li><li><b>High fit</b> - System Monitoring and Control Software Initiatives - $1,267,000</li><li><b>High fit</b> - Lift Station Initiatives - $749,000</li><li><b>Low fit</b> - Hydrant Initiatives; Water Metering Initiatives - $548,000</li></ul>]]></description><Point><coordinates>-122.499461,45.415038,0</coordinates></Point></Placemark>
<Placemark><name>County of Yuba</name><styleUrl>#s1</styleUrl><description><![CDATA[<b>County of Yuba</b> (CA)<br/>EAE score: <b>74.0</b> &nbsp;|&nbsp; Status: <b>Open</b><br/>Population: 78,668<br/>County: Yuba<br/>Opportunities: 5 (5 high-fit, 4 priority)<br/>Total value: $36,175,000<br/><br/><b>Contact:</b> Mary Pasillas, County Clerk<br/>clerkoftheboard@co.yuba.ca.us 1-530-749-7510<br/><br/><b>Top opportunities:</b><ul><li><b>High fit</b> - Pump Station Initiatives - $20,325,000</li><li><b>High fit</b> - Stormwater Drainage Initiatives; Power Supply, Control, and Protection Initiatives - $8,450,000</li><li><b>High fit</b> - Pipe Initiatives; Lift Station Initiatives - $6,100,000</li><li><b>High fit</b> - Pump Initiatives; Lift Station Initiatives - $650,000</li><li><b>High fit</b> - Power Supply, Control, and Protection Initiatives; Pipe Initiatives - $650,000</li></ul>]]></description><Point><coordinates>-121.370959,39.260878,0</coordinates></Point></Placemark>
<Placemark><name>Coastside County Water District</name><styleUrl>#s1</styleUrl><description><![CDATA[<b>Coastside County Water District</b> (CA)<br/>EAE score: <b>74.0</b> &nbsp;|&nbsp; Status: <b>Open</b><br/>Population: 767,423<br/>County: San Mateo<br/>Opportunities: 9 (8 high-fit, 3 priority)<br/>Total value: $18,016,520<br/><br/><b>Contact:</b> Jonathan Sutter, Project Manager<br/>jsutter@ekiconsult.com 1-650-726-4405<br/><br/><b>Top opportunities:</b><ul><li><b>High fit</b> - Water Purification Initiatives; Water Treatment Plant or Facility Initiatives - $8,200,000</li><li><b>Low fit</b> - Sludge Management Initiatives; Filtration Initiatives - $4,400,000</li><li><b>High fit</b> - Financial; Water Treatment Plant or Facility Initiatives - $4,400,000</li><li><b>High fit</b> - System Monitoring and Control Software Initiatives - $500,000</li><li><b>High fit</b> - Financial; System Monitoring and Control Software Initiatives - $266,520</li><li><b>High fit</b> - System Monitoring and Control Software Initiatives - $100,000</li></ul>]]></description><Point><coordinates>-122.415566,37.389057,0</coordinates></Point></Placemark>
<Placemark><name>Discovery Clean Water Alliance</name><styleUrl>#s1</styleUrl><description><![CDATA[<b>Discovery Clean Water Alliance</b> (WA)<br/>EAE score: <b>74.0</b> &nbsp;|&nbsp; Status: <b>Open</b><br/>Population: 183,012<br/>County: Clark<br/>Opportunities: 6 (6 high-fit, 3 priority)<br/>Total value: $62,150,000<br/><br/><b>Contact:</b> John M. Peterson, General Manager<br/>jpeterson@crwwd.com 1-360-993-8819<br/><br/><b>Top opportunities:</b><ul><li><b>High fit</b> - Financial; Wastewater Treatment Plant or Facility Initiatives - $46,200,000</li><li><b>High fit</b> - Lift Station Initiatives - $15,100,000</li><li><b>High fit</b> - Lift Station Initiatives - $500,000</li><li><b>High fit</b> - Lift Station Initiatives; Power Supply, Control, and Protection Initiatives - $350,000</li><li><b>High fit</b> - System Monitoring and Control Software Initiatives - $nan</li><li><b>High fit</b> - Pump Station Initiatives - $nan</li></ul>]]></description><Point><coordinates>-122.661608,45.689187,0</coordinates></Point></Placemark>
<Placemark><name>City of Grover Beach</name><styleUrl>#s1</styleUrl><description><![CDATA[<b>City of Grover Beach</b> (CA)<br/>EAE score: <b>73.7</b> &nbsp;|&nbsp; Status: <b>Open</b><br/>Population: 12,745<br/>County: San Luis Obispo<br/>Opportunities: 5 (5 high-fit, 5 priority)<br/>Total value: $4,860,000<br/><br/><b>Contact:</b> Javier Garcia, Assistant Engineer<br/>jgarcia@groverbeach.org 1-805-473-4530<br/><br/><b>Top opportunities:</b><ul><li><b>High fit</b> - Lift Station Initiatives - $3,630,000</li><li><b>High fit</b> - Lift Station Initiatives - $530,000</li><li><b>High fit</b> - Lift Station Initiatives; Financial - $270,000</li><li><b>High fit</b> - Financial; Lift Station Initiatives - $240,000</li><li><b>High fit</b> - Lift Station Initiatives - $190,000</li></ul>]]></description><Point><coordinates>-120.50264,35.38173,0</coordinates></Point></Placemark>
<Placemark><name>County of Ventura</name><styleUrl>#s1</styleUrl><description><![CDATA[<b>County of Ventura</b> (CA)<br/>EAE score: <b>73.5</b> &nbsp;|&nbsp; Status: <b>Open</b><br/>Population: 846,006<br/>County: Ventura<br/>Opportunities: 8 (7 high-fit, 6 priority)<br/>Total value: $7,312,000<br/><br/><b>Contact:</b> Scott Powers, Chief Financial Officer<br/>Scott.Powers@venturacounty.gov 1-805-677-8761<br/><br/><b>Top opportunities:</b><ul><li><b>High fit</b> - Water Treatment Plant or Facility Initiatives; Nutrient Initiatives - $2,604,000</li><li><b>Medium fit</b> - Valve Initiatives; Reservoir Initiatives - $1,570,000</li><li><b>High fit</b> - Pump Initiatives; Pipe Initiatives - $1,270,000</li><li><b>High fit</b> - Wastewater Treatment Plant or Facility Initiatives; Road Initiatives - $838,000</li><li><b>High fit</b> - Lift Station Initiatives - $630,000</li><li><b>High fit</b> - Water Treatment Plant or Facility Initiatives; Well Initiatives - $400,000</li></ul>]]></description><Point><coordinates>-119.146228,34.356248,0</coordinates></Point></Placemark>
<Placemark><name>City of Albany</name><styleUrl>#s1</styleUrl><description><![CDATA[<b>City of Albany</b> (OR)<br/>EAE score: <b>73.4</b> &nbsp;|&nbsp; Status: <b>Open</b><br/>Population: 55,338<br/>County: Linn<br/>Opportunities: 5 (5 high-fit, 4 priority)<br/>Total value: $9,700,000<br/><br/><b>Contact:</b> Chris Bailey, Public Works Director<br/>chris.bailey@cityofalbany.net 1-541-917-7629<br/><br/><b>Top opportunities:</b><ul><li><b>High fit</b> - Lift Station Initiatives - $5,000,000</li><li><b>High fit</b> - Pump Station Initiatives - $4,500,000</li><li><b>High fit</b> - Lift Station Initiatives - $200,000</li><li><b>High fit</b> - Cybersecurity Initiatives - $nan</li><li><b>High fit</b> - Lift Station Initiatives - $nan</li></ul>]]></description><Point><coordinates>-122.581676,44.594489,0</coordinates></Point></Placemark>
<Placemark><name>City of Wasco</name><styleUrl>#s1</styleUrl><description><![CDATA[<b>City of Wasco</b> (CA)<br/>EAE score: <b>73.0</b> &nbsp;|&nbsp; Status: <b>Open</b><br/>Population: 28,710<br/>County: Kern<br/>Opportunities: 6 (5 high-fit, 4 priority)<br/>Total value: $4,483,900<br/><br/><b>Contact:</b> Alberto Martinez, Public Works Director<br/>luvilla@cityofwasco.org 1-661-758-7271<br/><br/><b>Top opportunities:</b><ul><li><b>High fit</b> - Water Tank or Tower Initiatives; Pump Station Initiatives - $4,025,000</li><li><b>High fit</b> - Lift Station Initiatives - $322,010</li><li><b>High fit</b> - Lift Station Initiatives - $136,890</li><li><b>High fit</b> - System Monitoring and Control Software Initiatives - $nan</li><li><b>High fit</b> - Lift Station Initiatives; Pump Initiatives - $nan</li><li><b>Low fit</b> - Staffing Initiatives - $nan</li></ul>]]></description><Point><coordinates>-118.704037,35.467934,0</coordinates></Point></Placemark>
<Placemark><name>City of Brawley</name><styleUrl>#s1</styleUrl><description><![CDATA[<b>City of Brawley</b> (CA)<br/>EAE score: <b>72.8</b> &nbsp;|&nbsp; Status: <b>Open</b><br/>Population: 26,227<br/>County: Imperial<br/>Opportunities: 6 (6 high-fit, 6 priority)<br/>Total value: $1,390,320<br/><br/><b>Contact:</b> Jerry Santillan, City Manager<br/>jsantillan@brawley-ca.gov 1-760-344-9111<br/><br/><b>Top opportunities:</b><ul><li><b>High fit</b> - Lift Station Initiatives - $435,160</li><li><b>High fit</b> - Lift Station Initiatives - $435,160</li><li><b>High fit</b> - Pipe Initiatives; Lift Station Initiatives - $200,000</li><li><b>High fit</b> - Lift Station Initiatives - $200,000</li><li><b>High fit</b> - Lift Station Initiatives; Financial - $60,000</li><li><b>High fit</b> - System Monitoring and Control Software Initiatives - $60,000</li></ul>]]></description><Point><coordinates>-115.280168,33.096382,0</coordinates></Point></Placemark>
<Placemark><name>Scotts Valley Water District</name><styleUrl>#s1</styleUrl><description><![CDATA[<b>Scotts Valley Water District</b> (CA)<br/>EAE score: <b>72.0</b> &nbsp;|&nbsp; Status: <b>Open</b><br/>Population: 35,000<br/>County: Santa Cruz<br/>Opportunities: 5 (5 high-fit, 0 priority)<br/>Total value: $12,893,290<br/><br/><b>Contact:</b> Rodolfo Onchi, Director of Public Works<br/>ronchi@scottsvalley.gov 91-83178-35662<br/><br/><b>Top opportunities:</b><ul><li><b>High fit</b> - Pipe Initiatives; Pump Station Initiatives - $11,890,878</li><li><b>High fit</b> - Pump Initiatives; Financial - $402,412</li><li><b>High fit</b> - Well Initiatives; Water Treatment Plant or Facility Initiatives - $200,000</li><li><b>High fit</b> - Water Treatment Plant or Facility Initiatives - $200,000</li><li><b>High fit</b> - Financial; Water Treatment Plant or Facility Initiatives - $200,000</li></ul>]]></description><Point><coordinates>-122.006276,37.071387,0</coordinates></Point></Placemark>
<Placemark><name>City of Greenfield</name><styleUrl>#s1</styleUrl><description><![CDATA[<b>City of Greenfield</b> (CA)<br/>EAE score: <b>72.0</b> &nbsp;|&nbsp; Status: <b>Open</b><br/>Population: 17,516<br/>County: Monterey<br/>Opportunities: 9 (9 high-fit, 2 priority)<br/>Total value: $24,100,000<br/><br/><b>Contact:</b> Arturo Felix, Operations Manager<br/>afelix@ci.greenfield.ca.us 1-831-674-2635<br/><br/><b>Top opportunities:</b><ul><li><b>High fit</b> - Wastewater Treatment Plant or Facility Initiatives - $23,600,000</li><li><b>High fit</b> - Wastewater Treatment Plant or Facility Initiatives; Financial - $500,000</li><li><b>High fit</b> - Lift Station Initiatives - $nan</li><li><b>High fit</b> - Wastewater Treatment Plant or Facility Initiatives - $nan</li><li><b>High fit</b> - Wastewater Treatment Plant or Facility Initiatives - $nan</li><li><b>High fit</b> - Wastewater Treatment Plant or Facility Initiatives - $nan</li></ul>]]></description><Point><coordinates>-121.324308,36.323971,0</coordinates></Point></Placemark>
<Placemark><name>City of Millersburg</name><styleUrl>#s1</styleUrl><description><![CDATA[<b>City of Millersburg</b> (OR)<br/>EAE score: <b>71.6</b> &nbsp;|&nbsp; Status: <b>Open</b><br/>Population: 2,557<br/>County: Linn<br/>Opportunities: 5 (5 high-fit, 0 priority)<br/>Total value: $8,308,000<br/><br/><b>Contact:</b> Andrew Potts, City Engineer<br/>Andrew.Potts@millersburgoregon.gov 1-458-233-6307<br/><br/><b>Top opportunities:</b><ul><li><b>High fit</b> - Water Treatment Plant or Facility Initiatives; Water Storage or Supply-Wide Initiatives - $2,330,000</li><li><b>High fit</b> - Filtration Initiatives; Water Treatment Plant or Facility Initiatives - $2,266,000</li><li><b>High fit</b> - Lift Station Initiatives - $2,230,000</li><li><b>High fit</b> - Lift Station Initiatives - $848,000</li><li><b>High fit</b> - Water Treatment Plant or Facility Initiatives; Filtration Initiatives - $634,000</li></ul>]]></description><Point><coordinates>-122.581676,44.594489,0</coordinates></Point></Placemark>
<Placemark><name>West Bay Sanitary District</name><styleUrl>#s1</styleUrl><description><![CDATA[<b>West Bay Sanitary District</b> (CA)<br/>EAE score: <b>71.0</b> &nbsp;|&nbsp; Status: <b>Open</b><br/>Population: 767,423<br/>County: San Mateo<br/>Opportunities: 7 (6 high-fit, 5 priority)<br/>Total value: $26,563,000<br/><br/><b>Contact:</b> Bob Hulsmann, Operations Superintendent<br/>bhulsmann@westbaysanitary.org 1-650-477-6413<br/><br/><b>Top opportunities:</b><ul><li><b>High fit</b> - Pump Station Initiatives; Financial - $16,300,000</li><li><b>High fit</b> - Lift Station Initiatives - $8,243,000</li><li><b>Low fit</b> - Financial; Pipe Initiatives - $1,420,000</li><li><b>High fit</b> - Operational Technology (OT) Initiatives - $600,000</li><li><b>High fit</b> - Lift Station Initiatives - $nan</li><li><b>High fit</b> - Lift Station Initiatives - $nan</li></ul>]]></description><Point><coordinates>-122.186373,37.439616,0</coordinates></Point></Placemark>
<Placemark><name>City of Chico</name><styleUrl>#s1</styleUrl><description><![CDATA[<b>City of Chico</b> (CA)<br/>EAE score: <b>71.0</b> &nbsp;|&nbsp; Status: <b>Open</b><br/>Population: 103,301<br/>County: Butte<br/>Opportunities: 8 (8 high-fit, 5 priority)<br/>Total value: $29,721,459<br/><br/><b>Contact:</b> David Kehn, Senior Civil Engineer<br/>david.kehn@chicoca.gov 1-530-879-6950<br/><br/><b>Top opportunities:</b><ul><li><b>High fit</b> - Wastewater Treatment Plant or Facility Initiatives - $16,000,000</li><li><b>High fit</b> - Disinfection Initiatives; Biosolids and Sludge Management Initiatives - $13,355,859</li><li><b>High fit</b> - Lift Station Initiatives; Financial - $242,000</li><li><b>High fit</b> - Pump Initiatives - $123,600</li><li><b>High fit</b> - Lift Station Initiatives - $nan</li><li><b>High fit</b> - Lift Station Initiatives - $nan</li></ul>]]></description><Point><coordinates>-121.799166,39.687626,0</coordinates></Point></Placemark>
<Placemark><name>City of Moses Lake</name><styleUrl>#s1</styleUrl><description><![CDATA[<b>City of Moses Lake</b> (WA)<br/>EAE score: <b>70.6</b> &nbsp;|&nbsp; Status: <b>Open</b><br/>Population: 24,086<br/>County: Grant<br/>Opportunities: 4 (4 high-fit, 3 priority)<br/>Total value: $7,775,300<br/><br/><b>Contact:</b> Richard Law, City Engineer<br/>rlaw@cityofml.com 1-509-764-3782<br/><br/><b>Top opportunities:</b><ul><li><b>High fit</b> - Power Supply, Control, and Protection Initiatives; Lift Station Initiatives - $2,928,000</li><li><b>High fit</b> - Lift Station Initiatives; Pump Initiatives - $2,210,000</li><li><b>High fit</b> - Lift Station Initiatives - $1,800,000</li><li><b>High fit</b> - System Monitoring and Control Software Initiatives; Lift Station Initiatives - $837,300</li></ul>]]></description><Point><coordinates>-119.298979,47.180684,0</coordinates></Point></Placemark>
<Placemark><name>County of Thurston</name><styleUrl>#s1</styleUrl><description><![CDATA[<b>County of Thurston</b> (WA)<br/>EAE score: <b>70.3</b> &nbsp;|&nbsp; Status: <b>Open</b><br/>Population: 290,536<br/>County: Thurston<br/>Opportunities: 8 (8 high-fit, 4 priority)<br/>Total value: $6,657,000<br/><br/><b>Contact:</b> Leonard Hernandez, County Manager<br/>leonard.hernandez@co.thurston.wa.us 1-360-786-5440<br/><br/><b>Top opportunities:</b><ul><li><b>High fit</b> - Wastewater Treatment Plant or Facility Initiatives - $5,075,000</li><li><b>High fit</b> - Wastewater Treatment Plant or Facility Initiatives - $1,168,000</li><li><b>High fit</b> - Water Treatment Plant or Facility Initiatives - $260,000</li><li><b>High fit</b> - System Monitoring and Control Software Initiatives - $154,000</li><li><b>High fit</b> - Wastewater Treatment Plant or Facility Initiatives - $nan</li><li><b>High fit</b> - System Monitoring and Control Software Initiatives - $nan</li></ul>]]></description><Point><coordinates>-123.055153,47.104269,0</coordinates></Point></Placemark>
<Placemark><name>Sewerage Agency of Southern Marin</name><styleUrl>#s1</styleUrl><description><![CDATA[<b>Sewerage Agency of Southern Marin</b> (CA)<br/>EAE score: <b>70.2</b> &nbsp;|&nbsp; Status: <b>Open</b><br/>Population: 258,826<br/>County: Marin<br/>Opportunities: 7 (3 high-fit, 4 priority)<br/>Total value: $9,100,000<br/><br/><b>Contact:</b> Eric Erikson, Director of Finance and Administrative Services<br/>eerickson@cityofmillvalley.org 1-415-388-4035<br/><br/><b>Top opportunities:</b><ul><li><b>High fit</b> - Lift Station Initiatives - $4,400,000</li><li><b>High fit</b> - Lift Station Initiatives - $4,200,000</li><li><b>Medium fit</b> - Collection System-Wide Initiatives - $140,000</li><li><b>Medium fit</b> - Collection System-Wide Initiatives - $130,000</li><li><b>Medium fit</b> - Collection System-Wide Initiatives - $120,000</li><li><b>Medium fit</b> - Collection System-Wide Initiatives - $110,000</li></ul>]]></description><Point><coordinates>-122.562937,37.886325,0</coordinates></Point></Placemark>
<Placemark><name>City of Lompoc</name><styleUrl>#s1</styleUrl><description><![CDATA[<b>City of Lompoc</b> (CA)<br/>EAE score: <b>70.0</b> &nbsp;|&nbsp; Status: <b>Open</b><br/>Population: 42,853<br/>County: Santa Barbara<br/>Opportunities: 7 (7 high-fit, 5 priority)<br/>Total value: $1,520,000<br/><br/><b>Contact:</b> Craig Dierling, City Engineer<br/>c_dierling@ci.lompoc.ca.us 1-805-875-8224<br/><br/><b>Top opportunities:</b><ul><li><b>High fit</b> - Lift Station Initiatives; Chemical Treatment Initiatives - $620,000</li><li><b>High fit</b> - Lift Station Initiatives - $550,000</li><li><b>High fit</b> - Lift Station Initiatives - $350,000</li><li><b>High fit</b> - Lift Station Initiatives - $nan</li><li><b>High fit</b> - System Monitoring and Control Software Initiatives - $nan</li><li><b>High fit</b> - Wastewater Treatment Plant or Facility Initiatives - $nan</li></ul>]]></description><Point><coordinates>-120.336594,34.629464,0</coordinates></Point></Placemark>
</Folder>
<Folder><name>Open - strong (score 50-69) (105)</name>
<Placemark><name>City of Klamath Falls</name><styleUrl>#s1</styleUrl><description><![CDATA[<b>City of Klamath Falls</b> (OR)<br/>EAE score: <b>69.6</b> &nbsp;|&nbsp; Status: <b>Open</b><br/>Population: 21,786<br/>County: Klamath<br/>Opportunities: 6 (4 high-fit, 3 priority)<br/>Total value: $12,420,000<br/><br/><b>Contact:</b> Andrew Lakey, City Engineer<br/>alakey@klamathfalls.city 1-541-883-5283<br/><br/><b>Top opportunities:</b><ul><li><b>High fit</b> - Pump Station Initiatives; Financial - $3,600,000</li><li><b>Low fit</b> - Procurement; Implementation - $3,600,000</li><li><b>Medium fit</b> - Water Tank or Tower Initiatives; Procurement - $2,500,000</li><li><b>High fit</b> - Pump Station Initiatives - $1,600,000</li><li><b>High fit</b> - Pump Initiatives - $1,000,000</li><li><b>High fit</b> - System Monitoring and Control Software Initiatives - $120,000</li></ul>]]></description><Point><coordinates>-121.816873,42.293293,0</coordinates></Point></Placemark>
<Placemark><name>North Tahoe Public Utility District</name><styleUrl>#s1</styleUrl><description><![CDATA[<b>North Tahoe Public Utility District</b> (CA)<br/>EAE score: <b>69.0</b> &nbsp;|&nbsp; Status: <b>Open</b><br/>Population: 412,300<br/>County: Placer<br/>Opportunities: 22 (20 high-fit, 14 priority)<br/>Total value: $2,670,052<br/><br/><b>Contact:</b> Bradley Johnson, General Manager<br/>bjohnson@ntpud.org 1-530-546-4212;ext=5410<br/><br/><b>Top opportunities:</b><ul><li><b>High fit</b> - Lift Station Initiatives - $1,200,000</li><li><b>High fit</b> - Pump Station Initiatives; Electrical Systems-Wide Initiatives - $435,000</li><li><b>High fit</b> - Lift Station Initiatives - $240,000</li><li><b>High fit</b> - System Monitoring and Control Software Initiatives - $120,000</li><li><b>High fit</b> - Financial; Lift Station Initiatives - $100,052</li><li><b>High fit</b> - System Monitoring and Control Software Initiatives - $85,000</li></ul>]]></description><Point><coordinates>-120.068988,39.2226,0</coordinates></Point></Placemark>
<Placemark><name>City of Walla Walla</name><styleUrl>#s1</styleUrl><description><![CDATA[<b>City of Walla Walla</b> (WA)<br/>EAE score: <b>69.0</b> &nbsp;|&nbsp; Status: <b>Open</b><br/>Population: 32,900<br/>County: Walla Walla<br/>Opportunities: 4 (4 high-fit, 1 priority)<br/>Total value: $19,000,000<br/><br/><b>Contact:</b> ELIZABETH CHAMBERLAIN, City Manager<br/>echamberlain@wallawallawa.gov 1-509-524-4350<br/><br/><b>Top opportunities:</b><ul><li><b>High fit</b> - Secondary Treatment Initiatives; Wastewater Treatment Plant or Facility Initiatives - $19,000,000</li><li><b>High fit</b> - Water Treatment Plant or Facility Initiatives - $nan</li><li><b>High fit</b> - Wastewater Treatment Plant or Facility Initiatives - $nan</li><li><b>High fit</b> - System Monitoring and Control Software Initiatives - $nan</li></ul>]]></description><Point><coordinates>-118.291407,46.1341,0</coordinates></Point></Placemark>
<Placemark><name>Crestline Sanitation District</name><styleUrl>#s1</styleUrl><description><![CDATA[<b>Crestline Sanitation District</b> (CA)<br/>EAE score: <b>68.9</b> &nbsp;|&nbsp; Status: <b>Open</b><br/>Population: 10,000<br/>County: San Bernardino<br/>Opportunities: 6 (6 high-fit, 6 priority)<br/>Total value: $2,449,000<br/><br/><b>Contact:</b> Brandon Ricksecker, Operations Manager<br/>bricksecker@crestlinesanitation.com 1-909-338-1751<br/><br/><b>Top opportunities:</b><ul><li><b>High fit</b> - Financial; Lift Station Initiatives - $808,000</li><li><b>High fit</b> - Wastewater Treatment Plant or Facility Initiatives - $696,000</li><li><b>High fit</b> - Wastewater Treatment Plant or Facility Initiatives - $605,000</li><li><b>High fit</b> - System Monitoring and Control Software Initiatives - $300,000</li><li><b>High fit</b> - Pump Initiatives - $25,000</li><li><b>High fit</b> - Lift Station Initiatives - $15,000</li></ul>]]></description><Point><coordinates>-116.701168,34.850671,0</coordinates></Point></Placemark>
<Placemark><name>San Elijo Joint Powers Authority</name><styleUrl>#s1</styleUrl><description><![CDATA[<b>San Elijo Joint Powers Authority</b> (CA)<br/>EAE score: <b>68.6</b> &nbsp;|&nbsp; Status: <b>Open</b><br/>Population: 3,338,330<br/>County: San Diego<br/>Opportunities: 13 (13 high-fit, 8 priority)<br/>Total value: $4,276,970<br/><br/><b>Contact:</b> Christopher Trees, Director of Operations<br/>treesc@sejpa.org 1-760-753-5935<br/><br/><b>Top opportunities:</b><ul><li><b>High fit</b> - Secondary Treatment Initiatives; Pump Initiatives - $1,776,970</li><li><b>High fit</b> - System Monitoring and Control Software Initiatives - $1,600,000</li><li><b>High fit</b> - Pump Station Initiatives - $750,000</li><li><b>High fit</b> - Pump Station Initiatives - $55,000</li><li><b>High fit</b> - Pump Initiatives - $50,000</li><li><b>High fit</b> - Lift Station Initiatives - $45,000</li></ul>]]></description><Point><coordinates>-117.274469,33.023042,0</coordinates></Point></Placemark>
<Placemark><name>City of Stockton</name><styleUrl>#s1</styleUrl><description><![CDATA[<b>City of Stockton</b> (CA)<br/>EAE score: <b>68.2</b> &nbsp;|&nbsp; Status: <b>Open</b><br/>Population: 312,697<br/>County: San Joaquin<br/>Opportunities: 6 (5 high-fit, 4 priority)<br/>Total value: $9,837,000<br/><br/><b>Contact:</b> Michael McDowell, Assistant Director of Community Development<br/>michael.mcdowell@stocktonca.gov 1-209-937-8690<br/><br/><b>Top opportunities:</b><ul><li><b>Medium fit</b> - Collection System-Wide Initiatives; Pipe Initiatives - $5,250,000</li><li><b>High fit</b> - System Monitoring and Control Software Initiatives - $2,687,000</li><li><b>High fit</b> - Lift Station Initiatives; Financial - $1,500,000</li><li><b>High fit</b> - Power Supply, Control, and Protection Initiatives; Financial - $400,000</li><li><b>High fit</b> - Lift Station Initiatives - $nan</li><li><b>High fit</b> - Lift Station Initiatives - $nan</li></ul>]]></description><Point><coordinates>-121.289206,37.958573,0</coordinates></Point></Placemark>
<Placemark><name>City of Corona</name><styleUrl>#s1</styleUrl><description><![CDATA[<b>City of Corona</b> (CA)<br/>EAE score: <b>68.0</b> &nbsp;|&nbsp; Status: <b>Open</b><br/>Population: 169,868<br/>County: Riverside<br/>Opportunities: 5 (5 high-fit, 2 priority)<br/>Total value: $23,151,820<br/><br/><b>Contact:</b> Tom Moody, Director of Utilities<br/>tom.moody@coronaca.gov 1-951-736-2477<br/><br/><b>Top opportunities:</b><ul><li><b>High fit</b> - Pipe Initiatives; Lift Station Initiatives - $11,854,102</li><li><b>High fit</b> - Lift Station Initiatives - $5,511,359</li><li><b>High fit</b> - Lift Station Initiatives; Financial - $5,511,359</li><li><b>High fit</b> - Wastewater Treatment Plant or Facility Initiatives; Financial - $200,000</li><li><b>High fit</b> - Financial; Power Supply, Control, and Protection Initiatives - $75,000</li></ul>]]></description><Point><coordinates>-116.055617,33.752886,0</coordinates></Point></Placemark>
<Placemark><name>City of Watsonville</name><styleUrl>#s1</styleUrl><description><![CDATA[<b>City of Watsonville</b> (CA)<br/>EAE score: <b>68.0</b> &nbsp;|&nbsp; Status: <b>Open</b><br/>Population: 53,856<br/>County: Santa Cruz<br/>Opportunities: 5 (5 high-fit, 2 priority)<br/>Total value: $43,175,900<br/><br/><b>Contact:</b> Steve Palmisano, Director of Public Works<br/>steve.palmisano@cityofwatsonville.org 1-831-768-3100<br/><br/><b>Top opportunities:</b><ul><li><b>High fit</b> - Water Treatment Plant or Facility Initiatives; Heavy Metals or Toxic Chemical Initiatives - $17,000,000</li><li><b>High fit</b> - Electrical Systems-Wide Initiatives; Power Supply, Control, and Protection Initiatives - $13,000,000</li><li><b>High fit</b> - Power Supply, Control, and Protection Initiatives; Electrical Systems-Wide Initiatives - $8,000,000</li><li><b>High fit</b> - Lift Station Initiatives - $5,175,900</li><li><b>High fit</b> - Cogeneration Initiatives; Wastewater Treatment Plant or Facility Initiatives - $nan</li></ul>]]></description><Point><coordinates>-121.74696,36.98025,0</coordinates></Point></Placemark>
<Placemark><name>City of Pasco</name><styleUrl>#s1</styleUrl><description><![CDATA[<b>City of Pasco</b> (WA)<br/>EAE score: <b>68.0</b> &nbsp;|&nbsp; Status: <b>Open</b><br/>Population: 75,432<br/>County: Franklin<br/>Opportunities: 5 (4 high-fit, 4 priority)<br/>Total value: $162,679,000<br/><br/><b>Contact:</b> Angela Pashon, Assistant City Manager<br/>pashona@pasco-wa.gov 1-509-545-3404<br/><br/><b>Top opportunities:</b><ul><li><b>High fit</b> - Financial; Water Treatment Plant or Facility Initiatives - $62,000,000</li><li><b>Low fit</b> - Water Reuse Initiatives; Nutrient Initiatives - $53,000,000</li><li><b>High fit</b> - Wastewater Treatment Plant or Facility Initiatives - $32,850,000</li><li><b>High fit</b> - Filtration Initiatives; Water Treatment Plant or Facility Initiatives - $11,329,000</li><li><b>High fit</b> - Lift Station Initiatives; Financial - $3,500,000</li></ul>]]></description><Point><coordinates>-118.899447,46.42066,0</coordinates></Point></Placemark>
<Placemark><name>San Juan Water District</name><styleUrl>#s1</styleUrl><description><![CDATA[<b>San Juan Water District</b> (CA)<br/>EAE score: <b>66.4</b> &nbsp;|&nbsp; Status: <b>Open</b><br/>Population: 30,000<br/>County: Sacramento<br/>Opportunities: 6 (4 high-fit, 5 priority)<br/>Total value: $710,000<br/><br/><b>Contact:</b> Andrew Pierson, Director of Engineering<br/>apierson@sjwd.org 1-916-791-0153<br/><br/><b>Top opportunities:</b><ul><li><b>High fit</b> - Financial; Pump Station Initiatives - $476,000</li><li><b>High fit</b> - Pump Station Initiatives - $180,000</li><li><b>High fit</b> - Pump Station Initiatives - $54,000</li><li><b>Medium fit</b> - Distribution System-Wide Initiatives - $nan</li><li><b>Medium fit</b> - Pipe Initiatives; Distribution System-Wide Initiatives - $nan</li><li><b>High fit</b> - System Monitoring and Control Software Initiatives - $nan</li></ul>]]></description><Point><coordinates>-121.183436,38.756614,0</coordinates></Point></Placemark>
<Placemark><name>City of Exeter</name><styleUrl>#s1</styleUrl><description><![CDATA[<b>City of Exeter</b> (CA)<br/>EAE score: <b>66.4</b> &nbsp;|&nbsp; Status: <b>Open</b><br/>Population: 10,485<br/>County: Tulare<br/>Opportunities: 5 (5 high-fit, 3 priority)<br/>Total value: $4,225,000<br/><br/><b>Contact:</b> Francesca Quintana, City Clerk<br/>fquintana@exetercityhall.com 1-559-592-9244<br/><br/><b>Top opportunities:</b><ul><li><b>High fit</b> - Pump Initiatives; Lift Station Initiatives - $2,475,000</li><li><b>High fit</b> - System Monitoring and Control Software Initiatives - $1,250,000</li><li><b>High fit</b> - Financial; Lift Station Initiatives - $500,000</li><li><b>High fit</b> - Lift Station Initiatives - $nan</li><li><b>High fit</b> - Wastewater Treatment Plant or Facility Initiatives - $nan</li></ul>]]></description><Point><coordinates>-119.088371,36.344716,0</coordinates></Point></Placemark>
<Placemark><name>City of Soledad</name><styleUrl>#s1</styleUrl><description><![CDATA[<b>City of Soledad</b> (CA)<br/>EAE score: <b>66.3</b> &nbsp;|&nbsp; Status: <b>Open</b><br/>Population: 25,999<br/>County: Monterey<br/>Opportunities: 7 (7 high-fit, 6 priority)<br/>Total value: $1,128,768<br/><br/><b>Contact:</b> Megan Hunter, City Manager<br/>mhunter@cityofsoledad.com 1-831-223-5043<br/><br/><b>Top opportunities:</b><ul><li><b>High fit</b> - Lift Station Initiatives - $638,768</li><li><b>High fit</b> - Valve Initiatives; Wastewater Treatment Plant or Facility Initiatives - $200,000</li><li><b>High fit</b> - Pump Initiatives - $100,000</li><li><b>High fit</b> - Pump Initiatives - $100,000</li><li><b>High fit</b> - Wastewater Treatment Plant or Facility Initiatives - $50,000</li><li><b>High fit</b> - System Monitoring and Control Software Initiatives - $20,000</li></ul>]]></description><Point><coordinates>-121.368127,36.449485,0</coordinates></Point></Placemark>
<Placemark><name>West County Wastewater District</name><styleUrl>#s1</styleUrl><description><![CDATA[<b>West County Wastewater District</b> (CA)<br/>EAE score: <b>66.0</b> &nbsp;|&nbsp; Status: <b>Open</b><br/>Population: 1,153,526<br/>County: Contra Costa<br/>Opportunities: 8 (5 high-fit, 6 priority)<br/>Total value: $7,914,500<br/><br/><b>Contact:</b> Keith Reynolds, Project Manager<br/>keith@wcwd.org 1-510-237-6603<br/><br/><b>Top opportunities:</b><ul><li><b>Medium fit</b> - Pipe Initiatives; Collection System-Wide Initiatives - $4,414,500</li><li><b>Low fit</b> - Pipe Initiatives; Financial - $1,400,000</li><li><b>Medium fit</b> - Pipe Initiatives; Collection System-Wide Initiatives - $1,100,000</li><li><b>High fit</b> - System Monitoring and Control Software Initiatives - $1,000,000</li><li><b>High fit</b> - Biosolids and Sludge Management Initiatives; Pump Initiatives - $nan</li><li><b>High fit</b> - Lift Station Initiatives - $nan</li></ul>]]></description><Point><coordinates>-122.334131,37.959573,0</coordinates></Point></Placemark>
<Placemark><name>Mammoth Community Water District</name><styleUrl>#s1</styleUrl><description><![CDATA[<b>Mammoth Community Water District</b> (CA)<br/>EAE score: <b>65.9</b> &nbsp;|&nbsp; Status: <b>Open</b><br/>Population: 14,444<br/>County: Mono<br/>Opportunities: 9 (9 high-fit, 0 priority)<br/>Total value: $5,460,450<br/><br/><b>Contact:</b> Clay Murray, Operations Superintendent<br/>cmurray@mcwd.dst.ca.us 1-760-934-2596;ext=231<br/><br/><b>Top opportunities:</b><ul><li><b>High fit</b> - Wastewater Treatment Plant or Facility Initiatives - $2,239,000</li><li><b>High fit</b> - Wastewater Treatment Plant or Facility Initiatives - $2,197,000</li><li><b>High fit</b> - Financial; System Monitoring and Control Software Initiatives - $506,000</li><li><b>High fit</b> - Secondary Treatment Initiatives; Wastewater Treatment Plant or Facility Initiatives - $300,000</li><li><b>High fit</b> - Lift Station Initiatives - $100,120</li><li><b>High fit</b> - Power Supply, Control, and Protection Initiatives; Pump Initiatives - $60,000</li></ul>]]></description><Point><coordinates>-118.865636,37.609434,0</coordinates></Point></Placemark>
<Placemark><name>City of Chino Hills</name><styleUrl>#s1</styleUrl><description><![CDATA[<b>City of Chino Hills</b> (CA)<br/>EAE score: <b>65.4</b> &nbsp;|&nbsp; Status: <b>Open</b><br/>Population: 80,701<br/>County: San Bernardino<br/>Opportunities: 6 (4 high-fit, 5 priority)<br/>Total value: $6,019,510<br/><br/><b>Contact:</b> Jeff Walker, Water Distribution Supervisor<br/>jwalker@chinohills.org 1-909-573-4397<br/><br/><b>Top opportunities:</b><ul><li><b>High fit</b> - System Monitoring and Control Software Initiatives - $4,494,510</li><li><b>High fit</b> - Pump Station Initiatives - $600,000</li><li><b>Medium fit</b> - Collection System-Wide Initiatives - $500,000</li><li><b>Medium fit</b> - Collection System-Wide Initiatives - $300,000</li><li><b>High fit</b> - Pump Station Initiatives - $100,000</li><li><b>High fit</b> - Lift Station Initiatives - $25,000</li></ul>]]></description><Point><coordinates>-114.30117,34.159844,0</coordinates></Point></Placemark>
<Placemark><name>City of Orange Cove</name><styleUrl>#s1</styleUrl><description><![CDATA[<b>City of Orange Cove</b> (CA)<br/>EAE score: <b>65.0</b> &nbsp;|&nbsp; Status: <b>Open</b><br/>Population: 10,273<br/>County: Fresno<br/>Opportunities: 4 (3 high-fit, 4 priority)<br/>Total value: $22,505,000<br/><br/><b>Contact:</b> Joe Estrada, Public Works Director<br/>Joee@cityoforangecove.com 1-559-626-4488<br/><br/><b>Top opportunities:</b><ul><li><b>High fit</b> - Water Treatment Plant or Facility Initiatives - $20,000,000</li><li><b>High fit</b> - Wastewater Treatment Plant or Facility Initiatives - $2,025,000</li><li><b>High fit</b> - System Monitoring and Control Software Initiatives - $400,000</li><li><b>Medium fit</b> - Collection System-Wide Initiatives; Financial - $80,000</li></ul>]]></description><Point><coordinates>-119.783475,36.677384,0</coordinates></Point></Placemark>
<Placemark><name>City of Redding</name><styleUrl>#s1</styleUrl><description><![CDATA[<b>City of Redding</b> (CA)<br/>EAE score: <b>65.0</b> &nbsp;|&nbsp; Status: <b>Open</b><br/>Population: 92,590<br/>County: Shasta<br/>Opportunities: 5 (5 high-fit, 2 priority)<br/>Total value: $33,655,500<br/><br/><b>Contact:</b> Michael Webb, Director of Public Works / City Engineer<br/>mwebb@cityofredding.org 1-530-225-4170<br/><br/><b>Top opportunities:</b><ul><li><b>High fit</b> - Pump Station Initiatives; Pipe Initiatives - $26,300,000</li><li><b>High fit</b> - System Monitoring and Control Software Initiatives - $5,855,500</li><li><b>High fit</b> - Pump Station Initiatives - $1,500,000</li><li><b>High fit</b> - Pump Station Initiatives - $nan</li><li><b>High fit</b> - Pump Station Initiatives - $nan</li></ul>]]></description><Point><coordinates>-122.456982,40.675738,0</coordinates></Point></Placemark>
<Placemark><name>Midway City Sanitary District</name><styleUrl>#s1</styleUrl><description><![CDATA[<b>Midway City Sanitary District</b> (CA)<br/>EAE score: <b>65.0</b> &nbsp;|&nbsp; Status: <b>Open</b><br/>Population: 100,000<br/>County: Orange<br/>Opportunities: 6 (6 high-fit, 0 priority)<br/>Total value: $11,493,153<br/><br/><b>Contact:</b> Robert Housley, General Manager<br/>rhousley@midwaycitysanitaryca.gov 1-714-893-3553<br/><br/><b>Top opportunities:</b><ul><li><b>High fit</b> - Lift Station Initiatives - $8,300,000</li><li><b>High fit</b> - Lift Station Initiatives; Financial - $2,674,883</li><li><b>High fit</b> - System Monitoring and Control Software Initiatives - $318,270</li><li><b>High fit</b> - Lift Station Initiatives - $100,000</li><li><b>High fit</b> - System Monitoring and Control Software Initiatives - $100,000</li><li><b>High fit</b> - System Monitoring and Control Software Initiatives - $nan</li></ul>]]></description><Point><coordinates>-117.769442,33.640302,0</coordinates></Point></Placemark>
<Placemark><name>North City Water District</name><styleUrl>#s1</styleUrl><description><![CDATA[<b>North City Water District</b> (WA)<br/>EAE score: <b>65.0</b> &nbsp;|&nbsp; Status: <b>Open</b><br/>Population: 57,027<br/>County: King<br/>Opportunities: 5 (5 high-fit, 5 priority)<br/>Total value: $40,999,590<br/><br/><b>Contact:</b> Diana Pottinger, General Manager<br/>dianep@northcitywater.org 1-206-362-8100<br/><br/><b>Top opportunities:</b><ul><li><b>High fit</b> - Water Tank or Tower Initiatives; Pump Station Initiatives - $12,949,448</li><li><b>High fit</b> - Reservoir Initiatives; Pump Station Initiatives - $11,140,973</li><li><b>High fit</b> - Pump Station Initiatives - $6,629,114</li><li><b>High fit</b> - Pump Station Initiatives - $6,627,528</li><li><b>High fit</b> - Pump Station Initiatives; Pipe Initiatives - $3,652,527</li></ul>]]></description><Point><coordinates>-122.259737,47.767169,0</coordinates></Point></Placemark>
<Placemark><name>Union Sanitary District</name><styleUrl>#s1</styleUrl><description><![CDATA[<b>Union Sanitary District</b> (CA)<br/>EAE score: <b>65.0</b> &nbsp;|&nbsp; Status: <b>Open</b><br/>Population: 1,671,329<br/>County: Alameda<br/>Opportunities: 10 (10 high-fit, 0 priority)<br/>Total value: $38,666,000<br/><br/><b>Contact:</b> Shawn Nesgis, Wastewater Collections Supervisor<br/>shawnn@unionsanitary.ca.gov 1-510-477-7552<br/><br/><b>Top opportunities:</b><ul><li><b>High fit</b> - Power Supply, Control, and Protection Initiatives; Pump Initiatives - $11,142,000</li><li><b>High fit</b> - Lift Station Initiatives - $7,922,000</li><li><b>High fit</b> - Lift Station Initiatives - $5,896,000</li><li><b>High fit</b> - Lift Station Initiatives - $5,009,000</li><li><b>High fit</b> - Transportation System-Wide Initiatives; Lift Station Initiatives - $4,750,000</li><li><b>High fit</b> - Wastewater Treatment Plant or Facility Initiatives - $2,000,000</li></ul>]]></description><Point><coordinates>-121.97362,37.589084,0</coordinates></Point></Placemark>
<Placemark><name>Cambria Community Services District</name><styleUrl>#s1</styleUrl><description><![CDATA[<b>Cambria Community Services District</b> (CA)<br/>EAE score: <b>65.0</b> &nbsp;|&nbsp; Status: <b>Open</b><br/>Population: 283,111<br/>County: San Luis Obispo<br/>Opportunities: 16 (16 high-fit, 0 priority)<br/>Total value: $12,324,876<br/><br/><b>Contact:</b> Toni Artho, Wastewater Systems Superintendent<br/>tartho@cambriacsd.org 1-805-927-6223<br/><br/><b>Top opportunities:</b><ul><li><b>High fit</b> - Pump Station Initiatives - $3,500,000</li><li><b>High fit</b> - Pump Station Initiatives - $3,500,000</li><li><b>High fit</b> - Pump Station Initiatives - $2,200,000</li><li><b>High fit</b> - Lift Station Initiatives - $2,110,000</li><li><b>High fit</b> - Pipe Initiatives; Lift Station Initiatives - $265,000</li><li><b>High fit</b> - Pipe Initiatives; Lift Station Initiatives - $250,000</li></ul>]]></description><Point><coordinates>-120.954454,35.587748,0</coordinates></Point></Placemark>
<Placemark><name>McKinleyville Community Services District</name><styleUrl>#s1</styleUrl><description><![CDATA[<b>McKinleyville Community Services District</b> (CA)<br/>EAE score: <b>64.8</b> &nbsp;|&nbsp; Status: <b>Open</b><br/>Population: 135,558<br/>County: Humboldt<br/>Opportunities: 7 (7 high-fit, 0 priority)<br/>Total value: $9,881,000<br/><br/><b>Contact:</b> Samantha Howard, Finance Director<br/>showard@mckinleyvillecsd.com 1-707-839-3251<br/><br/><b>Top opportunities:</b><ul><li><b>High fit</b> - Financial; Lift Station Initiatives - $4,500,000</li><li><b>High fit</b> - Lift Station Initiatives - $3,500,000</li><li><b>High fit</b> - Lift Station Initiatives; Financial - $800,000</li><li><b>High fit</b> - Financial; Lift Station Initiatives - $550,000</li><li><b>High fit</b> - Pump Station Initiatives - $289,000</li><li><b>High fit</b> - Pump Station Initiatives - $242,000</li></ul>]]></description><Point><coordinates>-123.976234,40.708094,0</coordinates></Point></Placemark>
<Placemark><name>Olympic Valley Public Service District</name><styleUrl>#s1</styleUrl><description><![CDATA[<b>Olympic Valley Public Service District</b> (CA)<br/>EAE score: <b>64.7</b> &nbsp;|&nbsp; Status: <b>Open</b><br/>Population: 412,300<br/>County: Placer<br/>Opportunities: 9 (7 high-fit, 8 priority)<br/>Total value: $5,871,283<br/><br/><b>Contact:</b> Charley Miller, General Manager<br/>cmiller@ovpsd.org 1-530-452-4641;ext=204<br/><br/><b>Top opportunities:</b><ul><li><b>Medium fit</b> - Collection System-Wide Initiatives - $5,514,940</li><li><b>High fit</b> - System Monitoring and Control Software Initiatives - $100,000</li><li><b>High fit</b> - System Monitoring and Control Software Initiatives - $52,656</li><li><b>High fit</b> - Financial; System Monitoring and Control Software Initiatives - $50,875</li><li><b>High fit</b> - Financial; System Monitoring and Control Software Initiatives - $50,875</li><li><b>High fit</b> - System Monitoring and Control Software Initiatives - $50,000</li></ul>]]></description><Point><coordinates>-121.067718,38.973505,0</coordinates></Point></Placemark>
<Placemark><name>Donner Summit Public Utility District</name><styleUrl>#s1</styleUrl><description><![CDATA[<b>Donner Summit Public Utility District</b> (CA)<br/>EAE score: <b>64.7</b> &nbsp;|&nbsp; Status: <b>Open</b><br/>County: Unspecified<br/>Opportunities: 14 (13 high-fit, 2 priority)<br/>Total value: $10,545,500<br/><br/><b>Contact:</b> Steve Palmer, General Manager<br/>spalmer@dspud.com 1-530-426-3456<br/><br/><b>Top opportunities:</b><ul><li><b>Low fit</b> - Financial; Wastewater-Wide Initiatives - $3,720,000</li><li><b>High fit</b> - Lift Station Initiatives - $1,754,000</li><li><b>High fit</b> - Lift Station Initiatives - $1,064,000</li><li><b>High fit</b> - Lift Station Initiatives - $1,017,500</li><li><b>High fit</b> - Lift Station Initiatives; Financial - $526,000</li><li><b>High fit</b> - Lift Station Initiatives; Financial - $526,000</li></ul>]]></description><Point><coordinates>-120.435313,39.31959,0</coordinates></Point></Placemark>
<Placemark><name>Kirkwood Meadows Public Utilities District</name><styleUrl>#s1</styleUrl><description><![CDATA[<b>Kirkwood Meadows Public Utilities District</b> (CA)<br/>EAE score: <b>64.6</b> &nbsp;|&nbsp; Status: <b>Open</b><br/>Population: 39,752<br/>County: Amador<br/>Opportunities: 16 (15 high-fit, 0 priority)<br/>Total value: $4,433,309<br/><br/><b>Contact:</b> Brandi Benson, Operations Manager<br/>bbenson@kmpud.com 1-209-258-4444<br/><br/><b>Top opportunities:</b><ul><li><b>High fit</b> - System Monitoring and Control Software Initiatives; Well Initiatives - $1,049,802</li><li><b>High fit</b> - System Monitoring and Control Software Initiatives; Water Tank or Tower Initiatives - $666,414</li><li><b>High fit</b> - Water Tank or Tower Initiatives; System Monitoring and Control Software Initiatives - $612,234</li><li><b>Medium fit</b> - Financial; Water Tank or Tower Initiatives - $612,234</li><li><b>High fit</b> - System Monitoring and Control Software Initiatives; Financial - $387,000</li><li><b>High fit</b> - Well Initiatives; System Monitoring and Control Software Initiatives - $387,000</li></ul>]]></description><Point><coordinates>-120.285021,38.575433,0</coordinates></Point></Placemark>
<Placemark><name>City of Madera</name><styleUrl>#s1</styleUrl><description><![CDATA[<b>City of Madera</b> (CA)<br/>EAE score: <b>64.3</b> &nbsp;|&nbsp; Status: <b>Open</b><br/>Population: 64,833<br/>County: Madera<br/>Opportunities: 5 (4 high-fit, 4 priority)<br/>Total value: $7,603,020<br/><br/><b>Contact:</b> Ellen Bitter, Deputy City Engineer for Capital Projects<br/>ebitter@madera.gov +1-559-661-5472<br/><br/><b>Top opportunities:</b><ul><li><b>High fit</b> - Pipe Initiatives; Wastewater Treatment Plant or Facility Initiatives - $7,148,020</li><li><b>Medium fit</b> - Collection System-Wide Initiatives - $455,000</li><li><b>High fit</b> - Pump Initiatives - $nan</li><li><b>High fit</b> - Consultant Initiatives; Wastewater Treatment Plant or Facility Initiatives - $nan</li><li><b>High fit</b> - Consultant Initiatives; Wastewater Treatment Plant or Facility Initiatives - $nan</li></ul>]]></description><Point><coordinates>-120.182423,36.928286,0</coordinates></Point></Placemark>
<Placemark><name>Casitas Municipal Water District</name><styleUrl>#s1</styleUrl><description><![CDATA[<b>Casitas Municipal Water District</b> (CA)<br/>EAE score: <b>64.0</b> &nbsp;|&nbsp; Status: <b>Open</b><br/>Population: 846,006<br/>County: Ventura<br/>Opportunities: 5 (4 high-fit, 1 priority)<br/>Total value: $134,530,386<br/><br/><b>Contact:</b> Julia Aranda, Engineering Manager<br/>jaranda@casitaswater.com 1-805-649-2251;ext=107<br/><br/><b>Top opportunities:</b><ul><li><b>High fit</b> - Pipe Initiatives; Pump Station Initiatives - $132,313,386</li><li><b>Medium fit</b> - Valve Initiatives; Distribution System-Wide Initiatives - $1,767,000</li><li><b>High fit</b> - Power Supply, Control, and Protection Initiatives; Pump Station Initiatives - $150,000</li><li><b>High fit</b> - Pump Station Initiatives; Power Supply, Control, and Protection Initiatives - $150,000</li><li><b>High fit</b> - Power Supply, Control, and Protection Initiatives; Pump Station Initiatives - $150,000</li></ul>]]></description><Point><coordinates>-119.292335,34.412169,0</coordinates></Point></Placemark>
<Placemark><name>City of Porterville</name><styleUrl>#s1</styleUrl><description><![CDATA[<b>City of Porterville</b> (CA)<br/>EAE score: <b>63.6</b> &nbsp;|&nbsp; Status: <b>Open</b><br/>Population: 59,599<br/>County: Tulare<br/>Opportunities: 7 (6 high-fit, 3 priority)<br/>Total value: $6,800,000<br/><br/><b>Contact:</b> Maria Bemis, Finance Director<br/>mbemis@ci.porterville.ca.us 1-559-782-7435<br/><br/><b>Top opportunities:</b><ul><li><b>High fit</b> - Power Supply, Control, and Protection Initiatives; Secondary Treatment Initiatives - $2,500,000</li><li><b>High fit</b> - Lift Station Initiatives; Pipe Initiatives - $2,300,000</li><li><b>High fit</b> - Lift Station Initiatives - $2,000,000</li><li><b>High fit</b> - Lift Station Initiatives; Financial - $nan</li><li><b>Medium fit</b> - Distribution System-Wide Initiatives - $nan</li><li><b>High fit</b> - System Monitoring and Control Software Initiatives - $nan</li></ul>]]></description><Point><coordinates>-118.703592,35.973777,0</coordinates></Point></Placemark>
<Placemark><name>Clallam County Public Utility District</name><styleUrl>#s1</styleUrl><description><![CDATA[<b>Clallam County Public Utility District</b> (WA)<br/>EAE score: <b>62.6</b> &nbsp;|&nbsp; Status: <b>Open</b><br/>Population: 77,331<br/>County: Clallam<br/>Opportunities: 9 (8 high-fit, 5 priority)<br/>Total value: $573,395<br/><br/><b>Contact:</b> Todd Mielke, County Administrator<br/>Todd.Mielke@clallampud.net 1-360-417-2233<br/><br/><b>Top opportunities:</b><ul><li><b>Medium fit</b> - Pipe Initiatives; Well Initiatives - $261,250</li><li><b>High fit</b> - Water Treatment Plant or Facility Initiatives - $132,263</li><li><b>High fit</b> - Lift Station Initiatives - $73,926</li><li><b>High fit</b> - System Monitoring and Control Software Initiatives - $30,000</li><li><b>High fit</b> - System Monitoring and Control Software Initiatives - $28,588</li><li><b>High fit</b> - System Monitoring and Control Software Initiatives - $24,800</li></ul>]]></description><Point><coordinates>-123.080362,48.06773,0</coordinates></Point></Placemark>
<Placemark><name>City of Lowell</name><styleUrl>#s1</styleUrl><description><![CDATA[<b>City of Lowell</b> (OR)<br/>EAE score: <b>62.6</b> &nbsp;|&nbsp; Status: <b>Open</b><br/>Population: 1,173<br/>County: Lane<br/>Opportunities: 6 (6 high-fit, 0 priority)<br/>Total value: $5,279,480<br/><br/><b>Contact:</b> Jeremy Caudle, City Administrator/Manager<br/>jcaudle@ci.lowell.or.us 1-541-937-2157<br/><br/><b>Top opportunities:</b><ul><li><b>High fit</b> - Wastewater Treatment Plant or Facility Initiatives - $3,058,480</li><li><b>High fit</b> - Water Treatment Plant or Facility Initiatives; Financial - $1,845,000</li><li><b>High fit</b> - Lift Station Initiatives; Pump Initiatives - $376,000</li><li><b>High fit</b> - Pump Initiatives; Lift Station Initiatives - $nan</li><li><b>High fit</b> - System Monitoring and Control Software Initiatives - $nan</li><li><b>High fit</b> - Water Tank or Tower Initiatives; Water Treatment Plant or Facility Initiatives - $nan</li></ul>]]></description><Point><coordinates>-122.694091,43.885422,0</coordinates></Point></Placemark>
<Placemark><name>El Toro Water District</name><styleUrl>#s1</styleUrl><description><![CDATA[<b>El Toro Water District</b> (CA)<br/>EAE score: <b>62.5</b> &nbsp;|&nbsp; Status: <b>Open</b><br/>Population: 100,000<br/>County: Orange<br/>Opportunities: 16 (16 high-fit, 8 priority)<br/>Total value: $1,245,200<br/><br/><b>Contact:</b> Rory Harnisch, Senior Engineer<br/>rharnisch@etwd.com 1-949-837-7050;ext=251<br/><br/><b>Top opportunities:</b><ul><li><b>High fit</b> - Lift Station Initiatives - $600,000</li><li><b>High fit</b> - Pump Station Initiatives; Pump Initiatives - $198,000</li><li><b>High fit</b> - Lift Station Initiatives - $134,000</li><li><b>High fit</b> - Financial; Lift Station Initiatives - $80,000</li><li><b>High fit</b> - Lift Station Initiatives - $79,000</li><li><b>High fit</b> - Water Treatment Plant or Facility Initiatives - $56,200</li></ul>]]></description><Point><coordinates>-117.693074,33.64079,0</coordinates></Point></Placemark>
<Placemark><name>City of Stanwood</name><styleUrl>#s1</styleUrl><description><![CDATA[<b>City of Stanwood</b> (WA)<br/>EAE score: <b>62.3</b> &nbsp;|&nbsp; Status: <b>Open</b><br/>Population: 7,287<br/>County: Snohomish<br/>Opportunities: 5 (5 high-fit, 0 priority)<br/>Total value: $5,150,000<br/><br/><b>Contact:</b> Shawn Smith, City Engineer / Capital Projects Manager<br/>shawn.smith@stanwoodwa.org 1-360-454-5235<br/><br/><b>Top opportunities:</b><ul><li><b>High fit</b> - Pump Initiatives; Pump Station Initiatives - $1,900,000</li><li><b>High fit</b> - Pump Initiatives; System Monitoring and Control Software Initiatives - $1,550,000</li><li><b>High fit</b> - Wastewater Treatment Plant or Facility Initiatives - $1,400,000</li><li><b>High fit</b> - Financial; Lift Station Initiatives - $200,000</li><li><b>High fit</b> - Lift Station Initiatives; System Monitoring and Control Software Initiatives - $100,000</li></ul>]]></description><Point><coordinates>-122.199795,47.988661,0</coordinates></Point></Placemark>
<Placemark><name>Mission Hills Community Services District</name><styleUrl>#s1</styleUrl><description><![CDATA[<b>Mission Hills Community Services District</b> (CA)<br/>EAE score: <b>62.3</b> &nbsp;|&nbsp; Status: <b>Open</b><br/>Population: 10,039,107<br/>County: Los Angeles<br/>Opportunities: 7 (7 high-fit, 5 priority)<br/>Total value: $1,165,000<br/><br/><b>Contact:</b> Brad Hagemann, General Manager<br/>bh@mhcsd.org 1-805-733-4366<br/><br/><b>Top opportunities:</b><ul><li><b>High fit</b> - Lift Station Initiatives; Financial - $800,000</li><li><b>High fit</b> - Lift Station Initiatives; Financial - $200,000</li><li><b>High fit</b> - Financial; System Monitoring and Control Software Initiatives - $75,000</li><li><b>High fit</b> - System Monitoring and Control Software Initiatives - $50,000</li><li><b>High fit</b> - System Monitoring and Control Software Initiatives - $40,000</li><li><b>High fit</b> - System Monitoring and Control Software Initiatives - $nan</li></ul>]]></description><Point><coordinates>-120.336594,34.629464,0</coordinates></Point></Placemark>
<Placemark><name>City of Dixon</name><styleUrl>#s1</styleUrl><description><![CDATA[<b>City of Dixon</b> (CA)<br/>EAE score: <b>62.1</b> &nbsp;|&nbsp; Status: <b>Open</b><br/>Population: 20,698<br/>County: Solano<br/>Opportunities: 5 (3 high-fit, 4 priority)<br/>Total value: $2,880,060<br/><br/><b>Contact:</b> Sandy Jones, Chief Wastewater Plant Operator (WWTF Division)<br/>sjones@cityofdixon.us 1-707-679-0009;ext=6101<br/><br/><b>Top opportunities:</b><ul><li><b>High fit</b> - Lift Station Initiatives; Pipe Initiatives - $1,500,000</li><li><b>Medium fit</b> - K-12 School Facility Initiatives; Well Initiatives - $1,095,060</li><li><b>Medium fit</b> - Mapping and Modeling Software Initiatives; Collection System-Wide Initiatives - $250,000</li><li><b>High fit</b> - Operational Technology (OT) Initiatives - $35,000</li><li><b>High fit</b> - Wastewater Treatment Plant or Facility Initiatives - $nan</li></ul>]]></description><Point><coordinates>-121.761419,38.397372,0</coordinates></Point></Placemark>
<Placemark><name>Leucadia Wastewater District</name><styleUrl>#s1</styleUrl><description><![CDATA[<b>Leucadia Wastewater District</b> (CA)<br/>EAE score: <b>62.1</b> &nbsp;|&nbsp; Status: <b>Open</b><br/>Population: 3,338,330<br/>County: San Diego<br/>Opportunities: 10 (10 high-fit, 0 priority)<br/>Total value: $8,541,159<br/><br/><b>Contact:</b> Paul Bushee, General Manager<br/>pbushee@lwwd.org 1-760-753-0155;ext=3014<br/><br/><b>Top opportunities:</b><ul><li><b>High fit</b> - Wastewater Treatment Plant or Facility Initiatives - $3,890,159</li><li><b>High fit</b> - Lift Station Initiatives; Electrical Systems-Wide Initiatives - $1,811,000</li><li><b>High fit</b> - Pump Station Initiatives - $1,400,000</li><li><b>High fit</b> - Pump Station Initiatives - $730,000</li><li><b>High fit</b> - Pump Station Initiatives - $525,000</li><li><b>High fit</b> - Lift Station Initiatives; Pipe Initiatives - $185,000</li></ul>]]></description><Point><coordinates>-117.136812,32.810983,0</coordinates></Point></Placemark>
<Placemark><name>City of Cottonwood</name><styleUrl>#s1</styleUrl><description><![CDATA[<b>City of Cottonwood</b> (AZ)<br/>EAE score: <b>62.0</b> &nbsp;|&nbsp; Status: <b>Open</b><br/>Population: 12,253<br/>County: Yavapai<br/>Opportunities: 4 (4 high-fit, 3 priority)<br/>Total value: $5,000,000<br/><br/><b>Contact:</b> Tom Whitmer, Utilities Director<br/>twhitmer@cottonwoodaz.gov 1-928-340-2737<br/><br/><b>Top opportunities:</b><ul><li><b>High fit</b> - Financial; Lift Station Initiatives - $3,000,000</li><li><b>High fit</b> - System Monitoring and Control Software Initiatives - $1,500,000</li><li><b>High fit</b> - System Monitoring and Control Software Initiatives - $350,000</li><li><b>High fit</b> - Financial; Lift Station Initiatives - $150,000</li></ul>]]></description><Point><coordinates>-112.043547,34.643596,0</coordinates></Point></Placemark>
<Placemark><name>City of Sedona</name><styleUrl>#s1</styleUrl><description><![CDATA[<b>City of Sedona</b> (AZ)<br/>EAE score: <b>62.0</b> &nbsp;|&nbsp; Status: <b>Open</b><br/>Population: 10,339<br/>County: Yavapai<br/>Opportunities: 4 (4 high-fit, 2 priority)<br/>Total value: $8,020,000<br/><br/><b>Contact:</b> Andy Dickey, Director of Public Works<br/>adickey@sedonaaz.gov 1-928-203-5039<br/><br/><b>Top opportunities:</b><ul><li><b>High fit</b> - Lift Station Initiatives; Pipe Initiatives - $7,400,000</li><li><b>High fit</b> - System Monitoring and Control Software Initiatives - $310,000</li><li><b>High fit</b> - System Monitoring and Control Software Initiatives - $310,000</li><li><b>High fit</b> - Pump Station Initiatives - $nan</li></ul>]]></description><Point><coordinates>-112.208914,34.683235,0</coordinates></Point></Placemark>
<Placemark><name>City of Buellton</name><styleUrl>#s1</styleUrl><description><![CDATA[<b>City of Buellton</b> (CA)<br/>EAE score: <b>61.9</b> &nbsp;|&nbsp; Status: <b>Open</b><br/>Population: 5,102<br/>County: Santa Barbara<br/>Opportunities: 7 (5 high-fit, 0 priority)<br/>Total value: $4,700,000<br/><br/><b>Contact:</b> Rose Hess, Public Works Director &amp; City Engineer<br/>roseh@cityofbuellton.com 1-805-686-7424<br/><br/><b>Top opportunities:</b><ul><li><b>High fit</b> - Water Treatment Plant or Facility Initiatives - $2,000,000</li><li><b>High fit</b> - Water Treatment Plant or Facility Initiatives; Water Storage or Supply-Wide Initiatives - $1,050,000</li><li><b>Low fit</b> - Valve Initiatives; Pipe Initiatives - $550,000</li><li><b>High fit</b> - Wastewater Treatment Plant or Facility Initiatives - $400,000</li><li><b>High fit</b> - System Monitoring and Control Software Initiatives - $300,000</li><li><b>Medium fit</b> - Well Initiatives; Reservoir Initiatives - $200,000</li></ul>]]></description><Point><coordinates>-120.201469,34.635927,0</coordinates></Point></Placemark>
<Placemark><name>Sierra Lakes County Water District</name><styleUrl>#s1</styleUrl><description><![CDATA[<b>Sierra Lakes County Water District</b> (CA)<br/>EAE score: <b>61.3</b> &nbsp;|&nbsp; Status: <b>Open</b><br/>Population: 7,155<br/>County: Caribou<br/>Opportunities: 7 (6 high-fit, 2 priority)<br/>Total value: $914,047<br/><br/><b>Contact:</b> Pat Baird, Utility Operations Manager<br/>pbaird@slcwd.org 1-530-426-7800<br/><br/><b>Top opportunities:</b><ul><li><b>High fit</b> - System Monitoring and Control Software Initiatives - $285,000</li><li><b>Medium fit</b> - Distribution System-Wide Initiatives - $250,000</li><li><b>High fit</b> - System Monitoring and Control Software Initiatives - $195,000</li><li><b>High fit</b> - Electrical Systems-Wide Initiatives; Consultant Initiatives - $135,047</li><li><b>High fit</b> - System Monitoring and Control Software Initiatives - $29,000</li><li><b>High fit</b> - System Monitoring and Control Software Initiatives - $20,000</li></ul>]]></description><Point><coordinates>-120.435313,39.31959,0</coordinates></Point></Placemark>
<Placemark><name>Ventura River Water District</name><styleUrl>#s1</styleUrl><description><![CDATA[<b>Ventura River Water District</b> (CA)<br/>EAE score: <b>61.2</b> &nbsp;|&nbsp; Status: <b>Open</b><br/>Population: 25,000<br/>County: Ventura<br/>Opportunities: 6 (6 high-fit, 1 priority)<br/>Total value: $1,609,360<br/><br/><b>Contact:</b> Alma Quezada, Assistant General Manager<br/>Alma@VenturaRiverWD.com 1-805-646-3403<br/><br/><b>Top opportunities:</b><ul><li><b>High fit</b> - System Monitoring and Control Software Initiatives - $635,500</li><li><b>High fit</b> - System Monitoring and Control Software Initiatives - $590,860</li><li><b>High fit</b> - System Monitoring and Control Software Initiatives - $220,000</li><li><b>High fit</b> - System Monitoring and Control Software Initiatives - $163,000</li><li><b>High fit</b> - System Monitoring and Control Software Initiatives - $nan</li><li><b>High fit</b> - System Monitoring and Control Software Initiatives - $nan</li></ul>]]></description><Point><coordinates>-119.25876,34.478806,0</coordinates></Point></Placemark>
<Placemark><name>Laguna Beach County Water District</name><styleUrl>#s1</styleUrl><description><![CDATA[<b>Laguna Beach County Water District</b> (CA)<br/>EAE score: <b>61.0</b> &nbsp;|&nbsp; Status: <b>Open</b><br/>Population: 100,000<br/>County: Orange<br/>Opportunities: 6 (5 high-fit, 1 priority)<br/>Total value: $21,185,000<br/><br/><b>Contact:</b> Christopher Regan, Interim General Manager<br/>christopher.regan@lbcwd.org 1-949-464-3108<br/><br/><b>Top opportunities:</b><ul><li><b>High fit</b> - Reservoir Initiatives; Pump Station Initiatives - $13,000,000</li><li><b>High fit</b> - Pump Station Initiatives; Reservoir Initiatives - $8,000,000</li><li><b>Medium fit</b> - Distribution System-Wide Initiatives - $75,000</li><li><b>High fit</b> - Operational Technology (OT) Initiatives - $60,000</li><li><b>High fit</b> - Pump Station Initiatives; Security System Initiatives - $30,000</li><li><b>High fit</b> - Reservoir Initiatives; Pump Station Initiatives - $20,000</li></ul>]]></description><Point><coordinates>-117.769442,33.640302,0</coordinates></Point></Placemark>
<Placemark><name>Carpinteria Valley Water District</name><styleUrl>#s1</styleUrl><description><![CDATA[<b>Carpinteria Valley Water District</b> (CA)<br/>EAE score: <b>60.8</b> &nbsp;|&nbsp; Status: <b>Open</b><br/>Population: 446,499<br/>County: Santa Barbara<br/>Opportunities: 6 (5 high-fit, 5 priority)<br/>Total value: $473,500<br/><br/><b>Contact:</b> Brian King, District Engineer<br/>brian@cvwd.net 1-805-684-2816;ext=107<br/><br/><b>Top opportunities:</b><ul><li><b>High fit</b> - Wastewater Treatment Plant or Facility Initiatives - $250,000</li><li><b>Low fit</b> - Water Metering Initiatives; Pipe Initiatives - $90,000</li><li><b>High fit</b> - System Monitoring and Control Software Initiatives - $73,500</li><li><b>High fit</b> - Financial; System Monitoring and Control Software Initiatives - $60,000</li><li><b>High fit</b> - System Monitoring and Control Software Initiatives - $nan</li><li><b>High fit</b> - System Monitoring and Control Software Initiatives - $nan</li></ul>]]></description><Point><coordinates>-119.520525,34.405045,0</coordinates></Point></Placemark>
<Placemark><name>County of Mason</name><styleUrl>#s1</styleUrl><description><![CDATA[<b>County of Mason</b> (WA)<br/>EAE score: <b>60.7</b> &nbsp;|&nbsp; Status: <b>Open</b><br/>Population: 66,768<br/>County: Mason<br/>Opportunities: 5 (4 high-fit, 5 priority)<br/>Total value: $3,930,000<br/><br/><b>Contact:</b> Richard Dickinson, Deputy Director Utilities Management<br/>rdickinson@masoncountywa.gov 1-360-427-9670;ext=652<br/><br/><b>Top opportunities:</b><ul><li><b>High fit</b> - Financial; Wastewater Treatment Plant or Facility Initiatives - $2,030,000</li><li><b>Medium fit</b> - Collection System-Wide Initiatives; Wastewater Treatment-Wide Initiatives - $1,600,000</li><li><b>High fit</b> - Wastewater Treatment Plant or Facility Initiatives - $200,000</li><li><b>High fit</b> - Wastewater Treatment Plant or Facility Initiatives; Pipe Initiatives - $100,000</li><li><b>High fit</b> - System Monitoring and Control Software Initiatives - $nan</li></ul>]]></description><Point><coordinates>-123.159683,47.263255,0</coordinates></Point></Placemark>
<Placemark><name>Hidden Valley Lake Community Services District</name><styleUrl>#s1</styleUrl><description><![CDATA[<b>Hidden Valley Lake Community Services District</b> (CA)<br/>EAE score: <b>60.6</b> &nbsp;|&nbsp; Status: <b>Open</b><br/>Population: 64,386<br/>County: Lake<br/>Opportunities: 6 (5 high-fit, 3 priority)<br/>Total value: $2,377,175<br/><br/><b>Contact:</b> Paul Kelley, General Manager<br/>pkelley@hvlcsd.org 1-707-987-9201<br/><br/><b>Top opportunities:</b><ul><li><b>High fit</b> - System Monitoring and Control Software Initiatives - $747,175</li><li><b>High fit</b> - System Monitoring and Control Software Initiatives - $675,000</li><li><b>High fit</b> - System Monitoring and Control Software Initiatives - $625,000</li><li><b>High fit</b> - Cybersecurity Initiatives; Software-Wide Initiatives - $250,000</li><li><b>Medium fit</b> - Financial; Collection System-Wide Initiatives - $80,000</li><li><b>High fit</b> - System Monitoring and Control Software Initiatives; Cybersecurity Initiatives - $nan</li></ul>]]></description><Point><coordinates>-122.55,38.8,0</coordinates></Point></Placemark>
<Placemark><name>City of Lindsay</name><styleUrl>#s1</styleUrl><description><![CDATA[<b>City of Lindsay</b> (CA)<br/>EAE score: <b>60.5</b> &nbsp;|&nbsp; Status: <b>Open</b><br/>Population: 13,463<br/>County: Tulare<br/>Opportunities: 7 (5 high-fit, 3 priority)<br/>Total value: $1,790,216<br/><br/><b>Contact:</b> Neyba Amezcua, Director<br/>namezcua@lindsay.ca.us 1-559-562-7102;ext=4<br/><br/><b>Top opportunities:</b><ul><li><b>Low fit</b> - Valve Initiatives; Financial - $1,525,216</li><li><b>High fit</b> - System Monitoring and Control Software Initiatives - $250,000</li><li><b>High fit</b> - System Monitoring and Control Software Initiatives - $15,000</li><li><b>High fit</b> - Water Treatment Plant or Facility Initiatives - $nan</li><li><b>High fit</b> - Water Treatment Plant or Facility Initiatives - $nan</li><li><b>Medium fit</b> - Distribution System-Wide Initiatives - $nan</li></ul>]]></description><Point><coordinates>-119.129166,36.073033,0</coordinates></Point></Placemark>
<Placemark><name>City of Junction City</name><styleUrl>#s1</styleUrl><description><![CDATA[<b>City of Junction City</b> (OR)<br/>EAE score: <b>60.0</b> &nbsp;|&nbsp; Status: <b>Open</b><br/>Population: 6,229<br/>County: Lane<br/>Opportunities: 4 (4 high-fit, 0 priority)<br/>Total value: $43,654,448<br/><br/><b>Contact:</b> Gary Kaping, Public Works Director<br/>gkaping@ci.junction-city.or.us 1-541-998-3125<br/><br/><b>Top opportunities:</b><ul><li><b>High fit</b> - Secondary Treatment Initiatives; Disinfection Initiatives - $32,000,000</li><li><b>High fit</b> - Water Treatment Plant or Facility Initiatives - $11,230,448</li><li><b>High fit</b> - Pump Station Initiatives - $424,000</li><li><b>High fit</b> - Lift Station Initiatives - $nan</li></ul>]]></description><Point><coordinates>-123.273576,44.192567,0</coordinates></Point></Placemark>
<Placemark><name>City of North Bend</name><styleUrl>#s1</styleUrl><description><![CDATA[<b>City of North Bend</b> (WA)<br/>EAE score: <b>60.0</b> &nbsp;|&nbsp; Status: <b>Open</b><br/>Population: 8,088<br/>County: King<br/>Opportunities: 4 (4 high-fit, 0 priority)<br/>Total value: $32,060,000<br/><br/><b>Contact:</b> Don Deberg, City Engineer<br/>ddeberg@northbendwa.gov 1-425-888-7652<br/><br/><b>Top opportunities:</b><ul><li><b>High fit</b> - Reservoir Initiatives; Pump Station Initiatives - $15,720,000</li><li><b>High fit</b> - Pump Station Initiatives - $13,600,000</li><li><b>High fit</b> - Lift Station Initiatives - $1,900,000</li><li><b>High fit</b> - Pipe Initiatives; Lift Station Initiatives - $840,000</li></ul>]]></description><Point><coordinates>-121.687506,47.467224,0</coordinates></Point></Placemark>
<Placemark><name>North Marin Water District</name><styleUrl>#s1</styleUrl><description><![CDATA[<b>North Marin Water District</b> (CA)<br/>EAE score: <b>60.0</b> &nbsp;|&nbsp; Status: <b>Open</b><br/>Population: 258,826<br/>County: Marin<br/>Opportunities: 5 (3 high-fit, 3 priority)<br/>Total value: $13,725,000<br/><br/><b>Contact:</b> Robert Clark, Chief Operations and Maintenance Officer<br/>rclark@nmwd.com 1-415-897-4133<br/><br/><b>Top opportunities:</b><ul><li><b>High fit</b> - Pump Station Initiatives - $10,000,000</li><li><b>High fit</b> - Water Treatment Plant or Facility Initiatives - $2,350,000</li><li><b>High fit</b> - Pump Station Initiatives; Financial - $1,250,000</li><li><b>Medium fit</b> - Distribution System-Wide Initiatives - $125,000</li><li><b>Medium fit</b> - Distribution System-Wide Initiatives - $nan</li></ul>]]></description><Point><coordinates>-122.540951,38.027654,0</coordinates></Point></Placemark>
<Placemark><name>Los Angeles Department of Water and Power (LADWP)</name><styleUrl>#s1</styleUrl><description><![CDATA[<b>Los Angeles Department of Water and Power (LADWP)</b> (CA)<br/>EAE score: <b>60.0</b> &nbsp;|&nbsp; Status: <b>Open</b><br/>Population: 3,979,576<br/>County: Los Angeles<br/>Opportunities: 6 (4 high-fit, 4 priority)<br/>Total value: $110,968,000<br/><br/><b>Contact:</b> John Smith Jr, Chief Administrative Officer<br/>john.smith@ladwp.com 1-213-367-4211<br/><br/><b>Top opportunities:</b><ul><li><b>Medium fit</b> - Financial; Distribution System-Wide Initiatives - $40,000,000</li><li><b>High fit</b> - Financial; Pump Station Initiatives - $30,000,000</li><li><b>High fit</b> - Pump Station Initiatives - $28,267,000</li><li><b>High fit</b> - System Monitoring and Control Software Initiatives; Vehicle Management Software Initiatives - $8,500,000</li><li><b>Medium fit</b> - Distribution System-Wide Initiatives - $3,751,000</li><li><b>High fit</b> - Building Operations and Maintenance Initiatives; System Monitoring and Control Software Initiatives - $450,000</li></ul>]]></description><Point><coordinates>-118.298662,33.786594,0</coordinates></Point></Placemark>
<Placemark><name>City of Coolidge</name><styleUrl>#s1</styleUrl><description><![CDATA[<b>City of Coolidge</b> (AZ)<br/>EAE score: <b>60.0</b> &nbsp;|&nbsp; Status: <b>Open</b><br/>Population: 13,130<br/>County: Pinal<br/>Opportunities: 3 (3 high-fit, 3 priority)<br/>Total value: $90,259,929<br/><br/><b>Contact:</b> Rick Miller, City Manager<br/>rmiller@coolidgeaz.com 1-520-723-5361<br/><br/><b>Top opportunities:</b><ul><li><b>High fit</b> - Wastewater Treatment Plant or Facility Initiatives - $90,000,000</li><li><b>High fit</b> - Pump Initiatives - $150,000</li><li><b>High fit</b> - Pump Initiatives - $109,929</li></ul>]]></description><Point><coordinates>-111.31,32.96,0</coordinates></Point></Placemark>
<Placemark><name>El Dorado Irrigation District</name><styleUrl>#s1</styleUrl><description><![CDATA[<b>El Dorado Irrigation District</b> (CA)<br/>EAE score: <b>59.8</b> &nbsp;|&nbsp; Status: <b>Open</b><br/>Population: 192,843<br/>County: El Dorado<br/>Opportunities: 6 (6 high-fit, 4 priority)<br/>Total value: $4,388,741<br/><br/><b>Contact:</b> Dan Corcoran, Operations Director<br/>dcorcoran@eid.org 1-530-642-4082<br/><br/><b>Top opportunities:</b><ul><li><b>High fit</b> - Water Treatment Plant or Facility Initiatives; Electrical Systems-Wide Initiatives - $3,000,000</li><li><b>High fit</b> - Lift Station Initiatives; System Monitoring and Control Software Initiatives - $523,741</li><li><b>High fit</b> - Pump Initiatives; Financial - $490,000</li><li><b>High fit</b> - Financial; System Monitoring and Control Software Initiatives - $375,000</li><li><b>High fit</b> - System Monitoring and Control Software Initiatives - $nan</li><li><b>High fit</b> - Lift Station Initiatives - $nan</li></ul>]]></description><Point><coordinates>-120.797149,38.730224,0</coordinates></Point></Placemark>
<Placemark><name>City of Escalon</name><styleUrl>#s1</styleUrl><description><![CDATA[<b>City of Escalon</b> (CA)<br/>EAE score: <b>59.8</b> &nbsp;|&nbsp; Status: <b>Open</b><br/>Population: 7,574<br/>County: San Joaquin<br/>Opportunities: 4 (4 high-fit, 0 priority)<br/>Total value: $6,887,278<br/><br/><b>Contact:</b> Jaylen French, City Manager<br/>jfrench@cityofescalon.org +1-209-691-7400<br/><br/><b>Top opportunities:</b><ul><li><b>High fit</b> - Wastewater Treatment Plant or Facility Initiatives - $5,000,000</li><li><b>High fit</b> - Lift Station Initiatives - $1,085,766</li><li><b>High fit</b> - System Monitoring and Control Software Initiatives - $750,000</li><li><b>High fit</b> - System Monitoring and Control Software Initiatives - $51,512</li></ul>]]></description><Point><coordinates>-121.033598,37.817826,0</coordinates></Point></Placemark>
<Placemark><name>Georgetown Divide Public Utility District</name><styleUrl>#s1</styleUrl><description><![CDATA[<b>Georgetown Divide Public Utility District</b> (CA)<br/>EAE score: <b>59.5</b> &nbsp;|&nbsp; Status: <b>Open</b><br/>Population: 192,843<br/>County: El Dorado<br/>Opportunities: 5 (5 high-fit, 5 priority)<br/>Total value: $1,250,646<br/><br/><b>Contact:</b> Adam Brown, Operations Manager<br/>abrown@gd-pud.org 1-530-333-4356;ext=110<br/><br/><b>Top opportunities:</b><ul><li><b>High fit</b> - Pump Station Initiatives - $1,000,000</li><li><b>High fit</b> - System Monitoring and Control Software Initiatives - $220,646</li><li><b>High fit</b> - Lift Station Initiatives - $30,000</li><li><b>High fit</b> - System Monitoring and Control Software Initiatives - $nan</li><li><b>High fit</b> - System Monitoring and Control Software Initiatives - $nan</li></ul>]]></description><Point><coordinates>-120.797149,38.730224,0</coordinates></Point></Placemark>
<Placemark><name>City of Veneta</name><styleUrl>#s1</styleUrl><description><![CDATA[<b>City of Veneta</b> (OR)<br/>EAE score: <b>59.5</b> &nbsp;|&nbsp; Status: <b>Open</b><br/>Population: 5,056<br/>County: Lane<br/>Opportunities: 10 (10 high-fit, 0 priority)<br/>Total value: $2,247,491<br/><br/><b>Contact:</b> Matt Michel, City Administrator/Manager<br/>mmichel@ci.veneta.or.us 1-541-935-2191;ext=306<br/><br/><b>Top opportunities:</b><ul><li><b>High fit</b> - Wastewater Treatment Plant or Facility Initiatives - $400,000</li><li><b>High fit</b> - Financial; Wastewater Treatment Plant or Facility Initiatives - $400,000</li><li><b>High fit</b> - Wastewater Treatment Plant or Facility Initiatives - $287,491</li><li><b>High fit</b> - Lift Station Initiatives - $200,000</li><li><b>High fit</b> - Lift Station Initiatives; Financial - $200,000</li><li><b>High fit</b> - Lift Station Initiatives - $200,000</li></ul>]]></description><Point><coordinates>-123.074193,44.117868,0</coordinates></Point></Placemark>
<Placemark><name>Nipomo Community Services District</name><styleUrl>#s1</styleUrl><description><![CDATA[<b>Nipomo Community Services District</b> (CA)<br/>EAE score: <b>59.1</b> &nbsp;|&nbsp; Status: <b>Open</b><br/>Population: 283,111<br/>County: San Luis Obispo<br/>Opportunities: 15 (14 high-fit, 0 priority)<br/>Total value: $14,097,100<br/><br/><b>Contact:</b> Elizabeth Gamez, Interim District Engineer<br/>egamez@ncsd.ca.gov 1-805-929-1133<br/><br/><b>Top opportunities:</b><ul><li><b>Low fit</b> - Financial; Implementation - $7,040,000</li><li><b>High fit</b> - Pump Station Initiatives - $2,135,200</li><li><b>High fit</b> - Pump Station Initiatives - $2,000,000</li><li><b>High fit</b> - Lift Station Initiatives; Financial - $1,484,700</li><li><b>High fit</b> - Wastewater Treatment Plant or Facility Initiatives - $500,000</li><li><b>High fit</b> - Financial; Lift Station Initiatives - $265,200</li></ul>]]></description><Point><coordinates>-120.494812,35.048397,0</coordinates></Point></Placemark>
<Placemark><name>City of Sunnyvale</name><styleUrl>#s1</styleUrl><description><![CDATA[<b>City of Sunnyvale</b> (CA)<br/>EAE score: <b>59.0</b> &nbsp;|&nbsp; Status: <b>Open</b><br/>Population: 152,703<br/>County: Santa Clara<br/>Opportunities: 4 (4 high-fit, 2 priority)<br/>Total value: $16,624,240<br/><br/><b>Contact:</b> David Carnahan, City Clerk<br/>cityclerk@sunnyvale.ca.gov 1-408-730-7483<br/><br/><b>Top opportunities:</b><ul><li><b>High fit</b> - Wastewater Treatment Plant or Facility Initiatives - $6,000,000</li><li><b>High fit</b> - Electrical Systems-Wide Initiatives; Financial - $5,312,120</li><li><b>High fit</b> - Lift Station Initiatives - $5,312,120</li><li><b>High fit</b> - System Monitoring and Control Software Initiatives - $nan</li></ul>]]></description><Point><coordinates>-121.705327,37.189396,0</coordinates></Point></Placemark>
<Placemark><name>Trabuco-Canyon Water District</name><styleUrl>#s1</styleUrl><description><![CDATA[<b>Trabuco-Canyon Water District</b> (CA)<br/>EAE score: <b>58.5</b> &nbsp;|&nbsp; Status: <b>Open</b><br/>Population: 100,000<br/>County: Orange<br/>Opportunities: 12 (12 high-fit, 0 priority)<br/>Total value: $6,727,060<br/><br/><b>Contact:</b> Lorrie Lausten, District Engineer<br/>llausten@tcwd.ca.gov 1-949-858-0277<br/><br/><b>Top opportunities:</b><ul><li><b>High fit</b> - Lift Station Initiatives - $1,532,920</li><li><b>High fit</b> - Wastewater Treatment Plant or Facility Initiatives - $1,322,720</li><li><b>High fit</b> - Lift Station Initiatives - $1,119,400</li><li><b>High fit</b> - Pump Station Initiatives - $800,000</li><li><b>High fit</b> - Lift Station Initiatives - $560,000</li><li><b>High fit</b> - Lift Station Initiatives - $400,000</li></ul>]]></description><Point><coordinates>-117.595826,33.612322,0</coordinates></Point></Placemark>
<Placemark><name>City of Oakdale</name><styleUrl>#s1</styleUrl><description><![CDATA[<b>City of Oakdale</b> (CA)<br/>EAE score: <b>58.3</b> &nbsp;|&nbsp; Status: <b>Open</b><br/>Population: 23,596<br/>County: Stanislaus<br/>Opportunities: 4 (4 high-fit, 4 priority)<br/>Total value: $1,656,206<br/><br/><b>Contact:</b> Scot Moody, General Manager<br/>nan 1-209-847-0341;ext=5508<br/><br/><b>Top opportunities:</b><ul><li><b>High fit</b> - System Monitoring and Control Software Initiatives - $521,002</li><li><b>High fit</b> - System Monitoring and Control Software Initiatives - $521,002</li><li><b>High fit</b> - System Monitoring and Control Software Initiatives - $521,002</li><li><b>High fit</b> - Lift Station Initiatives - $93,200</li></ul>]]></description><Point><coordinates>-120.698578,37.839643,0</coordinates></Point></Placemark>
<Placemark><name>City of Hanford</name><styleUrl>#s1</styleUrl><description><![CDATA[<b>City of Hanford</b> (CA)<br/>EAE score: <b>58.2</b> &nbsp;|&nbsp; Status: <b>Open</b><br/>Population: 57,703<br/>County: Kings<br/>Opportunities: 4 (4 high-fit, 3 priority)<br/>Total value: $6,619,440<br/><br/><b>Contact:</b> Darrel Pyle, City Manager<br/>dpyle@ci.hanford.ca.us 1-559-585-2516<br/><br/><b>Top opportunities:</b><ul><li><b>High fit</b> - Pump Initiatives; Pipe Initiatives - $5,945,000</li><li><b>High fit</b> - Lift Station Initiatives - $509,440</li><li><b>High fit</b> - Lift Station Initiatives - $165,000</li><li><b>High fit</b> - Lift Station Initiatives - $nan</li></ul>]]></description><Point><coordinates>-119.71776,36.220468,0</coordinates></Point></Placemark>
<Placemark><name>Incline Village General Improvement District</name><styleUrl>#s1</styleUrl><description><![CDATA[<b>Incline Village General Improvement District</b> (NV)<br/>EAE score: <b>58.0</b> &nbsp;|&nbsp; Status: <b>Open</b><br/>Population: 9,000<br/>County: Washoe<br/>Opportunities: 12 (11 high-fit, 0 priority)<br/>Total value: $1,491,600<br/><br/><b>Contact:</b> Kathryn Nelson, Engineering Manager<br/>ksn@ivgid.org 1-775-832-1203<br/><br/><b>Top opportunities:</b><ul><li><b>High fit</b> - Pump Initiatives; Pump Station Initiatives - $560,000</li><li><b>High fit</b> - Pump Station Initiatives - $376,900</li><li><b>High fit</b> - Pump Station Initiatives - $363,100</li><li><b>High fit</b> - System Monitoring and Control Software Initiatives - $100,000</li><li><b>High fit</b> - System Monitoring and Control Software Initiatives - $91,600</li><li><b>High fit</b> - General Planning; Wastewater Treatment Plant or Facility Initiatives - $nan</li></ul>]]></description><Point><coordinates>-119.935619,39.253908,0</coordinates></Point></Placemark>
<Placemark><name>City of Willows</name><styleUrl>#s1</styleUrl><description><![CDATA[<b>City of Willows</b> (CA)<br/>EAE score: <b>58.0</b> &nbsp;|&nbsp; Status: <b>Open</b><br/>Population: 6,072<br/>County: Glenn<br/>Opportunities: 14 (14 high-fit, 0 priority)<br/>Total value: $1,477,330<br/><br/><b>Contact:</b> Natisa Pfyl, Public Works Superintendent<br/>npfyl@cityofwillows.org 1-530-934-7041<br/><br/><b>Top opportunities:</b><ul><li><b>High fit</b> - Pretreatment Initiatives; Wastewater Treatment Plant or Facility Initiatives - $414,000</li><li><b>High fit</b> - Lift Station Initiatives - $178,250</li><li><b>High fit</b> - Lift Station Initiatives - $178,250</li><li><b>High fit</b> - Lift Station Initiatives - $139,165</li><li><b>High fit</b> - Financial; Lift Station Initiatives - $139,165</li><li><b>High fit</b> - Financial; Wastewater Treatment Plant or Facility Initiatives - $125,000</li></ul>]]></description><Point><coordinates>-122.292996,39.519386,0</coordinates></Point></Placemark>
<Placemark><name>Sonoma Water</name><styleUrl>#s1</styleUrl><description><![CDATA[<b>Sonoma Water</b> (CA)<br/>EAE score: <b>57.0</b> &nbsp;|&nbsp; Status: <b>Open</b><br/>Population: 494,336<br/>County: Sonoma<br/>Opportunities: 4 (2 high-fit, 4 priority)<br/>Total value: $12,694,000<br/><br/><b>Contact:</b> Emma Walton, Operations Manager<br/>emma.walton@scwa.ca.gov 1-707-523-1070<br/><br/><b>Top opportunities:</b><ul><li><b>High fit</b> - Wastewater Treatment Plant or Facility Initiatives - $12,494,000</li><li><b>High fit</b> - Pump Station Initiatives; Water Tank or Tower Initiatives - $200,000</li><li><b>Medium fit</b> - Pipe Initiatives; Distribution System-Wide Initiatives - $nan</li><li><b>Medium fit</b> - Collection System-Wide Initiatives - $nan</li></ul>]]></description><Point><coordinates>-122.810328,38.477043,0</coordinates></Point></Placemark>
<Placemark><name>City of Firebaugh</name><styleUrl>#s1</styleUrl><description><![CDATA[<b>City of Firebaugh</b> (CA)<br/>EAE score: <b>57.0</b> &nbsp;|&nbsp; Status: <b>Open</b><br/>Population: 8,296<br/>County: Fresno<br/>Opportunities: 3 (3 high-fit, 0 priority)<br/>Total value: $16,282,145<br/><br/><b>Contact:</b> Pio Martin, Finance Director<br/>pmartin@firebaugh.org 1-559-659-5901<br/><br/><b>Top opportunities:</b><ul><li><b>High fit</b> - Wastewater Treatment Plant or Facility Initiatives; Secondary Treatment Initiatives - $14,995,145</li><li><b>High fit</b> - Lift Station Initiatives - $1,287,000</li><li><b>High fit</b> - Wastewater Treatment Plant or Facility Initiatives - $nan</li></ul>]]></description><Point><coordinates>-120.213442,36.772741,0</coordinates></Point></Placemark>
<Placemark><name>City of La Verne</name><styleUrl>#s1</styleUrl><description><![CDATA[<b>City of La Verne</b> (CA)<br/>EAE score: <b>56.8</b> &nbsp;|&nbsp; Status: <b>Open</b><br/>Population: 32,206<br/>County: Los Angeles<br/>Opportunities: 3 (3 high-fit, 3 priority)<br/>Total value: $5,422,000<br/><br/><b>Contact:</b> Ken Domer, City Manager<br/>kdomer@cityoflaverne.org 1-909-596-8726<br/><br/><b>Top opportunities:</b><ul><li><b>High fit</b> - Water Treatment Plant or Facility Initiatives - $2,500,000</li><li><b>High fit</b> - Water Quality-Wide Initiatives; Water Treatment Plant or Facility Initiatives - $2,500,000</li><li><b>High fit</b> - System Monitoring and Control Software Initiatives - $422,000</li></ul>]]></description><Point><coordinates>-118.298662,33.786594,0</coordinates></Point></Placemark>
<Placemark><name>Mammoth Water District</name><styleUrl>#s1</styleUrl><description><![CDATA[<b>Mammoth Water District</b> (CA)<br/>EAE score: <b>56.6</b> &nbsp;|&nbsp; Status: <b>Open</b><br/>Population: 8,235<br/>County: Mono<br/>Opportunities: 6 (6 high-fit, 0 priority)<br/>Total value: $793,000<br/><br/><b>Contact:</b> Jake Trauscht, Senior Engineer<br/>jtrauscht@mcwd.dst.ca.us 1-760-934-2596;ext=290<br/><br/><b>Top opportunities:</b><ul><li><b>High fit</b> - Wastewater Treatment Plant or Facility Initiatives; Power Supply, Control, and Protection Initiatives - $493,000</li><li><b>High fit</b> - System Monitoring and Control Software Initiatives; Financial - $300,000</li><li><b>High fit</b> - Lift Station Initiatives - $nan</li><li><b>High fit</b> - Lift Station Initiatives - $nan</li><li><b>High fit</b> - System Monitoring and Control Software Initiatives - $nan</li><li><b>High fit</b> - Wastewater Treatment Plant or Facility Initiatives; Water Treatment-Wide Initiatives - $nan</li></ul>]]></description><Point><coordinates>-118.865636,37.609434,0</coordinates></Point></Placemark>
<Placemark><name>State of Hawaii</name><styleUrl>#s1</styleUrl><description><![CDATA[<b>State of Hawaii</b> (HI)<br/>EAE score: <b>56.4</b> &nbsp;|&nbsp; Status: <b>Open</b><br/>Population: 347,397<br/>County: Honolulu<br/>Opportunities: 4 (3 high-fit, 4 priority)<br/>Total value: $89,203,000<br/><br/><b>Contact:</b> Mary Alice Evans, Director of Planning<br/>maryalice.evans@hawaii.gov 1-808-587-2846<br/><br/><b>Top opportunities:</b><ul><li><b>Medium fit</b> - Pipe Initiatives; Collection System-Wide Initiatives - $83,001,000</li><li><b>High fit</b> - Lift Station Initiatives - $5,200,000</li><li><b>High fit</b> - Lift Station Initiatives; Pipe Initiatives - $501,000</li><li><b>High fit</b> - Lift Station Initiatives - $501,000</li></ul>]]></description><Point><coordinates>-168.021815,24.859832,0</coordinates></Point></Placemark>
<Placemark><name>City of Daly City</name><styleUrl>#s1</styleUrl><description><![CDATA[<b>City of Daly City</b> (CA)<br/>EAE score: <b>56.0</b> &nbsp;|&nbsp; Status: <b>Open</b><br/>Population: 106,280<br/>County: San Mateo<br/>Opportunities: 4 (4 high-fit, 0 priority)<br/>Total value: $14,000,000<br/><br/><b>Contact:</b> Richard Chiu, Director of Public Works<br/>rchiu@dalycity.org 1-650-991-8038<br/><br/><b>Top opportunities:</b><ul><li><b>High fit</b> - Pump Station Initiatives - $14,000,000</li><li><b>High fit</b> - Pump Station Initiatives; Electrical System-Wide Initiatives - $nan</li><li><b>High fit</b> - System Monitoring and Control Software Initiatives - $nan</li><li><b>High fit</b> - Lift Station Initiatives - $nan</li></ul>]]></description><Point><coordinates>-122.475234,37.676864,0</coordinates></Point></Placemark>
<Placemark><name>County of Hawaii</name><styleUrl>#s1</styleUrl><description><![CDATA[<b>County of Hawaii</b> (HI)<br/>EAE score: <b>56.0</b> &nbsp;|&nbsp; Status: <b>Open</b><br/>Population: 208,882<br/>County: Hawaii<br/>Opportunities: 4 (3 high-fit, 4 priority)<br/>Total value: $57,000,000<br/><br/><b>Contact:</b> Chris Sparber, Acting Wastewater Division Chief<br/>chris.sparber@hawaiicounty.gov 1-808-238-6233<br/><br/><b>Top opportunities:</b><ul><li><b>High fit</b> - Wastewater Treatment Plant or Facility Initiatives - $30,000,000</li><li><b>High fit</b> - Lift Station Initiatives; Pipe Initiatives - $22,000,000</li><li><b>High fit</b> - Stormwater Drainage Initiatives; Wastewater Treatment Plant or Facility Initiatives - $5,000,000</li><li><b>Low fit</b> - Plant Expansion and Upgrade Initiatives - $nan</li></ul>]]></description><Point><coordinates>-155.26203,19.564519,0</coordinates></Point></Placemark>
<Placemark><name>City of Florence</name><styleUrl>#s1</styleUrl><description><![CDATA[<b>City of Florence</b> (OR)<br/>EAE score: <b>55.8</b> &nbsp;|&nbsp; Status: <b>Open</b><br/>Population: 9,151<br/>County: Lane<br/>Opportunities: 5 (5 high-fit, 0 priority)<br/>Total value: $380,000<br/><br/><b>Contact:</b> Erin Reynolds, City Manager<br/>erin.reynolds@ci.florence.or.us 1-541-997-3437<br/><br/><b>Top opportunities:</b><ul><li><b>High fit</b> - Lift Station Initiatives - $380,000</li><li><b>High fit</b> - System Monitoring and Control Software Initiatives; Pump Station Initiatives - $nan</li><li><b>High fit</b> - Lift Station Initiatives - $nan</li><li><b>High fit</b> - Lift Station Initiatives - $nan</li><li><b>High fit</b> - Collection System-Wide Initiatives; Wastewater Treatment Plant or Facility Initiatives - $nan</li></ul>]]></description><Point><coordinates>-123.074193,44.117868,0</coordinates></Point></Placemark>
<Placemark><name>Donner Summit Public Utilities District</name><styleUrl>#s1</styleUrl><description><![CDATA[<b>Donner Summit Public Utilities District</b> (CA)<br/>EAE score: <b>55.3</b> &nbsp;|&nbsp; Status: <b>Open</b><br/>Population: 99,755<br/>County: Nevada<br/>Opportunities: 8 (8 high-fit, 0 priority)<br/>Total value: $5,130,500<br/><br/><b>Contact:</b> Steve Palmer, General Manager<br/>spalmer@dspud.com 1-530-426-3456<br/><br/><b>Top opportunities:</b><ul><li><b>High fit</b> - Lift Station Initiatives; Financial - $1,754,000</li><li><b>High fit</b> - Financial; Lift Station Initiatives - $1,017,500</li><li><b>High fit</b> - Financial; Lift Station Initiatives - $526,000</li><li><b>High fit</b> - Pump Station Initiatives - $520,000</li><li><b>High fit</b> - Lift Station Initiatives; Pump Initiatives - $506,000</li><li><b>High fit</b> - Pump Station Initiatives; Financial - $487,000</li></ul>]]></description><Point><coordinates>-120.887965,39.299606,0</coordinates></Point></Placemark>
<Placemark><name>City of Lafayette</name><styleUrl>#s1</styleUrl><description><![CDATA[<b>City of Lafayette</b> (OR)<br/>EAE score: <b>55.3</b> &nbsp;|&nbsp; Status: <b>Open</b><br/>Population: 4,265<br/>County: Yamhill<br/>Opportunities: 5 (5 high-fit, 0 priority)<br/>Total value: $3,160,000<br/><br/><b>Contact:</b> Branden Dross, City Administrator<br/>brandend@ci.lafayette.or.us 1-503-864-2451<br/><br/><b>Top opportunities:</b><ul><li><b>High fit</b> - Lift Station Initiatives - $1,650,000</li><li><b>High fit</b> - Lift Station Initiatives - $1,400,000</li><li><b>High fit</b> - Wastewater Treatment Plant or Facility Initiatives - $110,000</li><li><b>High fit</b> - Wastewater Treatment Plant or Facility Initiatives - $nan</li><li><b>High fit</b> - Pump Station Initiatives - $nan</li></ul>]]></description><Point><coordinates>-123.110948,45.232882,0</coordinates></Point></Placemark>
<Placemark><name>County of King</name><styleUrl>#s1</styleUrl><description><![CDATA[<b>County of King</b> (WA)<br/>EAE score: <b>55.0</b> &nbsp;|&nbsp; Status: <b>Open</b><br/>Population: 2,253,000<br/>County: King<br/>Opportunities: 4 (3 high-fit, 2 priority)<br/>Total value: $112,235,000<br/><br/><b>Contact:</b> Rick Brater, Public Works Director<br/>rick.brater@kingcounty.gov 1-206-477-3800<br/><br/><b>Top opportunities:</b><ul><li><b>High fit</b> - Lift Station Initiatives - $68,037,000</li><li><b>High fit</b> - Pipe Initiatives; Pump Initiatives - $30,644,000</li><li><b>High fit</b> - Nutrient Initiatives; Wastewater Treatment Plant or Facility Initiatives - $9,569,000</li><li><b>Medium fit</b> - Collection System-Wide Initiatives; Financial - $3,985,000</li></ul>]]></description><Point><coordinates>-121.803388,47.432251,0</coordinates></Point></Placemark>
<Placemark><name>Bolinas Community Public Utility District</name><styleUrl>#s1</styleUrl><description><![CDATA[<b>Bolinas Community Public Utility District</b> (CA)<br/>EAE score: <b>54.9</b> &nbsp;|&nbsp; Status: <b>Open</b><br/>Population: 258,826<br/>County: Marin<br/>Opportunities: 5 (5 high-fit, 3 priority)<br/>Total value: $464,725<br/><br/><b>Contact:</b> Andrew Green, Board Member<br/>aagreen@bcpud.org 1-415-868-1224<br/><br/><b>Top opportunities:</b><ul><li><b>High fit</b> - Lift Station Initiatives - $269,725</li><li><b>High fit</b> - Lift Station Initiatives - $175,000</li><li><b>High fit</b> - Water Treatment Plant or Facility Initiatives - $20,000</li><li><b>High fit</b> - Lift Station Initiatives - $nan</li><li><b>High fit</b> - Power Supply, Control, and Protection Initiatives - $nan</li></ul>]]></description><Point><coordinates>-122.562937,37.886325,0</coordinates></Point></Placemark>
<Placemark><name>City of Los Banos</name><styleUrl>#s1</styleUrl><description><![CDATA[<b>City of Los Banos</b> (CA)<br/>EAE score: <b>54.3</b> &nbsp;|&nbsp; Status: <b>Open</b><br/>Population: 41,036<br/>County: Merced<br/>Opportunities: 4 (4 high-fit, 3 priority)<br/>Total value: $1,135,000<br/><br/><b>Contact:</b> Mark Fachin, Public Works Director/City Engineer<br/>mark.fachin@losbanos.org 1-209-827-7056<br/><br/><b>Top opportunities:</b><ul><li><b>High fit</b> - Electrical Systems-Wide Initiatives; Lift Station Initiatives - $900,000</li><li><b>High fit</b> - System Monitoring and Control Software Initiatives - $150,000</li><li><b>High fit</b> - Wastewater Treatment Plant or Facility Initiatives - $75,000</li><li><b>High fit</b> - Pump Initiatives - $10,000</li></ul>]]></description><Point><coordinates>-120.847479,37.103768,0</coordinates></Point></Placemark>
<Placemark><name>City of Mountlake Terrace</name><styleUrl>#s1</styleUrl><description><![CDATA[<b>City of Mountlake Terrace</b> (WA)<br/>EAE score: <b>54.0</b> &nbsp;|&nbsp; Status: <b>Open</b><br/>Population: 21,338<br/>County: Snohomish<br/>Opportunities: 2 (2 high-fit, 2 priority)<br/>Total value: $10,021,603<br/><br/><b>Contact:</b> Gary Schimek, Public Works Director<br/>gschimek@mltwa.gov 1-425-774-6221<br/><br/><b>Top opportunities:</b><ul><li><b>High fit</b> - Lift Station Initiatives - $8,730,000</li><li><b>High fit</b> - Pump Station Initiatives; Financial - $1,291,603</li></ul>]]></description><Point><coordinates>-122.199795,47.988661,0</coordinates></Point></Placemark>
<Placemark><name>June Lake Public Utility District</name><styleUrl>#s1</styleUrl><description><![CDATA[<b>June Lake Public Utility District</b> (CA)<br/>EAE score: <b>54.0</b> &nbsp;|&nbsp; Status: <b>Open</b><br/>Population: 14,444<br/>County: Mono<br/>Opportunities: 2 (2 high-fit, 2 priority)<br/>Total value: $20,200,000<br/><br/><b>Contact:</b> Heather Morgan, City Clerk<br/>hmorgan@junelakepud.com 1-760-648-7778;ext=13<br/><br/><b>Top opportunities:</b><ul><li><b>High fit</b> - Water Treatment Plant or Facility Initiatives - $18,000,000</li><li><b>High fit</b> - Wastewater Treatment Plant or Facility Initiatives - $2,200,000</li></ul>]]></description><Point><coordinates>-119.19876,38.248505,0</coordinates></Point></Placemark>
<Placemark><name>City of Molalla</name><styleUrl>#s1</styleUrl><description><![CDATA[<b>City of Molalla</b> (OR)<br/>EAE score: <b>54.0</b> &nbsp;|&nbsp; Status: <b>Open</b><br/>Population: 9,265<br/>County: Clackamas<br/>Opportunities: 3 (3 high-fit, 0 priority)<br/>Total value: $104,000,000<br/><br/><b>Contact:</b> Dan Huff, City Manager<br/>dhuff@cityofmolalla.com 1-503-829-6855<br/><br/><b>Top opportunities:</b><ul><li><b>High fit</b> - Wastewater Treatment Plant or Facility Initiatives; Implementation - $52,000,000</li><li><b>High fit</b> - Wastewater Treatment Plant or Facility Initiatives - $52,000,000</li><li><b>High fit</b> - Lift Station Initiatives - $nan</li></ul>]]></description><Point><coordinates>-122.565028,45.078408,0</coordinates></Point></Placemark>
<Placemark><name>Soquel Creek Water District</name><styleUrl>#s1</styleUrl><description><![CDATA[<b>Soquel Creek Water District</b> (CA)<br/>EAE score: <b>54.0</b> &nbsp;|&nbsp; Status: <b>Open</b><br/>Population: 35,000<br/>County: Santa Cruz<br/>Opportunities: 4 (2 high-fit, 3 priority)<br/>Total value: $106,347,900<br/><br/><b>Contact:</b> Taj Dufour, Engineering Manager/Chief Engineer<br/>tajd@soquelcreekwater.org 1-831-475-8500;ext=123<br/><br/><b>Top opportunities:</b><ul><li><b>Low fit</b> - General Planning; Project Design - $90,300,000</li><li><b>High fit</b> - Heavy Metals or Toxic Chemical Initiatives; Water Treatment Plant or Facility Initiatives - $15,900,000</li><li><b>Low fit</b> - Financial; General Planning - $147,900</li><li><b>High fit</b> - Water Treatment Plant or Facility Initiatives; Financial - $nan</li></ul>]]></description><Point><coordinates>-121.94972,37.031948,0</coordinates></Point></Placemark>
<Placemark><name>City of Sherwood</name><styleUrl>#s1</styleUrl><description><![CDATA[<b>City of Sherwood</b> (OR)<br/>EAE score: <b>54.0</b> &nbsp;|&nbsp; Status: <b>Open</b><br/>Population: 19,879<br/>County: Washington<br/>Opportunities: 3 (3 high-fit, 1 priority)<br/>Total value: $10,128,801<br/><br/><b>Contact:</b> Konrad Dimmitt, Operations Supervisor - Water, Sanitary, Storm &amp; Street<br/>dimmittk@sherwoodoregon.gov 1-503-925-2334<br/><br/><b>Top opportunities:</b><ul><li><b>High fit</b> - Water Treatment Plant or Facility Initiatives - $10,128,801</li><li><b>High fit</b> - Stormwater Treatment Plant or Facility Initiatives - $nan</li><li><b>High fit</b> - Wastewater Treatment Plant or Facility Initiatives - $nan</li></ul>]]></description><Point><coordinates>-122.874613,45.371478,0</coordinates></Point></Placemark>
<Placemark><name>City of Edgewood</name><styleUrl>#s1</styleUrl><description><![CDATA[<b>City of Edgewood</b> (WA)<br/>EAE score: <b>53.1</b> &nbsp;|&nbsp; Status: <b>Open</b><br/>Population: 13,053<br/>County: Pierce<br/>Opportunities: 3 (3 high-fit, 3 priority)<br/>Total value: $3,550,000<br/><br/><b>Contact:</b> Hardeep Goraya, Finance Director<br/>hardeep@cityofedgewood.org 1-253-300-5645<br/><br/><b>Top opportunities:</b><ul><li><b>High fit</b> - Pump Initiatives - $1,250,000</li><li><b>High fit</b> - Pump Initiatives - $1,150,000</li><li><b>High fit</b> - Pump Initiatives - $1,150,000</li></ul>]]></description><Point><coordinates>-122.472793,47.247871,0</coordinates></Point></Placemark>
<Placemark><name>Arizona Corporation Commission</name><styleUrl>#s1</styleUrl><description><![CDATA[<b>Arizona Corporation Commission</b> (AZ)<br/>EAE score: <b>53.0</b> &nbsp;|&nbsp; Status: <b>Open</b><br/>County: Unspecified<br/>Opportunities: 4 (4 high-fit, 0 priority)<br/>Total value: $14,500,000<br/><br/><b>Contact:</b> Mark Dinell, Director<br/>mdinell@azcc.gov 1-602-542-4242<br/><br/><b>Top opportunities:</b><ul><li><b>High fit</b> - Wastewater Treatment Plant or Facility Initiatives - $14,500,000</li><li><b>High fit</b> - System Monitoring and Control Software Initiatives - $nan</li><li><b>High fit</b> - System Monitoring and Control Software Initiatives - $nan</li><li><b>High fit</b> - System Monitoring and Control Software Initiatives - $nan</li></ul>]]></description><Point><coordinates>-112.18717,33.276539,0</coordinates></Point></Placemark>
<Placemark><name>Springfield Utility Board</name><styleUrl>#s1</styleUrl><description><![CDATA[<b>Springfield Utility Board</b> (OR)<br/>EAE score: <b>53.0</b> &nbsp;|&nbsp; Status: <b>Open</b><br/>Population: 63,230<br/>County: Lane<br/>Opportunities: 5 (4 high-fit, 2 priority)<br/>Total value: $140,034,800<br/><br/><b>Contact:</b> Amy Chinitz, Water Resources Administrator<br/>amyc@subutil.com 1-541-744-3745<br/><br/><b>Top opportunities:</b><ul><li><b>High fit</b> - Drinking Water-Wide Initiatives; Water Treatment Plant or Facility Initiatives - $140,000,000</li><li><b>Low fit</b> - Valve Initiatives; Water Metering Initiatives - $34,800</li><li><b>High fit</b> - Water Treatment Plant or Facility Initiatives - $nan</li><li><b>High fit</b> - Water Treatment Plant or Facility Initiatives - $nan</li><li><b>High fit</b> - Wastewater Treatment Plant or Facility Initiatives - $nan</li></ul>]]></description><Point><coordinates>-123.444371,43.937276,0</coordinates></Point></Placemark>
<Placemark><name>Sacramento Area Sewer District</name><styleUrl>#s1</styleUrl><description><![CDATA[<b>Sacramento Area Sewer District</b> (CA)<br/>EAE score: <b>53.0</b> &nbsp;|&nbsp; Status: <b>Open</b><br/>Population: 1,552,058<br/>County: Sacramento<br/>Opportunities: 3 (3 high-fit, 3 priority)<br/>Total value: $26,960,000<br/><br/><b>Contact:</b> Tepa Banda, Director of Finance<br/>bendat@sacsewer.com 1-916-876-6000<br/><br/><b>Top opportunities:</b><ul><li><b>High fit</b> - Financial; Lift Station Initiatives - $14,390,000</li><li><b>High fit</b> - Financial; Pump Initiatives - $12,000,000</li><li><b>High fit</b> - Lift Station Initiatives - $570,000</li></ul>]]></description><Point><coordinates>-121.322653,38.552752,0</coordinates></Point></Placemark>
<Placemark><name>Eugene Water and Electric Board</name><styleUrl>#s1</styleUrl><description><![CDATA[<b>Eugene Water and Electric Board</b> (OR)<br/>EAE score: <b>53.0</b> &nbsp;|&nbsp; Status: <b>Open</b><br/>Population: 172,622<br/>County: Lane<br/>Opportunities: 4 (4 high-fit, 2 priority)<br/>Total value: $194,600,000<br/><br/><b>Contact:</b> Mark McGuire, Water Treatment Plant Operator<br/>mark.mcguire@eweb.org 1-541-556-9024<br/><br/><b>Top opportunities:</b><ul><li><b>High fit</b> - Financial; Water Treatment Plant or Facility Initiatives - $97,000,000</li><li><b>High fit</b> - Water Treatment Plant or Facility Initiatives - $97,000,000</li><li><b>High fit</b> - Financial; Pump Station Initiatives - $600,000</li><li><b>High fit</b> - Water Treatment Plant or Facility Initiatives; Water Intake Initiatives - $nan</li></ul>]]></description><Point><coordinates>-123.074193,44.117868,0</coordinates></Point></Placemark>
<Placemark><name>Central Marin Sanitation Agency</name><styleUrl>#s1</styleUrl><description><![CDATA[<b>Central Marin Sanitation Agency</b> (CA)<br/>EAE score: <b>52.9</b> &nbsp;|&nbsp; Status: <b>Open</b><br/>Population: 258,826<br/>County: Marin<br/>Opportunities: 8 (5 high-fit, 2 priority)<br/>Total value: $661,990<br/><br/><b>Contact:</b> Jason Dow, General Manager<br/>jdow@cmsa.us 1-415-459-1455;ext=145<br/><br/><b>Top opportunities:</b><ul><li><b>High fit</b> - Financial; Lift Station Initiatives - $458,990</li><li><b>Medium fit</b> - Collection System-Wide Initiatives; Financial - $203,000</li><li><b>High fit</b> - Power Supply, Control, and Protection Initiatives - $nan</li><li><b>Low fit</b> - Wastewater Treatment-Wide Initiatives; Water Reuse Initiatives - $nan</li><li><b>High fit</b> - System Monitoring and Control Software Initiatives - $nan</li><li><b>Medium fit</b> - Distribution System-Wide Initiatives - $nan</li></ul>]]></description><Point><coordinates>-122.504286,37.970948,0</coordinates></Point></Placemark>
<Placemark><name>City of Benson</name><styleUrl>#s1</styleUrl><description><![CDATA[<b>City of Benson</b> (AZ)<br/>EAE score: <b>52.7</b> &nbsp;|&nbsp; Status: <b>Open</b><br/>Population: 4,880<br/>County: Cochise<br/>Opportunities: 5 (5 high-fit, 0 priority)<br/>Total value: $3,350,000<br/><br/><b>Contact:</b> Bradley Hamilton, Public Work Director/City Engineer<br/>bhamilton@bensonaz.gov 1-520-720-6317<br/><br/><b>Top opportunities:</b><ul><li><b>High fit</b> - Wastewater Treatment Plant or Facility Initiatives - $2,500,000</li><li><b>High fit</b> - Pump Station Initiatives - $250,000</li><li><b>High fit</b> - Wastewater Treatment Plant or Facility Initiatives - $250,000</li><li><b>High fit</b> - Financial; Wastewater Treatment Plant or Facility Initiatives - $250,000</li><li><b>High fit</b> - Wastewater Treatment Plant or Facility Initiatives - $100,000</li></ul>]]></description><Point><coordinates>-110.262611,32.035885,0</coordinates></Point></Placemark>
<Placemark><name>Coos Bay-North Bend Water Board</name><styleUrl>#s1</styleUrl><description><![CDATA[<b>Coos Bay-North Bend Water Board</b> (OR)<br/>EAE score: <b>52.7</b> &nbsp;|&nbsp; Status: <b>Open</b><br/>Population: 38,433<br/>County: Coos<br/>Opportunities: 8 (8 high-fit, 0 priority)<br/>Total value: $336,000<br/><br/><b>Contact:</b> Monica Kemper, Finance Director<br/>customer_service@cbnbh2o.com 1-541-267-3128<br/><br/><b>Top opportunities:</b><ul><li><b>High fit</b> - Pump Station Initiatives - $336,000</li><li><b>High fit</b> - Pump Station Initiatives - $nan</li><li><b>High fit</b> - Pump Station Initiatives - $nan</li><li><b>High fit</b> - Financial; Pump Station Initiatives - $nan</li><li><b>High fit</b> - Pump Station Initiatives - $nan</li><li><b>High fit</b> - Pump Station Initiatives - $nan</li></ul>]]></description><Point><coordinates>-124.198358,43.215143,0</coordinates></Point></Placemark>
<Placemark><name>City of Kingman</name><styleUrl>#s1</styleUrl><description><![CDATA[<b>City of Kingman</b> (AZ)<br/>EAE score: <b>52.6</b> &nbsp;|&nbsp; Status: <b>Open</b><br/>Population: 31,013<br/>County: Mohave<br/>Opportunities: 3 (3 high-fit, 3 priority)<br/>Total value: $4,800,000<br/><br/><b>Contact:</b> Tina D. Moline, Deputy City Manager/Finance Director<br/>tmoline@cityofkingman.gov 1-928-753-5561<br/><br/><b>Top opportunities:</b><ul><li><b>High fit</b> - Wastewater-Wide Initiatives; Wastewater Treatment Plant or Facility Initiatives - $3,000,000</li><li><b>High fit</b> - Power Supply, Control, and Protection Initiatives - $1,000,000</li><li><b>High fit</b> - Pump Station Initiatives - $800,000</li></ul>]]></description><Point><coordinates>-114.017106,35.341456,0</coordinates></Point></Placemark>
<Placemark><name>City of Scappoose</name><styleUrl>#s1</styleUrl><description><![CDATA[<b>City of Scappoose</b> (OR)<br/>EAE score: <b>52.6</b> &nbsp;|&nbsp; Status: <b>Open</b><br/>Population: 7,564<br/>County: Columbia<br/>Opportunities: 6 (6 high-fit, 0 priority)<br/>Total value: $3,290,000<br/><br/><b>Contact:</b> Charlotte Baker, Public Works Administrator<br/>cbaker@scappoose.gov 1-503-543-8404<br/><br/><b>Top opportunities:</b><ul><li><b>High fit</b> - Wastewater Treatment Plant or Facility Initiatives - $1,500,000</li><li><b>High fit</b> - Financial; Wastewater Treatment Plant or Facility Initiatives - $1,000,000</li><li><b>High fit</b> - Lift Station Initiatives; Financial - $300,000</li><li><b>High fit</b> - System Monitoring and Control Software Initiatives - $250,000</li><li><b>High fit</b> - Water Treatment Plant or Facility Initiatives - $240,000</li><li><b>High fit</b> - Biosolids and Sludge Management Initiatives; Wastewater Treatment Plant or Facility Initiatives - $nan</li></ul>]]></description><Point><coordinates>-122.919935,45.887794,0</coordinates></Point></Placemark>
<Placemark><name>City of Foster City</name><styleUrl>#s1</styleUrl><description><![CDATA[<b>City of Foster City</b> (CA)<br/>EAE score: <b>52.6</b> &nbsp;|&nbsp; Status: <b>Open</b><br/>Population: 33,901<br/>County: San Mateo<br/>Opportunities: 2 (2 high-fit, 2 priority)<br/>Total value: $9,275,000<br/><br/><b>Contact:</b> Edmund Suen, Financial Services Director<br/>esuen@fostercity.org 1-650-286-3210<br/><br/><b>Top opportunities:</b><ul><li><b>High fit</b> - Lagoon Initiatives; Lift Station Initiatives - $8,300,000</li><li><b>High fit</b> - Pump Initiatives; Power Supply, Control, and Protection Initiatives - $975,000</li></ul>]]></description><Point><coordinates>-122.269978,37.553774,0</coordinates></Point></Placemark>
<Placemark><name>Neskowin Regional Sanitary Authority</name><styleUrl>#s1</styleUrl><description><![CDATA[<b>Neskowin Regional Sanitary Authority</b> (OR)<br/>EAE score: <b>52.2</b> &nbsp;|&nbsp; Status: <b>Open</b><br/>County: Tillamook<br/>Opportunities: 6 (6 high-fit, 0 priority)<br/>Total value: $3,586,414<br/><br/><b>Contact:</b> Jeff Giteau, District Manager<br/>manager@neskowinsanitary.com 1-503-392-3404<br/><br/><b>Top opportunities:</b><ul><li><b>High fit</b> - Lift Station Initiatives - $916,319</li><li><b>High fit</b> - Lift Station Initiatives - $916,319</li><li><b>High fit</b> - Pump Station Initiatives - $891,361</li><li><b>High fit</b> - Lift Station Initiatives - $700,713</li><li><b>High fit</b> - Power Supply, Control, and Protection Initiatives - $80,851</li><li><b>High fit</b> - Power Supply, Control, and Protection Initiatives - $80,851</li></ul>]]></description><Point><coordinates>-123.943418,45.097011,0</coordinates></Point></Placemark>
<Placemark><name>Ramona Municipal Water District</name><styleUrl>#s1</styleUrl><description><![CDATA[<b>Ramona Municipal Water District</b> (CA)<br/>EAE score: <b>51.8</b> &nbsp;|&nbsp; Status: <b>Open</b><br/>Population: 3,338,330<br/>County: San Diego<br/>Opportunities: 5 (5 high-fit, 3 priority)<br/>Total value: $390,000<br/><br/><b>Contact:</b> Ricardo Soto, District Engineer<br/>rsoto@rmwd.org 1-760-910-3555<br/><br/><b>Top opportunities:</b><ul><li><b>High fit</b> - Pump Station Initiatives - $175,000</li><li><b>High fit</b> - Pump Station Initiatives - $175,000</li><li><b>High fit</b> - System Monitoring and Control Software Initiatives - $20,000</li><li><b>High fit</b> - System Monitoring and Control Software Initiatives - $20,000</li><li><b>High fit</b> - Power Supply, Control, and Protection Initiatives - $nan</li></ul>]]></description><Point><coordinates>-116.976549,33.031572,0</coordinates></Point></Placemark>
<Placemark><name>Truckee Sanitary District</name><styleUrl>#s1</styleUrl><description><![CDATA[<b>Truckee Sanitary District</b> (CA)<br/>EAE score: <b>51.4</b> &nbsp;|&nbsp; Status: <b>Open</b><br/>Population: 99,755<br/>County: Nevada<br/>Opportunities: 16 (16 high-fit, 0 priority)<br/>Total value: $3,210,000<br/><br/><b>Contact:</b> Michael Peak, Operations and Maintenance Superintendent<br/>mpeak@ttsa.ca.gov 1-530-587-2525<br/><br/><b>Top opportunities:</b><ul><li><b>High fit</b> - Lift Station Initiatives - $400,000</li><li><b>High fit</b> - Lift Station Initiatives - $300,000</li><li><b>High fit</b> - Lift Station Initiatives - $275,000</li><li><b>High fit</b> - Lift Station Initiatives - $250,000</li><li><b>High fit</b> - Lift Station Initiatives - $250,000</li><li><b>High fit</b> - Lift Station Initiatives - $250,000</li></ul>]]></description><Point><coordinates>-120.887965,39.299606,0</coordinates></Point></Placemark>
<Placemark><name>City of Santa Paula</name><styleUrl>#s1</styleUrl><description><![CDATA[<b>City of Santa Paula</b> (CA)<br/>EAE score: <b>51.3</b> &nbsp;|&nbsp; Status: <b>Open</b><br/>Population: 29,806<br/>County: Ventura<br/>Opportunities: 3 (3 high-fit, 2 priority)<br/>Total value: $4,160,000<br/><br/><b>Contact:</b> Julie Latshaw, City Clerk<br/>cityclerk@spcity.org 1-805-933-4208<br/><br/><b>Top opportunities:</b><ul><li><b>High fit</b> - Power Supply, Control, and Protection Initiatives; Pump Initiatives - $4,000,000</li><li><b>High fit</b> - System Monitoring and Control Software Initiatives - $160,000</li><li><b>High fit</b> - Lift Station Initiatives; Pretreatment Initiatives - $nan</li></ul>]]></description><Point><coordinates>-119.085704,34.364943,0</coordinates></Point></Placemark>
<Placemark><name>City of Grandview</name><styleUrl>#s1</styleUrl><description><![CDATA[<b>City of Grandview</b> (WA)<br/>EAE score: <b>51.3</b> &nbsp;|&nbsp; Status: <b>Open</b><br/>Population: 11,078<br/>County: Yakima<br/>Opportunities: 3 (3 high-fit, 2 priority)<br/>Total value: $5,660,000<br/><br/><b>Contact:</b> Anita Palacios, City Clerk<br/>anitap@grandview.wa.us 1-509-882-9200<br/><br/><b>Top opportunities:</b><ul><li><b>High fit</b> - Wastewater Treatment Plant or Facility Initiatives - $5,500,000</li><li><b>High fit</b> - Pump Initiatives - $160,000</li><li><b>High fit</b> - Emerging Contaminants Initiatives; Wastewater Treatment Plant or Facility Initiatives - $nan</li></ul>]]></description><Point><coordinates>-120.725557,46.644476,0</coordinates></Point></Placemark>
<Placemark><name>Inland Empire Regional Composting Authority</name><styleUrl>#s1</styleUrl><description><![CDATA[<b>Inland Empire Regional Composting Authority</b> (CA)<br/>EAE score: <b>51.0</b> &nbsp;|&nbsp; Status: <b>Open</b><br/>Population: 10,000<br/>County: San Bernardino<br/>Opportunities: 2 (2 high-fit, 1 priority)<br/>Total value: $22,200,000<br/><br/><b>Contact:</b> Jerry Burke, Director of Engineering<br/>jburke@ieua.org 1-909-993-1600<br/><br/><b>Top opportunities:</b><ul><li><b>High fit</b> - Lift Station Initiatives - $12,200,000</li><li><b>High fit</b> - Power Supply, Control, and Protection Initiatives; Valve Initiatives - $10,000,000</li></ul>]]></description><Point><coordinates>-115.967051,34.839964,0</coordinates></Point></Placemark>
<Placemark><name>City of Independence</name><styleUrl>#s1</styleUrl><description><![CDATA[<b>City of Independence</b> (OR)<br/>EAE score: <b>51.0</b> &nbsp;|&nbsp; Status: <b>Open</b><br/>Population: 32,149<br/>County: Polk<br/>Opportunities: 2 (2 high-fit, 1 priority)<br/>Total value: $22,306,810<br/><br/><b>Contact:</b> Steven Ward, Project Manager, Westech Engineering<br/>sward@westech-eng.com 1-503-931-3460<br/><br/><b>Top opportunities:</b><ul><li><b>High fit</b> - Water Treatment Plant or Facility Initiatives; System Monitoring and Control Software Initiatives - $22,092,670</li><li><b>High fit</b> - Financial; Pump Station Initiatives - $214,140</li></ul>]]></description><Point><coordinates>-123.165523,44.836951,0</coordinates></Point></Placemark>
<Placemark><name>City of Hillsboro</name><styleUrl>#s1</styleUrl><description><![CDATA[<b>City of Hillsboro</b> (OR)<br/>EAE score: <b>51.0</b> &nbsp;|&nbsp; Status: <b>Open</b><br/>Population: 109,128<br/>County: Washington<br/>Opportunities: 4 (1 high-fit, 4 priority)<br/>Total value: $115,266,940<br/><br/><b>Contact:</b> Niki Iverson, Water Department Director<br/>niki.iverson@hillsboro-oregon.gov 1-503-615-6770<br/><br/><b>Top opportunities:</b><ul><li><b>Low fit</b> - Pipe Initiatives; Water Intake Initiatives - $76,185,100</li><li><b>Medium fit</b> - Distribution System-Wide Initiatives; Pipe Initiatives - $20,436,069</li><li><b>High fit</b> - Water Treatment Plant or Facility Initiatives - $15,682,771</li><li><b>Medium fit</b> - Operations-Wide Initiatives - $2,963,000</li></ul>]]></description><Point><coordinates>-90.659829,43.616843,0</coordinates></Point></Placemark>
<Placemark><name>City of Palm Springs</name><styleUrl>#s1</styleUrl><description><![CDATA[<b>City of Palm Springs</b> (CA)<br/>EAE score: <b>51.0</b> &nbsp;|&nbsp; Status: <b>Open</b><br/>Population: 48,518<br/>County: Riverside<br/>Opportunities: 2 (2 high-fit, 1 priority)<br/>Total value: $11,600,000<br/><br/><b>Contact:</b> Joel Montalvo, City Engineer<br/>joel.montalvo@palmspringsca.gov 1-760-322-8339<br/><br/><b>Top opportunities:</b><ul><li><b>High fit</b> - Financial; Lift Station Initiatives - $11,600,000</li><li><b>High fit</b> - Biological Waste Management Initiatives; Wastewater Treatment Plant or Facility Initiatives - $nan</li></ul>]]></description><Point><coordinates>-116.527996,33.842567,0</coordinates></Point></Placemark>
<Placemark><name>County of San Luis Obispo</name><styleUrl>#s1</styleUrl><description><![CDATA[<b>County of San Luis Obispo</b> (CA)<br/>EAE score: <b>50.7</b> &nbsp;|&nbsp; Status: <b>Open</b><br/>Population: 283,111<br/>County: San Luis Obispo<br/>Opportunities: 5 (5 high-fit, 2 priority)<br/>Total value: $1,374,234<br/><br/><b>Contact:</b> John Diodati, Director of Public Works<br/>jdiodati@co.slo.ca.us 1-805-781-5252<br/><br/><b>Top opportunities:</b><ul><li><b>High fit</b> - Lift Station Initiatives - $724,234</li><li><b>High fit</b> - Water Treatment Plant or Facility Initiatives; Filtration Initiatives - $550,000</li><li><b>High fit</b> - System Monitoring and Control Software Initiatives - $100,000</li><li><b>High fit</b> - Lift Station Initiatives - $nan</li><li><b>High fit</b> - Wastewater Treatment Plant or Facility Initiatives - $nan</li></ul>]]></description><Point><coordinates>-120.455345,35.347065,0</coordinates></Point></Placemark>
<Placemark><name>Suisun-Solano Water Authority</name><styleUrl>#s1</styleUrl><description><![CDATA[<b>Suisun-Solano Water Authority</b> (CA)<br/>EAE score: <b>50.6</b> &nbsp;|&nbsp; Status: <b>Open</b><br/>Population: 447,643<br/>County: Solano<br/>Opportunities: 6 (5 high-fit, 1 priority)<br/>Total value: $1,780,000<br/><br/><b>Contact:</b> Paul Fuschslin, Assistant General Manager<br/>fuchslip@sidwater.org 1-707-455-4020<br/><br/><b>Top opportunities:</b><ul><li><b>High fit</b> - Pump Initiatives; Valve Initiatives - $750,000</li><li><b>High fit</b> - Pump Station Initiatives; Pump Initiatives - $550,000</li><li><b>High fit</b> - Pump Initiatives; Pump Station Initiatives - $280,000</li><li><b>High fit</b> - System Monitoring and Control Software Initiatives - $100,000</li><li><b>High fit</b> - System Monitoring and Control Software Initiatives - $100,000</li><li><b>Medium fit</b> - Distribution System-Wide Initiatives - $nan</li></ul>]]></description><Point><coordinates>-121.994935,38.195385,0</coordinates></Point></Placemark>
<Placemark><name>City of Thousand Oaks</name><styleUrl>#s1</styleUrl><description><![CDATA[<b>City of Thousand Oaks</b> (CA)<br/>EAE score: <b>50.4</b> &nbsp;|&nbsp; Status: <b>Open</b><br/>Population: 127,873<br/>County: Ventura<br/>Opportunities: 4 (4 high-fit, 4 priority)<br/>Total value: $2,680,000<br/><br/><b>Contact:</b> Andrew Powers, City Manager<br/>apowers@toaks.org 1-805-449-2121<br/><br/><b>Top opportunities:</b><ul><li><b>High fit</b> - Stormwater Drainage Initiatives; Pump Station Initiatives - $980,000</li><li><b>High fit</b> - Electrical Systems-Wide Initiatives; Distribution System-Wide Initiatives - $800,000</li><li><b>High fit</b> - Water Storage or Supply-Wide Initiatives; Water Treatment Plant or Facility Initiatives - $500,000</li><li><b>High fit</b> - Valve Initiatives; Power Supply, Control, and Protection Initiatives - $400,000</li></ul>]]></description><Point><coordinates>-118.823177,34.194756,0</coordinates></Point></Placemark>
<Placemark><name>City of Oregon</name><styleUrl>#s1</styleUrl><description><![CDATA[<b>City of Oregon</b> (OR)<br/>EAE score: <b>50.0</b> &nbsp;|&nbsp; Status: <b>Open</b><br/>Population: 4,246,000<br/>County: Clackamas<br/>Opportunities: 3 (3 high-fit, 2 priority)<br/>Total value: $10,650,000<br/><br/><b>Contact:</b> Tony Konkol, City Manager<br/>tkonkol@ocity.org 1-503-496-1504<br/><br/><b>Top opportunities:</b><ul><li><b>High fit</b> - Pump Station Initiatives; Pipe Initiatives - $10,650,000</li><li><b>High fit</b> - System Monitoring and Control Software Initiatives; Cybersecurity Initiatives - $nan</li><li><b>High fit</b> - Water Treatment Plant or Facility Initiatives - $nan</li></ul>]]></description><Point><coordinates>-122.642305,45.51444,0</coordinates></Point></Placemark>
<Placemark><name>City of Yuba City</name><styleUrl>#s1</styleUrl><description><![CDATA[<b>City of Yuba City</b> (CA)<br/>EAE score: <b>50.0</b> &nbsp;|&nbsp; Status: <b>Open</b><br/>Population: 67,010<br/>County: Sutter<br/>Opportunities: 3 (3 high-fit, 1 priority)<br/>Total value: $39,400,000<br/><br/><b>Contact:</b> Ben Moody, Director of Public Works and Development Services<br/>bmoody@yubacity.net 1-530-822-3231<br/><br/><b>Top opportunities:</b><ul><li><b>High fit</b> - Pipe Initiatives; Water Treatment Plant or Facility Initiatives - $39,400,000</li><li><b>High fit</b> - Wastewater Treatment Plant or Facility Initiatives - $nan</li><li><b>High fit</b> - Wastewater Treatment Plant or Facility Initiatives; Plant Expansion and Upgrade Initiatives - $nan</li></ul>]]></description><Point><coordinates>-121.737911,39.130338,0</coordinates></Point></Placemark>
<Placemark><name>Temescal Valley Water District</name><styleUrl>#s1</styleUrl><description><![CDATA[<b>Temescal Valley Water District</b> (CA)<br/>EAE score: <b>50.0</b> &nbsp;|&nbsp; Status: <b>Open</b><br/>Population: 2,470,546<br/>County: Riverside<br/>Opportunities: 4 (4 high-fit, 2 priority)<br/>Total value: $13,375,000<br/><br/><b>Contact:</b> Paul Bishop, Superintendent<br/>paulb@temescalvwd.com 1-951-277-1414<br/><br/><b>Top opportunities:</b><ul><li><b>High fit</b> - Lift Station Initiatives; Biosolids and Sludge Management Initiatives - $6,715,000</li><li><b>High fit</b> - Lift Station Initiatives - $6,660,000</li><li><b>High fit</b> - Lift Station Initiatives - $nan</li><li><b>High fit</b> - Lift Station Initiatives - $nan</li></ul>]]></description><Point><coordinates>-116.055617,33.752886,0</coordinates></Point></Placemark>
</Folder>
<Folder><name>Open - watch (score &lt;50) (490)</name>
<Placemark><name>City of Angels Camp</name><styleUrl>#s2</styleUrl><description><![CDATA[<b>City of Angels Camp</b> (CA)<br/>EAE score: <b>49.8</b> &nbsp;|&nbsp; Status: <b>Open</b><br/>Population: 3,956<br/>County: Calaveras<br/>Opportunities: 4 (4 high-fit, 0 priority)<br/>Total value: $1,923,000<br/><br/><b>Contact:</b> Michelle Gonzalez, Finance Director<br/>michellegonzalez@angelscamp.gov 1-209-736-2181<br/><br/><b>Top opportunities:</b><ul><li><b>High fit</b> - Lift Station Initiatives; Pump Initiatives - $797,000</li><li><b>High fit</b> - Pump Initiatives; Lift Station Initiatives - $576,000</li><li><b>High fit</b> - Wastewater Treatment Plant or Facility Initiatives; Wastewater Storage-Wide Initiatives - $550,000</li><li><b>High fit</b> - Lift Station Initiatives - $nan</li></ul>]]></description><Point><coordinates>-120.618608,38.052816,0</coordinates></Point></Placemark>
<Placemark><name>City of Ashland</name><styleUrl>#s2</styleUrl><description><![CDATA[<b>City of Ashland</b> (OR)<br/>EAE score: <b>49.6</b> &nbsp;|&nbsp; Status: <b>Open</b><br/>Population: 21,281<br/>County: Jackson<br/>Opportunities: 2 (2 high-fit, 1 priority)<br/>Total value: $9,312,747<br/><br/><b>Contact:</b> Sabrina Cotta, City Manager<br/>Citymanageroffice@ashlandoregon.gov nan<br/><br/><b>Top opportunities:</b><ul><li><b>High fit</b> - Disinfection Initiatives; Water Treatment Plant or Facility Initiatives - $9,312,747</li><li><b>High fit</b> - Water Treatment Plant or Facility Initiatives - $nan</li></ul>]]></description><Point><coordinates>-122.537356,42.148098,0</coordinates></Point></Placemark>
<Placemark><name>Town of Florence</name><styleUrl>#s2</styleUrl><description><![CDATA[<b>Town of Florence</b> (AZ)<br/>EAE score: <b>49.5</b> &nbsp;|&nbsp; Status: <b>Open</b><br/>Population: 26,420<br/>County: Pinal<br/>Opportunities: 3 (3 high-fit, 3 priority)<br/>Total value: $4,760,000<br/><br/><b>Contact:</b> Dan Cisco, Public Works Superintendent<br/>dan.cisco@florenceaz.gov 1-520-868-7642<br/><br/><b>Top opportunities:</b><ul><li><b>High fit</b> - Wastewater Treatment Plant or Facility Initiatives - $3,640,000</li><li><b>High fit</b> - System Monitoring and Control Software Initiatives - $800,000</li><li><b>High fit</b> - Wastewater Treatment Plant or Facility Initiatives - $320,000</li></ul>]]></description><Point><coordinates>-111.31,32.96,0</coordinates></Point></Placemark>
<Placemark><name>Town of Camp Verde</name><styleUrl>#s2</styleUrl><description><![CDATA[<b>Town of Camp Verde</b> (AZ)<br/>EAE score: <b>48.2</b> &nbsp;|&nbsp; Status: <b>Open</b><br/>Population: 11,187<br/>County: Yavapai<br/>Opportunities: 4 (2 high-fit, 3 priority)<br/>Total value: $36,075,000<br/><br/><b>Contact:</b> Chet Teague, Wastewater Division Manager<br/>chet.teague@campverde.az.gov 1-928-592-7888<br/><br/><b>Top opportunities:</b><ul><li><b>Medium fit</b> - Collection System-Wide Initiatives - $17,000,000</li><li><b>Medium fit</b> - Collection System-Wide Initiatives; Financial - $17,000,000</li><li><b>High fit</b> - Pump Station Initiatives; Water Tank or Tower Initiatives - $2,000,000</li><li><b>High fit</b> - Financial; Power Supply, Control, and Protection Initiatives - $75,000</li></ul>]]></description><Point><coordinates>-112.208914,34.683235,0</coordinates></Point></Placemark>
<Placemark><name>City of Monmouth</name><styleUrl>#s2</styleUrl><description><![CDATA[<b>City of Monmouth</b> (OR)<br/>EAE score: <b>48.0</b> &nbsp;|&nbsp; Status: <b>Open</b><br/>Population: 10,586<br/>County: Polk<br/>Opportunities: 2 (2 high-fit, 1 priority)<br/>Total value: $15,124,000<br/><br/><b>Contact:</b> Russ Cooper, Public Works Director<br/>rcooper@ci.monmouth.or.us 1-503-838-2173<br/><br/><b>Top opportunities:</b><ul><li><b>High fit</b> - Lagoon Initiatives; Primary Treatment Initiatives - $15,124,000</li><li><b>High fit</b> - Financial; Water Treatment Plant or Facility Initiatives - $nan</li></ul>]]></description><Point><coordinates>-123.337291,44.928092,0</coordinates></Point></Placemark>
<Placemark><name>City of Menlo Park</name><styleUrl>#s2</styleUrl><description><![CDATA[<b>City of Menlo Park</b> (CA)<br/>EAE score: <b>48.0</b> &nbsp;|&nbsp; Status: <b>Open</b><br/>Population: 34,698<br/>County: San Mateo<br/>Opportunities: 2 (2 high-fit, 1 priority)<br/>Total value: $28,500,000<br/><br/><b>Contact:</b> Nikki Nagaya, Deputy City Manager/Public Works Director<br/>nhnagaya@menlopark.gov 1-650-330-6781<br/><br/><b>Top opportunities:</b><ul><li><b>High fit</b> - Reservoir Initiatives; Pump Station Initiatives - $28,500,000</li><li><b>High fit</b> - Drinking Water-Wide Initiatives; Pump Station Initiatives - $nan</li></ul>]]></description><Point><coordinates>-122.186373,37.439616,0</coordinates></Point></Placemark>
<Placemark><name>City of Wenatchee</name><styleUrl>#s2</styleUrl><description><![CDATA[<b>City of Wenatchee</b> (WA)<br/>EAE score: <b>48.0</b> &nbsp;|&nbsp; Status: <b>Open</b><br/>Population: 34,360<br/>County: Chelan<br/>Opportunities: 2 (2 high-fit, 2 priority)<br/>Total value: $110,110,986<br/><br/><b>Contact:</b> Ryan Harmon, Project Engineer<br/>rharmon@wenatcheewa.gov 1-509-888-3213<br/><br/><b>Top opportunities:</b><ul><li><b>High fit</b> - Water Treatment Plant or Facility Initiatives - $109,316,000</li><li><b>High fit</b> - System Monitoring and Control Software Initiatives - $794,986</li></ul>]]></description><Point><coordinates>-120.351884,47.573816,0</coordinates></Point></Placemark>
<Placemark><name>South Tahoe Public Utility District</name><styleUrl>#s2</styleUrl><description><![CDATA[<b>South Tahoe Public Utility District</b> (CA)<br/>EAE score: <b>47.2</b> &nbsp;|&nbsp; Status: <b>Open</b><br/>Population: 192,843<br/>County: El Dorado<br/>Opportunities: 4 (3 high-fit, 0 priority)<br/>Total value: $11,707,331<br/><br/><b>Contact:</b> Paul Hughes, Chief Financial Officer<br/>phughes@stpud.dst.ca.us 1-530-544-6474<br/><br/><b>Top opportunities:</b><ul><li><b>High fit</b> - Lift Station Initiatives; Financial - $6,189,331</li><li><b>Medium fit</b> - Water Tank or Tower Initiatives; Financial - $4,121,000</li><li><b>High fit</b> - Lift Station Initiatives; Financial - $1,158,000</li><li><b>High fit</b> - Lift Station Initiatives; Financial - $239,000</li></ul>]]></description><Point><coordinates>-120.797149,38.730224,0</coordinates></Point></Placemark>
<Placemark><name>San Francisco Airport Commission</name><styleUrl>#s2</styleUrl><description><![CDATA[<b>San Francisco Airport Commission</b> (CA)<br/>EAE score: <b>47.0</b> &nbsp;|&nbsp; Status: <b>Open</b><br/>Population: 1,900,000<br/>County: County of San Francisco<br/>Opportunities: 3 (3 high-fit, 1 priority)<br/>Total value: $36,670,000<br/><br/><b>Contact:</b> Judi Mosqueda, Chief Development Officer<br/>judi.mosqueda@flysfo.com nan<br/><br/><b>Top opportunities:</b><ul><li><b>High fit</b> - System Monitoring and Control Software Initiatives - $24,000,000</li><li><b>High fit</b> - System Monitoring and Control Software Initiatives - $12,000,000</li><li><b>High fit</b> - Wastewater Treatment Plant or Facility Initiatives - $670,000</li></ul>]]></description><Point><coordinates>-122.416582,37.779278,0</coordinates></Point></Placemark>
<Placemark><name>Tacoma Public Utilities</name><styleUrl>#s2</styleUrl><description><![CDATA[<b>Tacoma Public Utilities</b> (WA)<br/>EAE score: <b>47.0</b> &nbsp;|&nbsp; Status: <b>Open</b><br/>Population: 904,980<br/>County: Pierce<br/>Opportunities: 3 (3 high-fit, 2 priority)<br/>Total value: $17,540,000<br/><br/><b>Contact:</b> Chris Robinson, Power General Manager/Chief Operating Officer (COO)<br/>crobinson@ci.tacoma.wa.us 1-253-502-8600<br/><br/><b>Top opportunities:</b><ul><li><b>High fit</b> - Pump Station Initiatives; Reservoir Initiatives - $13,300,000</li><li><b>High fit</b> - System Monitoring and Control Software Initiatives - $4,000,000</li><li><b>High fit</b> - Power Supply, Control, and Protection Initiatives - $240,000</li></ul>]]></description><Point><coordinates>-122.321095,47.205777,0</coordinates></Point></Placemark>
<Placemark><name>California Department of Transportation</name><styleUrl>#s2</styleUrl><description><![CDATA[<b>California Department of Transportation</b> (CA)<br/>EAE score: <b>47.0</b> &nbsp;|&nbsp; Status: <b>Open</b><br/>Population: 508,529<br/>County: Sacramento<br/>Opportunities: 3 (3 high-fit, 0 priority)<br/>Total value: $15,078,001<br/><br/><b>Contact:</b> Keith Duncan, Division Chief of Budgets<br/>keith.duncan@dot.ca.gov 1-916-651-6543<br/><br/><b>Top opportunities:</b><ul><li><b>High fit</b> - System Monitoring and Control Software Initiatives - $11,778,001</li><li><b>High fit</b> - System Monitoring and Control Software Initiatives - $3,100,000</li><li><b>High fit</b> - System Monitoring and Control Software Initiatives - $200,000</li></ul>]]></description><Point><coordinates>-121.480905,38.579055,0</coordinates></Point></Placemark>
<Placemark><name>City of Tigard</name><styleUrl>#s2</styleUrl><description><![CDATA[<b>City of Tigard</b> (OR)<br/>EAE score: <b>47.0</b> &nbsp;|&nbsp; Status: <b>Open</b><br/>Population: 55,514<br/>County: Washington<br/>Opportunities: 3 (3 high-fit, 2 priority)<br/>Total value: $13,820,000<br/><br/><b>Contact:</b> Brian Rager, Director of Public Works<br/>brianr@tigard-or.gov 1-503-718-2471<br/><br/><b>Top opportunities:</b><ul><li><b>High fit</b> - Distribution System-Wide Initiatives; Pump Initiatives - $8,375,000</li><li><b>High fit</b> - Pump Station Initiatives - $5,445,000</li><li><b>High fit</b> - Stormwater Treatment Plant or Facility Initiatives - $nan</li></ul>]]></description><Point><coordinates>-122.795294,45.44739,0</coordinates></Point></Placemark>
<Placemark><name>City of Rogue River</name><styleUrl>#s2</styleUrl><description><![CDATA[<b>City of Rogue River</b> (OR)<br/>EAE score: <b>46.7</b> &nbsp;|&nbsp; Status: <b>Open</b><br/>Population: 2,331<br/>County: Jackson<br/>Opportunities: 4 (4 high-fit, 0 priority)<br/>Total value: $347,500<br/><br/><b>Contact:</b> Ryan Nolan, City Administrator / Manager<br/>rnolan@cityofrogueriver.org 1-541-582-4401;ext=106<br/><br/><b>Top opportunities:</b><ul><li><b>High fit</b> - Lift Station Initiatives - $156,000</li><li><b>High fit</b> - Lift Station Initiatives; Financial - $106,000</li><li><b>High fit</b> - Lift Station Initiatives - $85,500</li><li><b>High fit</b> - Lift Station Initiatives - $nan</li></ul>]]></description><Point><coordinates>-123.097269,42.533003,0</coordinates></Point></Placemark>
<Placemark><name>City of Aumsville</name><styleUrl>#s2</styleUrl><description><![CDATA[<b>City of Aumsville</b> (OR)<br/>EAE score: <b>46.5</b> &nbsp;|&nbsp; Status: <b>Open</b><br/>Population: 4,180<br/>County: Marion<br/>Opportunities: 5 (5 high-fit, 0 priority)<br/>Total value: $3,257,000<br/><br/><b>Contact:</b> Steve Oslie, Public Works Director<br/>soslie@aumsville.us 1-503-749-1185<br/><br/><b>Top opportunities:</b><ul><li><b>High fit</b> - Pump Station Initiatives; Well Initiatives - $3,257,000</li><li><b>High fit</b> - Wastewater Treatment Plant or Facility Initiatives - $nan</li><li><b>High fit</b> - Wastewater Treatment Plant or Facility Initiatives - $nan</li><li><b>High fit</b> - Wastewater Treatment Plant or Facility Initiatives - $nan</li><li><b>High fit</b> - Wastewater Treatment Plant or Facility Initiatives - $nan</li></ul>]]></description><Point><coordinates>-122.900739,44.799503,0</coordinates></Point></Placemark>
<Placemark><name>City of Ontario</name><styleUrl>#s2</styleUrl><description><![CDATA[<b>City of Ontario</b> (CA)<br/>EAE score: <b>46.0</b> &nbsp;|&nbsp; Status: <b>Open</b><br/>Population: 175,841<br/>County: San Bernardino<br/>Opportunities: 3 (2 high-fit, 3 priority)<br/>Total value: $28,950,000<br/><br/><b>Contact:</b> Khoi Do, City Engineer<br/>kdo@ontarioca.gov 1-909-395-2025<br/><br/><b>Top opportunities:</b><ul><li><b>High fit</b> - Water Treatment Plant or Facility Initiatives - $17,250,000</li><li><b>Medium fit</b> - Well Initiatives; Water Purification Initiatives - $9,500,000</li><li><b>High fit</b> - Pump Station Initiatives; Financial - $2,200,000</li></ul>]]></description><Point><coordinates>-115.967051,34.839964,0</coordinates></Point></Placemark>
<Placemark><name>City of King City</name><styleUrl>#s2</styleUrl><description><![CDATA[<b>City of King City</b> (CA)<br/>EAE score: <b>46.0</b> &nbsp;|&nbsp; Status: <b>Open</b><br/>Population: 14,077<br/>County: Monterey<br/>Opportunities: 11 (11 high-fit, 0 priority)<br/>Total value: $0<br/><br/><b>Contact:</b> Anthony Storelli, Public Works Superintendent<br/>storelli@kingcity.com 1-831-385-3281<br/><br/><b>Top opportunities:</b><ul><li><b>High fit</b> - Wastewater Treatment Plant or Facility Initiatives - $nan</li><li><b>High fit</b> - Wastewater Treatment Plant or Facility Initiatives - $nan</li><li><b>High fit</b> - Wastewater Treatment Plant or Facility Initiatives - $nan</li><li><b>High fit</b> - Wastewater Treatment Plant or Facility Initiatives - $nan</li><li><b>High fit</b> - Wastewater Treatment Plant or Facility Initiatives - $nan</li><li><b>High fit</b> - Wastewater Treatment Plant or Facility Initiatives - $nan</li></ul>]]></description><Point><coordinates>-121.05232,36.201898,0</coordinates></Point></Placemark>
<Placemark><name>City of Lynden</name><styleUrl>#s2</styleUrl><description><![CDATA[<b>City of Lynden</b> (WA)<br/>EAE score: <b>46.0</b> &nbsp;|&nbsp; Status: <b>Open</b><br/>Population: 15,223<br/>County: Whatcom<br/>Opportunities: 4 (4 high-fit, 0 priority)<br/>Total value: $0<br/><br/><b>Contact:</b> nan, nan<br/>nan nan<br/><br/><b>Top opportunities:</b><ul><li><b>High fit</b> - Wastewater Treatment Plant or Facility Initiatives - $nan</li><li><b>High fit</b> - Wastewater Treatment Plant or Facility Initiatives - $nan</li><li><b>High fit</b> - Wastewater Treatment Plant or Facility Initiatives - $nan</li><li><b>High fit</b> - Wastewater Treatment Plant or Facility Initiatives - $nan</li></ul>]]></description><Point><coordinates>-122.436249,48.932328,0</coordinates></Point></Placemark>
<Placemark><name>City of Chelan</name><styleUrl>#s2</styleUrl><description><![CDATA[<b>City of Chelan</b> (WA)<br/>EAE score: <b>46.0</b> &nbsp;|&nbsp; Status: <b>Open</b><br/>Population: 4,237<br/>County: Chelan<br/>Opportunities: 4 (4 high-fit, 0 priority)<br/>Total value: $0<br/><br/><b>Contact:</b> Travis Denham, City Engineer<br/>tdenham@cityofchelan.us 1-509-682-8030<br/><br/><b>Top opportunities:</b><ul><li><b>High fit</b> - Power Supply, Control, and Protection Initiatives - $nan</li><li><b>High fit</b> - Lift Station Initiatives - $nan</li><li><b>High fit</b> - Lift Station Initiatives; Pipe Initiatives - $nan</li><li><b>High fit</b> - Lift Station Initiatives - $nan</li></ul>]]></description><Point><coordinates>-120.07775,47.876985,0</coordinates></Point></Placemark>
<Placemark><name>City of Brisbane</name><styleUrl>#s2</styleUrl><description><![CDATA[<b>City of Brisbane</b> (CA)<br/>EAE score: <b>46.0</b> &nbsp;|&nbsp; Status: <b>Open</b><br/>Population: 4,671<br/>County: San Mateo<br/>Opportunities: 4 (4 high-fit, 0 priority)<br/>Total value: $1,494,260<br/><br/><b>Contact:</b> Caroline Cheung, Assistant to the City Manager<br/>ccheung@brisbaneca.org 1-415-508-2157<br/><br/><b>Top opportunities:</b><ul><li><b>High fit</b> - Pump Station Initiatives; Financial - $1,494,260</li><li><b>High fit</b> - System Monitoring and Control Software Initiatives - $nan</li><li><b>High fit</b> - System Monitoring and Control Software Initiatives - $nan</li><li><b>High fit</b> - Lift Station Initiatives - $nan</li></ul>]]></description><Point><coordinates>-122.404332,37.689182,0</coordinates></Point></Placemark>
<Placemark><name>Tualatin Valley Water District</name><styleUrl>#s2</styleUrl><description><![CDATA[<b>Tualatin Valley Water District</b> (OR)<br/>EAE score: <b>45.7</b> &nbsp;|&nbsp; Status: <b>Open</b><br/>Population: 601,592<br/>County: Washington<br/>Opportunities: 3 (3 high-fit, 2 priority)<br/>Total value: $6,349,800<br/><br/><b>Contact:</b> David Kraska, General Manager<br/>david.kraska@tvwd.org 1-503-941-4561<br/><br/><b>Top opportunities:</b><ul><li><b>High fit</b> - Valve Initiatives; Pump Initiatives - $3,349,800</li><li><b>High fit</b> - Pump Station Initiatives - $3,000,000</li><li><b>High fit</b> - Pipe Initiatives; Pump Station Initiatives - $nan</li></ul>]]></description><Point><coordinates>-122.2766990597015,45.45292676119402,0</coordinates></Point></Placemark>
<Placemark><name>United Water Conservation District</name><styleUrl>#s2</styleUrl><description><![CDATA[<b>United Water Conservation District</b> (CA)<br/>EAE score: <b>45.4</b> &nbsp;|&nbsp; Status: <b>Open</b><br/>Population: 846,006<br/>County: Ventura<br/>Opportunities: 4 (3 high-fit, 1 priority)<br/>Total value: $5,725,222<br/><br/><b>Contact:</b> Mauricio Guardado, Public Works Director<br/>mauriciog@unitedwater.org 1-805-525-4431<br/><br/><b>Top opportunities:</b><ul><li><b>High fit</b> - Water Storage or Supply-Wide Initiatives; Pump Initiatives - $5,205,222</li><li><b>Medium fit</b> - Distribution System-Wide Initiatives; Water Metering Initiatives - $520,000</li><li><b>High fit</b> - System Monitoring and Control Software Initiatives - $nan</li><li><b>High fit</b> - Water Treatment Plant or Facility Initiatives - $nan</li></ul>]]></description><Point><coordinates>-119.085704,34.364943,0</coordinates></Point></Placemark>
<Placemark><name>Oakwood Lake Water District</name><styleUrl>#s2</styleUrl><description><![CDATA[<b>Oakwood Lake Water District</b> (CA)<br/>EAE score: <b>45.1</b> &nbsp;|&nbsp; Status: <b>Open</b><br/>Population: 762,148<br/>County: San Joaquin<br/>Opportunities: 6 (6 high-fit, 0 priority)<br/>Total value: $59,000<br/><br/><b>Contact:</b> Bert Michalczyk, District Engineer<br/>bertmichalczyk@gmail.com 1-925-570-8830<br/><br/><b>Top opportunities:</b><ul><li><b>High fit</b> - Lift Station Initiatives - $15,000</li><li><b>High fit</b> - Pump Station Initiatives - $15,000</li><li><b>High fit</b> - Pump Station Initiatives; Financial - $15,000</li><li><b>High fit</b> - Power Supply, Control, and Protection Initiatives - $14,000</li><li><b>High fit</b> - Water Treatment Plant or Facility Initiatives - $nan</li><li><b>High fit</b> - Lift Station Initiatives - $nan</li></ul>]]></description><Point><coordinates>-121.253872,37.889849,0</coordinates></Point></Placemark>
<Placemark><name>City of Yreka</name><styleUrl>#s2</styleUrl><description><![CDATA[<b>City of Yreka</b> (CA)<br/>EAE score: <b>45.0</b> &nbsp;|&nbsp; Status: <b>Open</b><br/>Population: 7,518<br/>County: Siskiyou<br/>Opportunities: 2 (2 high-fit, 0 priority)<br/>Total value: $32,000,000<br/><br/><b>Contact:</b> nan, nan<br/>nan nan<br/><br/><b>Top opportunities:</b><ul><li><b>High fit</b> - Wastewater Treatment Plant or Facility Initiatives - $32,000,000</li><li><b>High fit</b> - Wastewater Treatment Plant or Facility Initiatives - $nan</li></ul>]]></description><Point><coordinates>-122.440389,41.623828,0</coordinates></Point></Placemark>
<Placemark><name>City of McFarland</name><styleUrl>#s2</styleUrl><description><![CDATA[<b>City of McFarland</b> (CA)<br/>EAE score: <b>45.0</b> &nbsp;|&nbsp; Status: <b>Open</b><br/>Population: 15,506<br/>County: Kern<br/>Opportunities: 2 (2 high-fit, 1 priority)<br/>Total value: $17,034,120<br/><br/><b>Contact:</b> Diego Viramontes, Finance Director<br/>dviramontes@mcfarlandcity.org 1-661-792-3091;ext=2102<br/><br/><b>Top opportunities:</b><ul><li><b>High fit</b> - Secondary Treatment Initiatives; Lagoon Initiatives - $17,034,120</li><li><b>High fit</b> - System Monitoring and Control Software Initiatives - $nan</li></ul>]]></description><Point><coordinates>-118.489938,35.674813,0</coordinates></Point></Placemark>
<Placemark><name>City of Philomath</name><styleUrl>#s2</styleUrl><description><![CDATA[<b>City of Philomath</b> (OR)<br/>EAE score: <b>45.0</b> &nbsp;|&nbsp; Status: <b>Open</b><br/>Population: 5,666<br/>County: Benton<br/>Opportunities: 2 (2 high-fit, 0 priority)<br/>Total value: $26,750,000<br/><br/><b>Contact:</b> Chris Workman, City Manager<br/>chris.workman@ci.philomath.or.us 1-541-929-6148<br/><br/><b>Top opportunities:</b><ul><li><b>High fit</b> - Water Treatment Plant or Facility Initiatives; Filtration Initiatives - $14,750,000</li><li><b>High fit</b> - Financial; Water Treatment Plant or Facility Initiatives - $12,000,000</li></ul>]]></description><Point><coordinates>-123.439249,44.555144,0</coordinates></Point></Placemark>
<Placemark><name>City of Sweet Home</name><styleUrl>#s2</styleUrl><description><![CDATA[<b>City of Sweet Home</b> (OR)<br/>EAE score: <b>45.0</b> &nbsp;|&nbsp; Status: <b>Open</b><br/>Population: 9,977<br/>County: Linn<br/>Opportunities: 2 (2 high-fit, 0 priority)<br/>Total value: $30,056,061<br/><br/><b>Contact:</b> Dominic Valloni, Public Works Operations Manager<br/>dvalloni@sweethomeor.gov 1-541-367-6359<br/><br/><b>Top opportunities:</b><ul><li><b>High fit</b> - Effluent Disposal Initiatives; Secondary Treatment Initiatives - $30,056,061</li><li><b>High fit</b> - Wastewater Treatment Plant or Facility Initiatives - $nan</li></ul>]]></description><Point><coordinates>-122.698954,44.380262,0</coordinates></Point></Placemark>
<Placemark><name>City of Lake Oswego</name><styleUrl>#s2</styleUrl><description><![CDATA[<b>City of Lake Oswego</b> (OR)<br/>EAE score: <b>45.0</b> &nbsp;|&nbsp; Status: <b>Open</b><br/>Population: 39,822<br/>County: Clackamas<br/>Opportunities: 3 (3 high-fit, 0 priority)<br/>Total value: $5,500,000<br/><br/><b>Contact:</b> Martha Bennett, City Manager<br/>bennett@lakeoswego.city 1-503-635-0215<br/><br/><b>Top opportunities:</b><ul><li><b>High fit</b> - Financial; Pump Station Initiatives - $5,500,000</li><li><b>High fit</b> - Pump Station Initiatives - $nan</li><li><b>High fit</b> - Wastewater Treatment Plant or Facility Initiatives - $nan</li></ul>]]></description><Point><coordinates>-122.691388,45.408374,0</coordinates></Point></Placemark>
<Placemark><name>City of Newberg</name><styleUrl>#s2</styleUrl><description><![CDATA[<b>City of Newberg</b> (OR)<br/>EAE score: <b>45.0</b> &nbsp;|&nbsp; Status: <b>Open</b><br/>Population: 23,886<br/>County: Yamhill<br/>Opportunities: 2 (2 high-fit, 1 priority)<br/>Total value: $27,000,000<br/><br/><b>Contact:</b> Will Worthey, City Manager<br/>will.worthey@newbergoregon.gov 1-503-537-1256<br/><br/><b>Top opportunities:</b><ul><li><b>High fit</b> - Financial; Secondary Treatment Initiatives - $27,000,000</li><li><b>High fit</b> - Wastewater Treatment Plant or Facility Initiatives - $nan</li></ul>]]></description><Point><coordinates>-122.981045,45.329475,0</coordinates></Point></Placemark>
<Placemark><name>Heber Public Utility District</name><styleUrl>#s2</styleUrl><description><![CDATA[<b>Heber Public Utility District</b> (CA)<br/>EAE score: <b>44.7</b> &nbsp;|&nbsp; Status: <b>Open</b><br/>Population: 181,215<br/>County: Imperial<br/>Opportunities: 3 (3 high-fit, 0 priority)<br/>Total value: $8,860,000<br/><br/><b>Contact:</b> HELEN MOLINA, Director<br/>hdiaz@heber.ca.gov 1-760-482-2440<br/><br/><b>Top opportunities:</b><ul><li><b>High fit</b> - Wastewater Treatment Plant or Facility Initiatives - $8,200,000</li><li><b>High fit</b> - Financial; System Monitoring and Control Software Initiatives - $360,000</li><li><b>High fit</b> - Lift Station Initiatives - $300,000</li></ul>]]></description><Point><coordinates>-115.438271,32.72181,0</coordinates></Point></Placemark>
<Placemark><name>Sacramento Suburban Water District</name><styleUrl>#s2</styleUrl><description><![CDATA[<b>Sacramento Suburban Water District</b> (CA)<br/>EAE score: <b>44.4</b> &nbsp;|&nbsp; Status: <b>Open</b><br/>Population: 1,552,058<br/>County: Sacramento<br/>Opportunities: 6 (4 high-fit, 2 priority)<br/>Total value: $29,900,000<br/><br/><b>Contact:</b> Hector Segoviano, Water Distribution Superintendent<br/>feedback@sswd.org 1-916-972-7171<br/><br/><b>Top opportunities:</b><ul><li><b>Medium fit</b> - Well Initiatives; Distribution System-Wide Initiatives - $29,200,000</li><li><b>High fit</b> - Pump Station Initiatives - $450,000</li><li><b>High fit</b> - Pump Station Initiatives - $250,000</li><li><b>High fit</b> - Pump Station Initiatives - $nan</li><li><b>Medium fit</b> - Water Metering Initiatives; Distribution System-Wide Initiatives - $nan</li><li><b>High fit</b> - Pump Station Initiatives - $nan</li></ul>]]></description><Point><coordinates>-121.437964,38.627204,0</coordinates></Point></Placemark>
<Placemark><name>City of Hoquiam</name><styleUrl>#s2</styleUrl><description><![CDATA[<b>City of Hoquiam</b> (WA)<br/>EAE score: <b>44.1</b> &nbsp;|&nbsp; Status: <b>Open</b><br/>Population: 8,655<br/>County: Grays Harbor<br/>Opportunities: 2 (2 high-fit, 0 priority)<br/>Total value: $8,055,000<br/><br/><b>Contact:</b> Chris Mcmullen, Public Works Superintendent<br/>cmcmullen@cityofhoquiam.com 1-360-538-3966<br/><br/><b>Top opportunities:</b><ul><li><b>High fit</b> - Lift Station Initiatives - $6,800,000</li><li><b>High fit</b> - Lift Station Initiatives - $1,255,000</li></ul>]]></description><Point><coordinates>-123.719565,47.015536,0</coordinates></Point></Placemark>
<Placemark><name>Garden Grove Sanitary District</name><styleUrl>#s2</styleUrl><description><![CDATA[<b>Garden Grove Sanitary District</b> (CA)<br/>EAE score: <b>44.0</b> &nbsp;|&nbsp; Status: <b>Open</b><br/>Population: 173,258<br/>County: Orange<br/>Opportunities: 3 (3 high-fit, 1 priority)<br/>Total value: $17,029,562<br/><br/><b>Contact:</b> Lisa Kim, City Manager<br/>lisak@ggcity.org nan<br/><br/><b>Top opportunities:</b><ul><li><b>High fit</b> - System Monitoring and Control Software Initiatives - $8,514,781</li><li><b>High fit</b> - System Monitoring and Control Software Initiatives - $8,514,781</li><li><b>High fit</b> - System Monitoring and Control Software Initiatives - $nan</li></ul>]]></description><Point><coordinates>-117.769442,33.640302,0</coordinates></Point></Placemark>
<Placemark><name>City of Anaheim</name><styleUrl>#s2</styleUrl><description><![CDATA[<b>City of Anaheim</b> (CA)<br/>EAE score: <b>44.0</b> &nbsp;|&nbsp; Status: <b>Open</b><br/>Population: 350,365<br/>County: Orange<br/>Opportunities: 2 (2 high-fit, 2 priority)<br/>Total value: $25,325,000<br/><br/><b>Contact:</b> Greg Garcia, Deputy City Manager<br/>ggarcia@anaheim.net 1-714-765-5162<br/><br/><b>Top opportunities:</b><ul><li><b>High fit</b> - Electrical Transmission and Distribution Initiatives; Pump Station Initiatives - $22,200,000</li><li><b>High fit</b> - Pump Station Initiatives; Valve Initiatives - $3,125,000</li></ul>]]></description><Point><coordinates>-117.769442,33.640302,0</coordinates></Point></Placemark>
<Placemark><name>Bay Area Water Supply And Conservation Agency</name><styleUrl>#s2</styleUrl><description><![CDATA[<b>Bay Area Water Supply And Conservation Agency</b> (CA)<br/>EAE score: <b>44.0</b> &nbsp;|&nbsp; Status: <b>Open</b><br/>Population: 104,430<br/>County: San Mateo<br/>Opportunities: 2 (2 high-fit, 2 priority)<br/>Total value: $18,360,849<br/><br/><b>Contact:</b> Negin Ashoori, Senior Water Resources Engineer<br/>nashoori@bawsca.org nan<br/><br/><b>Top opportunities:</b><ul><li><b>High fit</b> - Pump Station Initiatives - $18,360,849</li><li><b>High fit</b> - Pump Station Initiatives - $nan</li></ul>]]></description><Point><coordinates>-122.33063,37.541886,0</coordinates></Point></Placemark>
<Placemark><name>City of San Clemente</name><styleUrl>#s2</styleUrl><description><![CDATA[<b>City of San Clemente</b> (CA)<br/>EAE score: <b>43.5</b> &nbsp;|&nbsp; Status: <b>Open</b><br/>Population: 64,558<br/>County: Orange<br/>Opportunities: 3 (3 high-fit, 3 priority)<br/>Total value: $3,727,405<br/><br/><b>Contact:</b> Amir Ilkhanipour, Senior Civil Engineer<br/>Ilkhanipoura@san-clemente.org 1-949-361-6140<br/><br/><b>Top opportunities:</b><ul><li><b>High fit</b> - Pump Station Initiatives - $3,124,372</li><li><b>High fit</b> - Pump Station Initiatives - $520,000</li><li><b>High fit</b> - Pump Station Initiatives - $83,033</li></ul>]]></description><Point><coordinates>-117.616082,33.568923,0</coordinates></Point></Placemark>
<Placemark><name>Citrus Heights Water District</name><styleUrl>#s2</styleUrl><description><![CDATA[<b>Citrus Heights Water District</b> (CA)<br/>EAE score: <b>43.5</b> &nbsp;|&nbsp; Status: <b>Open</b><br/>Population: 1,552,058<br/>County: Sacramento<br/>Opportunities: 11 (2 high-fit, 2 priority)<br/>Total value: $20,668,000<br/><br/><b>Contact:</b> Rebecca Scott, Director of Operations<br/>rscott@chwd.org 1-916-735-7705<br/><br/><b>Top opportunities:</b><ul><li><b>Medium fit</b> - Pipe Initiatives; Distribution System-Wide Initiatives - $18,300,000</li><li><b>Medium fit</b> - Pipe Initiatives; Operations-Wide Initiatives - $1,510,000</li><li><b>Medium fit</b> - Hydrant Initiatives; Operations-Wide Initiatives - $175,000</li><li><b>Medium fit</b> - Valve Initiatives; Operations-Wide Initiatives - $135,000</li><li><b>Medium fit</b> - Water Metering Initiatives; Operations-Wide Initiatives - $130,000</li><li><b>Medium fit</b> - Well Initiatives; Operations-Wide Initiatives - $125,000</li></ul>]]></description><Point><coordinates>-121.26736,38.689802,0</coordinates></Point></Placemark>
<Placemark><name>City of Mercer Island</name><styleUrl>#s2</styleUrl><description><![CDATA[<b>City of Mercer Island</b> (WA)<br/>EAE score: <b>42.0</b> &nbsp;|&nbsp; Status: <b>Open</b><br/>Population: 25,894<br/>County: King<br/>Opportunities: 4 (2 high-fit, 2 priority)<br/>Total value: $5,922,219<br/><br/><b>Contact:</b> Jessi Bon, City Manager<br/>citymanager@mercerisland.gov 1-206-275-7660<br/><br/><b>Top opportunities:</b><ul><li><b>Medium fit</b> - Pipe Initiatives; Distribution System-Wide Initiatives - $3,735,678</li><li><b>Low fit</b> - Hydrant Initiatives; Pipe Initiatives - $2,186,541</li><li><b>High fit</b> - Lift Station Initiatives - $nan</li><li><b>High fit</b> - System Monitoring and Control Software Initiatives - $nan</li></ul>]]></description><Point><coordinates>-122.228083,47.56025,0</coordinates></Point></Placemark>
<Placemark><name>City of Fernley</name><styleUrl>#s2</styleUrl><description><![CDATA[<b>City of Fernley</b> (NV)<br/>EAE score: <b>42.0</b> &nbsp;|&nbsp; Status: <b>Open</b><br/>Population: 21,476<br/>County: Lyon<br/>Opportunities: 1 (1 high-fit, 1 priority)<br/>Total value: $10,000,000<br/><br/><b>Contact:</b> Derek Starkey, City Engineer<br/>dstarkey@cityoffernley.org 1-775-784-9918<br/><br/><b>Top opportunities:</b><ul><li><b>High fit</b> - Wastewater Treatment Plant or Facility Initiatives - $10,000,000</li></ul>]]></description><Point><coordinates>-119.196644,39.489212,0</coordinates></Point></Placemark>
<Placemark><name>Salinas Valley Basin Groundwater Sustainability Agency</name><styleUrl>#s2</styleUrl><description><![CDATA[<b>Salinas Valley Basin Groundwater Sustainability Agency</b> (CA)<br/>EAE score: <b>42.0</b> &nbsp;|&nbsp; Status: <b>Open</b><br/>Population: 11,000<br/>County: Monterey<br/>Opportunities: 3 (2 high-fit, 0 priority)<br/>Total value: $1,366,950,000<br/><br/><b>Contact:</b> Piret Harmon, General Manager<br/>harmonp@svbgsa.org 1-831-471-7518<br/><br/><b>Top opportunities:</b><ul><li><b>High fit</b> - Water Treatment Plant or Facility Initiatives - $758,000,000</li><li><b>High fit</b> - Water Treatment Plant or Facility Initiatives - $522,000,000</li><li><b>Low fit</b> - Pipe Initiatives; Water Storage or Supply-Wide Initiatives - $86,950,000</li></ul>]]></description><Point><coordinates>-121.416603,36.441768,0</coordinates></Point></Placemark>
<Placemark><name>City of Selah</name><styleUrl>#s2</styleUrl><description><![CDATA[<b>City of Selah</b> (WA)<br/>EAE score: <b>42.0</b> &nbsp;|&nbsp; Status: <b>Open</b><br/>Population: 8,087<br/>County: Yakima<br/>Opportunities: 2 (2 high-fit, 0 priority)<br/>Total value: $33,075,000<br/><br/><b>Contact:</b> Ty Jones, Public Works Director<br/>ty.jones@selahwa.gov 1-509-698-7365<br/><br/><b>Top opportunities:</b><ul><li><b>High fit</b> - Wastewater Treatment Plant or Facility Initiatives - $33,075,000</li><li><b>High fit</b> - Wastewater Treatment Plant or Facility Initiatives - $nan</li></ul>]]></description><Point><coordinates>-120.396038,46.544316,0</coordinates></Point></Placemark>
<Placemark><name>Town of Chino Valley</name><styleUrl>#s2</styleUrl><description><![CDATA[<b>Town of Chino Valley</b> (AZ)<br/>EAE score: <b>42.0</b> &nbsp;|&nbsp; Status: <b>Open</b><br/>Population: 12,375<br/>County: Yavapai<br/>Opportunities: 1 (1 high-fit, 1 priority)<br/>Total value: $10,000,000<br/><br/><b>Contact:</b> Lindsey Jones, Sr. Program Administrator<br/>LJones@azwifa.gov 1-602-364-1324<br/><br/><b>Top opportunities:</b><ul><li><b>High fit</b> - Pretreatment Initiatives; Wastewater Treatment Plant or Facility Initiatives - $10,000,000</li></ul>]]></description><Point><coordinates>-112.171623,34.755208,0</coordinates></Point></Placemark>
<Placemark><name>City of Monterey Park</name><styleUrl>#s2</styleUrl><description><![CDATA[<b>City of Monterey Park</b> (CA)<br/>EAE score: <b>41.6</b> &nbsp;|&nbsp; Status: <b>Open</b><br/>Population: 60,269<br/>County: Los Angeles<br/>Opportunities: 3 (3 high-fit, 3 priority)<br/>Total value: $5,800,000<br/><br/><b>Contact:</b> Martha Garcia, Director of Finance<br/>magarcia@montereypark.ca.gov 1-626-307-1349<br/><br/><b>Top opportunities:</b><ul><li><b>High fit</b> - Pump Station Initiatives - $2,800,000</li><li><b>High fit</b> - Financial; Pump Station Initiatives - $1,900,000</li><li><b>High fit</b> - Pump Station Initiatives - $1,100,000</li></ul>]]></description><Point><coordinates>-118.298662,33.786594,0</coordinates></Point></Placemark>
<Placemark><name>Water Replenishment District Of Southern California</name><styleUrl>#s2</styleUrl><description><![CDATA[<b>Water Replenishment District Of Southern California</b> (CA)<br/>EAE score: <b>41.3</b> &nbsp;|&nbsp; Status: <b>Open</b><br/>Population: 79,307<br/>County: Los Angeles<br/>Opportunities: 4 (3 high-fit, 1 priority)<br/>Total value: $3,136,485<br/><br/><b>Contact:</b> Robert Katherman, Director of Planning<br/>rob.katherman@icloud.com 1-562-275-4300<br/><br/><b>Top opportunities:</b><ul><li><b>High fit</b> - System Monitoring and Control Software Initiatives - $2,912,440</li><li><b>High fit</b> - System Monitoring and Control Software Initiatives - $224,045</li><li><b>Medium fit</b> - Collection System-Wide Initiatives - $nan</li><li><b>High fit</b> - System Monitoring and Control Software Initiatives - $nan</li></ul>]]></description><Point><coordinates>-118.14645,33.845624,0</coordinates></Point></Placemark>
<Placemark><name>Sonoma County Water Agency</name><styleUrl>#s2</styleUrl><description><![CDATA[<b>Sonoma County Water Agency</b> (CA)<br/>EAE score: <b>41.0</b> &nbsp;|&nbsp; Status: <b>Open</b><br/>Population: 494,336<br/>County: Sonoma<br/>Opportunities: 2 (2 high-fit, 1 priority)<br/>Total value: $48,750,000<br/><br/><b>Contact:</b> Grant Davis, General Manager<br/>grant.davis@scwa.ca.gov 1-707-547-1911<br/><br/><b>Top opportunities:</b><ul><li><b>High fit</b> - System Monitoring and Control Software Initiatives - $48,750,000</li><li><b>High fit</b> - Wastewater Treatment Plant or Facility Initiatives - $nan</li></ul>]]></description><Point><coordinates>-122.810328,38.477043,0</coordinates></Point></Placemark>
<Placemark><name>City of North Las Vegas</name><styleUrl>#s2</styleUrl><description><![CDATA[<b>City of North Las Vegas</b> (NV)<br/>EAE score: <b>41.0</b> &nbsp;|&nbsp; Status: <b>Open</b><br/>Population: 245,949<br/>County: Clark<br/>Opportunities: 2 (2 high-fit, 2 priority)<br/>Total value: $13,650,000<br/><br/><b>Contact:</b> Mike Hudgeons, Manager of Engineering, Survey &amp; Construction Services<br/>hudgeonsm@cityofnorthlasvegas.com 1-702-633-1222<br/><br/><b>Top opportunities:</b><ul><li><b>High fit</b> - Wastewater Treatment Plant or Facility Initiatives; Emerging Contaminants Initiatives - $10,000,000</li><li><b>High fit</b> - Pump Station Initiatives; Drinking Water-Wide Initiatives - $3,650,000</li></ul>]]></description><Point><coordinates>-115.15431,36.225271,0</coordinates></Point></Placemark>
<Placemark><name>City of Martinez</name><styleUrl>#s2</styleUrl><description><![CDATA[<b>City of Martinez</b> (CA)<br/>EAE score: <b>40.9</b> &nbsp;|&nbsp; Status: <b>Open</b><br/>Population: 38,297<br/>County: Contra Costa<br/>Opportunities: 3 (2 high-fit, 3 priority)<br/>Total value: $2,200,000<br/><br/><b>Contact:</b> Joe Enke, City Engineer<br/>jenke@cityofmartinez.org 1-925-348-1686<br/><br/><b>Top opportunities:</b><ul><li><b>High fit</b> - Pump Station Initiatives - $1,200,000</li><li><b>High fit</b> - Software-Wide Initiatives; System Monitoring and Control Software Initiatives - $750,000</li><li><b>Low fit</b> - Corrosion Initiatives; Pipe Initiatives - $250,000</li></ul>]]></description><Point><coordinates>-122.134976,37.986421,0</coordinates></Point></Placemark>
<Placemark><name>City of Oceanside</name><styleUrl>#s2</styleUrl><description><![CDATA[<b>City of Oceanside</b> (CA)<br/>EAE score: <b>40.8</b> &nbsp;|&nbsp; Status: <b>Open</b><br/>Population: 175,742<br/>County: San Diego<br/>Opportunities: 3 (2 high-fit, 3 priority)<br/>Total value: $4,555,000<br/><br/><b>Contact:</b> Brian Thomas, City Engineer<br/>bthomas@oceansideca.org 1-760-435-5074<br/><br/><b>Top opportunities:</b><ul><li><b>High fit</b> - Lift Station Initiatives - $3,600,000</li><li><b>High fit</b> - Wastewater Treatment Plant or Facility Initiatives - $800,000</li><li><b>Medium fit</b> - Distribution System-Wide Initiatives - $155,000</li></ul>]]></description><Point><coordinates>-116.846046,33.016928,0</coordinates></Point></Placemark>
<Placemark><name>Town of Hillsborough</name><styleUrl>#s2</styleUrl><description><![CDATA[<b>Town of Hillsborough</b> (CA)<br/>EAE score: <b>40.6</b> &nbsp;|&nbsp; Status: <b>Open</b><br/>Population: 11,387<br/>County: San Mateo<br/>Opportunities: 4 (2 high-fit, 3 priority)<br/>Total value: $8,500,000<br/><br/><b>Contact:</b> Paul Willis, Public Works Director<br/>pwillis@hillsborough.net 1-650-375-7444<br/><br/><b>Top opportunities:</b><ul><li><b>Low fit</b> - Pipe Initiatives; Infiltration and Inflow Initiatives - $5,200,000</li><li><b>Medium fit</b> - Water Tank or Tower Initiatives; Pipe Initiatives - $2,500,000</li><li><b>High fit</b> - System Monitoring and Control Software Initiatives - $400,000</li><li><b>High fit</b> - Financial; System Monitoring and Control Software Initiatives - $400,000</li></ul>]]></description><Point><coordinates>-122.367573,37.567086,0</coordinates></Point></Placemark>
<Placemark><name>Murphys Sanitary District</name><styleUrl>#s2</styleUrl><description><![CDATA[<b>Murphys Sanitary District</b> (CA)<br/>EAE score: <b>40.5</b> &nbsp;|&nbsp; Status: <b>Open</b><br/>County: Unspecified<br/>Opportunities: 4 (4 high-fit, 0 priority)<br/>Total value: $2,251,260<br/><br/><b>Contact:</b> Kristina Fillmore, Administration Manager<br/>kristina@murphyssd.org 1-209-728-3094<br/><br/><b>Top opportunities:</b><ul><li><b>High fit</b> - Wastewater Treatment Plant or Facility Initiatives - $2,251,260</li><li><b>High fit</b> - Wastewater Treatment Plant or Facility Initiatives - $nan</li><li><b>High fit</b> - Wastewater Treatment Plant or Facility Initiatives - $nan</li><li><b>High fit</b> - Wastewater Treatment Plant or Facility Initiatives - $nan</li></ul>]]></description><Point><coordinates>-120.454381,38.131035,0</coordinates></Point></Placemark>
<Placemark><name>City of Buena Park</name><styleUrl>#s2</styleUrl><description><![CDATA[<b>City of Buena Park</b> (CA)<br/>EAE score: <b>40.4</b> &nbsp;|&nbsp; Status: <b>Open</b><br/>Population: 81,788<br/>County: Orange<br/>Opportunities: 4 (4 high-fit, 3 priority)<br/>Total value: $700,000<br/><br/><b>Contact:</b> James Vanderpool, City Manager<br/>jvanderpool@buenapark.com 1-714-562-3550<br/><br/><b>Top opportunities:</b><ul><li><b>High fit</b> - Security System Initiatives; Operational Technology (OT) Initiatives - $200,000</li><li><b>High fit</b> - Security System Initiatives; Operational Technology (OT) Initiatives - $200,000</li><li><b>High fit</b> - System Monitoring and Control Software Initiatives - $150,000</li><li><b>High fit</b> - System Monitoring and Control Software Initiatives; Lift Station Initiatives - $150,000</li></ul>]]></description><Point><coordinates>-117.769442,33.640302,0</coordinates></Point></Placemark>
<Placemark><name>City of Monterey</name><styleUrl>#s2</styleUrl><description><![CDATA[<b>City of Monterey</b> (CA)<br/>EAE score: <b>40.1</b> &nbsp;|&nbsp; Status: <b>Open</b><br/>Population: 28,178<br/>County: Monterey<br/>Opportunities: 3 (3 high-fit, 1 priority)<br/>Total value: $1,534,000<br/><br/><b>Contact:</b> Andrea Renny, Public Works Director<br/>renny@monterey.org 1-831-646-3462<br/><br/><b>Top opportunities:</b><ul><li><b>High fit</b> - Financial; Lift Station Initiatives - $1,534,000</li><li><b>High fit</b> - Lift Station Initiatives - $nan</li><li><b>High fit</b> - Lift Station Initiatives - $nan</li></ul>]]></description><Point><coordinates>-121.416603,36.441768,0</coordinates></Point></Placemark>
<Placemark><name>City of Scotts Valley</name><styleUrl>#s2</styleUrl><description><![CDATA[<b>City of Scotts Valley</b> (CA)<br/>EAE score: <b>40.0</b> &nbsp;|&nbsp; Status: <b>Open</b><br/>Population: 11,757<br/>County: Santa Cruz<br/>Opportunities: 4 (4 high-fit, 0 priority)<br/>Total value: $0<br/><br/><b>Contact:</b> Rodolfo Onchi, Public Works Director<br/>ronchi@scottsvalley.gov 1-831-783-5662<br/><br/><b>Top opportunities:</b><ul><li><b>High fit</b> - Wastewater Treatment Plant or Facility Initiatives - $nan</li><li><b>High fit</b> - Wastewater Treatment Plant or Facility Initiatives - $nan</li><li><b>High fit</b> - Wastewater Treatment Plant or Facility Initiatives - $nan</li><li><b>High fit</b> - Wastewater Treatment Plant or Facility Initiatives - $nan</li></ul>]]></description><Point><coordinates>-122.006276,37.071387,0</coordinates></Point></Placemark>
<Placemark><name>City of Sanger</name><styleUrl>#s2</styleUrl><description><![CDATA[<b>City of Sanger</b> (CA)<br/>EAE score: <b>40.0</b> &nbsp;|&nbsp; Status: <b>Open</b><br/>Population: 25,339<br/>County: Fresno<br/>Opportunities: 4 (4 high-fit, 0 priority)<br/>Total value: $0<br/><br/><b>Contact:</b> Nathan Olson, City Manager<br/>Nathan.Olson@ci.sanger.ca.us 1-559-876-6300;ext=1700<br/><br/><b>Top opportunities:</b><ul><li><b>High fit</b> - Primary Treatment Initiatives; Pipe Initiatives - $nan</li><li><b>High fit</b> - Lift Station Initiatives - $nan</li><li><b>High fit</b> - Wastewater Treatment Plant or Facility Initiatives - $nan</li><li><b>High fit</b> - System Monitoring and Control Software Initiatives - $nan</li></ul>]]></description><Point><coordinates>-119.829053,36.897408,0</coordinates></Point></Placemark>
<Placemark><name>City of McMinnville</name><styleUrl>#s2</styleUrl><description><![CDATA[<b>City of McMinnville</b> (OR)<br/>EAE score: <b>40.0</b> &nbsp;|&nbsp; Status: <b>Open</b><br/>Population: 34,743<br/>County: Yamhill<br/>Opportunities: 3 (3 high-fit, 1 priority)<br/>Total value: $0<br/><br/><b>Contact:</b> Jeff Towery, City Manager<br/>jeff.towery@mcminnvilleoregon.gov 1-503-434-7302<br/><br/><b>Top opportunities:</b><ul><li><b>High fit</b> - Lift Station Initiatives - $nan</li><li><b>High fit</b> - System Monitoring and Control Software Initiatives - $nan</li><li><b>High fit</b> - Lift Station Initiatives - $nan</li></ul>]]></description><Point><coordinates>-123.237145,45.187444,0</coordinates></Point></Placemark>
<Placemark><name>City of Morgan Hill</name><styleUrl>#s2</styleUrl><description><![CDATA[<b>City of Morgan Hill</b> (CA)<br/>EAE score: <b>39.7</b> &nbsp;|&nbsp; Status: <b>Open</b><br/>Population: 45,952<br/>County: Santa Clara<br/>Opportunities: 3 (2 high-fit, 2 priority)<br/>Total value: $5,050,000<br/><br/><b>Contact:</b> Christina Turner, City Manager<br/>christina.turner@morganhill.ca.gov 1-408-776-7382<br/><br/><b>Top opportunities:</b><ul><li><b>High fit</b> - Wastewater Treatment Plant or Facility Initiatives - $4,350,000</li><li><b>Low fit</b> - Drinking Water-Wide Initiatives; Parks and Recreation-Wide Initiatives - $700,000</li><li><b>High fit</b> - Wastewater Treatment Plant or Facility Initiatives - $nan</li></ul>]]></description><Point><coordinates>-121.681557,37.130238,0</coordinates></Point></Placemark>
<Placemark><name>City of Kennewick</name><styleUrl>#s2</styleUrl><description><![CDATA[<b>City of Kennewick</b> (WA)<br/>EAE score: <b>39.6</b> &nbsp;|&nbsp; Status: <b>Open</b><br/>Population: 84,347<br/>County: Benton<br/>Opportunities: 3 (3 high-fit, 3 priority)<br/>Total value: $1,800,000<br/><br/><b>Contact:</b> Krystal Townsend, City Clerk<br/>clerkinfo@ci.kennewick.wa.us 1-509-585-4273<br/><br/><b>Top opportunities:</b><ul><li><b>High fit</b> - Pump Initiatives; Pump Station Initiatives - $825,000</li><li><b>High fit</b> - Pump Initiatives; Pump Station Initiatives - $825,000</li><li><b>High fit</b> - Pump Station Initiatives - $150,000</li></ul>]]></description><Point><coordinates>-119.559674,46.148328,0</coordinates></Point></Placemark>
<Placemark><name>Malaga County Water District</name><styleUrl>#s2</styleUrl><description><![CDATA[<b>Malaga County Water District</b> (CA)<br/>EAE score: <b>39.6</b> &nbsp;|&nbsp; Status: <b>Open</b><br/>Population: 520,052<br/>County: Fresno<br/>Opportunities: 5 (5 high-fit, 1 priority)<br/>Total value: $300,000<br/><br/><b>Contact:</b> Norma Melendez, District Clerk<br/>nmelendez@malagacwd.org 1-559-485-7353<br/><br/><b>Top opportunities:</b><ul><li><b>High fit</b> - Biosolids and Sludge Management Initiatives; Lift Station Initiatives - $300,000</li><li><b>High fit</b> - Wastewater Treatment Plant or Facility Initiatives - $nan</li><li><b>High fit</b> - Collection System-Wide Initiatives; Wastewater Treatment Plant or Facility Initiatives - $nan</li><li><b>High fit</b> - Wastewater Treatment Plant or Facility Initiatives - $nan</li><li><b>High fit</b> - Water Treatment Plant or Facility Initiatives - $nan</li></ul>]]></description><Point><coordinates>-119.730824,36.620698,0</coordinates></Point></Placemark>
<Placemark><name>East Orange County Water District</name><styleUrl>#s2</styleUrl><description><![CDATA[<b>East Orange County Water District</b> (CA)<br/>EAE score: <b>39.6</b> &nbsp;|&nbsp; Status: <b>Open</b><br/>Population: 100,000<br/>County: Orange<br/>Opportunities: 4 (4 high-fit, 3 priority)<br/>Total value: $300,000<br/><br/><b>Contact:</b> Jeff Smyth, District Engineer<br/>jsmyth@eocwd.com 1-714-538-5815<br/><br/><b>Top opportunities:</b><ul><li><b>High fit</b> - Financial; Pump Station Initiatives - $250,000</li><li><b>High fit</b> - Lift Station Initiatives - $50,000</li><li><b>High fit</b> - System Monitoring and Control Software Initiatives - $nan</li><li><b>High fit</b> - Pump Station Initiatives; Financial - $nan</li></ul>]]></description><Point><coordinates>-117.769442,33.640302,0</coordinates></Point></Placemark>
<Placemark><name>City of Chino</name><styleUrl>#s2</styleUrl><description><![CDATA[<b>City of Chino</b> (CA)<br/>EAE score: <b>39.6</b> &nbsp;|&nbsp; Status: <b>Open</b><br/>Population: 89,797<br/>County: San Bernardino<br/>Opportunities: 3 (3 high-fit, 3 priority)<br/>Total value: $3,300,000<br/><br/><b>Contact:</b> Hye Jin Lee, Director of Public Works<br/>hjlee@cityofchino.org 1-909-334-3265<br/><br/><b>Top opportunities:</b><ul><li><b>High fit</b> - System Monitoring and Control Software Initiatives - $1,500,000</li><li><b>High fit</b> - System Monitoring and Control Software Initiatives - $1,500,000</li><li><b>High fit</b> - Water Treatment Plant or Facility Initiatives - $300,000</li></ul>]]></description><Point><coordinates>-114.30117,34.159844,0</coordinates></Point></Placemark>
<Placemark><name>Western Riverside County Regional Wastewater Authority</name><styleUrl>#s2</styleUrl><description><![CDATA[<b>Western Riverside County Regional Wastewater Authority</b> (CA)<br/>EAE score: <b>39.0</b> &nbsp;|&nbsp; Status: <b>Open</b><br/>County: Unspecified<br/>Opportunities: 4 (4 high-fit, 1 priority)<br/>Total value: $0<br/><br/><b>Contact:</b> Ben Burgett, Source Control Program Manager<br/>bburgett@wmwd.com 1-951-571-7294<br/><br/><b>Top opportunities:</b><ul><li><b>High fit</b> - Power Supply, Control, and Protection Initiatives - $nan</li><li><b>High fit</b> - Wastewater Treatment Plant or Facility Initiatives - $nan</li><li><b>High fit</b> - Wastewater Treatment Plant or Facility Initiatives - $nan</li><li><b>High fit</b> - Wastewater Treatment Plant or Facility Initiatives - $nan</li></ul>]]></description><Point><coordinates>-116.055617,33.752886,0</coordinates></Point></Placemark>
<Placemark><name>City of Mattawa</name><styleUrl>#s2</styleUrl><description><![CDATA[<b>City of Mattawa</b> (WA)<br/>EAE score: <b>39.0</b> &nbsp;|&nbsp; Status: <b>Open</b><br/>Population: 4,758<br/>County: Grant<br/>Opportunities: 1 (1 high-fit, 0 priority)<br/>Total value: $12,140,000<br/><br/><b>Contact:</b> Juan Ledezma, Director Of Public Works<br/>jledezma@cityofmattawa-wa.gov 1-509-932-4037<br/><br/><b>Top opportunities:</b><ul><li><b>High fit</b> - Operational Technology (OT) Initiatives; Well Initiatives - $12,140,000</li></ul>]]></description><Point><coordinates>-119.401958,47.177565,0</coordinates></Point></Placemark>
<Placemark><name>City of Apache Junction</name><styleUrl>#s2</styleUrl><description><![CDATA[<b>City of Apache Junction</b> (AZ)<br/>EAE score: <b>39.0</b> &nbsp;|&nbsp; Status: <b>Open</b><br/>Population: 42,571<br/>County: Pinal<br/>Opportunities: 1 (1 high-fit, 1 priority)<br/>Total value: $44,430,000<br/><br/><b>Contact:</b> Emile Schmid, City Engineer<br/>eschmid@apachejunctionaz.gov 1-480-474-8515<br/><br/><b>Top opportunities:</b><ul><li><b>High fit</b> - Stormwater Treatment Plant or Facility Initiatives - $44,430,000</li></ul>]]></description><Point><coordinates>-111.46,33.4,0</coordinates></Point></Placemark>
<Placemark><name>Meiners Oaks County Water District</name><styleUrl>#s2</styleUrl><description><![CDATA[<b>Meiners Oaks County Water District</b> (CA)<br/>EAE score: <b>39.0</b> &nbsp;|&nbsp; Status: <b>Open</b><br/>Population: 25,000<br/>County: Ventura<br/>Opportunities: 3 (3 high-fit, 0 priority)<br/>Total value: $5,500,000<br/><br/><b>Contact:</b> Justin Martinez, General Manager<br/>justin@meinersoakswater.com 1-805-646-2114<br/><br/><b>Top opportunities:</b><ul><li><b>High fit</b> - Water Treatment Plant or Facility Initiatives - $5,500,000</li><li><b>High fit</b> - Water Treatment Plant or Facility Initiatives - $nan</li><li><b>High fit</b> - Water Treatment Plant or Facility Initiatives - $nan</li></ul>]]></description><Point><coordinates>-119.25876,34.478806,0</coordinates></Point></Placemark>
<Placemark><name>City of John Day</name><styleUrl>#s2</styleUrl><description><![CDATA[<b>City of John Day</b> (OR)<br/>EAE score: <b>39.0</b> &nbsp;|&nbsp; Status: <b>Open</b><br/>Population: 1,672<br/>County: Grant<br/>Opportunities: 1 (1 high-fit, 0 priority)<br/>Total value: $19,850,000<br/><br/><b>Contact:</b> Monte Legg, Public Works Director<br/>leggm@grantcounty-or.gov 1-541-575-0028<br/><br/><b>Top opportunities:</b><ul><li><b>High fit</b> - Wastewater Treatment Plant or Facility Initiatives; Financial - $19,850,000</li></ul>]]></description><Point><coordinates>-118.946498,44.391149,0</coordinates></Point></Placemark>
<Placemark><name>Pauma Valley Community Services District</name><styleUrl>#s2</styleUrl><description><![CDATA[<b>Pauma Valley Community Services District</b> (CA)<br/>EAE score: <b>38.2</b> &nbsp;|&nbsp; Status: <b>Open</b><br/>Population: 3,338,330<br/>County: San Diego<br/>Opportunities: 4 (4 high-fit, 0 priority)<br/>Total value: $1,102,331<br/><br/><b>Contact:</b> Ogden Watson, Wastewater Treatment Plant Manager<br/>ogden.watson@paumavalleycsd.ca.gov 1-760-742-1909<br/><br/><b>Top opportunities:</b><ul><li><b>High fit</b> - Lift Station Initiatives - $427,000</li><li><b>High fit</b> - Lift Station Initiatives - $365,000</li><li><b>High fit</b> - Lift Station Initiatives - $170,331</li><li><b>High fit</b> - Lift Station Initiatives - $140,000</li></ul>]]></description><Point><coordinates>-116.846046,33.016928,0</coordinates></Point></Placemark>
<Placemark><name>City of Lake Forest Park</name><styleUrl>#s2</styleUrl><description><![CDATA[<b>City of Lake Forest Park</b> (WA)<br/>EAE score: <b>38.1</b> &nbsp;|&nbsp; Status: <b>Open</b><br/>Population: 13,504<br/>County: King<br/>Opportunities: 2 (2 high-fit, 2 priority)<br/>Total value: $3,574,000<br/><br/><b>Contact:</b> Lindsey Vaughn, Finance Director<br/>lvaughn@cityoflfp.gov 1-206-957-2816<br/><br/><b>Top opportunities:</b><ul><li><b>High fit</b> - Pipe Initiatives; Lift Station Initiatives - $3,074,000</li><li><b>High fit</b> - Lift Station Initiatives - $500,000</li></ul>]]></description><Point><coordinates>-121.803388,47.432251,0</coordinates></Point></Placemark>
<Placemark><name>Arizona Department of Transportation</name><styleUrl>#s2</styleUrl><description><![CDATA[<b>Arizona Department of Transportation</b> (AZ)<br/>EAE score: <b>37.9</b> &nbsp;|&nbsp; Status: <b>Open</b><br/>Population: 7,276,000<br/>County: Arizona DOT<br/>Opportunities: 4 (4 high-fit, 0 priority)<br/>Total value: $6,942,000<br/><br/><b>Contact:</b> Teresa Welborn, Deputy Director<br/>twelborn@azdot.gov 1-602-712-7228<br/><br/><b>Top opportunities:</b><ul><li><b>High fit</b> - System Monitoring and Control Software Initiatives - $2,900,000</li><li><b>High fit</b> - System Monitoring and Control Software Initiatives - $2,107,000</li><li><b>High fit</b> - System Monitoring and Control Software Initiatives - $1,800,000</li><li><b>High fit</b> - System Monitoring and Control Software Initiatives - $135,000</li></ul>]]></description><Point><coordinates>-112.18717,33.276539,0</coordinates></Point></Placemark>
<Placemark><name>Mount View Sanitary District</name><styleUrl>#s2</styleUrl><description><![CDATA[<b>Mount View Sanitary District</b> (CA)<br/>EAE score: <b>37.9</b> &nbsp;|&nbsp; Status: <b>Open</b><br/>Population: 1,153,526<br/>County: Contra Costa<br/>Opportunities: 4 (4 high-fit, 1 priority)<br/>Total value: $951,000<br/><br/><b>Contact:</b> Lilia Corona, District Manager<br/>lcorona@mvsd.org 1-925-228-5635<br/><br/><b>Top opportunities:</b><ul><li><b>High fit</b> - Lift Station Initiatives - $951,000</li><li><b>High fit</b> - Wastewater Treatment Plant or Facility Initiatives; Structural Initiatives - $nan</li><li><b>High fit</b> - Wastewater Treatment Plant or Facility Initiatives - $nan</li><li><b>High fit</b> - Lift Station Initiatives - $nan</li></ul>]]></description><Point><coordinates>-122.134976,37.986421,0</coordinates></Point></Placemark>
<Placemark><name>Port Of Toledo</name><styleUrl>#s2</styleUrl><description><![CDATA[<b>Port Of Toledo</b> (OR)<br/>EAE score: <b>37.7</b> &nbsp;|&nbsp; Status: <b>Open</b><br/>Population: 3,644<br/>County: Lincoln<br/>Opportunities: 2 (2 high-fit, 0 priority)<br/>Total value: $4,851,596<br/><br/><b>Contact:</b> Doug Wiggins, City Manager<br/>doug.wiggins@cityoftoledo.org 1-541-635-2003<br/><br/><b>Top opportunities:</b><ul><li><b>High fit</b> - Lift Station Initiatives; Wastewater Tank Initiatives - $2,425,798</li><li><b>High fit</b> - Pipe Initiatives; Lift Station Initiatives - $2,425,798</li></ul>]]></description><Point><coordinates>-123.932758,44.65719,0</coordinates></Point></Placemark>
<Placemark><name>City of Gonzales</name><styleUrl>#s2</styleUrl><description><![CDATA[<b>City of Gonzales</b> (CA)<br/>EAE score: <b>37.6</b> &nbsp;|&nbsp; Status: <b>Open</b><br/>Population: 8,306<br/>County: Monterey<br/>Opportunities: 3 (3 high-fit, 0 priority)<br/>Total value: $315,000<br/><br/><b>Contact:</b> Rene Mendez, City Manager<br/>rmendez@ci.gonzales.ca.us 1-831-675-5000<br/><br/><b>Top opportunities:</b><ul><li><b>High fit</b> - Wastewater Treatment Plant or Facility Initiatives - $205,000</li><li><b>High fit</b> - System Monitoring and Control Software Initiatives - $110,000</li><li><b>High fit</b> - Wastewater Treatment Plant or Facility Initiatives; Financial - $nan</li></ul>]]></description><Point><coordinates>-121.408607,36.502102,0</coordinates></Point></Placemark>
<Placemark><name>Crescenta Valley Water District</name><styleUrl>#s2</styleUrl><description><![CDATA[<b>Crescenta Valley Water District</b> (CA)<br/>EAE score: <b>37.5</b> &nbsp;|&nbsp; Status: <b>Open</b><br/>Population: 10,039,107<br/>County: Los Angeles<br/>Opportunities: 5 (3 high-fit, 3 priority)<br/>Total value: $2,744,000<br/><br/><b>Contact:</b> James Lee, General Manager<br/>jlee@cvwd.com 1-818-248-3925<br/><br/><b>Top opportunities:</b><ul><li><b>Medium fit</b> - Emerging Contaminants Initiatives; Decentralized Treatment Initiatives - $1,500,000</li><li><b>Medium fit</b> - Financial; Distribution System-Wide Initiatives - $975,000</li><li><b>High fit</b> - Lift Station Initiatives; Electrical Systems-Wide Initiatives - $209,000</li><li><b>High fit</b> - System Monitoring and Control Software Initiatives - $60,000</li><li><b>High fit</b> - Lift Station Initiatives - $nan</li></ul>]]></description><Point><coordinates>-118.298662,33.786594,0</coordinates></Point></Placemark>
<Placemark><name>City of Burlingame</name><styleUrl>#s2</styleUrl><description><![CDATA[<b>City of Burlingame</b> (CA)<br/>EAE score: <b>37.2</b> &nbsp;|&nbsp; Status: <b>Open</b><br/>Population: 30,889<br/>County: San Mateo<br/>Opportunities: 3 (2 high-fit, 3 priority)<br/>Total value: $575,000<br/><br/><b>Contact:</b> Catherine Keylon, Senior Planner<br/>ckeylon@burlingame.org 1-650-558-7252<br/><br/><b>Top opportunities:</b><ul><li><b>High fit</b> - Lift Station Initiatives - $450,000</li><li><b>High fit</b> - Pump Initiatives; Wastewater Treatment Plant or Facility Initiatives - $125,000</li><li><b>Medium fit</b> - Collection System-Wide Initiatives - $nan</li></ul>]]></description><Point><coordinates>-122.367573,37.567086,0</coordinates></Point></Placemark>
<Placemark><name>Ironhouse Sanitary District</name><styleUrl>#s2</styleUrl><description><![CDATA[<b>Ironhouse Sanitary District</b> (CA)<br/>EAE score: <b>37.1</b> &nbsp;|&nbsp; Status: <b>Open</b><br/>Population: 1,153,526<br/>County: Contra Costa<br/>Opportunities: 4 (4 high-fit, 0 priority)<br/>Total value: $3,565,000<br/><br/><b>Contact:</b> Jean-Marc Petit, General Manager<br/>petit@isd.us.com 1-925-809-3001<br/><br/><b>Top opportunities:</b><ul><li><b>High fit</b> - System Monitoring and Control Software Initiatives - $3,050,000</li><li><b>High fit</b> - System Monitoring and Control Software Initiatives - $500,000</li><li><b>High fit</b> - System Monitoring and Control Software Initiatives - $15,000</li><li><b>High fit</b> - Emerging Contaminants Initiatives; Wastewater Treatment Plant or Facility Initiatives - $nan</li></ul>]]></description><Point><coordinates>-121.68972,37.996516,0</coordinates></Point></Placemark>
<Placemark><name>City of San Bruno</name><styleUrl>#s2</styleUrl><description><![CDATA[<b>City of San Bruno</b> (CA)<br/>EAE score: <b>37.0</b> &nbsp;|&nbsp; Status: <b>Open</b><br/>Population: 42,807<br/>County: San Mateo<br/>Opportunities: 3 (3 high-fit, 0 priority)<br/>Total value: $0<br/><br/><b>Contact:</b> Dalia Manaois, Principal Engineer<br/>DManaois@sanbruno.ca.gov 1-650-616-7047<br/><br/><b>Top opportunities:</b><ul><li><b>High fit</b> - Pump Station Initiatives - $nan</li><li><b>High fit</b> - Pump Station Initiatives - $nan</li><li><b>High fit</b> - Pipe Initiatives; Pump Station Initiatives - $nan</li></ul>]]></description><Point><coordinates>-122.436034,37.623159,0</coordinates></Point></Placemark>
<Placemark><name>Elk Grove Water District</name><styleUrl>#s2</styleUrl><description><![CDATA[<b>Elk Grove Water District</b> (CA)<br/>EAE score: <b>37.0</b> &nbsp;|&nbsp; Status: <b>Open</b><br/>Population: 1,552,058<br/>County: Sacramento<br/>Opportunities: 4 (4 high-fit, 0 priority)<br/>Total value: $503,000<br/><br/><b>Contact:</b> Mark Madison, General Manager<br/>mmadison@egwd.org 1-916-685-3556<br/><br/><b>Top opportunities:</b><ul><li><b>High fit</b> - System Monitoring and Control Software Initiatives - $150,000</li><li><b>High fit</b> - System Monitoring and Control Software Initiatives - $150,000</li><li><b>High fit</b> - Financial; System Monitoring and Control Software Initiatives - $103,000</li><li><b>High fit</b> - System Monitoring and Control Software Initiatives - $100,000</li></ul>]]></description><Point><coordinates>-121.307142,38.44148,0</coordinates></Point></Placemark>
<Placemark><name>City of Sumner</name><styleUrl>#s2</styleUrl><description><![CDATA[<b>City of Sumner</b> (WA)<br/>EAE score: <b>36.5</b> &nbsp;|&nbsp; Status: <b>Open</b><br/>Population: 10,427<br/>County: Pierce<br/>Opportunities: 2 (2 high-fit, 2 priority)<br/>Total value: $1,274,610<br/><br/><b>Contact:</b> Michael Kosa, Public Works Director<br/>michaelk@sumnerwa.gov 1-253-299-5709<br/><br/><b>Top opportunities:</b><ul><li><b>High fit</b> - Lift Station Initiatives - $993,394</li><li><b>High fit</b> - Wastewater Treatment Plant or Facility Initiatives - $281,216</li></ul>]]></description><Point><coordinates>-122.472793,47.247871,0</coordinates></Point></Placemark>
<Placemark><name>Olivenhain Municipal Water District</name><styleUrl>#s2</styleUrl><description><![CDATA[<b>Olivenhain Municipal Water District</b> (CA)<br/>EAE score: <b>36.5</b> &nbsp;|&nbsp; Status: <b>Open</b><br/>Population: 3,338,330<br/>County: San Diego<br/>Opportunities: 7 (7 high-fit, 1 priority)<br/>Total value: $250,000<br/><br/><b>Contact:</b> Lindsey Stephenson, Engineering Manager<br/>lstephenson@olivenhain.com 1-760-632-4640<br/><br/><b>Top opportunities:</b><ul><li><b>High fit</b> - Collection System-Wide Initiatives; Lift Station Initiatives - $250,000</li><li><b>High fit</b> - System Monitoring and Control Software Initiatives - $nan</li><li><b>High fit</b> - Lift Station Initiatives - $nan</li><li><b>High fit</b> - Wastewater Treatment Plant or Facility Initiatives; Water Reuse Initiatives - $nan</li><li><b>High fit</b> - Wastewater Treatment Plant or Facility Initiatives - $nan</li><li><b>High fit</b> - System Monitoring and Control Software Initiatives - $nan</li></ul>]]></description><Point><coordinates>-117.250253,33.054154,0</coordinates></Point></Placemark>
<Placemark><name>Twain Harte Community Services District</name><styleUrl>#s2</styleUrl><description><![CDATA[<b>Twain Harte Community Services District</b> (CA)<br/>EAE score: <b>36.4</b> &nbsp;|&nbsp; Status: <b>Open</b><br/>Population: 2,500<br/>County: Tuolumne<br/>Opportunities: 3 (3 high-fit, 0 priority)<br/>Total value: $1,185,000<br/><br/><b>Contact:</b> Lewis Giambruno, Operations Manager<br/>lgiambruno@twainhartecsd.com 1-209-586-3172<br/><br/><b>Top opportunities:</b><ul><li><b>High fit</b> - System Monitoring and Control Software Initiatives - $645,000</li><li><b>High fit</b> - System Monitoring and Control Software Initiatives - $540,000</li><li><b>High fit</b> - System Monitoring and Control Software Initiatives - $nan</li></ul>]]></description><Point><coordinates>-120.343863,37.96091,0</coordinates></Point></Placemark>
<Placemark><name>City of Troutdale</name><styleUrl>#s2</styleUrl><description><![CDATA[<b>City of Troutdale</b> (OR)<br/>EAE score: <b>36.4</b> &nbsp;|&nbsp; Status: <b>Open</b><br/>Population: 16,183<br/>County: Multnomah<br/>Opportunities: 3 (2 high-fit, 3 priority)<br/>Total value: $236,000<br/><br/><b>Contact:</b> Shawn Anderson, WPCF Wastewater Services Superintendent<br/>shawn.anderson@troutdaleoregon.gov 1-503-492-2999<br/><br/><b>Top opportunities:</b><ul><li><b>High fit</b> - Lift Station Initiatives; Financial - $150,000</li><li><b>High fit</b> - System Monitoring and Control Software Initiatives - $50,000</li><li><b>Medium fit</b> - Collection System-Wide Initiatives - $36,000</li></ul>]]></description><Point><coordinates>-122.390049,45.525007,0</coordinates></Point></Placemark>
<Placemark><name>City of Ferndale</name><styleUrl>#s2</styleUrl><description><![CDATA[<b>City of Ferndale</b> (WA)<br/>EAE score: <b>36.4</b> &nbsp;|&nbsp; Status: <b>Open</b><br/>Population: 14,897<br/>County: Whatcom<br/>Opportunities: 2 (2 high-fit, 2 priority)<br/>Total value: $1,192,923<br/><br/><b>Contact:</b> Katy Radder, Capital Projects Manager<br/>katyradder@cityofferndale.org 1-310-685-2377;ext=1210<br/><br/><b>Top opportunities:</b><ul><li><b>High fit</b> - Water Treatment Plant or Facility Initiatives - $1,112,923</li><li><b>High fit</b> - Lift Station Initiatives - $80,000</li></ul>]]></description><Point><coordinates>-122.454297,48.747687,0</coordinates></Point></Placemark>
<Placemark><name>Summerland Sanitary District</name><styleUrl>#s2</styleUrl><description><![CDATA[<b>Summerland Sanitary District</b> (CA)<br/>EAE score: <b>36.2</b> &nbsp;|&nbsp; Status: <b>Open</b><br/>County: Unspecified<br/>Opportunities: 4 (4 high-fit, 2 priority)<br/>Total value: $75,095<br/><br/><b>Contact:</b> Tricia Price, Board Director<br/>info@summerlandsd.org 1-805-969-4344<br/><br/><b>Top opportunities:</b><ul><li><b>High fit</b> - Pump Initiatives - $23,800</li><li><b>High fit</b> - Lift Station Initiatives - $23,600</li><li><b>High fit</b> - Lift Station Initiatives - $23,600</li><li><b>High fit</b> - Power Supply, Control, and Protection Initiatives; Pump Initiatives - $4,095</li></ul>]]></description><Point><coordinates>-119.592561,34.422045,0</coordinates></Point></Placemark>
<Placemark><name>City of Kirkland</name><styleUrl>#s2</styleUrl><description><![CDATA[<b>City of Kirkland</b> (WA)<br/>EAE score: <b>36.2</b> &nbsp;|&nbsp; Status: <b>Open</b><br/>Population: 93,010<br/>County: King<br/>Opportunities: 4 (3 high-fit, 1 priority)<br/>Total value: $4,093,700<br/><br/><b>Contact:</b> John Starbard, Deputy Director of Public Works<br/>jstarbard@kirklandwa.gov 1-425-587-3911<br/><br/><b>Top opportunities:</b><ul><li><b>High fit</b> - System Monitoring and Control Software Initiatives - $1,800,000</li><li><b>High fit</b> - Financial; System Monitoring and Control Software Initiatives - $1,800,000</li><li><b>Medium fit</b> - Collection System-Wide Initiatives - $493,700</li><li><b>High fit</b> - System Monitoring and Control Software Initiatives - $nan</li></ul>]]></description><Point><coordinates>-122.187029,47.673263,0</coordinates></Point></Placemark>
<Placemark><name>Vista Irrigation District</name><styleUrl>#s2</styleUrl><description><![CDATA[<b>Vista Irrigation District</b> (CA)<br/>EAE score: <b>36.1</b> &nbsp;|&nbsp; Status: <b>Open</b><br/>Population: 3,338,330<br/>County: San Diego<br/>Opportunities: 4 (2 high-fit, 2 priority)<br/>Total value: $8,117,596<br/><br/><b>Contact:</b> Shallako Goodrick, Director of Administration<br/>sgoodrick@vidwater.org 1-760-597-3100<br/><br/><b>Top opportunities:</b><ul><li><b>High fit</b> - Pump Station Initiatives; Financial - $7,972,696</li><li><b>Low fit</b> - Financial; Valve Initiatives - $85,000</li><li><b>High fit</b> - System Monitoring and Control Software Initiatives - $59,900</li><li><b>Medium fit</b> - Reservoir Initiatives; Pipe Initiatives - $nan</li></ul>]]></description><Point><coordinates>-117.24,33.16,0</coordinates></Point></Placemark>
<Placemark><name>City of Bonney Lake</name><styleUrl>#s2</styleUrl><description><![CDATA[<b>City of Bonney Lake</b> (WA)<br/>EAE score: <b>36.1</b> &nbsp;|&nbsp; Status: <b>Open</b><br/>Population: 21,148<br/>County: Pierce<br/>Opportunities: 2 (2 high-fit, 2 priority)<br/>Total value: $1,043,403<br/><br/><b>Contact:</b> Jack Niehuser, Superintendent of Public Works<br/>niehuserj@ci.bonney-lake.wa.us 1-253-447-3271<br/><br/><b>Top opportunities:</b><ul><li><b>High fit</b> - Financial; Wastewater Treatment Plant or Facility Initiatives - $668,403</li><li><b>High fit</b> - Valve Initiatives; Pump Initiatives - $375,000</li></ul>]]></description><Point><coordinates>-122.472793,47.247871,0</coordinates></Point></Placemark>
<Placemark><name>City of Arcadia</name><styleUrl>#s2</styleUrl><description><![CDATA[<b>City of Arcadia</b> (CA)<br/>EAE score: <b>36.0</b> &nbsp;|&nbsp; Status: <b>Open</b><br/>Population: 58,610<br/>County: Los Angeles<br/>Opportunities: 4 (3 high-fit, 1 priority)<br/>Total value: $2,000,000<br/><br/><b>Contact:</b> Dominic Lazzaretto, City Manager<br/>domlazz@arcadiaca.gov 1-626-574-5401<br/><br/><b>Top opportunities:</b><ul><li><b>High fit</b> - Cybersecurity Initiatives; Drinking Water-Wide Initiatives - $1,000,000</li><li><b>High fit</b> - Financial; System Monitoring and Control Software Initiatives - $1,000,000</li><li><b>Medium fit</b> - Emerging Contaminants Initiatives; Heavy Metals or Toxic Chemical Initiatives - $nan</li><li><b>High fit</b> - Pump Station Initiatives; Water Treatment Plant or Facility Initiatives - $nan</li></ul>]]></description><Point><coordinates>-118.298662,33.786594,0</coordinates></Point></Placemark>
<Placemark><name>Twentynine Palms Water District</name><styleUrl>#s2</styleUrl><description><![CDATA[<b>Twentynine Palms Water District</b> (CA)<br/>EAE score: <b>36.0</b> &nbsp;|&nbsp; Status: <b>Open</b><br/>Population: 10,000<br/>County: San Bernardino<br/>Opportunities: 4 (2 high-fit, 1 priority)<br/>Total value: $1,551,900<br/><br/><b>Contact:</b> Ray Kolisz, General Manager<br/>rkolisz@29palmswater.org 1-619-367-7546<br/><br/><b>Top opportunities:</b><ul><li><b>Medium fit</b> - Distribution System-Wide Initiatives; Pipe Initiatives - $812,400</li><li><b>High fit</b> - System Monitoring and Control Software Initiatives - $478,700</li><li><b>Medium fit</b> - Well Initiatives; Financial - $220,800</li><li><b>High fit</b> - Pump Station Initiatives - $40,000</li></ul>]]></description><Point><coordinates>-116.701168,34.850671,0</coordinates></Point></Placemark>
<Placemark><name>Santa Ana Watershed Project Authority</name><styleUrl>#s2</styleUrl><description><![CDATA[<b>Santa Ana Watershed Project Authority</b> (CA)<br/>EAE score: <b>36.0</b> &nbsp;|&nbsp; Status: <b>Open</b><br/>Population: 332,318<br/>County: Orange<br/>Opportunities: 3 (3 high-fit, 2 priority)<br/>Total value: $3,002,943<br/><br/><b>Contact:</b> Mark Norton, Planning Manager<br/>mnorton@sawpa.org 1-951-354-4221<br/><br/><b>Top opportunities:</b><ul><li><b>High fit</b> - System Monitoring and Control Software Initiatives - $3,002,943</li><li><b>High fit</b> - Cybersecurity Initiatives - $nan</li><li><b>High fit</b> - System Monitoring and Control Software Initiatives - $nan</li></ul>]]></description><Point><coordinates>-116.055617,33.752886,0</coordinates></Point></Placemark>
<Placemark><name>City of La Grande</name><styleUrl>#s2</styleUrl><description><![CDATA[<b>City of La Grande</b> (OR)<br/>EAE score: <b>35.8</b> &nbsp;|&nbsp; Status: <b>Open</b><br/>Population: 13,614<br/>County: Union<br/>Opportunities: 2 (2 high-fit, 1 priority)<br/>Total value: $2,400,000<br/><br/><b>Contact:</b> Kyle Carpenter, Public Works Director<br/>kcarpenter@cityoflagrande.org 1-541-962-1325<br/><br/><b>Top opportunities:</b><ul><li><b>High fit</b> - Pretreatment Initiatives; System Monitoring and Control Software Initiatives - $1,800,000</li><li><b>High fit</b> - Lift Station Initiatives; System Monitoring and Control Software Initiatives - $600,000</li></ul>]]></description><Point><coordinates>-118.164822,45.29535,0</coordinates></Point></Placemark>
<Placemark><name>Rancho Murieta Community Services District</name><styleUrl>#s2</styleUrl><description><![CDATA[<b>Rancho Murieta Community Services District</b> (CA)<br/>EAE score: <b>35.8</b> &nbsp;|&nbsp; Status: <b>Open</b><br/>Population: 1,552,058<br/>County: Sacramento<br/>Opportunities: 5 (4 high-fit, 1 priority)<br/>Total value: $390,000<br/><br/><b>Contact:</b> Michael Fritschi, Interim General Manager<br/>mfritschi@rmcsd.com 1-916-354-3700<br/><br/><b>Top opportunities:</b><ul><li><b>High fit</b> - Lift Station Initiatives - $350,000</li><li><b>High fit</b> - System Monitoring and Control Software Initiatives - $40,000</li><li><b>High fit</b> - Lift Station Initiatives - $nan</li><li><b>Medium fit</b> - Distribution System-Wide Initiatives - $nan</li><li><b>High fit</b> - System Monitoring and Control Software Initiatives - $nan</li></ul>]]></description><Point><coordinates>-121.125431,38.51858,0</coordinates></Point></Placemark>
<Placemark><name>Kinneola Irrigation Dist</name><styleUrl>#s2</styleUrl><description><![CDATA[<b>Kinneola Irrigation Dist</b> (CA)<br/>EAE score: <b>35.3</b> &nbsp;|&nbsp; Status: <b>Open</b><br/>Population: 10,039,107<br/>County: Los Angeles<br/>Opportunities: 4 (4 high-fit, 0 priority)<br/>Total value: $2,667,309<br/><br/><b>Contact:</b> Tom Majich, General Manager<br/>tm@kidwater.info 1-626-797-6295<br/><br/><b>Top opportunities:</b><ul><li><b>High fit</b> - Pump Station Initiatives; Pump Initiatives - $1,851,949</li><li><b>High fit</b> - Pump Initiatives; Well Initiatives - $700,960</li><li><b>High fit</b> - System Monitoring and Control Software Initiatives - $114,400</li><li><b>High fit</b> - System Monitoring and Control Software Initiatives; Water Treatment-Wide Initiatives - $nan</li></ul>]]></description><Point><coordinates>-118.298662,33.786594,0</coordinates></Point></Placemark>
<Placemark><name>City of Fort Bragg</name><styleUrl>#s2</styleUrl><description><![CDATA[<b>City of Fort Bragg</b> (CA)<br/>EAE score: <b>35.3</b> &nbsp;|&nbsp; Status: <b>Open</b><br/>Population: 7,291<br/>County: Mendocino<br/>Opportunities: 1 (1 high-fit, 0 priority)<br/>Total value: $8,141,000<br/><br/><b>Contact:</b> Diane O&#x27;Conner, Assistant City Engineer<br/>DOConnor@fortbraggca.gov 1-707-961-2824;ext=134<br/><br/><b>Top opportunities:</b><ul><li><b>High fit</b> - Financial; Pump Station Initiatives - $8,141,000</li></ul>]]></description><Point><coordinates>-123.637284,39.500634,0</coordinates></Point></Placemark>
<Placemark><name>Silicon Valley Clean Water</name><styleUrl>#s2</styleUrl><description><![CDATA[<b>Silicon Valley Clean Water</b> (CA)<br/>EAE score: <b>35.2</b> &nbsp;|&nbsp; Status: <b>Open</b><br/>Population: 767,423<br/>County: San Mateo<br/>Opportunities: 4 (3 high-fit, 2 priority)<br/>Total value: $149,200<br/><br/><b>Contact:</b> Arvind Akela, Director of Engineering<br/>aakela@svcw.org 1-650-832-6485<br/><br/><b>Top opportunities:</b><ul><li><b>High fit</b> - System Monitoring and Control Software Initiatives - $70,000</li><li><b>Medium fit</b> - Collection System-Wide Initiatives - $30,000</li><li><b>High fit</b> - Financial; Power Supply, Control, and Protection Initiatives - $28,400</li><li><b>High fit</b> - Financial; Power Supply, Control, and Protection Initiatives - $20,800</li></ul>]]></description><Point><coordinates>-122.247806,37.53256,0</coordinates></Point></Placemark>
<Placemark><name>San Luis Harbor District Port</name><styleUrl>#s2</styleUrl><description><![CDATA[<b>San Luis Harbor District Port</b> (CA)<br/>EAE score: <b>35.2</b> &nbsp;|&nbsp; Status: <b>Open</b><br/>Population: 283,111<br/>County: San Luis Obispo<br/>Opportunities: 3 (3 high-fit, 3 priority)<br/>Total value: $1,075,000<br/><br/><b>Contact:</b> Dustin Barth, Executive Director<br/>dustin.barth@portsanluis.com 1-805-595-5410<br/><br/><b>Top opportunities:</b><ul><li><b>High fit</b> - Wastewater Treatment Plant or Facility Initiatives - $875,000</li><li><b>High fit</b> - Lift Station Initiatives - $100,000</li><li><b>High fit</b> - Lift Station Initiatives - $100,000</li></ul>]]></description><Point><coordinates>-120.455345,35.347065,0</coordinates></Point></Placemark>
<Placemark><name>City of Loma Linda</name><styleUrl>#s2</styleUrl><description><![CDATA[<b>City of Loma Linda</b> (CA)<br/>EAE score: <b>35.2</b> &nbsp;|&nbsp; Status: <b>Open</b><br/>Population: 24,482<br/>County: San Bernardino<br/>Opportunities: 2 (2 high-fit, 2 priority)<br/>Total value: $600,000<br/><br/><b>Contact:</b> Lynette Arreola, City Clerk<br/>larreola@lomalinda-ca.gov 1-909-799-2819<br/><br/><b>Top opportunities:</b><ul><li><b>High fit</b> - System Monitoring and Control Software Initiatives - $500,000</li><li><b>High fit</b> - System Monitoring and Control Software Initiatives - $100,000</li></ul>]]></description><Point><coordinates>-115.967051,34.839964,0</coordinates></Point></Placemark>
<Placemark><name>City of Selma</name><styleUrl>#s2</styleUrl><description><![CDATA[<b>City of Selma</b> (CA)<br/>EAE score: <b>35.1</b> &nbsp;|&nbsp; Status: <b>Open</b><br/>Population: 24,825<br/>County: Fresno<br/>Opportunities: 2 (2 high-fit, 1 priority)<br/>Total value: $2,056,451<br/><br/><b>Contact:</b> Margee Fallert, Deputy City Manager<br/>margeef@cityofselma.com 1-559-891-2200;ext=3100<br/><br/><b>Top opportunities:</b><ul><li><b>High fit</b> - Lift Station Initiatives - $2,056,451</li><li><b>High fit</b> - Lift Station Initiatives - $nan</li></ul>]]></description><Point><coordinates>-119.992005,36.637507,0</coordinates></Point></Placemark>
<Placemark><name>City of Vancouver</name><styleUrl>#s2</styleUrl><description><![CDATA[<b>City of Vancouver</b> (WA)<br/>EAE score: <b>35.0</b> &nbsp;|&nbsp; Status: <b>Open</b><br/>Population: 183,012<br/>County: Clark<br/>Opportunities: 3 (2 high-fit, 2 priority)<br/>Total value: $3,200,000<br/><br/><b>Contact:</b> Brad Aiello, General Manager<br/>brad.aiello@cityofvancouver.us 1-360-487-8177<br/><br/><b>Top opportunities:</b><ul><li><b>High fit</b> - Pump Station Initiatives; Reservoir Initiatives - $2,500,000</li><li><b>High fit</b> - Lift Station Initiatives - $500,000</li><li><b>Medium fit</b> - Collection System-Wide Initiatives; Pipe Initiatives - $200,000</li></ul>]]></description><Point><coordinates>-122.713366,45.74327,0</coordinates></Point></Placemark>
<Placemark><name>City of Bremerton</name><styleUrl>#s2</styleUrl><description><![CDATA[<b>City of Bremerton</b> (WA)<br/>EAE score: <b>35.0</b> &nbsp;|&nbsp; Status: <b>Open</b><br/>Population: 41,405<br/>County: Kitsap<br/>Opportunities: 1 (1 high-fit, 1 priority)<br/>Total value: $6,500,000<br/><br/><b>Contact:</b> David Powell, Project Manager, Engineering Division<br/>david.powell@ci.bremerton.wa.us 1-360-473-5268<br/><br/><b>Top opportunities:</b><ul><li><b>High fit</b> - Nutrient Initiatives; Pump Station Initiatives - $6,500,000</li></ul>]]></description><Point><coordinates>-122.63735,47.568617,0</coordinates></Point></Placemark>
<Placemark><name>Ventura County Waterworks No. 1</name><styleUrl>#s2</styleUrl><description><![CDATA[<b>Ventura County Waterworks No. 1</b> (CA)<br/>EAE score: <b>35.0</b> &nbsp;|&nbsp; Status: <b>Open</b><br/>Population: 846,006<br/>County: Ventura<br/>Opportunities: 2 (2 high-fit, 0 priority)<br/>Total value: $10,850,000<br/><br/><b>Contact:</b> Paul Chan, Director<br/>wscs@ventura.org +1-805-654-5142<br/><br/><b>Top opportunities:</b><ul><li><b>High fit</b> - Well Initiatives; Water Treatment Plant or Facility Initiatives - $9,850,000</li><li><b>High fit</b> - Drinking Water-Wide Initiatives; Water Treatment Plant or Facility Initiatives - $1,000,000</li></ul>]]></description><Point><coordinates>-119.146228,34.356248,0</coordinates></Point></Placemark>
<Placemark><name>City of Atascadero</name><styleUrl>#s2</styleUrl><description><![CDATA[<b>City of Atascadero</b> (CA)<br/>EAE score: <b>34.8</b> &nbsp;|&nbsp; Status: <b>Open</b><br/>Population: 30,075<br/>County: San Luis Obispo<br/>Opportunities: 2 (2 high-fit, 2 priority)<br/>Total value: $400,000<br/><br/><b>Contact:</b> Rachelle Rickard, City Manager<br/>rrickard@atascadero.org 1-805-470-3400<br/><br/><b>Top opportunities:</b><ul><li><b>High fit</b> - Pipe Initiatives; Pump Initiatives - $250,000</li><li><b>High fit</b> - Lift Station Initiatives; Pipe Initiatives - $150,000</li></ul>]]></description><Point><coordinates>-120.712459,35.464793,0</coordinates></Point></Placemark>
<Placemark><name>American River Authority</name><styleUrl>#s2</styleUrl><description><![CDATA[<b>American River Authority</b> (CA)<br/>EAE score: <b>34.7</b> &nbsp;|&nbsp; Status: <b>Open</b><br/>Population: 14,195<br/>County: Placer<br/>Opportunities: 1 (1 high-fit, 0 priority)<br/>Total value: $7,850,000<br/><br/><b>Contact:</b> nan, nan<br/>nan nan<br/><br/><b>Top opportunities:</b><ul><li><b>High fit</b> - Wastewater Treatment Plant or Facility Initiatives; Secondary Treatment Initiatives - $7,850,000</li></ul>]]></description><Point><coordinates>-120.536032,39.106287,0</coordinates></Point></Placemark>
<Placemark><name>City of Dallas</name><styleUrl>#s2</styleUrl><description><![CDATA[<b>City of Dallas</b> (OR)<br/>EAE score: <b>34.6</b> &nbsp;|&nbsp; Status: <b>Open</b><br/>Population: 16,979<br/>County: Polk<br/>Opportunities: 2 (2 high-fit, 2 priority)<br/>Total value: $315,000<br/><br/><b>Contact:</b> Tom Gilson, Engineering Supervisor<br/>tom.gilson@dallasor.gov 1-503-831-3558<br/><br/><b>Top opportunities:</b><ul><li><b>High fit</b> - Wastewater Treatment Plant or Facility Initiatives - $285,000</li><li><b>High fit</b> - Pump Station Initiatives - $30,000</li></ul>]]></description><Point><coordinates>-123.337291,44.928092,0</coordinates></Point></Placemark>
<Placemark><name>City of Brea</name><styleUrl>#s2</styleUrl><description><![CDATA[<b>City of Brea</b> (CA)<br/>EAE score: <b>34.6</b> &nbsp;|&nbsp; Status: <b>Open</b><br/>Population: 43,255<br/>County: Orange<br/>Opportunities: 2 (2 high-fit, 1 priority)<br/>Total value: $3,300,000<br/><br/><b>Contact:</b> Michael Ho, Public Works Director<br/>michaelh@cityofbrea.net 1-714-990-7691<br/><br/><b>Top opportunities:</b><ul><li><b>High fit</b> - Pump Station Initiatives; Pump Initiatives - $3,300,000</li><li><b>High fit</b> - Lift Station Initiatives - $nan</li></ul>]]></description><Point><coordinates>-117.769442,33.640302,0</coordinates></Point></Placemark>
<Placemark><name>City of Solvang</name><styleUrl>#s2</styleUrl><description><![CDATA[<b>City of Solvang</b> (CA)<br/>EAE score: <b>34.6</b> &nbsp;|&nbsp; Status: <b>Open</b><br/>Population: 5,838<br/>County: Santa Barbara<br/>Opportunities: 3 (3 high-fit, 0 priority)<br/>Total value: $300,000<br/><br/><b>Contact:</b> Jose Acosta, Utilities Director<br/>jacosta@cityofsolvang.com 1-805-688-5575;ext=222<br/><br/><b>Top opportunities:</b><ul><li><b>High fit</b> - Financial; Lift Station Initiatives - $300,000</li><li><b>High fit</b> - Lift Station Initiatives - $nan</li><li><b>High fit</b> - Stormwater Treatment Plant or Facility Initiatives - $nan</li></ul>]]></description><Point><coordinates>-120.170111,34.648841,0</coordinates></Point></Placemark>
<Placemark><name>City of Avenal</name><styleUrl>#s2</styleUrl><description><![CDATA[<b>City of Avenal</b> (CA)<br/>EAE score: <b>34.5</b> &nbsp;|&nbsp; Status: <b>Open</b><br/>Population: 13,496<br/>County: Kings<br/>Opportunities: 2 (2 high-fit, 2 priority)<br/>Total value: $272,500<br/><br/><b>Contact:</b> Rob Williams, Director of Public Works<br/>rwilliams@cityofavenal.us 1-559-386-5782<br/><br/><b>Top opportunities:</b><ul><li><b>High fit</b> - System Monitoring and Control Software Initiatives - $156,700</li><li><b>High fit</b> - System Monitoring and Control Software Initiatives - $115,800</li></ul>]]></description><Point><coordinates>-120.128716,36.003134,0</coordinates></Point></Placemark>
<Placemark><name>City of Bullhead City</name><styleUrl>#s2</styleUrl><description><![CDATA[<b>City of Bullhead City</b> (AZ)<br/>EAE score: <b>34.0</b> &nbsp;|&nbsp; Status: <b>Open</b><br/>Population: 40,884<br/>County: Mohave<br/>Opportunities: 3 (3 high-fit, 0 priority)<br/>Total value: $0<br/><br/><b>Contact:</b> Mark Clark, Utilities Director<br/>mclark@bullheadcityaz.gov 1-928-763-9400;ext=8840<br/><br/><b>Top opportunities:</b><ul><li><b>High fit</b> - System Monitoring and Control Software Initiatives; Pretreatment Initiatives - $nan</li><li><b>High fit</b> - Wastewater Treatment Plant or Facility Initiatives - $nan</li><li><b>High fit</b> - System Monitoring and Control Software Initiatives - $nan</li></ul>]]></description><Point><coordinates>-114.323801,35.005498,0</coordinates></Point></Placemark>
<Placemark><name>City of Ephrata</name><styleUrl>#s2</styleUrl><description><![CDATA[<b>City of Ephrata</b> (WA)<br/>EAE score: <b>33.7</b> &nbsp;|&nbsp; Status: <b>Open</b><br/>Population: 8,136<br/>County: Grant<br/>Opportunities: 2 (2 high-fit, 0 priority)<br/>Total value: $2,860,000<br/><br/><b>Contact:</b> Kapalo Katie, City Clerk<br/>kkapalo@ephrata.org 1-509-754-4601;ext=140<br/><br/><b>Top opportunities:</b><ul><li><b>High fit</b> - Wastewater Treatment Plant or Facility Initiatives; Financial - $2,800,000</li><li><b>High fit</b> - Financial; Lift Station Initiatives - $60,000</li></ul>]]></description><Point><coordinates>-119.401958,47.177565,0</coordinates></Point></Placemark>
<Placemark><name>Sewer Authority Mid-Coastside</name><styleUrl>#s2</styleUrl><description><![CDATA[<b>Sewer Authority Mid-Coastside</b> (CA)<br/>EAE score: <b>33.3</b> &nbsp;|&nbsp; Status: <b>Open</b><br/>County: Unspecified<br/>Opportunities: 3 (3 high-fit, 2 priority)<br/>Total value: $150,000<br/><br/><b>Contact:</b> George Evans, Finance Officer<br/>timc@samcleanswater.org 1-650-726-0124;ext=104<br/><br/><b>Top opportunities:</b><ul><li><b>High fit</b> - Pump Initiatives - $100,000</li><li><b>High fit</b> - Pump Initiatives - $50,000</li><li><b>High fit</b> - Wastewater Treatment Plant or Facility Initiatives - $nan</li></ul>]]></description><Point><coordinates>-122.415566,37.389057,0</coordinates></Point></Placemark>
<Placemark><name>San Miguel Community Services District</name><styleUrl>#s2</styleUrl><description><![CDATA[<b>San Miguel Community Services District</b> (CA)<br/>EAE score: <b>33.3</b> &nbsp;|&nbsp; Status: <b>Open</b><br/>County: Unspecified<br/>Opportunities: 4 (4 high-fit, 0 priority)<br/>Total value: $142,798<br/><br/><b>Contact:</b> Rod Smiley, President<br/>rod.smiley@sanmiguelcsd.org 1-805-467-3388<br/><br/><b>Top opportunities:</b><ul><li><b>High fit</b> - Wastewater Treatment Plant or Facility Initiatives - $142,798</li><li><b>High fit</b> - Wastewater Treatment Plant or Facility Initiatives - $nan</li><li><b>High fit</b> - Wastewater Treatment Plant or Facility Initiatives - $nan</li><li><b>High fit</b> - Wastewater Treatment Plant or Facility Initiatives - $nan</li></ul>]]></description><Point><coordinates>-120.646803,35.705546,0</coordinates></Point></Placemark>
<Placemark><name>City of Fairfield</name><styleUrl>#s2</styleUrl><description><![CDATA[<b>City of Fairfield</b> (CA)<br/>EAE score: <b>33.0</b> &nbsp;|&nbsp; Status: <b>Open</b><br/>Population: 144,000<br/>County: Solano<br/>Opportunities: 3 (3 high-fit, 2 priority)<br/>Total value: $1,525,000<br/><br/><b>Contact:</b> Marisa Cumpian, Sr. Management Analyst / Project Contact<br/>mcumpian@fairfield.ca.gov 1-707-428-7494<br/><br/><b>Top opportunities:</b><ul><li><b>High fit</b> - Pump Initiatives; Pump Station Initiatives - $925,000</li><li><b>High fit</b> - Lift Station Initiatives; Pump Initiatives - $600,000</li><li><b>High fit</b> - Wastewater Treatment Plant or Facility Initiatives - $nan</li></ul>]]></description><Point><coordinates>-122.020276,38.278428,0</coordinates></Point></Placemark>
<Placemark><name>City of Garden Grove</name><styleUrl>#s2</styleUrl><description><![CDATA[<b>City of Garden Grove</b> (CA)<br/>EAE score: <b>33.0</b> &nbsp;|&nbsp; Status: <b>Open</b><br/>Population: 173,258<br/>County: Orange<br/>Opportunities: 3 (3 high-fit, 2 priority)<br/>Total value: $3,000,000<br/><br/><b>Contact:</b> Samuel Kim, Deputy Public Works Director<br/>samk@ggcity.org 1-714-741-5534<br/><br/><b>Top opportunities:</b><ul><li><b>High fit</b> - System Monitoring and Control Software Initiatives - $2,100,000</li><li><b>High fit</b> - System Monitoring and Control Software Initiatives - $900,000</li><li><b>High fit</b> - System Monitoring and Control Software Initiatives - $nan</li></ul>]]></description><Point><coordinates>-117.769442,33.640302,0</coordinates></Point></Placemark>
<Placemark><name>City of Lebanon</name><styleUrl>#s2</styleUrl><description><![CDATA[<b>City of Lebanon</b> (OR)<br/>EAE score: <b>33.0</b> &nbsp;|&nbsp; Status: <b>Open</b><br/>Population: 17,417<br/>County: Linn<br/>Opportunities: 3 (2 high-fit, 1 priority)<br/>Total value: $0<br/><br/><b>Contact:</b> Jason Willams, Public Works Director<br/>jwilliams@ci.lebanon.or.us 1-541-258-4280<br/><br/><b>Top opportunities:</b><ul><li><b>High fit</b> - Wastewater Treatment Plant or Facility Initiatives; Consultant Initiatives - $nan</li><li><b>Medium fit</b> - Distribution System-Wide Initiatives - $nan</li><li><b>High fit</b> - Wastewater Treatment Plant or Facility Initiatives - $nan</li></ul>]]></description><Point><coordinates>-122.581676,44.594489,0</coordinates></Point></Placemark>
<Placemark><name>City of Yakima</name><styleUrl>#s2</styleUrl><description><![CDATA[<b>City of Yakima</b> (WA)<br/>EAE score: <b>32.9</b> &nbsp;|&nbsp; Status: <b>Open</b><br/>Population: 97,340<br/>County: Yakima<br/>Opportunities: 4 (3 high-fit, 3 priority)<br/>Total value: $450,000<br/><br/><b>Contact:</b> Bill Preston, Community Development Director<br/>bill.preston@yakimawa.gov 1-509-576-6754<br/><br/><b>Top opportunities:</b><ul><li><b>High fit</b> - Pump Initiatives; Power Supply, Control, and Protection Initiatives - $300,000</li><li><b>High fit</b> - Reservoir Initiatives; Pump Station Initiatives - $100,000</li><li><b>High fit</b> - Pump Station Initiatives; Pump Initiatives - $50,000</li><li><b>Medium fit</b> - Operations-Wide Initiatives; Water Loss or Reduction Initiatives - $nan</li></ul>]]></description><Point><coordinates>-120.725557,46.644476,0</coordinates></Point></Placemark>
<Placemark><name>City of Grants Pass</name><styleUrl>#s2</styleUrl><description><![CDATA[<b>City of Grants Pass</b> (OR)<br/>EAE score: <b>32.9</b> &nbsp;|&nbsp; Status: <b>Open</b><br/>Population: 38,170<br/>County: Josephine<br/>Opportunities: 2 (2 high-fit, 1 priority)<br/>Total value: $950,000<br/><br/><b>Contact:</b> Jason Canady, Public Works Director<br/>jcanady@grantspassoregon.gov 1-541-450-6110<br/><br/><b>Top opportunities:</b><ul><li><b>High fit</b> - Wastewater Treatment Plant or Facility Initiatives; Financial - $750,000</li><li><b>High fit</b> - Reservoir Initiatives; Water Treatment Plant or Facility Initiatives - $200,000</li></ul>]]></description><Point><coordinates>-123.416119,42.402144,0</coordinates></Point></Placemark>
<Placemark><name>City of Casa Grande</name><styleUrl>#s2</styleUrl><description><![CDATA[<b>City of Casa Grande</b> (AZ)<br/>EAE score: <b>32.6</b> &nbsp;|&nbsp; Status: <b>Open</b><br/>Population: 58,632<br/>County: Pinal<br/>Opportunities: 3 (2 high-fit, 3 priority)<br/>Total value: $5,275,000<br/><br/><b>Contact:</b> Deborah Spittel, City Manager<br/>deborah_spittel@casagrandeaz.gov 1-520-421-8600<br/><br/><b>Top opportunities:</b><ul><li><b>High fit</b> - Lift Station Initiatives - $3,625,000</li><li><b>High fit</b> - Financial; Wastewater Treatment Plant or Facility Initiatives - $1,200,000</li><li><b>Medium fit</b> - Wastewater-Wide Initiatives; Collection System-Wide Initiatives - $450,000</li></ul>]]></description><Point><coordinates>-111.31,32.96,0</coordinates></Point></Placemark>
<Placemark><name>City of Edmonds</name><styleUrl>#s2</styleUrl><description><![CDATA[<b>City of Edmonds</b> (WA)<br/>EAE score: <b>32.2</b> &nbsp;|&nbsp; Status: <b>Open</b><br/>Population: 42,605<br/>County: Snohomish<br/>Opportunities: 2 (2 high-fit, 1 priority)<br/>Total value: $575,000<br/><br/><b>Contact:</b> Robert English, City Engineer<br/>robert.english@edmondswa.gov 1-425-771-0220;ext=1327<br/><br/><b>Top opportunities:</b><ul><li><b>High fit</b> - Power Supply, Control, and Protection Initiatives - $500,000</li><li><b>High fit</b> - Pipe Initiatives; Pump Initiatives - $75,000</li></ul>]]></description><Point><coordinates>-122.372401,47.806068,0</coordinates></Point></Placemark>
<Placemark><name>Joshua Basin Water District</name><styleUrl>#s2</styleUrl><description><![CDATA[<b>Joshua Basin Water District</b> (CA)<br/>EAE score: <b>32.1</b> &nbsp;|&nbsp; Status: <b>Open</b><br/>Population: 10,000<br/>County: San Bernardino<br/>Opportunities: 3 (3 high-fit, 0 priority)<br/>Total value: $555,000<br/><br/><b>Contact:</b> David Shook, Director of Administration<br/>dshook@jbwd.com 1-760-366-8438<br/><br/><b>Top opportunities:</b><ul><li><b>High fit</b> - Wastewater Treatment Plant or Facility Initiatives - $450,000</li><li><b>High fit</b> - System Monitoring and Control Software Initiatives - $105,000</li><li><b>High fit</b> - Wastewater Treatment Plant or Facility Initiatives - $nan</li></ul>]]></description><Point><coordinates>-116.268415,34.175713,0</coordinates></Point></Placemark>
<Placemark><name>Los Alamos Community Services District</name><styleUrl>#s2</styleUrl><description><![CDATA[<b>Los Alamos Community Services District</b> (CA)<br/>EAE score: <b>32.0</b> &nbsp;|&nbsp; Status: <b>Open</b><br/>Population: 446,499<br/>County: Santa Barbara<br/>Opportunities: 4 (4 high-fit, 0 priority)<br/>Total value: $1,024,500<br/><br/><b>Contact:</b> Michael D. Redondo, County Clerk<br/>michael.redondo@losalamosnm.gov 1-805-344-4195<br/><br/><b>Top opportunities:</b><ul><li><b>High fit</b> - Wastewater Treatment Plant or Facility Initiatives - $437,500</li><li><b>High fit</b> - Wastewater Treatment Plant or Facility Initiatives - $416,000</li><li><b>High fit</b> - Lift Station Initiatives; Pipe Initiatives - $150,000</li><li><b>High fit</b> - System Monitoring and Control Software Initiatives - $21,000</li></ul>]]></description><Point><coordinates>-120.204944,34.745715,0</coordinates></Point></Placemark>
<Placemark><name>Town of Friday Harbor</name><styleUrl>#s2</styleUrl><description><![CDATA[<b>Town of Friday Harbor</b> (WA)<br/>EAE score: <b>32.0</b> &nbsp;|&nbsp; Status: <b>Open</b><br/>Population: 2,562<br/>County: San Juan<br/>Opportunities: 1 (1 high-fit, 0 priority)<br/>Total value: $6,500,000<br/><br/><b>Contact:</b> Wayne Haefele, Director Of Public Works<br/>wayneh@fridayharbor.org 1-360-378-2154<br/><br/><b>Top opportunities:</b><ul><li><b>High fit</b> - Wastewater Treatment Plant or Facility Initiatives; Financial - $6,500,000</li></ul>]]></description><Point><coordinates>-122.867603,48.659128,0</coordinates></Point></Placemark>
<Placemark><name>San Diego Association Of Governments (Sandag)</name><styleUrl>#s2</styleUrl><description><![CDATA[<b>San Diego Association Of Governments (Sandag)</b> (CA)<br/>EAE score: <b>32.0</b> &nbsp;|&nbsp; Status: <b>Open</b><br/>Population: 3,338,330<br/>County: San Diego<br/>Opportunities: 1 (1 high-fit, 1 priority)<br/>Total value: $50,000,000<br/><br/><b>Contact:</b> Antoinette Meier, Senior Director of Regional Planning<br/>antoinette.meier@sandag.org 1-619-699-7381<br/><br/><b>Top opportunities:</b><ul><li><b>High fit</b> - Lift Station Initiatives - $50,000,000</li></ul>]]></description><Point><coordinates>-117.136812,32.810983,0</coordinates></Point></Placemark>
<Placemark><name>Quartz Hill County Water District</name><styleUrl>#s2</styleUrl><description><![CDATA[<b>Quartz Hill County Water District</b> (CA)<br/>EAE score: <b>32.0</b> &nbsp;|&nbsp; Status: <b>Open</b><br/>Population: 10,039,107<br/>County: Los Angeles<br/>Opportunities: 2 (2 high-fit, 0 priority)<br/>Total value: $22,431,000<br/><br/><b>Contact:</b> Brent Byrne, General Manager<br/>brentb@qhwd.org nan<br/><br/><b>Top opportunities:</b><ul><li><b>High fit</b> - Water Treatment Plant or Facility Initiatives; Heavy Metals or Toxic Chemical Initiatives - $13,671,000</li><li><b>High fit</b> - Pump Station Initiatives - $8,760,000</li></ul>]]></description><Point><coordinates>-118.298662,33.786594,0</coordinates></Point></Placemark>
<Placemark><name>Sacramento Regional Transit District</name><styleUrl>#s2</styleUrl><description><![CDATA[<b>Sacramento Regional Transit District</b> (CA)<br/>EAE score: <b>31.9</b> &nbsp;|&nbsp; Status: <b>Open</b><br/>Population: 1,552,058<br/>County: Sacramento<br/>Opportunities: 2 (2 high-fit, 0 priority)<br/>Total value: $9,960,000<br/><br/><b>Contact:</b> Jason Johnson, Chief Financial Officer<br/>Jjohnson@sacrt.com +1-916-280-9827<br/><br/><b>Top opportunities:</b><ul><li><b>High fit</b> - System Monitoring and Control Software Initiatives - $9,960,000</li><li><b>High fit</b> - System Monitoring and Control Software Initiatives - $nan</li></ul>]]></description><Point><coordinates>-121.444429,38.377411,0</coordinates></Point></Placemark>
<Placemark><name>Stockton East Water District</name><styleUrl>#s2</styleUrl><description><![CDATA[<b>Stockton East Water District</b> (CA)<br/>EAE score: <b>31.7</b> &nbsp;|&nbsp; Status: <b>Open</b><br/>Population: 762,148<br/>County: San Joaquin<br/>Opportunities: 3 (3 high-fit, 3 priority)<br/>Total value: $860,000<br/><br/><b>Contact:</b> Juan Vega, Assistant General Manager<br/>jvega@sewd.net 1-209-948-0537<br/><br/><b>Top opportunities:</b><ul><li><b>High fit</b> - Pump Station Initiatives - $650,000</li><li><b>High fit</b> - Pump Station Initiatives - $200,000</li><li><b>High fit</b> - Financial; Water Treatment Plant or Facility Initiatives - $10,000</li></ul>]]></description><Point><coordinates>-121.128903,37.964123,0</coordinates></Point></Placemark>
<Placemark><name>City of Hemet</name><styleUrl>#s2</styleUrl><description><![CDATA[<b>City of Hemet</b> (CA)<br/>EAE score: <b>31.7</b> &nbsp;|&nbsp; Status: <b>Open</b><br/>Population: 85,334<br/>County: Riverside<br/>Opportunities: 2 (2 high-fit, 2 priority)<br/>Total value: $5,350,000<br/><br/><b>Contact:</b> Mark Prestwich, City Manager<br/>mprestwich@hemetca.gov 1-951-765-2301<br/><br/><b>Top opportunities:</b><ul><li><b>High fit</b> - Water Treatment Plant or Facility Initiatives - $5,000,000</li><li><b>High fit</b> - Pump Initiatives - $350,000</li></ul>]]></description><Point><coordinates>-116.777014,33.651652,0</coordinates></Point></Placemark>
<Placemark><name>City of Grass Valley</name><styleUrl>#s2</styleUrl><description><![CDATA[<b>City of Grass Valley</b> (CA)<br/>EAE score: <b>31.5</b> &nbsp;|&nbsp; Status: <b>Open</b><br/>Population: 12,817<br/>County: Nevada<br/>Opportunities: 2 (2 high-fit, 1 priority)<br/>Total value: $240,000<br/><br/><b>Contact:</b> Trever Van Noort, Utilities Superintendent<br/>treverv@cityofgrassvalley.com 1-530-274-4371<br/><br/><b>Top opportunities:</b><ul><li><b>High fit</b> - System Monitoring and Control Software Initiatives - $240,000</li><li><b>High fit</b> - System Monitoring and Control Software Initiatives - $nan</li></ul>]]></description><Point><coordinates>-120.95855,39.196288,0</coordinates></Point></Placemark>
<Placemark><name>Water Infrastructure Finance Authority of Arizona</name><styleUrl>#s2</styleUrl><description><![CDATA[<b>Water Infrastructure Finance Authority of Arizona</b> (AZ)<br/>EAE score: <b>31.5</b> &nbsp;|&nbsp; Status: <b>Open</b><br/>Population: 1,660,000<br/>County: Maricopa<br/>Opportunities: 2 (2 high-fit, 2 priority)<br/>Total value: $5,237,343<br/><br/><b>Contact:</b> nan, nan<br/>nan nan<br/><br/><b>Top opportunities:</b><ul><li><b>High fit</b> - Wastewater Treatment Plant or Facility Initiatives - $3,000,000</li><li><b>High fit</b> - System Monitoring and Control Software Initiatives - $2,237,343</li></ul>]]></description><Point><coordinates>-112.18717,33.276539,0</coordinates></Point></Placemark>
<Placemark><name>City of Arlington</name><styleUrl>#s2</styleUrl><description><![CDATA[<b>City of Arlington</b> (WA)<br/>EAE score: <b>31.2</b> &nbsp;|&nbsp; Status: <b>Open</b><br/>Population: 20,523<br/>County: Snohomish<br/>Opportunities: 3 (3 high-fit, 1 priority)<br/>Total value: $75,000<br/><br/><b>Contact:</b> Paul Ellis, City Administrator<br/>pellis@arlingtonwa.gov 1-360-403-4603<br/><br/><b>Top opportunities:</b><ul><li><b>High fit</b> - Lift Station Initiatives; Financial - $75,000</li><li><b>High fit</b> - Lift Station Initiatives - $nan</li><li><b>High fit</b> - Lift Station Initiatives; Pipe Initiatives - $nan</li></ul>]]></description><Point><coordinates>-121.959469,48.181498,0</coordinates></Point></Placemark>
<Placemark><name>City of Banning</name><styleUrl>#s2</styleUrl><description><![CDATA[<b>City of Banning</b> (CA)<br/>EAE score: <b>31.2</b> &nbsp;|&nbsp; Status: <b>Open</b><br/>Population: 31,221<br/>County: Riverside<br/>Opportunities: 1 (1 high-fit, 0 priority)<br/>Total value: $6,125,000<br/><br/><b>Contact:</b> Art Vela, Director of Public Works<br/>avela@banningca.gov 1-951-922-3130<br/><br/><b>Top opportunities:</b><ul><li><b>High fit</b> - System Monitoring and Control Software Initiatives - $6,125,000</li></ul>]]></description><Point><coordinates>-116.864197,33.919215,0</coordinates></Point></Placemark>
<Placemark><name>City of Chowchilla</name><styleUrl>#s2</styleUrl><description><![CDATA[<b>City of Chowchilla</b> (CA)<br/>EAE score: <b>31.1</b> &nbsp;|&nbsp; Status: <b>Open</b><br/>Population: 18,310<br/>County: Madera<br/>Opportunities: 2 (2 high-fit, 1 priority)<br/>Total value: $40,000<br/><br/><b>Contact:</b> Jason Rogers, Director of Public Works<br/>jrogers@cityofchowchilla.org 1-559-665-8615;ext=789<br/><br/><b>Top opportunities:</b><ul><li><b>High fit</b> - System Monitoring and Control Software Initiatives - $40,000</li><li><b>High fit</b> - System Monitoring and Control Software Initiatives - $nan</li></ul>]]></description><Point><coordinates>-120.266097,37.013396,0</coordinates></Point></Placemark>
<Placemark><name>City of Oak Harbor</name><styleUrl>#s2</styleUrl><description><![CDATA[<b>City of Oak Harbor</b> (WA)<br/>EAE score: <b>31.0</b> &nbsp;|&nbsp; Status: <b>Open</b><br/>Population: 23,565<br/>County: Island<br/>Opportunities: 2 (2 high-fit, 1 priority)<br/>Total value: $0<br/><br/><b>Contact:</b> Chris Price, Operations Manager<br/>cprice@oakharbor.org 1-360-279-4763<br/><br/><b>Top opportunities:</b><ul><li><b>High fit</b> - System Monitoring and Control Software Initiatives - $nan</li><li><b>High fit</b> - System Monitoring and Control Software Initiatives - $nan</li></ul>]]></description><Point><coordinates>-122.629353,48.319858,0</coordinates></Point></Placemark>
<Placemark><name>City of Hayward</name><styleUrl>#s2</styleUrl><description><![CDATA[<b>City of Hayward</b> (CA)<br/>EAE score: <b>31.0</b> &nbsp;|&nbsp; Status: <b>Open</b><br/>Population: 159,203<br/>County: Alameda<br/>Opportunities: 5 (3 high-fit, 2 priority)<br/>Total value: $10,650,000<br/><br/><b>Contact:</b> Alex Ameri, Director of Public Works<br/>alex.ameri@hayward-ca.gov 1-510-583-4700<br/><br/><b>Top opportunities:</b><ul><li><b>Medium fit</b> - Reservoir Initiatives; Financial - $10,000,000</li><li><b>Medium fit</b> - Collection System-Wide Initiatives - $650,000</li><li><b>High fit</b> - Wastewater Treatment Plant or Facility Initiatives - $nan</li><li><b>High fit</b> - Water Reuse Initiatives; Disinfection Initiatives - $nan</li><li><b>High fit</b> - Wastewater Treatment Plant or Facility Initiatives - $nan</li></ul>]]></description><Point><coordinates>-121.97412,37.67513,0</coordinates></Point></Placemark>
<Placemark><name>City of Okanogan</name><styleUrl>#s2</styleUrl><description><![CDATA[<b>City of Okanogan</b> (WA)<br/>EAE score: <b>31.0</b> &nbsp;|&nbsp; Status: <b>Open</b><br/>Population: 2,588<br/>County: Okanogan<br/>Opportunities: 3 (3 high-fit, 0 priority)<br/>Total value: $1,490,000<br/><br/><b>Contact:</b> Jon Culp, Mayor<br/>okanoganmayor@okanogancity.com 1-509-422-3600<br/><br/><b>Top opportunities:</b><ul><li><b>High fit</b> - Wastewater Treatment Plant or Facility Initiatives - $990,000</li><li><b>High fit</b> - Wastewater Treatment Plant or Facility Initiatives - $500,000</li><li><b>High fit</b> - Wastewater Treatment Plant or Facility Initiatives - $nan</li></ul>]]></description><Point><coordinates>-119.956787,48.577378,0</coordinates></Point></Placemark>
<Placemark><name>City of Fircrest</name><styleUrl>#s2</styleUrl><description><![CDATA[<b>City of Fircrest</b> (WA)<br/>EAE score: <b>31.0</b> &nbsp;|&nbsp; Status: <b>Open</b><br/>Population: 7,156<br/>County: Pierce<br/>Opportunities: 3 (3 high-fit, 0 priority)<br/>Total value: $0<br/><br/><b>Contact:</b> Jeff Davis, Public Works Foreman &amp; Utilities Superintendent<br/>jdavis@cityoffircrest.net 1-253-238-4137<br/><br/><b>Top opportunities:</b><ul><li><b>High fit</b> - Pump Station Initiatives - $nan</li><li><b>High fit</b> - Pump Station Initiatives - $nan</li><li><b>High fit</b> - Pump Station Initiatives - $nan</li></ul>]]></description><Point><coordinates>-122.53936,47.243075,0</coordinates></Point></Placemark>
<Placemark><name>City of White Salmon</name><styleUrl>#s2</styleUrl><description><![CDATA[<b>City of White Salmon</b> (WA)<br/>EAE score: <b>31.0</b> &nbsp;|&nbsp; Status: <b>Open</b><br/>Population: 2,691<br/>County: Klickitat<br/>Opportunities: 3 (3 high-fit, 0 priority)<br/>Total value: $0<br/><br/><b>Contact:</b> Andrew Dirks, Public Works Director<br/>andrewd@ci.white-salmon.wa.us 1-509-493-1133;ext=500<br/><br/><b>Top opportunities:</b><ul><li><b>High fit</b> - Road Initiatives; Pump Station Initiatives - $nan</li><li><b>High fit</b> - System Monitoring and Control Software Initiatives - $nan</li><li><b>High fit</b> - System Monitoring and Control Software Initiatives - $nan</li></ul>]]></description><Point><coordinates>-121.405863,45.828588,0</coordinates></Point></Placemark>
<Placemark><name>City of Calipatria</name><styleUrl>#s2</styleUrl><description><![CDATA[<b>City of Calipatria</b> (CA)<br/>EAE score: <b>31.0</b> &nbsp;|&nbsp; Status: <b>Open</b><br/>Population: 7,114<br/>County: Imperial<br/>Opportunities: 2 (2 high-fit, 0 priority)<br/>Total value: $1,500,000<br/><br/><b>Contact:</b> Edgar Self, Public Works Director<br/>e_self@calipatria.com 1-760-348-2718<br/><br/><b>Top opportunities:</b><ul><li><b>High fit</b> - Lift Station Initiatives; Financial - $1,500,000</li><li><b>High fit</b> - Power Supply, Control, and Protection Initiatives - $nan</li></ul>]]></description><Point><coordinates>-115.510284,33.157664,0</coordinates></Point></Placemark>
<Placemark><name>City of Page</name><styleUrl>#s2</styleUrl><description><![CDATA[<b>City of Page</b> (AZ)<br/>EAE score: <b>30.9</b> &nbsp;|&nbsp; Status: <b>Open</b><br/>Population: 7,529<br/>County: Coconino<br/>Opportunities: 1 (1 high-fit, 0 priority)<br/>Total value: $5,935,000<br/><br/><b>Contact:</b> Kyle Christiansen, Public Works Director<br/>kchristiansen@pageaz.gov 1-928-645-4300<br/><br/><b>Top opportunities:</b><ul><li><b>High fit</b> - Water Treatment Plant or Facility Initiatives - $5,935,000</li></ul>]]></description><Point><coordinates>-111.502009,36.910804,0</coordinates></Point></Placemark>
<Placemark><name>Borrego Water District</name><styleUrl>#s2</styleUrl><description><![CDATA[<b>Borrego Water District</b> (CA)<br/>EAE score: <b>30.6</b> &nbsp;|&nbsp; Status: <b>Open</b><br/>Population: 3,338,330<br/>County: San Diego<br/>Opportunities: 3 (3 high-fit, 0 priority)<br/>Total value: $3,300,000<br/><br/><b>Contact:</b> Geoff Poole, General Manager<br/>geoff@borregowd.org 1-760-767-5806<br/><br/><b>Top opportunities:</b><ul><li><b>High fit</b> - Water Treatment Plant or Facility Initiatives - $2,000,000</li><li><b>High fit</b> - Consultant Initiatives; Wastewater Treatment Plant or Facility Initiatives - $650,000</li><li><b>High fit</b> - Financial; Wastewater Treatment Plant or Facility Initiatives - $650,000</li></ul>]]></description><Point><coordinates>-116.846046,33.016928,0</coordinates></Point></Placemark>
<Placemark><name>City of Carlin</name><styleUrl>#s2</styleUrl><description><![CDATA[<b>City of Carlin</b> (NV)<br/>EAE score: <b>30.5</b> &nbsp;|&nbsp; Status: <b>Open</b><br/>Population: 2,277<br/>County: Elko<br/>Opportunities: 1 (1 high-fit, 0 priority)<br/>Total value: $5,750,000<br/><br/><b>Contact:</b> Richard Braithwaite, City Manager<br/>rbraithwaite@cityofcarlin.com 1-775-754-6354<br/><br/><b>Top opportunities:</b><ul><li><b>High fit</b> - Biosolids and Sludge Management Initiatives; Lift Station Initiatives - $5,750,000</li></ul>]]></description><Point><coordinates>-116.103154,40.715931,0</coordinates></Point></Placemark>
<Placemark><name>Town of Oro Valley</name><styleUrl>#s2</styleUrl><description><![CDATA[<b>Town of Oro Valley</b> (AZ)<br/>EAE score: <b>30.5</b> &nbsp;|&nbsp; Status: <b>Open</b><br/>Population: 46,044<br/>County: Pima<br/>Opportunities: 2 (2 high-fit, 1 priority)<br/>Total value: $1,240,000<br/><br/><b>Contact:</b> Paul Keesler, Director of Public Works<br/>pkeesler@orovalleyaz.gov 1-520-229-4811<br/><br/><b>Top opportunities:</b><ul><li><b>High fit</b> - Pump Station Initiatives - $1,240,000</li><li><b>High fit</b> - Water Treatment Plant or Facility Initiatives - $nan</li></ul>]]></description><Point><coordinates>-110.984499,32.435158,0</coordinates></Point></Placemark>
<Placemark><name>Cupertino Sanitary District</name><styleUrl>#s2</styleUrl><description><![CDATA[<b>Cupertino Sanitary District</b> (CA)<br/>EAE score: <b>30.5</b> &nbsp;|&nbsp; Status: <b>Open</b><br/>Population: 2,000,000<br/>County: Santa Clara<br/>Opportunities: 2 (2 high-fit, 0 priority)<br/>Total value: $6,260,000<br/><br/><b>Contact:</b> Benjamin T. Porter, District Manager-Engineer<br/>bporter@cupertinosanitarydistrict.org 1-408-253-7071<br/><br/><b>Top opportunities:</b><ul><li><b>High fit</b> - Lift Station Initiatives - $6,260,000</li><li><b>High fit</b> - Pipe Initiatives; Lift Station Initiatives - $nan</li></ul>]]></description><Point><coordinates>-121.705327,37.189396,0</coordinates></Point></Placemark>
<Placemark><name>South San Joaquin Irrigation District</name><styleUrl>#s2</styleUrl><description><![CDATA[<b>South San Joaquin Irrigation District</b> (CA)<br/>EAE score: <b>30.2</b> &nbsp;|&nbsp; Status: <b>Open</b><br/>County: Unspecified<br/>Opportunities: 2 (2 high-fit, 2 priority)<br/>Total value: $4,600,000<br/><br/><b>Contact:</b> Ed Erisman, Water Treatment Plant Manager<br/>eerisman@ssjid.com 1-209-844-1504<br/><br/><b>Top opportunities:</b><ul><li><b>High fit</b> - Water Treatment Plant or Facility Initiatives; Consultant Initiatives - $4,500,000</li><li><b>High fit</b> - Consultant Initiatives; Water Treatment Plant or Facility Initiatives - $100,000</li></ul>]]></description><Point><coordinates>-121.115411,37.765177,0</coordinates></Point></Placemark>
<Placemark><name>City of Bainbridge Island</name><styleUrl>#s2</styleUrl><description><![CDATA[<b>City of Bainbridge Island</b> (WA)<br/>EAE score: <b>30.1</b> &nbsp;|&nbsp; Status: <b>Open</b><br/>Population: 25,298<br/>County: Kitsap<br/>Opportunities: 2 (2 high-fit, 0 priority)<br/>Total value: $1,050,000<br/><br/><b>Contact:</b> Aaron Claiborne, Engineering Project Manager<br/>aclaiborne@bainbridgewa.gov 1-206-571-9853<br/><br/><b>Top opportunities:</b><ul><li><b>High fit</b> - System Monitoring and Control Software Initiatives - $1,050,000</li><li><b>High fit</b> - Disinfection Initiatives; Wastewater Treatment Plant or Facility Initiatives - $nan</li></ul>]]></description><Point><coordinates>-122.538016,47.647774,0</coordinates></Point></Placemark>
<Placemark><name>Cayucos Sanitary District</name><styleUrl>#s2</styleUrl><description><![CDATA[<b>Cayucos Sanitary District</b> (CA)<br/>EAE score: <b>30.0</b> &nbsp;|&nbsp; Status: <b>Open</b><br/>Population: 283,111<br/>County: San Luis Obispo<br/>Opportunities: 3 (3 high-fit, 2 priority)<br/>Total value: $0<br/><br/><b>Contact:</b> Gayle Good, District Manager<br/>ggood@cayucossd.org 1-805-995-9127<br/><br/><b>Top opportunities:</b><ul><li><b>High fit</b> - Pump Initiatives - $nan</li><li><b>High fit</b> - System Monitoring and Control Software Initiatives - $nan</li><li><b>High fit</b> - Pump Initiatives - $nan</li></ul>]]></description><Point><coordinates>-120.908608,35.473343,0</coordinates></Point></Placemark>
<Placemark><name>City of Salem</name><styleUrl>#s2</styleUrl><description><![CDATA[<b>City of Salem</b> (OR)<br/>EAE score: <b>30.0</b> &nbsp;|&nbsp; Status: <b>Open</b><br/>Population: 169,259<br/>County: Marion<br/>Opportunities: 1 (1 high-fit, 1 priority)<br/>Total value: $9,000,000<br/><br/><b>Contact:</b> Brian Martin, Public Works Director<br/>bmartin@cityofsalem.net 1-503-588-6211<br/><br/><b>Top opportunities:</b><ul><li><b>High fit</b> - Pipe Initiatives; Lift Station Initiatives - $9,000,000</li></ul>]]></description><Point><coordinates>-122.921721,44.90472,0</coordinates></Point></Placemark>
<Placemark><name>Skagit Public Utility District</name><styleUrl>#s2</styleUrl><description><![CDATA[<b>Skagit Public Utility District</b> (WA)<br/>EAE score: <b>30.0</b> &nbsp;|&nbsp; Status: <b>Open</b><br/>Population: 70,000<br/>County: Skagit<br/>Opportunities: 4 (4 high-fit, 0 priority)<br/>Total value: $0<br/><br/><b>Contact:</b> Mark Handzlik, Engineering Manager<br/>handzlik@skagitpud.org 1-360-848-2170<br/><br/><b>Top opportunities:</b><ul><li><b>High fit</b> - Water Treatment Plant or Facility Initiatives - $nan</li><li><b>High fit</b> - Water Treatment Plant or Facility Initiatives - $nan</li><li><b>High fit</b> - Operational Technology (OT) Initiatives - $nan</li><li><b>High fit</b> - System Monitoring and Control Software Initiatives - $nan</li></ul>]]></description><Point><coordinates>-122.208184,48.435248,0</coordinates></Point></Placemark>
<Placemark><name>City of Elko</name><styleUrl>#s2</styleUrl><description><![CDATA[<b>City of Elko</b> (NV)<br/>EAE score: <b>30.0</b> &nbsp;|&nbsp; Status: <b>Open</b><br/>Population: 20,452<br/>County: Elko<br/>Opportunities: 1 (1 high-fit, 1 priority)<br/>Total value: $5,500,000<br/><br/><b>Contact:</b> Dale Johnson, Assistant City Manager<br/>djohnson@elkocitynv.gov 1-775-777-7211<br/><br/><b>Top opportunities:</b><ul><li><b>High fit</b> - Pump Station Initiatives; Pipe Initiatives - $5,500,000</li></ul>]]></description><Point><coordinates>-115.534429,40.905583,0</coordinates></Point></Placemark>
<Placemark><name>City of North Bend</name><styleUrl>#s2</styleUrl><description><![CDATA[<b>City of North Bend</b> (OR)<br/>EAE score: <b>29.9</b> &nbsp;|&nbsp; Status: <b>Open</b><br/>Population: 9,768<br/>County: Coos<br/>Opportunities: 1 (1 high-fit, 0 priority)<br/>Total value: $6,944,000<br/><br/><b>Contact:</b> Jeff Bridgens, Finance Director<br/>jbridgens@nnorthbendcity.org 1-541-756-8529<br/><br/><b>Top opportunities:</b><ul><li><b>High fit</b> - System Monitoring and Control Software Initiatives - $6,944,000</li></ul>]]></description><Point><coordinates>-124.22419,43.232318,0</coordinates></Point></Placemark>
<Placemark><name>City of Victorville</name><styleUrl>#s2</styleUrl><description><![CDATA[<b>City of Victorville</b> (CA)<br/>EAE score: <b>29.2</b> &nbsp;|&nbsp; Status: <b>Open</b><br/>Population: 122,385<br/>County: San Bernardino<br/>Opportunities: 4 (2 high-fit, 3 priority)<br/>Total value: $601,115<br/><br/><b>Contact:</b> Fredy Bonilla, City Engineer<br/>fbonilla@victorvilleca.gov 1-760-955-5170<br/><br/><b>Top opportunities:</b><ul><li><b>Low fit</b> - Valve Initiatives; Hydrant Initiatives - $467,449</li><li><b>High fit</b> - Lift Station Initiatives - $100,000</li><li><b>Medium fit</b> - Distribution System-Wide Initiatives; Pipe Initiatives - $33,666</li><li><b>High fit</b> - Wastewater Treatment Plant or Facility Initiatives - $nan</li></ul>]]></description><Point><coordinates>-114.754916,34.491985,0</coordinates></Point></Placemark>
<Placemark><name>Valley of the Moon Water District</name><styleUrl>#s2</styleUrl><description><![CDATA[<b>Valley of the Moon Water District</b> (CA)<br/>EAE score: <b>29.1</b> &nbsp;|&nbsp; Status: <b>Open</b><br/>Population: 494,336<br/>County: Sonoma<br/>Opportunities: 4 (2 high-fit, 2 priority)<br/>Total value: $2,364,779<br/><br/><b>Contact:</b> Matt Fullner, General Manager<br/>MFullner@vomwd.org 1-707-996-1037<br/><br/><b>Top opportunities:</b><ul><li><b>Medium fit</b> - Distribution System-Wide Initiatives; Valve Initiatives - $990,411</li><li><b>Medium fit</b> - Distribution System-Wide Initiatives - $832,822</li><li><b>High fit</b> - Pump Station Initiatives - $541,546</li><li><b>High fit</b> - Pipe Initiatives; Pump Station Initiatives - $nan</li></ul>]]></description><Point><coordinates>-122.810328,38.477043,0</coordinates></Point></Placemark>
<Placemark><name>City of Merced</name><styleUrl>#s2</styleUrl><description><![CDATA[<b>City of Merced</b> (CA)<br/>EAE score: <b>29.0</b> &nbsp;|&nbsp; Status: <b>Open</b><br/>Population: 83,676<br/>County: Merced<br/>Opportunities: 1 (1 high-fit, 1 priority)<br/>Total value: $16,755,000<br/><br/><b>Contact:</b> Johnnie Baptista, Water Division Supervisor<br/>baptistaj@cityofmerced.org 1-209-385-6800<br/><br/><b>Top opportunities:</b><ul><li><b>High fit</b> - Water Treatment Plant or Facility Initiatives - $16,755,000</li></ul>]]></description><Point><coordinates>-120.475427,37.338191,0</coordinates></Point></Placemark>
<Placemark><name>Fountain Hills Sanitary District</name><styleUrl>#s2</styleUrl><description><![CDATA[<b>Fountain Hills Sanitary District</b> (AZ)<br/>EAE score: <b>29.0</b> &nbsp;|&nbsp; Status: <b>Open</b><br/>Population: 25,200<br/>County: Maricopa<br/>Opportunities: 2 (2 high-fit, 0 priority)<br/>Total value: $2,000,000<br/><br/><b>Contact:</b> Dana Trompke, District Manager<br/>danatrompke@az-fhsd.gov 1-480-837-9444<br/><br/><b>Top opportunities:</b><ul><li><b>High fit</b> - Lift Station Initiatives - $1,500,000</li><li><b>High fit</b> - Lift Station Initiatives; Financial - $500,000</li></ul>]]></description><Point><coordinates>-112.18717,33.276539,0</coordinates></Point></Placemark>
<Placemark><name>San Francisco Bay Area Rapid Transit District</name><styleUrl>#s2</styleUrl><description><![CDATA[<b>San Francisco Bay Area Rapid Transit District</b> (CA)<br/>EAE score: <b>29.0</b> &nbsp;|&nbsp; Status: <b>Open</b><br/>Population: 420,233<br/>County: Alameda<br/>Opportunities: 1 (1 high-fit, 0 priority)<br/>Total value: $13,000,000<br/><br/><b>Contact:</b> Dorothy Dugger, General Manager<br/>ddugger@bart.gov 1-510-464-7000<br/><br/><b>Top opportunities:</b><ul><li><b>High fit</b> - System Monitoring and Control Software Initiatives - $13,000,000</li></ul>]]></description><Point><coordinates>-122.27018,37.809435,0</coordinates></Point></Placemark>
<Placemark><name>Indio Water Authority</name><styleUrl>#s2</styleUrl><description><![CDATA[<b>Indio Water Authority</b> (CA)<br/>EAE score: <b>29.0</b> &nbsp;|&nbsp; Status: <b>Open</b><br/>Population: 91,765<br/>County: Riverside<br/>Opportunities: 1 (1 high-fit, 1 priority)<br/>Total value: $122,000,000<br/><br/><b>Contact:</b> Rachel Pust, Finance Manager<br/>rpust@indio.org 1-760-541-4238<br/><br/><b>Top opportunities:</b><ul><li><b>High fit</b> - Water Treatment Plant or Facility Initiatives - $122,000,000</li></ul>]]></description><Point><coordinates>-116.035705,33.728721,0</coordinates></Point></Placemark>
<Placemark><name>City of Gold Beach</name><styleUrl>#s2</styleUrl><description><![CDATA[<b>City of Gold Beach</b> (OR)<br/>EAE score: <b>28.9</b> &nbsp;|&nbsp; Status: <b>Open</b><br/>Population: 2,304<br/>County: Curry<br/>Opportunities: 2 (2 high-fit, 0 priority)<br/>Total value: $445,000<br/><br/><b>Contact:</b> Anne Heath, Interim City Administrator<br/>aheath@goldbeachoregon.gov 1-541-247-7029<br/><br/><b>Top opportunities:</b><ul><li><b>High fit</b> - System Monitoring and Control Software Initiatives - $320,000</li><li><b>High fit</b> - System Monitoring and Control Software Initiatives - $125,000</li></ul>]]></description><Point><coordinates>-124.334383,42.410099,0</coordinates></Point></Placemark>
<Placemark><name>City of Livermore</name><styleUrl>#s2</styleUrl><description><![CDATA[<b>City of Livermore</b> (CA)<br/>EAE score: <b>28.6</b> &nbsp;|&nbsp; Status: <b>Open</b><br/>Population: 90,189<br/>County: Alameda<br/>Opportunities: 2 (2 high-fit, 2 priority)<br/>Total value: $2,300,000<br/><br/><b>Contact:</b> Carl Brown, Public Works Director<br/>nan +1-925-960-8003<br/><br/><b>Top opportunities:</b><ul><li><b>High fit</b> - Lift Station Initiatives; System Monitoring and Control Software Initiatives - $1,700,000</li><li><b>High fit</b> - Lift Station Initiatives; Pipe Initiatives - $600,000</li></ul>]]></description><Point><coordinates>-121.91605,37.676781,0</coordinates></Point></Placemark>
<Placemark><name>City of Point Arena</name><styleUrl>#s2</styleUrl><description><![CDATA[<b>City of Point Arena</b> (CA)<br/>EAE score: <b>28.6</b> &nbsp;|&nbsp; Status: <b>Open</b><br/>Population: 449<br/>County: Mendocino<br/>Opportunities: 2 (2 high-fit, 0 priority)<br/>Total value: $300,000<br/><br/><b>Contact:</b> Paul Andersen, City Clerk<br/>admin@pointarena.ca.gov 1-707-882-2122<br/><br/><b>Top opportunities:</b><ul><li><b>High fit</b> - Wastewater Treatment Plant or Facility Initiatives - $200,000</li><li><b>High fit</b> - Wastewater Treatment Plant or Facility Initiatives - $100,000</li></ul>]]></description><Point><coordinates>-123.321202,39.403699,0</coordinates></Point></Placemark>
<Placemark><name>Town of Coupeville</name><styleUrl>#s2</styleUrl><description><![CDATA[<b>Town of Coupeville</b> (WA)<br/>EAE score: <b>28.5</b> &nbsp;|&nbsp; Status: <b>Open</b><br/>Population: 1,972<br/>County: Island<br/>Opportunities: 2 (2 high-fit, 0 priority)<br/>Total value: $1,730,000<br/><br/><b>Contact:</b> Joe Grogan, Public Works Director<br/>publicworks@townofcoupeville.org 1-360-678-4461;ext=110<br/><br/><b>Top opportunities:</b><ul><li><b>High fit</b> - Wastewater Tank Initiatives; Wastewater Treatment Plant or Facility Initiatives - $1,650,000</li><li><b>High fit</b> - Lift Station Initiatives - $80,000</li></ul>]]></description><Point><coordinates>-122.66765,48.1894,0</coordinates></Point></Placemark>
<Placemark><name>City of Blaine</name><styleUrl>#s2</styleUrl><description><![CDATA[<b>City of Blaine</b> (WA)<br/>EAE score: <b>28.3</b> &nbsp;|&nbsp; Status: <b>Open</b><br/>Population: 5,607<br/>County: Whatcom<br/>Opportunities: 3 (2 high-fit, 0 priority)<br/>Total value: $142,163<br/><br/><b>Contact:</b> Bernie Ziemianek, Director Of Public Works<br/>bziemianek@cityofblaine.com 1-360-332-8311;ext=3413<br/><br/><b>Top opportunities:</b><ul><li><b>High fit</b> - Lift Station Initiatives - $92,163</li><li><b>High fit</b> - System Monitoring and Control Software Initiatives - $50,000</li><li><b>Low fit</b> - Wastewater Treatment-Wide Initiatives; Wastewater Tank Initiatives - $nan</li></ul>]]></description><Point><coordinates>-122.366448,48.935767,0</coordinates></Point></Placemark>
<Placemark><name>City of Sonoma</name><styleUrl>#s2</styleUrl><description><![CDATA[<b>City of Sonoma</b> (CA)<br/>EAE score: <b>28.3</b> &nbsp;|&nbsp; Status: <b>Open</b><br/>Population: 11,024<br/>County: Sonoma<br/>Opportunities: 1 (1 high-fit, 1 priority)<br/>Total value: $3,134,000<br/><br/><b>Contact:</b> Terrence Erickson, Water Supervisor<br/>TErickson@sonomacity.org 1-707-933-2231<br/><br/><b>Top opportunities:</b><ul><li><b>High fit</b> - Pump Station Initiatives - $3,134,000</li></ul>]]></description><Point><coordinates>-122.476819,38.255943,0</coordinates></Point></Placemark>
<Placemark><name>City of West Linn</name><styleUrl>#s2</styleUrl><description><![CDATA[<b>City of West Linn</b> (OR)<br/>EAE score: <b>28.2</b> &nbsp;|&nbsp; Status: <b>Open</b><br/>Population: 26,736<br/>County: Clackamas<br/>Opportunities: 2 (2 high-fit, 1 priority)<br/>Total value: $120,000<br/><br/><b>Contact:</b> Matt Kaatz, Water Operations Supervisor<br/>Mkaatz@westlinnoregon.gov 1-503-742-6083<br/><br/><b>Top opportunities:</b><ul><li><b>High fit</b> - System Monitoring and Control Software Initiatives - $120,000</li><li><b>High fit</b> - Lift Station Initiatives - $nan</li></ul>]]></description><Point><coordinates>-122.664926,45.343615,0</coordinates></Point></Placemark>
<Placemark><name>La Puente Valley County Water District</name><styleUrl>#s2</styleUrl><description><![CDATA[<b>La Puente Valley County Water District</b> (CA)<br/>EAE score: <b>28.2</b> &nbsp;|&nbsp; Status: <b>Open</b><br/>Population: 9,500<br/>County: Los Angeles<br/>Opportunities: 2 (2 high-fit, 0 priority)<br/>Total value: $95,000<br/><br/><b>Contact:</b> Henry P Hernandez, Director of Planning<br/>hhernandez@lapuentewater.com 1-626-330-2126<br/><br/><b>Top opportunities:</b><ul><li><b>High fit</b> - System Monitoring and Control Software Initiatives - $80,000</li><li><b>High fit</b> - System Monitoring and Control Software Initiatives - $15,000</li></ul>]]></description><Point><coordinates>-118.298662,33.786594,0</coordinates></Point></Placemark>
<Placemark><name>Napa Berryessa Resort Improvement District</name><styleUrl>#s2</styleUrl><description><![CDATA[<b>Napa Berryessa Resort Improvement District</b> (CA)<br/>EAE score: <b>28.0</b> &nbsp;|&nbsp; Status: <b>Open</b><br/>Population: 137,744<br/>County: Napa<br/>Opportunities: 1 (1 high-fit, 1 priority)<br/>Total value: $8,000,000<br/><br/><b>Contact:</b> Ryan J. Alsop, Chief Executive Officer<br/>NBRID@countyofnapa.org 1-707-259-8600<br/><br/><b>Top opportunities:</b><ul><li><b>High fit</b> - Water Treatment Plant or Facility Initiatives; Financial - $8,000,000</li></ul>]]></description><Point><coordinates>-122.311685,38.256973,0</coordinates></Point></Placemark>
<Placemark><name>City of Coquille</name><styleUrl>#s2</styleUrl><description><![CDATA[<b>City of Coquille</b> (OR)<br/>EAE score: <b>28.0</b> &nbsp;|&nbsp; Status: <b>Open</b><br/>Population: 3,938<br/>County: Coos<br/>Opportunities: 2 (2 high-fit, 0 priority)<br/>Total value: $0<br/><br/><b>Contact:</b> Forrest Neuerburg, City Manager<br/>fneuerburg@cityofcoquille.org 1-541-396-2115;ext=201<br/><br/><b>Top opportunities:</b><ul><li><b>High fit</b> - Pipe Initiatives; Pump Station Initiatives - $nan</li><li><b>High fit</b> - Pump Station Initiatives - $nan</li></ul>]]></description><Point><coordinates>-124.22419,43.232318,0</coordinates></Point></Placemark>
<Placemark><name>City of Riverbank</name><styleUrl>#s2</styleUrl><description><![CDATA[<b>City of Riverbank</b> (CA)<br/>EAE score: <b>28.0</b> &nbsp;|&nbsp; Status: <b>Open</b><br/>Population: 24,881<br/>County: Stanislaus<br/>Opportunities: 2 (2 high-fit, 0 priority)<br/>Total value: $0<br/><br/><b>Contact:</b> Jeannette Najera, Administrative Clerk<br/>jnajera@riverbank.org 1-209-869-7128;ext=7214<br/><br/><b>Top opportunities:</b><ul><li><b>High fit</b> - Wastewater Treatment Plant or Facility Initiatives; Nutrient Initiatives - $nan</li><li><b>High fit</b> - Lift Station Initiatives - $nan</li></ul>]]></description><Point><coordinates>-120.865061,37.69222,0</coordinates></Point></Placemark>
<Placemark><name>North Clackamas County Water Commission</name><styleUrl>#s2</styleUrl><description><![CDATA[<b>North Clackamas County Water Commission</b> (OR)<br/>EAE score: <b>28.0</b> &nbsp;|&nbsp; Status: <b>Open</b><br/>Population: 20,990<br/>County: Clackamas<br/>Opportunities: 2 (2 high-fit, 1 priority)<br/>Total value: $0<br/><br/><b>Contact:</b> Todd Heidgerken, Retiring General Manager<br/>theidgerken@crwater.com 1-503-722-9250<br/><br/><b>Top opportunities:</b><ul><li><b>High fit</b> - System Monitoring and Control Software Initiatives - $nan</li><li><b>High fit</b> - System Monitoring and Control Software Initiatives - $nan</li></ul>]]></description><Point><coordinates>-122.614353,45.402142,0</coordinates></Point></Placemark>
<Placemark><name>City of Guadalupe</name><styleUrl>#s2</styleUrl><description><![CDATA[<b>City of Guadalupe</b> (CA)<br/>EAE score: <b>28.0</b> &nbsp;|&nbsp; Status: <b>Open</b><br/>Population: 7,783<br/>County: Santa Barbara<br/>Opportunities: 3 (2 high-fit, 0 priority)<br/>Total value: $0<br/><br/><b>Contact:</b> Todd Bodem, City Manager<br/>tbodem@ci.guadalupe.ca.us 1-805-356-3891<br/><br/><b>Top opportunities:</b><ul><li><b>Low fit</b> - Staffing Initiatives - $nan</li><li><b>High fit</b> - Lift Station Initiatives - $nan</li><li><b>High fit</b> - Wastewater Treatment Plant or Facility Initiatives; Consultant Initiatives - $nan</li></ul>]]></description><Point><coordinates>-120.57318,34.938796,0</coordinates></Point></Placemark>
<Placemark><name>City of Cloverdale</name><styleUrl>#s2</styleUrl><description><![CDATA[<b>City of Cloverdale</b> (CA)<br/>EAE score: <b>28.0</b> &nbsp;|&nbsp; Status: <b>Open</b><br/>Population: 8,656<br/>County: Sonoma<br/>Opportunities: 2 (2 high-fit, 0 priority)<br/>Total value: $0<br/><br/><b>Contact:</b> Derrick Montanye, Public Works Director<br/>dmontanye@ci.cloverdale.ca.us 1-707-894-1722<br/><br/><b>Top opportunities:</b><ul><li><b>High fit</b> - Wastewater Treatment Plant or Facility Initiatives - $nan</li><li><b>High fit</b> - System Monitoring and Control Software Initiatives - $nan</li></ul>]]></description><Point><coordinates>-122.91333,38.638928,0</coordinates></Point></Placemark>
<Placemark><name>City of Coachella</name><styleUrl>#s2</styleUrl><description><![CDATA[<b>City of Coachella</b> (CA)<br/>EAE score: <b>28.0</b> &nbsp;|&nbsp; Status: <b>Open</b><br/>Population: 45,743<br/>County: Riverside<br/>Opportunities: 3 (3 high-fit, 0 priority)<br/>Total value: $0<br/><br/><b>Contact:</b> Andrew Simmons, City Engineer<br/>nan 1-760-398-3502;ext=134<br/><br/><b>Top opportunities:</b><ul><li><b>High fit</b> - System Monitoring and Control Software Initiatives - $nan</li><li><b>High fit</b> - System Monitoring and Control Software Initiatives - $nan</li><li><b>High fit</b> - System Monitoring and Control Software Initiatives - $nan</li></ul>]]></description><Point><coordinates>-116.143588,33.646405,0</coordinates></Point></Placemark>
<Placemark><name>Skamania County Public Utility District 1</name><styleUrl>#s2</styleUrl><description><![CDATA[<b>Skamania County Public Utility District 1</b> (WA)<br/>EAE score: <b>28.0</b> &nbsp;|&nbsp; Status: <b>Open</b><br/>County: Skamania<br/>Opportunities: 2 (2 high-fit, 0 priority)<br/>Total value: $6,500,000<br/><br/><b>Contact:</b> Randy Payne, General Manager<br/>rpayne@skamaniapud.com 1-509-427-5126<br/><br/><b>Top opportunities:</b><ul><li><b>High fit</b> - Water Treatment Plant or Facility Initiatives - $6,500,000</li><li><b>High fit</b> - Water Treatment Plant or Facility Initiatives - $nan</li></ul>]]></description><Point><coordinates>-121.841736,45.784205,0</coordinates></Point></Placemark>
<Placemark><name>City of Sierra Madre</name><styleUrl>#s2</styleUrl><description><![CDATA[<b>City of Sierra Madre</b> (CA)<br/>EAE score: <b>28.0</b> &nbsp;|&nbsp; Status: <b>Open</b><br/>Population: 10,793<br/>County: Los Angeles<br/>Opportunities: 1 (1 high-fit, 1 priority)<br/>Total value: $3,000,000<br/><br/><b>Contact:</b> nan, nan<br/>nan nan<br/><br/><b>Top opportunities:</b><ul><li><b>High fit</b> - Pump Station Initiatives - $3,000,000</li></ul>]]></description><Point><coordinates>-118.298662,33.786594,0</coordinates></Point></Placemark>
<Placemark><name>City of Enumclaw</name><styleUrl>#s2</styleUrl><description><![CDATA[<b>City of Enumclaw</b> (WA)<br/>EAE score: <b>28.0</b> &nbsp;|&nbsp; Status: <b>Open</b><br/>Population: 12,190<br/>County: King<br/>Opportunities: 3 (3 high-fit, 0 priority)<br/>Total value: $0<br/><br/><b>Contact:</b> Branden Herrell, Operations Manager<br/>brandenh@ci.enumclaw.wa.us 1-360-825-5541<br/><br/><b>Top opportunities:</b><ul><li><b>High fit</b> - Lift Station Initiatives - $nan</li><li><b>High fit</b> - Lift Station Initiatives - $nan</li><li><b>High fit</b> - Lift Station Initiatives - $nan</li></ul>]]></description><Point><coordinates>-121.903936,47.234107,0</coordinates></Point></Placemark>
<Placemark><name>City of Tualatin</name><styleUrl>#s2</styleUrl><description><![CDATA[<b>City of Tualatin</b> (OR)<br/>EAE score: <b>27.5</b> &nbsp;|&nbsp; Status: <b>Open</b><br/>Population: 27,837<br/>County: Washington<br/>Opportunities: 1 (1 high-fit, 1 priority)<br/>Total value: $2,750,000<br/><br/><b>Contact:</b> Nic Westendorf, Deputy Public Works Director<br/>nwestendorf@tualatin.gov 1-503-691-3673<br/><br/><b>Top opportunities:</b><ul><li><b>High fit</b> - Pump Station Initiatives - $2,750,000</li></ul>]]></description><Point><coordinates>-122.783887,45.366608,0</coordinates></Point></Placemark>
<Placemark><name>Sun Valley General Improvement District</name><styleUrl>#s2</styleUrl><description><![CDATA[<b>Sun Valley General Improvement District</b> (NV)<br/>EAE score: <b>27.5</b> &nbsp;|&nbsp; Status: <b>Open</b><br/>County: Washoe<br/>Opportunities: 1 (1 high-fit, 0 priority)<br/>Total value: $9,242,820<br/><br/><b>Contact:</b> Brad Baeckel, Public Works Director<br/>bbaeckel@svgid.com 1-775-673-2220<br/><br/><b>Top opportunities:</b><ul><li><b>High fit</b> - Pump Station Initiatives; Water Metering Initiatives - $9,242,820</li></ul>]]></description><Point><coordinates>-119.804924,39.748304,0</coordinates></Point></Placemark>
<Placemark><name>Yucaipa Valley Water District</name><styleUrl>#s2</styleUrl><description><![CDATA[<b>Yucaipa Valley Water District</b> (CA)<br/>EAE score: <b>27.4</b> &nbsp;|&nbsp; Status: <b>Open</b><br/>Population: 53,921<br/>County: San Bernardino<br/>Opportunities: 3 (3 high-fit, 1 priority)<br/>Total value: $200,000<br/><br/><b>Contact:</b> Jennifer Ares, Water Resource Manager<br/>JAres@yvwd.us 1-909-790-3301<br/><br/><b>Top opportunities:</b><ul><li><b>High fit</b> - Pump Station Initiatives; System Monitoring and Control Software Initiatives - $200,000</li><li><b>High fit</b> - Implementation; Lift Station Initiatives - $nan</li><li><b>High fit</b> - Lift Station Initiatives - $nan</li></ul>]]></description><Point><coordinates>-116.971138,34.06226,0</coordinates></Point></Placemark>
<Placemark><name>County of Placer</name><styleUrl>#s2</styleUrl><description><![CDATA[<b>County of Placer</b> (CA)<br/>EAE score: <b>27.2</b> &nbsp;|&nbsp; Status: <b>Open</b><br/>Population: 412,300<br/>County: Placer<br/>Opportunities: 2 (2 high-fit, 2 priority)<br/>Total value: $1,600,000<br/><br/><b>Contact:</b> Kyle Friedrich, Associate Civil Engineer<br/>kfriedri@placer.ca.gov 1-530-745-7522<br/><br/><b>Top opportunities:</b><ul><li><b>High fit</b> - Lift Station Initiatives; Financial - $1,000,000</li><li><b>High fit</b> - Lift Station Initiatives - $600,000</li></ul>]]></description><Point><coordinates>-121.067718,38.973505,0</coordinates></Point></Placemark>
<Placemark><name>City of Wallowa</name><styleUrl>#s2</styleUrl><description><![CDATA[<b>City of Wallowa</b> (OR)<br/>EAE score: <b>27.2</b> &nbsp;|&nbsp; Status: <b>Open</b><br/>Population: 837<br/>County: Wallowa<br/>Opportunities: 1 (1 high-fit, 0 priority)<br/>Total value: $4,075,500<br/><br/><b>Contact:</b> nan, nan<br/>nan nan<br/><br/><b>Top opportunities:</b><ul><li><b>High fit</b> - Disinfection Initiatives; Pipe Initiatives - $4,075,500</li></ul>]]></description><Point><coordinates>-117.169858,45.648199,0</coordinates></Point></Placemark>
<Placemark><name>City of Chewelah</name><styleUrl>#s2</styleUrl><description><![CDATA[<b>City of Chewelah</b> (WA)<br/>EAE score: <b>27.2</b> &nbsp;|&nbsp; Status: <b>Open</b><br/>Population: 2,676<br/>County: Stevens<br/>Opportunities: 3 (2 high-fit, 0 priority)<br/>Total value: $9,100,000<br/><br/><b>Contact:</b> Julie Culverwell, City Clerk<br/>JCulverwell@cityofchewelah.org 1-509-935-6279<br/><br/><b>Top opportunities:</b><ul><li><b>Medium fit</b> - Reservoir Initiatives; Well Initiatives - $9,000,000</li><li><b>High fit</b> - Power Supply, Control, and Protection Initiatives - $100,000</li><li><b>High fit</b> - Wastewater Treatment Plant or Facility Initiatives - $nan</li></ul>]]></description><Point><coordinates>-117.809315,48.676916,0</coordinates></Point></Placemark>
<Placemark><name>South Placer Municipal Utilities District</name><styleUrl>#s2</styleUrl><description><![CDATA[<b>South Placer Municipal Utilities District</b> (CA)<br/>EAE score: <b>27.1</b> &nbsp;|&nbsp; Status: <b>Open</b><br/>Population: 412,300<br/>County: Placer<br/>Opportunities: 3 (3 high-fit, 1 priority)<br/>Total value: $35,000<br/><br/><b>Contact:</b> Carie Huff, District Engineer<br/>chuff@spmud.ca.gov 1-916-786-8555<br/><br/><b>Top opportunities:</b><ul><li><b>High fit</b> - Lift Station Initiatives; Pump Initiatives - $35,000</li><li><b>High fit</b> - Lift Station Initiatives - $nan</li><li><b>High fit</b> - System Monitoring and Control Software Initiatives - $nan</li></ul>]]></description><Point><coordinates>-121.230374,38.801233,0</coordinates></Point></Placemark>
<Placemark><name>Arch Cape Sanitary District</name><styleUrl>#s2</styleUrl><description><![CDATA[<b>Arch Cape Sanitary District</b> (OR)<br/>EAE score: <b>27.1</b> &nbsp;|&nbsp; Status: <b>Open</b><br/>County: Unspecified<br/>Opportunities: 3 (3 high-fit, 0 priority)<br/>Total value: $54,000<br/><br/><b>Contact:</b> Matt Gardner, District Manager<br/>mattgardneracutil@gmail.com 1-503-436-2790<br/><br/><b>Top opportunities:</b><ul><li><b>High fit</b> - Lift Station Initiatives; Financial - $27,000</li><li><b>High fit</b> - Lift Station Initiatives - $17,000</li><li><b>High fit</b> - Lift Station Initiatives - $10,000</li></ul>]]></description><Point><coordinates>-123.962989,45.810934,0</coordinates></Point></Placemark>
<Placemark><name>Humboldt Community Services District</name><styleUrl>#s2</styleUrl><description><![CDATA[<b>Humboldt Community Services District</b> (CA)<br/>EAE score: <b>27.0</b> &nbsp;|&nbsp; Status: <b>Open</b><br/>County: Humboldt<br/>Opportunities: 3 (3 high-fit, 1 priority)<br/>Total value: $0<br/><br/><b>Contact:</b> Mickey Hulstrom, District Planner and Community Services Manager<br/>mhulstrom@humboldtcsd.org 1-707-443-4550<br/><br/><b>Top opportunities:</b><ul><li><b>High fit</b> - System Monitoring and Control Software Initiatives - $nan</li><li><b>High fit</b> - Lift Station Initiatives - $nan</li><li><b>High fit</b> - Wastewater Treatment Plant or Facility Initiatives - $nan</li></ul>]]></description><Point><coordinates>-123.944021,40.733552,0</coordinates></Point></Placemark>
<Placemark><name>City of Echo</name><styleUrl>#s2</styleUrl><description><![CDATA[<b>City of Echo</b> (OR)<br/>EAE score: <b>27.0</b> &nbsp;|&nbsp; Status: <b>Open</b><br/>Population: 710<br/>County: Umatilla<br/>Opportunities: 2 (1 high-fit, 0 priority)<br/>Total value: $7,030,000<br/><br/><b>Contact:</b> David Slaght, City Administrator<br/>Info@echo-oregon.com 1-541-376-6038<br/><br/><b>Top opportunities:</b><ul><li><b>Medium fit</b> - Well Initiatives; Resevoir Initiatives - $5,530,000</li><li><b>High fit</b> - Wastewater Treatment Plant or Facility Initiatives; Lift Station Initiatives - $1,500,000</li></ul>]]></description><Point><coordinates>-118.637974,45.711814,0</coordinates></Point></Placemark>
<Placemark><name>City of Sedro Woolley</name><styleUrl>#s2</styleUrl><description><![CDATA[<b>City of Sedro Woolley</b> (WA)<br/>EAE score: <b>27.0</b> &nbsp;|&nbsp; Status: <b>Open</b><br/>Population: 12,072<br/>County: Skagit<br/>Opportunities: 2 (1 high-fit, 1 priority)<br/>Total value: $1,273,000<br/><br/><b>Contact:</b> nan, nan<br/>nan nan<br/><br/><b>Top opportunities:</b><ul><li><b>Medium fit</b> - Collection System-Wide Initiatives - $1,273,000</li><li><b>High fit</b> - Wastewater Treatment Plant or Facility Initiatives; Secondary Treatment Initiatives - $nan</li></ul>]]></description><Point><coordinates>-122.137243,48.486147,0</coordinates></Point></Placemark>
<Placemark><name>Grizzly Flats Community Services District</name><styleUrl>#s2</styleUrl><description><![CDATA[<b>Grizzly Flats Community Services District</b> (CA)<br/>EAE score: <b>27.0</b> &nbsp;|&nbsp; Status: <b>Open</b><br/>County: El Dorado<br/>Opportunities: 3 (3 high-fit, 0 priority)<br/>Total value: $0<br/><br/><b>Contact:</b> Bob Chigazola, Director<br/>nan 1-530-622-9626<br/><br/><b>Top opportunities:</b><ul><li><b>High fit</b> - Operational Technology (OT) Initiatives - $nan</li><li><b>High fit</b> - Pump Station Initiatives - $nan</li><li><b>High fit</b> - Water Treatment Plant or Facility Initiatives; Water Tank or Tower Initiatives - $nan</li></ul>]]></description><Point><coordinates>-120.553399,38.63765,0</coordinates></Point></Placemark>
<Placemark><name>City of Cypress</name><styleUrl>#s2</styleUrl><description><![CDATA[<b>City of Cypress</b> (CA)<br/>EAE score: <b>26.4</b> &nbsp;|&nbsp; Status: <b>Open</b><br/>Population: 49,006<br/>County: Orange<br/>Opportunities: 1 (1 high-fit, 1 priority)<br/>Total value: $2,220,000<br/><br/><b>Contact:</b> Douglas Dancs, Public Works Director<br/>pw@cypressca.org 1-714-229-6740<br/><br/><b>Top opportunities:</b><ul><li><b>High fit</b> - Lift Station Initiatives; Pipe Initiatives - $2,220,000</li></ul>]]></description><Point><coordinates>-117.769442,33.640302,0</coordinates></Point></Placemark>
<Placemark><name>City of Springfield</name><styleUrl>#s2</styleUrl><description><![CDATA[<b>City of Springfield</b> (OR)<br/>EAE score: <b>26.0</b> &nbsp;|&nbsp; Status: <b>Open</b><br/>Population: 63,230<br/>County: Lane<br/>Opportunities: 2 (2 high-fit, 2 priority)<br/>Total value: $983,000<br/><br/><b>Contact:</b> Molly Markarian, Senior Planner<br/>mmarkarian@springfield-or.gov 1-541-726-4611<br/><br/><b>Top opportunities:</b><ul><li><b>High fit</b> - Stormwater Treatment Plant or Facility Initiatives; Stormwater Drainage Initiatives - $573,000</li><li><b>High fit</b> - Water Reuse Initiatives; Wastewater Treatment Plant or Facility Initiatives - $410,000</li></ul>]]></description><Point><coordinates>-123.444371,43.937276,0</coordinates></Point></Placemark>
<Placemark><name>Los Osos Community Services District</name><styleUrl>#s2</styleUrl><description><![CDATA[<b>Los Osos Community Services District</b> (CA)<br/>EAE score: <b>26.0</b> &nbsp;|&nbsp; Status: <b>Open</b><br/>County: San Luis Obispo<br/>Opportunities: 3 (3 high-fit, 0 priority)<br/>Total value: $2,500,000<br/><br/><b>Contact:</b> Ron Munds, General Manager<br/>rmunds@losososcsd.org 1-805-528-9370<br/><br/><b>Top opportunities:</b><ul><li><b>High fit</b> - Wastewater Treatment Plant or Facility Initiatives - $2,500,000</li><li><b>High fit</b> - System Monitoring and Control Software Initiatives - $nan</li><li><b>High fit</b> - System Monitoring and Control Software Initiatives - $nan</li></ul>]]></description><Point><coordinates>-120.794897,35.301041,0</coordinates></Point></Placemark>
<Placemark><name>Big Bear City Community Services District</name><styleUrl>#s2</styleUrl><description><![CDATA[<b>Big Bear City Community Services District</b> (CA)<br/>EAE score: <b>26.0</b> &nbsp;|&nbsp; Status: <b>Open</b><br/>Population: 5,279<br/>County: San Bernardino<br/>Opportunities: 2 (1 high-fit, 2 priority)<br/>Total value: $3,100,000<br/><br/><b>Contact:</b> Mary Reeves, General Manager<br/>mreeves@bbccsd.org 1-909-585-2565<br/><br/><b>Top opportunities:</b><ul><li><b>Medium fit</b> - Well Initiatives; Emerging Contaminants Initiatives - $2,100,000</li><li><b>High fit</b> - Water Treatment Plant or Facility Initiatives; Emerging Contaminants Initiatives - $1,000,000</li></ul>]]></description><Point><coordinates>-116.847414,34.223224,0</coordinates></Point></Placemark>
<Placemark><name>City of Westmorland</name><styleUrl>#s2</styleUrl><description><![CDATA[<b>City of Westmorland</b> (CA)<br/>EAE score: <b>25.3</b> &nbsp;|&nbsp; Status: <b>Open</b><br/>Population: 2,254<br/>County: Imperial<br/>Opportunities: 2 (2 high-fit, 0 priority)<br/>Total value: $140,000<br/><br/><b>Contact:</b> Christine Pisch, Water Utility Clerk<br/>cpisch@cityofwestmorland.net 1-760-344-3411<br/><br/><b>Top opportunities:</b><ul><li><b>High fit</b> - Financial; System Monitoring and Control Software Initiatives - $140,000</li><li><b>High fit</b> - System Monitoring and Control Software Initiatives - $nan</li></ul>]]></description><Point><coordinates>-115.503842,32.900509,0</coordinates></Point></Placemark>
<Placemark><name>City of Newport</name><styleUrl>#s2</styleUrl><description><![CDATA[<b>City of Newport</b> (WA)<br/>EAE score: <b>25.3</b> &nbsp;|&nbsp; Status: <b>Open</b><br/>Population: 2,199<br/>County: Pend Oreille<br/>Opportunities: 2 (2 high-fit, 0 priority)<br/>Total value: $128,000<br/><br/><b>Contact:</b> Abby Gribi, City Administrator<br/>AGribi@newport-wa.org 1-509-447-5611<br/><br/><b>Top opportunities:</b><ul><li><b>High fit</b> - System Monitoring and Control Software Initiatives - $128,000</li><li><b>High fit</b> - Wastewater Treatment Plant or Facility Initiatives - $nan</li></ul>]]></description><Point><coordinates>-117.228067,48.448981,0</coordinates></Point></Placemark>
<Placemark><name>City of Lathrop</name><styleUrl>#s2</styleUrl><description><![CDATA[<b>City of Lathrop</b> (CA)<br/>EAE score: <b>25.2</b> &nbsp;|&nbsp; Status: <b>Open</b><br/>Population: 24,483<br/>County: San Joaquin<br/>Opportunities: 1 (1 high-fit, 1 priority)<br/>Total value: $1,575,000<br/><br/><b>Contact:</b> Cari James, Finance Director<br/>cjames@ci.lathrop.ca.us 1-209-941-7320<br/><br/><b>Top opportunities:</b><ul><li><b>High fit</b> - Lift Station Initiatives - $1,575,000</li></ul>]]></description><Point><coordinates>-121.287362,37.811976,0</coordinates></Point></Placemark>
<Placemark><name>Santa Ynez Community Services District</name><styleUrl>#s2</styleUrl><description><![CDATA[<b>Santa Ynez Community Services District</b> (CA)<br/>EAE score: <b>25.1</b> &nbsp;|&nbsp; Status: <b>Open</b><br/>Population: 446,499<br/>County: Santa Barbara<br/>Opportunities: 2 (2 high-fit, 0 priority)<br/>Total value: $5,033,665<br/><br/><b>Contact:</b> Loch Dreizler, General Manager<br/>loch@sycsd.com 1-805-688-3008<br/><br/><b>Top opportunities:</b><ul><li><b>High fit</b> - Wastewater Treatment Plant or Facility Initiatives - $4,973,665</li><li><b>High fit</b> - Lift Station Initiatives - $60,000</li></ul>]]></description><Point><coordinates>-120.091629,34.646136,0</coordinates></Point></Placemark>
<Placemark><name>Santa Cruz Port District</name><styleUrl>#s2</styleUrl><description><![CDATA[<b>Santa Cruz Port District</b> (CA)<br/>EAE score: <b>25.0</b> &nbsp;|&nbsp; Status: <b>Open</b><br/>Population: 35,000<br/>County: Santa Cruz<br/>Opportunities: 2 (2 high-fit, 0 priority)<br/>Total value: $0<br/><br/><b>Contact:</b> Holland MacLaurie, Director<br/>hmaclaurie@santacruzharbor.org 1-831-475-6161;ext=1000<br/><br/><b>Top opportunities:</b><ul><li><b>High fit</b> - Lift Station Initiatives; Pipe Initiatives - $nan</li><li><b>High fit</b> - Lift Station Initiatives - $nan</li></ul>]]></description><Point><coordinates>-121.990571,36.971549,0</coordinates></Point></Placemark>
<Placemark><name>City of Siletz</name><styleUrl>#s2</styleUrl><description><![CDATA[<b>City of Siletz</b> (OR)<br/>EAE score: <b>25.0</b> &nbsp;|&nbsp; Status: <b>Open</b><br/>Population: 1,305<br/>County: Lincoln<br/>Opportunities: 1 (1 high-fit, 0 priority)<br/>Total value: $3,000,000<br/><br/><b>Contact:</b> Darin Viar, Public Works Lead<br/>wtp@cityofsiletz.org 1-541-444-1307<br/><br/><b>Top opportunities:</b><ul><li><b>High fit</b> - Wastewater Treatment Plant or Facility Initiatives - $3,000,000</li></ul>]]></description><Point><coordinates>-123.84463,44.746459,0</coordinates></Point></Placemark>
<Placemark><name>City of Cheney</name><styleUrl>#s2</styleUrl><description><![CDATA[<b>City of Cheney</b> (WA)<br/>EAE score: <b>25.0</b> &nbsp;|&nbsp; Status: <b>Open</b><br/>Population: 12,522<br/>County: Spokane<br/>Opportunities: 2 (2 high-fit, 1 priority)<br/>Total value: $0<br/><br/><b>Contact:</b> Mark Schuller, City Administrator<br/>mschuller@cityofcheney.org 1-509-498-9209<br/><br/><b>Top opportunities:</b><ul><li><b>High fit</b> - System Monitoring and Control Software Initiatives - $nan</li><li><b>High fit</b> - System Monitoring and Control Software Initiatives - $nan</li></ul>]]></description><Point><coordinates>-117.500285,47.6067,0</coordinates></Point></Placemark>
<Placemark><name>City of Wood Village</name><styleUrl>#s2</styleUrl><description><![CDATA[<b>City of Wood Village</b> (OR)<br/>EAE score: <b>25.0</b> &nbsp;|&nbsp; Status: <b>Open</b><br/>Population: 4,093<br/>County: Multnomah<br/>Opportunities: 2 (2 high-fit, 0 priority)<br/>Total value: $0<br/><br/><b>Contact:</b> Seth Reeser, Director of Finance<br/>sreeser@woodvillageor.gov 1-503-667-6211<br/><br/><b>Top opportunities:</b><ul><li><b>High fit</b> - Pump Station Initiatives - $nan</li><li><b>High fit</b> - System Monitoring and Control Software Initiatives - $nan</li></ul>]]></description><Point><coordinates>-122.390049,45.525007,0</coordinates></Point></Placemark>
<Placemark><name>Lake Don Pedro Community Services District</name><styleUrl>#s2</styleUrl><description><![CDATA[<b>Lake Don Pedro Community Services District</b> (CA)<br/>EAE score: <b>25.0</b> &nbsp;|&nbsp; Status: <b>Open</b><br/>Population: 18,251<br/>County: Mariposa<br/>Opportunities: 2 (2 high-fit, 0 priority)<br/>Total value: $0<br/><br/><b>Contact:</b> Danny Johnson, Board President<br/>djohnson@jonesday.com 1-210-490-1600<br/><br/><b>Top opportunities:</b><ul><li><b>High fit</b> - System Monitoring and Control Software Initiatives - $nan</li><li><b>High fit</b> - Water Treatment Plant or Facility Initiatives - $nan</li></ul>]]></description><Point><coordinates>-120.50941,37.653226,0</coordinates></Point></Placemark>
<Placemark><name>Oak Lodge Water Services District</name><styleUrl>#s2</styleUrl><description><![CDATA[<b>Oak Lodge Water Services District</b> (OR)<br/>EAE score: <b>25.0</b> &nbsp;|&nbsp; Status: <b>Open</b><br/>Population: 20,990<br/>County: Clackamas<br/>Opportunities: 1 (1 high-fit, 0 priority)<br/>Total value: $3,000,000<br/><br/><b>Contact:</b> Brad Albert, General Manager<br/>brad.albert@olws.org 1-503-353-4202<br/><br/><b>Top opportunities:</b><ul><li><b>High fit</b> - Financial; Wastewater Treatment Plant or Facility Initiatives - $3,000,000</li></ul>]]></description><Point><coordinates>-122.614353,45.402142,0</coordinates></Point></Placemark>
<Placemark><name>North Coast County Water District</name><styleUrl>#s2</styleUrl><description><![CDATA[<b>North Coast County Water District</b> (CA)<br/>EAE score: <b>24.9</b> &nbsp;|&nbsp; Status: <b>Open</b><br/>Population: 767,423<br/>County: San Mateo<br/>Opportunities: 2 (2 high-fit, 1 priority)<br/>Total value: $1,965,000<br/><br/><b>Contact:</b> Scott Dalton, Assistant General Manager of Operations<br/>sdalton@nccwd.com 1-650-355-3462<br/><br/><b>Top opportunities:</b><ul><li><b>High fit</b> - Pump Station Initiatives; Water Tank or Tower Initiatives - $1,790,000</li><li><b>High fit</b> - System Monitoring and Control Software Initiatives - $175,000</li></ul>]]></description><Point><coordinates>-122.480015,37.616774,0</coordinates></Point></Placemark>
<Placemark><name>Snohomish County Public Utility District 1</name><styleUrl>#s2</styleUrl><description><![CDATA[<b>Snohomish County Public Utility District 1</b> (WA)<br/>EAE score: <b>24.8</b> &nbsp;|&nbsp; Status: <b>Open</b><br/>Population: 111,475<br/>County: Snohomish<br/>Opportunities: 3 (3 high-fit, 0 priority)<br/>Total value: $417,000<br/><br/><b>Contact:</b> Brant Wood, Assistant General Manager<br/>bewood@snopud.com 1-425-783-1000<br/><br/><b>Top opportunities:</b><ul><li><b>High fit</b> - Water Treatment Plant or Facility Initiatives - $417,000</li><li><b>High fit</b> - System Monitoring and Control Software Initiatives - $nan</li><li><b>High fit</b> - System Monitoring and Control Software Initiatives - $nan</li></ul>]]></description><Point><coordinates>-122.284785,47.859918,0</coordinates></Point></Placemark>
<Placemark><name>Foothill Municipal Water District</name><styleUrl>#s2</styleUrl><description><![CDATA[<b>Foothill Municipal Water District</b> (CA)<br/>EAE score: <b>24.8</b> &nbsp;|&nbsp; Status: <b>Open</b><br/>Population: 10,039,107<br/>County: Los Angeles<br/>Opportunities: 3 (3 high-fit, 0 priority)<br/>Total value: $425,000<br/><br/><b>Contact:</b> Nina Jazmadarian, General Manager<br/>nina.jaz@fmwd.com 1-818-790-4036;ext=102<br/><br/><b>Top opportunities:</b><ul><li><b>High fit</b> - System Monitoring and Control Software Initiatives - $250,000</li><li><b>High fit</b> - System Monitoring and Control Software Initiatives - $175,000</li><li><b>High fit</b> - System Monitoring and Control Software Initiatives - $nan</li></ul>]]></description><Point><coordinates>-118.298662,33.786594,0</coordinates></Point></Placemark>
<Placemark><name>City of Manhattan Beach</name><styleUrl>#s2</styleUrl><description><![CDATA[<b>City of Manhattan Beach</b> (CA)<br/>EAE score: <b>24.7</b> &nbsp;|&nbsp; Status: <b>Open</b><br/>Population: 35,183<br/>County: Los Angeles<br/>Opportunities: 1 (1 high-fit, 1 priority)<br/>Total value: $1,360,000<br/><br/><b>Contact:</b> Stephanie Katsouleas, Director of Public Works<br/>skatsouleas@citymb.info 1-310-802-5303<br/><br/><b>Top opportunities:</b><ul><li><b>High fit</b> - Pump Station Initiatives; Pipe Initiatives - $1,360,000</li></ul>]]></description><Point><coordinates>-118.298662,33.786594,0</coordinates></Point></Placemark>
<Placemark><name>Mukilteo Water and Wastewater District</name><styleUrl>#s2</styleUrl><description><![CDATA[<b>Mukilteo Water and Wastewater District</b> (WA)<br/>EAE score: <b>24.5</b> &nbsp;|&nbsp; Status: <b>Open</b><br/>Population: 24,428<br/>County: Snohomish<br/>Opportunities: 1 (1 high-fit, 1 priority)<br/>Total value: $1,238,000<br/><br/><b>Contact:</b> Jr Erickson, Finance Manager<br/>jre@mukilteowwd.org 1-425-355-3355<br/><br/><b>Top opportunities:</b><ul><li><b>High fit</b> - Lift Station Initiatives - $1,238,000</li></ul>]]></description><Point><coordinates>-122.302114,47.912402,0</coordinates></Point></Placemark>
<Placemark><name>South Placer Municipal Utility District</name><styleUrl>#s2</styleUrl><description><![CDATA[<b>South Placer Municipal Utility District</b> (CA)<br/>EAE score: <b>24.1</b> &nbsp;|&nbsp; Status: <b>Open</b><br/>County: Unspecified<br/>Opportunities: 3 (3 high-fit, 1 priority)<br/>Total value: $50,000<br/><br/><b>Contact:</b> Herb Niederberger, General Manager<br/>hniederberger@spmud.ca.gov 1-916-786-8555<br/><br/><b>Top opportunities:</b><ul><li><b>High fit</b> - Lift Station Initiatives - $50,000</li><li><b>High fit</b> - System Monitoring and Control Software Initiatives - $nan</li><li><b>High fit</b> - Lift Station Initiatives - $nan</li></ul>]]></description><Point><coordinates>-121.230374,38.801233,0</coordinates></Point></Placemark>
<Placemark><name>City of Sheridan</name><styleUrl>#s2</styleUrl><description><![CDATA[<b>City of Sheridan</b> (OR)<br/>EAE score: <b>24.1</b> &nbsp;|&nbsp; Status: <b>Open</b><br/>Population: 6,215<br/>County: Yamhill<br/>Opportunities: 2 (2 high-fit, 0 priority)<br/>Total value: $1,050,000<br/><br/><b>Contact:</b> Preston Polasek, City Manager<br/>ppolasek@cityofsheridanor.com 1-503-843-2347<br/><br/><b>Top opportunities:</b><ul><li><b>High fit</b> - System Monitoring and Control Software Initiatives - $800,000</li><li><b>High fit</b> - Mapping and Modeling Software Initiatives; Wastewater Treatment Plant or Facility Initiatives - $250,000</li></ul>]]></description><Point><coordinates>-123.237145,45.187444,0</coordinates></Point></Placemark>
<Placemark><name>City of Redondo Beach</name><styleUrl>#s2</styleUrl><description><![CDATA[<b>City of Redondo Beach</b> (CA)<br/>EAE score: <b>24.0</b> &nbsp;|&nbsp; Status: <b>Open</b><br/>Population: 66,749<br/>County: Los Angeles<br/>Opportunities: 2 (1 high-fit, 2 priority)<br/>Total value: $4,500,000<br/><br/><b>Contact:</b> Michael Klein, Project Manager<br/>Michael.Klein@redondo.org 1-310-542-9433<br/><br/><b>Top opportunities:</b><ul><li><b>Medium fit</b> - Collection System-Wide Initiatives; Pipe Initiatives - $2,500,000</li><li><b>High fit</b> - Electrical Systems-Wide Initiatives; Lift Station Initiatives - $2,000,000</li></ul>]]></description><Point><coordinates>-118.298662,33.786594,0</coordinates></Point></Placemark>
<Placemark><name>City of Sunnyside</name><styleUrl>#s2</styleUrl><description><![CDATA[<b>City of Sunnyside</b> (WA)<br/>EAE score: <b>24.0</b> &nbsp;|&nbsp; Status: <b>Open</b><br/>Population: 16,796<br/>County: Yakima<br/>Opportunities: 1 (1 high-fit, 1 priority)<br/>Total value: $1,000,000<br/><br/><b>Contact:</b> Daniel Tiliano, Water Supervisor<br/>dtiliano@sunnyside-wa.gov 1-509-837-5206<br/><br/><b>Top opportunities:</b><ul><li><b>High fit</b> - Wastewater Treatment Plant or Facility Initiatives - $1,000,000</li></ul>]]></description><Point><coordinates>-120.725557,46.644476,0</coordinates></Point></Placemark>
<Placemark><name>City of Pinole</name><styleUrl>#s2</styleUrl><description><![CDATA[<b>City of Pinole</b> (CA)<br/>EAE score: <b>24.0</b> &nbsp;|&nbsp; Status: <b>Open</b><br/>Population: 19,250<br/>County: Contra Costa<br/>Opportunities: 2 (1 high-fit, 1 priority)<br/>Total value: $0<br/><br/><b>Contact:</b> Sanjay Mishra, Public Works Director<br/>smishra@ci.pinole.ca.us 1-510-724-9010<br/><br/><b>Top opportunities:</b><ul><li><b>Medium fit</b> - Collection System-Wide Initiatives - $nan</li><li><b>High fit</b> - Lift Station Initiatives - $nan</li></ul>]]></description><Point><coordinates>-122.243294,37.990772,0</coordinates></Point></Placemark>
<Placemark><name>East Bay Dischargers Authority</name><styleUrl>#s2</styleUrl><description><![CDATA[<b>East Bay Dischargers Authority</b> (CA)<br/>EAE score: <b>24.0</b> &nbsp;|&nbsp; Status: <b>Open</b><br/>Population: 1,671,329<br/>County: Alameda<br/>Opportunities: 3 (3 high-fit, 0 priority)<br/>Total value: $0<br/><br/><b>Contact:</b> Jacqueline Zipkin, General Manager<br/>jzipkin@ebda.org 1-510-278-5910<br/><br/><b>Top opportunities:</b><ul><li><b>High fit</b> - Power Supply, Control, and Protection Initiatives - $nan</li><li><b>High fit</b> - Lift Station Initiatives - $nan</li><li><b>High fit</b> - Lift Station Initiatives - $nan</li></ul>]]></description><Point><coordinates>-122.133825,37.68123,0</coordinates></Point></Placemark>
<Placemark><name>City of Falls City</name><styleUrl>#s2</styleUrl><description><![CDATA[<b>City of Falls City</b> (OR)<br/>EAE score: <b>24.0</b> &nbsp;|&nbsp; Status: <b>Open</b><br/>Population: 1,056<br/>County: Polk<br/>Opportunities: 1 (1 high-fit, 0 priority)<br/>Total value: $2,500,000<br/><br/><b>Contact:</b> Jon Creekmore, Public Works Director<br/>Jcreekmore@fallscityoregon.gov 1-503-787-3631<br/><br/><b>Top opportunities:</b><ul><li><b>High fit</b> - Financial; Wastewater Treatment Plant or Facility Initiatives - $2,500,000</li></ul>]]></description><Point><coordinates>-123.473276,44.870977,0</coordinates></Point></Placemark>
<Placemark><name>City of Burlington</name><styleUrl>#s2</styleUrl><description><![CDATA[<b>City of Burlington</b> (WA)<br/>EAE score: <b>24.0</b> &nbsp;|&nbsp; Status: <b>Open</b><br/>Population: 9,224<br/>County: Skagit<br/>Opportunities: 1 (1 high-fit, 0 priority)<br/>Total value: $2,500,000<br/><br/><b>Contact:</b> Marv Pulst, Director of Public Works<br/>marvp@burlingtonwa.gov 1-360-755-9715<br/><br/><b>Top opportunities:</b><ul><li><b>High fit</b> - Lift Station Initiatives; Pipe Initiatives - $2,500,000</li></ul>]]></description><Point><coordinates>-122.208184,48.435248,0</coordinates></Point></Placemark>
<Placemark><name>City of Signal Hill</name><styleUrl>#s2</styleUrl><description><![CDATA[<b>City of Signal Hill</b> (CA)<br/>EAE score: <b>23.9</b> &nbsp;|&nbsp; Status: <b>Open</b><br/>Population: 11,421<br/>County: Los Angeles<br/>Opportunities: 1 (1 high-fit, 1 priority)<br/>Total value: $942,986<br/><br/><b>Contact:</b> Carlo Tomaino, City Manager<br/>ctomaino@cityofsignalhill.org 1-562-989-7305<br/><br/><b>Top opportunities:</b><ul><li><b>High fit</b> - Pump Station Initiatives; Power Supply, Control, and Protection Initiatives - $942,986</li></ul>]]></description><Point><coordinates>-118.16,33.8,0</coordinates></Point></Placemark>
<Placemark><name>San Carlos Apache Tribe</name><styleUrl>#s2</styleUrl><description><![CDATA[<b>San Carlos Apache Tribe</b> (AZ)<br/>EAE score: <b>23.6</b> &nbsp;|&nbsp; Status: <b>Open</b><br/>County: San Carlos<br/>Opportunities: 1 (1 high-fit, 1 priority)<br/>Total value: $7,302,461<br/><br/><b>Contact:</b> Terry Rambler, Chairman<br/>info@scat-nsn.gov 1-928-475-1600<br/><br/><b>Top opportunities:</b><ul><li><b>High fit</b> - Pipe Initiatives; Water Treatment Plant or Facility Initiatives - $7,302,461</li></ul>]]></description><Point><coordinates>-110.491898,33.289447,0</coordinates></Point></Placemark>
<Placemark><name>City of Milpitas</name><styleUrl>#s2</styleUrl><description><![CDATA[<b>City of Milpitas</b> (CA)<br/>EAE score: <b>23.5</b> &nbsp;|&nbsp; Status: <b>Open</b><br/>Population: 84,196<br/>County: Santa Clara<br/>Opportunities: 2 (2 high-fit, 1 priority)<br/>Total value: $2,740,000<br/><br/><b>Contact:</b> Elaine Marshall, Deputy Public Works Director<br/>emarshall@milpitas.gov 1-408-586-2603<br/><br/><b>Top opportunities:</b><ul><li><b>High fit</b> - Pump Station Initiatives; Reservoir Initiatives - $2,740,000</li><li><b>High fit</b> - Pump Station Initiatives - $nan</li></ul>]]></description><Point><coordinates>-121.861989,37.436454,0</coordinates></Point></Placemark>
<Placemark><name>City of the Dalles</name><styleUrl>#s2</styleUrl><description><![CDATA[<b>City of the Dalles</b> (OR)<br/>EAE score: <b>23.5</b> &nbsp;|&nbsp; Status: <b>Open</b><br/>Population: 15,761<br/>County: Wasco<br/>Opportunities: 1 (1 high-fit, 1 priority)<br/>Total value: $756,305<br/><br/><b>Contact:</b> Dave Anderson, Public Works Director<br/>danderson@ci.the-dalles.or.us 1-541-296-5481;ext=2008<br/><br/><b>Top opportunities:</b><ul><li><b>High fit</b> - System Monitoring and Control Software Initiatives - $756,305</li></ul>]]></description><Point><coordinates>-121.18703,45.554978,0</coordinates></Point></Placemark>
<Placemark><name>City of Coalinga</name><styleUrl>#s2</styleUrl><description><![CDATA[<b>City of Coalinga</b> (CA)<br/>EAE score: <b>23.4</b> &nbsp;|&nbsp; Status: <b>Open</b><br/>Population: 17,179<br/>County: Fresno<br/>Opportunities: 1 (1 high-fit, 1 priority)<br/>Total value: $721,359<br/><br/><b>Contact:</b> nan, nan<br/>nan nan<br/><br/><b>Top opportunities:</b><ul><li><b>High fit</b> - Lift Station Initiatives - $721,359</li></ul>]]></description><Point><coordinates>-120.381432,36.247025,0</coordinates></Point></Placemark>
<Placemark><name>City of Shasta Lake</name><styleUrl>#s2</styleUrl><description><![CDATA[<b>City of Shasta Lake</b> (CA)<br/>EAE score: <b>23.1</b> &nbsp;|&nbsp; Status: <b>Open</b><br/>Population: 10,413<br/>County: Shasta<br/>Opportunities: 1 (1 high-fit, 1 priority)<br/>Total value: $551,250<br/><br/><b>Contact:</b> Jessaca Lugo, City Manager<br/>jlugo@cityofshastalake.org 1-530-275-7411<br/><br/><b>Top opportunities:</b><ul><li><b>High fit</b> - Lift Station Initiatives; Financial - $551,250</li></ul>]]></description><Point><coordinates>-122.368263,40.69686,0</coordinates></Point></Placemark>
<Placemark><name>Merced Irrigation District</name><styleUrl>#s2</styleUrl><description><![CDATA[<b>Merced Irrigation District</b> (CA)<br/>EAE score: <b>23.1</b> &nbsp;|&nbsp; Status: <b>Open</b><br/>Population: 277,680<br/>County: Merced<br/>Opportunities: 2 (2 high-fit, 1 priority)<br/>Total value: $1,050,000<br/><br/><b>Contact:</b> Hicham ElTal, Deputy General Manager<br/>heltal@mercedid.org 1-209-722-5761<br/><br/><b>Top opportunities:</b><ul><li><b>High fit</b> - Pipe Initiatives; Pump Station Initiatives - $1,050,000</li><li><b>High fit</b> - Cybersecurity Initiatives; System Monitoring and Control Software Initiatives - $nan</li></ul>]]></description><Point><coordinates>-120.617808,37.378234,0</coordinates></Point></Placemark>
<Placemark><name>City of Dinuba</name><styleUrl>#s2</styleUrl><description><![CDATA[<b>City of Dinuba</b> (CA)<br/>EAE score: <b>23.0</b> &nbsp;|&nbsp; Status: <b>Open</b><br/>Population: 24,461<br/>County: Tulare<br/>Opportunities: 1 (1 high-fit, 1 priority)<br/>Total value: $500,000<br/><br/><b>Contact:</b> Luis Patlan, City Manager<br/>lpatlan@dinuba.ca.gov 1-559-591-5900<br/><br/><b>Top opportunities:</b><ul><li><b>High fit</b> - Wastewater Treatment Plant or Facility Initiatives; Collection System-Wide Initiatives - $500,000</li></ul>]]></description><Point><coordinates>-119.395365,36.509532,0</coordinates></Point></Placemark>
<Placemark><name>City of East Palo Alto</name><styleUrl>#s2</styleUrl><description><![CDATA[<b>City of East Palo Alto</b> (CA)<br/>EAE score: <b>23.0</b> &nbsp;|&nbsp; Status: <b>Open</b><br/>Population: 29,314<br/>County: San Mateo<br/>Opportunities: 3 (1 high-fit, 0 priority)<br/>Total value: $0<br/><br/><b>Contact:</b> nan, nan<br/>nan nan<br/><br/><b>Top opportunities:</b><ul><li><b>Medium fit</b> - Operations-Wide Initiatives - $nan</li><li><b>High fit</b> - Pump Station Initiatives - $nan</li><li><b>Medium fit</b> - Operations-Wide Initiatives - $nan</li></ul>]]></description><Point><coordinates>-122.138765,37.467338,0</coordinates></Point></Placemark>
<Placemark><name>Paradise Irrigation District</name><styleUrl>#s2</styleUrl><description><![CDATA[<b>Paradise Irrigation District</b> (CA)<br/>EAE score: <b>23.0</b> &nbsp;|&nbsp; Status: <b>Open</b><br/>Population: 219,186<br/>County: Butte<br/>Opportunities: 2 (2 high-fit, 0 priority)<br/>Total value: $4,000,000<br/><br/><b>Contact:</b> Mickey Rich, Assistant District Manager<br/>mrich@paradiseirrigation.com 1-530-876-2040<br/><br/><b>Top opportunities:</b><ul><li><b>High fit</b> - Pump Station Initiatives - $3,000,000</li><li><b>High fit</b> - System Monitoring and Control Software Initiatives - $1,000,000</li></ul>]]></description><Point><coordinates>-121.707265,39.654279,0</coordinates></Point></Placemark>
<Placemark><name>City of Ukiah</name><styleUrl>#s2</styleUrl><description><![CDATA[<b>City of Ukiah</b> (CA)<br/>EAE score: <b>22.8</b> &nbsp;|&nbsp; Status: <b>Open</b><br/>Population: 15,995<br/>County: Mendocino<br/>Opportunities: 1 (1 high-fit, 1 priority)<br/>Total value: $400,000<br/><br/><b>Contact:</b> Sage Sangiacomo, City Manager<br/>ssangiacomo@cityofukiah.com 1-707-463-6217<br/><br/><b>Top opportunities:</b><ul><li><b>High fit</b> - Lift Station Initiatives - $400,000</li></ul>]]></description><Point><coordinates>-123.321202,39.403699,0</coordinates></Point></Placemark>
<Placemark><name>City of Avalon</name><styleUrl>#s2</styleUrl><description><![CDATA[<b>City of Avalon</b> (CA)<br/>EAE score: <b>22.7</b> &nbsp;|&nbsp; Status: <b>Open</b><br/>Population: 3,681<br/>County: Los Angeles<br/>Opportunities: 1 (1 high-fit, 0 priority)<br/>Total value: $1,860,000<br/><br/><b>Contact:</b> Maistros David, City Manager<br/>dmaistros@cityofavalon.com 1-310-510-0220<br/><br/><b>Top opportunities:</b><ul><li><b>High fit</b> - Pump Initiatives; Pipe Initiatives - $1,860,000</li></ul>]]></description><Point><coordinates>-118.298662,33.786594,0</coordinates></Point></Placemark>
<Placemark><name>City of Corning</name><styleUrl>#s2</styleUrl><description><![CDATA[<b>City of Corning</b> (CA)<br/>EAE score: <b>22.7</b> &nbsp;|&nbsp; Status: <b>Open</b><br/>Population: 7,710<br/>County: Tehama<br/>Opportunities: 2 (2 high-fit, 0 priority)<br/>Total value: $347,000<br/><br/><b>Contact:</b> Steve Lindeman, Assistant Public Works Director<br/>slindeman@corning.org 1-530-824-7035<br/><br/><b>Top opportunities:</b><ul><li><b>High fit</b> - Pump Station Initiatives; Well Initiatives - $347,000</li><li><b>High fit</b> - Operational Technology (OT) Initiatives - $nan</li></ul>]]></description><Point><coordinates>-122.135411,40.125399,0</coordinates></Point></Placemark>
<Placemark><name>Oro Loma Water District</name><styleUrl>#s2</styleUrl><description><![CDATA[<b>Oro Loma Water District</b> (CA)<br/>EAE score: <b>22.4</b> &nbsp;|&nbsp; Status: <b>Open</b><br/>Population: 41,036<br/>County: Merced<br/>Opportunities: 1 (1 high-fit, 1 priority)<br/>Total value: $221,000<br/><br/><b>Contact:</b> Shelia Young, Director<br/>syoung@oroloma.org 1-510-276-4700<br/><br/><b>Top opportunities:</b><ul><li><b>High fit</b> - Pipe Initiatives; Pump Initiatives - $221,000</li></ul>]]></description><Point><coordinates>-120.847479,37.103768,0</coordinates></Point></Placemark>
<Placemark><name>Port of Oakland</name><styleUrl>#s2</styleUrl><description><![CDATA[<b>Port of Oakland</b> (CA)<br/>EAE score: <b>22.4</b> &nbsp;|&nbsp; Status: <b>Open</b><br/>Population: 420,233<br/>County: Alameda<br/>Opportunities: 1 (1 high-fit, 1 priority)<br/>Total value: $5,215,000<br/><br/><b>Contact:</b> Danny Wan, Executive Director<br/>dwan@portoakland.com 1-510-627-1340<br/><br/><b>Top opportunities:</b><ul><li><b>High fit</b> - Lift Station Initiatives; Pipe Initiatives - $5,215,000</li></ul>]]></description><Point><coordinates>-122.27018,37.809435,0</coordinates></Point></Placemark>
<Placemark><name>County of Kitsap</name><styleUrl>#s2</styleUrl><description><![CDATA[<b>County of Kitsap</b> (WA)<br/>EAE score: <b>22.3</b> &nbsp;|&nbsp; Status: <b>Open</b><br/>Population: 271,473<br/>County: Kitsap<br/>Opportunities: 2 (2 high-fit, 1 priority)<br/>Total value: $660,000<br/><br/><b>Contact:</b> Jacques Dean, Public Works Project Manager<br/>jdean@co.kitsap.wa.us 1-360-337-4671<br/><br/><b>Top opportunities:</b><ul><li><b>High fit</b> - System Monitoring and Control Software Initiatives - $660,000</li><li><b>High fit</b> - Lift Station Initiatives - $nan</li></ul>]]></description><Point><coordinates>-122.587102,47.542664,0</coordinates></Point></Placemark>
<Placemark><name>Monte Vista Water District</name><styleUrl>#s2</styleUrl><description><![CDATA[<b>Monte Vista Water District</b> (CA)<br/>EAE score: <b>22.2</b> &nbsp;|&nbsp; Status: <b>Open</b><br/>Population: 136,000<br/>County: San Diego<br/>Opportunities: 2 (2 high-fit, 1 priority)<br/>Total value: $606,700<br/><br/><b>Contact:</b> Justin Scott-Coe, General Manager<br/>jscottcoe@mvwd.org 1-909-624-0035;ext=125<br/><br/><b>Top opportunities:</b><ul><li><b>High fit</b> - System Monitoring and Control Software Initiatives; Pump Station Initiatives - $606,700</li><li><b>High fit</b> - Pump Station Initiatives; Financial - $nan</li></ul>]]></description><Point><coordinates>-115.967051,34.839964,0</coordinates></Point></Placemark>
<Placemark><name>County of Monterey</name><styleUrl>#s2</styleUrl><description><![CDATA[<b>County of Monterey</b> (CA)<br/>EAE score: <b>22.2</b> &nbsp;|&nbsp; Status: <b>Open</b><br/>Population: 11,000<br/>County: Monterey<br/>Opportunities: 1 (1 high-fit, 1 priority)<br/>Total value: $75,000<br/><br/><b>Contact:</b> Ryan Caldera, Project Manager<br/>calderary@co.monterey.ca.us 1-831-783-7707<br/><br/><b>Top opportunities:</b><ul><li><b>High fit</b> - Water Quality-Wide Initiatives; Water Treatment Plant or Facility Initiatives - $75,000</li></ul>]]></description><Point><coordinates>-121.416603,36.441768,0</coordinates></Point></Placemark>
<Placemark><name>City of Kerman</name><styleUrl>#s2</styleUrl><description><![CDATA[<b>City of Kerman</b> (CA)<br/>EAE score: <b>22.1</b> &nbsp;|&nbsp; Status: <b>Open</b><br/>Population: 16,010<br/>County: Fresno<br/>Opportunities: 1 (1 high-fit, 1 priority)<br/>Total value: $43,000<br/><br/><b>Contact:</b> Josefina Alvarez, Interim Finance Director<br/>jalvarez@cityofkerman.org 1-559-846-4682<br/><br/><b>Top opportunities:</b><ul><li><b>High fit</b> - Lift Station Initiatives - $43,000</li></ul>]]></description><Point><coordinates>-120.219522,36.676147,0</coordinates></Point></Placemark>
<Placemark><name>Bear Valley Community Services District</name><styleUrl>#s2</styleUrl><description><![CDATA[<b>Bear Valley Community Services District</b> (CA)<br/>EAE score: <b>22.1</b> &nbsp;|&nbsp; Status: <b>Open</b><br/>Population: 55,000<br/>County: Kern<br/>Opportunities: 3 (3 high-fit, 1 priority)<br/>Total value: $530,000<br/><br/><b>Contact:</b> Beverli Marshall, General Manager<br/>bmarshall@bvcsd.org 1-661-821-4428<br/><br/><b>Top opportunities:</b><ul><li><b>High fit</b> - System Monitoring and Control Software Initiatives - $250,000</li><li><b>High fit</b> - Pump Station Initiatives; Financial - $240,000</li><li><b>High fit</b> - Pump Initiatives - $40,000</li></ul>]]></description><Point><coordinates>-118.502209,35.043028,0</coordinates></Point></Placemark>
<Placemark><name>Town of Butte Falls</name><styleUrl>#s2</styleUrl><description><![CDATA[<b>Town of Butte Falls</b> (OR)<br/>EAE score: <b>22.0</b> &nbsp;|&nbsp; Status: <b>Open</b><br/>Population: 457<br/>County: Jackson<br/>Opportunities: 1 (1 high-fit, 0 priority)<br/>Total value: $1,500,000<br/><br/><b>Contact:</b> Katie Misfeldt, City Treasurer<br/>buttefallstr@gmail.com 1-541-865-3262<br/><br/><b>Top opportunities:</b><ul><li><b>High fit</b> - Lift Station Initiatives; Wastewater Treatment Plant or Facility Initiatives - $1,500,000</li></ul>]]></description><Point><coordinates>-122.72255,42.482623,0</coordinates></Point></Placemark>
<Placemark><name>City of Cornelius</name><styleUrl>#s2</styleUrl><description><![CDATA[<b>City of Cornelius</b> (OR)<br/>EAE score: <b>22.0</b> &nbsp;|&nbsp; Status: <b>Open</b><br/>Population: 14,714<br/>County: Washington<br/>Opportunities: 1 (1 high-fit, 1 priority)<br/>Total value: $0<br/><br/><b>Contact:</b> Ryan Howell, Operations Manager<br/>ryan.howell@corneliusor.gov 1-503-357-3011;ext=5364<br/><br/><b>Top opportunities:</b><ul><li><b>High fit</b> - System Monitoring and Control Software Initiatives - $nan</li></ul>]]></description><Point><coordinates>-122.920629,45.600635,0</coordinates></Point></Placemark>
<Placemark><name>County of Calaveras</name><styleUrl>#s2</styleUrl><description><![CDATA[<b>County of Calaveras</b> (CA)<br/>EAE score: <b>22.0</b> &nbsp;|&nbsp; Status: <b>Open</b><br/>Population: 13,080<br/>County: Calaveras<br/>Opportunities: 2 (2 high-fit, 0 priority)<br/>Total value: $0<br/><br/><b>Contact:</b> nan, nan<br/>nan nan<br/><br/><b>Top opportunities:</b><ul><li><b>High fit</b> - Wastewater Treatment Plant or Facility Initiatives - $nan</li><li><b>High fit</b> - Water Treatment Plant or Facility Initiatives - $nan</li></ul>]]></description><Point><coordinates>-120.616052,38.190106,0</coordinates></Point></Placemark>
<Placemark><name>City of Bishop</name><styleUrl>#s2</styleUrl><description><![CDATA[<b>City of Bishop</b> (CA)<br/>EAE score: <b>22.0</b> &nbsp;|&nbsp; Status: <b>Open</b><br/>Population: 3,747<br/>County: Inyo<br/>Opportunities: 2 (2 high-fit, 0 priority)<br/>Total value: $0<br/><br/><b>Contact:</b> Karen Schwartz, Mayor<br/>kschwartz@cityofbishop.com 1-760-920-7136<br/><br/><b>Top opportunities:</b><ul><li><b>High fit</b> - Wastewater Treatment Plant or Facility Initiatives - $nan</li><li><b>High fit</b> - Wastewater Treatment Plant or Facility Initiatives - $nan</li></ul>]]></description><Point><coordinates>-117.218616,36.626033,0</coordinates></Point></Placemark>
<Placemark><name>Solano Irrigation District</name><styleUrl>#s2</styleUrl><description><![CDATA[<b>Solano Irrigation District</b> (CA)<br/>EAE score: <b>22.0</b> &nbsp;|&nbsp; Status: <b>Open</b><br/>Population: 447,643<br/>County: Solano<br/>Opportunities: 2 (2 high-fit, 0 priority)<br/>Total value: $1,975,000<br/><br/><b>Contact:</b> Matthew Hobbs, Operations Manager<br/>mhobbs@sidwater.org 1-707-455-4001<br/><br/><b>Top opportunities:</b><ul><li><b>High fit</b> - Valve Initiatives; Pump Station Initiatives - $1,900,000</li><li><b>High fit</b> - System Monitoring and Control Software Initiatives - $75,000</li></ul>]]></description><Point><coordinates>-122.012778,38.407405,0</coordinates></Point></Placemark>
<Placemark><name>County of Humboldt</name><styleUrl>#s2</styleUrl><description><![CDATA[<b>County of Humboldt</b> (NV)<br/>EAE score: <b>22.0</b> &nbsp;|&nbsp; Status: <b>Open</b><br/>Population: 16,831<br/>County: Humboldt<br/>Opportunities: 2 (2 high-fit, 0 priority)<br/>Total value: $0<br/><br/><b>Contact:</b> Sonny Bengoa, Assistant Public Works Director<br/>sonny.bengoa@humboldtcountynv.gov 1-775-623-6416<br/><br/><b>Top opportunities:</b><ul><li><b>High fit</b> - Wastewater Treatment Plant or Facility Initiatives; Nutrient Initiatives - $nan</li><li><b>High fit</b> - Wastewater Treatment Plant or Facility Initiatives - $nan</li></ul>]]></description><Point><coordinates>-117.706799,41.213481,0</coordinates></Point></Placemark>
<Placemark><name>Arrowbear Park County Water District</name><styleUrl>#s2</styleUrl><description><![CDATA[<b>Arrowbear Park County Water District</b> (CA)<br/>EAE score: <b>21.9</b> &nbsp;|&nbsp; Status: <b>Open</b><br/>County: Unspecified<br/>Opportunities: 2 (2 high-fit, 1 priority)<br/>Total value: $470,000<br/><br/><b>Contact:</b> Caroline Rimmer, Administrative Secretary<br/>nan 1-909-867-2704<br/><br/><b>Top opportunities:</b><ul><li><b>High fit</b> - System Monitoring and Control Software Initiatives - $235,000</li><li><b>High fit</b> - System Monitoring and Control Software Initiatives - $235,000</li></ul>]]></description><Point><coordinates>-117.110941,34.210229,0</coordinates></Point></Placemark>
<Placemark><name>City of Woodland</name><styleUrl>#s2</styleUrl><description><![CDATA[<b>City of Woodland</b> (WA)<br/>EAE score: <b>21.9</b> &nbsp;|&nbsp; Status: <b>Open</b><br/>Population: 6,495<br/>County: Cowlitz<br/>Opportunities: 1 (1 high-fit, 0 priority)<br/>Total value: $1,460,000<br/><br/><b>Contact:</b> Riley Bunnell, Director of Public Works<br/>bunnellr@ci.woodland.wa.us 1-360-225-7999;ext=201<br/><br/><b>Top opportunities:</b><ul><li><b>High fit</b> - Lift Station Initiatives - $1,460,000</li></ul>]]></description><Point><coordinates>-122.825047,46.147274,0</coordinates></Point></Placemark>
<Placemark><name>City of Waldport</name><styleUrl>#s2</styleUrl><description><![CDATA[<b>City of Waldport</b> (OR)<br/>EAE score: <b>21.8</b> &nbsp;|&nbsp; Status: <b>Open</b><br/>Population: 2,230<br/>County: Lincoln<br/>Opportunities: 1 (1 high-fit, 0 priority)<br/>Total value: $1,400,000<br/><br/><b>Contact:</b> Scott Andry, Public Works Director<br/>scott.andry@waldportworks.org 1-541-563-2111<br/><br/><b>Top opportunities:</b><ul><li><b>High fit</b> - Disinfection Initiatives; Wastewater Treatment Plant or Facility Initiatives - $1,400,000</li></ul>]]></description><Point><coordinates>-124.024426,44.552413,0</coordinates></Point></Placemark>
<Placemark><name>Town of Steilacoom</name><styleUrl>#s2</styleUrl><description><![CDATA[<b>Town of Steilacoom</b> (WA)<br/>EAE score: <b>21.8</b> &nbsp;|&nbsp; Status: <b>Open</b><br/>Population: 6,729<br/>County: Pierce<br/>Opportunities: 1 (1 high-fit, 0 priority)<br/>Total value: $1,400,000<br/><br/><b>Contact:</b> Douglas Hale, Water / Sewer Crew Leader<br/>doug.hale@ci.steilacoom.wa.us 1-253-581-1912<br/><br/><b>Top opportunities:</b><ul><li><b>High fit</b> - Pipe Initiatives; Lift Station Initiatives - $1,400,000</li></ul>]]></description><Point><coordinates>-122.331781,47.132671,0</coordinates></Point></Placemark>
<Placemark><name>City of Chiloquin</name><styleUrl>#s2</styleUrl><description><![CDATA[<b>City of Chiloquin</b> (OR)<br/>EAE score: <b>21.6</b> &nbsp;|&nbsp; Status: <b>Open</b><br/>Population: 755<br/>County: Klamath<br/>Opportunities: 1 (1 high-fit, 0 priority)<br/>Total value: $1,300,000<br/><br/><b>Contact:</b> Jeremy Morris, City Engineer<br/>jeremymorris@cityofchiloquin.org 1-541-783-2717<br/><br/><b>Top opportunities:</b><ul><li><b>High fit</b> - Wastewater Treatment Plant or Facility Initiatives; Pump Initiatives - $1,300,000</li></ul>]]></description><Point><coordinates>-121.816873,42.293293,0</coordinates></Point></Placemark>
<Placemark><name>Channel Island Beach Community Services Dist</name><styleUrl>#s2</styleUrl><description><![CDATA[<b>Channel Island Beach Community Services Dist</b> (CA)<br/>EAE score: <b>21.5</b> &nbsp;|&nbsp; Status: <b>Open</b><br/>Population: 209,877<br/>County: Ventura<br/>Opportunities: 2 (2 high-fit, 0 priority)<br/>Total value: $1,750,000<br/><br/><b>Contact:</b> Peter Martinez, General Manager<br/>pmartinez@cibcsd.com 1-805-985-6021<br/><br/><b>Top opportunities:</b><ul><li><b>High fit</b> - Financial; Wastewater Treatment Plant or Facility Initiatives - $1,500,000</li><li><b>High fit</b> - Lift Station Initiatives - $250,000</li></ul>]]></description><Point><coordinates>-119.202365,34.221157,0</coordinates></Point></Placemark>
<Placemark><name>Sausalito Marin City Sanitary District</name><styleUrl>#s2</styleUrl><description><![CDATA[<b>Sausalito Marin City Sanitary District</b> (CA)<br/>EAE score: <b>21.4</b> &nbsp;|&nbsp; Status: <b>Open</b><br/>Population: 19,000<br/>County: Sausalito-Marin City Sanitary District<br/>Opportunities: 2 (1 high-fit, 1 priority)<br/>Total value: $5,100,000<br/><br/><b>Contact:</b> Jeffery Kingston, General Manager<br/>jeffrey@smcsd.net 1-415-331-4718;ext=4718<br/><br/><b>Top opportunities:</b><ul><li><b>Low fit</b> - Project Design; Implementation - $3,900,000</li><li><b>High fit</b> - Pump Station Initiatives - $1,200,000</li></ul>]]></description><Point><coordinates>-122.531423,37.850417,0</coordinates></Point></Placemark>
<Placemark><name>City of South Gate</name><styleUrl>#s2</styleUrl><description><![CDATA[<b>City of South Gate</b> (CA)<br/>EAE score: <b>21.3</b> &nbsp;|&nbsp; Status: <b>Open</b><br/>Population: 93,444<br/>County: Los Angeles<br/>Opportunities: 3 (2 high-fit, 1 priority)<br/>Total value: $8,131,682<br/><br/><b>Contact:</b> Chris Castillo, Water Division Manager<br/>ccastillo@sogate.org 1-323-563-5779<br/><br/><b>Top opportunities:</b><ul><li><b>Medium fit</b> - Financial; Emerging Contaminants Initiatives - $7,500,000</li><li><b>High fit</b> - System Monitoring and Control Software Initiatives - $631,682</li><li><b>High fit</b> - System Monitoring and Control Software Initiatives - $nan</li></ul>]]></description><Point><coordinates>-118.193403,33.937714,0</coordinates></Point></Placemark>
<Placemark><name>City of Yerington</name><styleUrl>#s2</styleUrl><description><![CDATA[<b>City of Yerington</b> (NV)<br/>EAE score: <b>21.0</b> &nbsp;|&nbsp; Status: <b>Open</b><br/>Population: 3,241<br/>County: Lyon<br/>Opportunities: 1 (1 high-fit, 0 priority)<br/>Total value: $985,000<br/><br/><b>Contact:</b> Robert Switzer, City Manager<br/>manager@yerington.net 1-775-463-3511<br/><br/><b>Top opportunities:</b><ul><li><b>High fit</b> - Lift Station Initiatives - $985,000</li></ul>]]></description><Point><coordinates>-119.228631,39.080415,0</coordinates></Point></Placemark>
<Placemark><name>San Simeon Community Services District</name><styleUrl>#s2</styleUrl><description><![CDATA[<b>San Simeon Community Services District</b> (CA)<br/>EAE score: <b>21.0</b> &nbsp;|&nbsp; Status: <b>Open</b><br/>County: Unspecified<br/>Opportunities: 3 (3 high-fit, 0 priority)<br/>Total value: $0<br/><br/><b>Contact:</b> nan, nan<br/>nan nan<br/><br/><b>Top opportunities:</b><ul><li><b>High fit</b> - Wastewater Treatment Plant or Facility Initiatives; Flooding / CSO Initiatives - $nan</li><li><b>High fit</b> - Wastewater Treatment Plant or Facility Initiatives - $nan</li><li><b>High fit</b> - Water Treatment Plant or Facility Initiatives - $nan</li></ul>]]></description><Point><coordinates>-120.888038,35.575711,0</coordinates></Point></Placemark>
<Placemark><name>Kern Council Of Governments</name><styleUrl>#s2</styleUrl><description><![CDATA[<b>Kern Council Of Governments</b> (CA)<br/>EAE score: <b>21.0</b> &nbsp;|&nbsp; Status: <b>Open</b><br/>Population: 384,145<br/>County: Kern<br/>Opportunities: 2 (2 high-fit, 0 priority)<br/>Total value: $2,994,000<br/><br/><b>Contact:</b> nan, nan<br/>nan nan<br/><br/><b>Top opportunities:</b><ul><li><b>High fit</b> - Wastewater Treatment Plant or Facility Initiatives - $2,994,000</li><li><b>High fit</b> - Wastewater Treatment Plant or Facility Initiatives - $nan</li></ul>]]></description><Point><coordinates>-119.007662,35.483501,0</coordinates></Point></Placemark>
<Placemark><name>City of Raymond</name><styleUrl>#s2</styleUrl><description><![CDATA[<b>City of Raymond</b> (WA)<br/>EAE score: <b>21.0</b> &nbsp;|&nbsp; Status: <b>Open</b><br/>Population: 2,994<br/>County: Pacific<br/>Opportunities: 1 (1 high-fit, 0 priority)<br/>Total value: $1,000,000<br/><br/><b>Contact:</b> nan, nan<br/>nan nan<br/><br/><b>Top opportunities:</b><ul><li><b>High fit</b> - Pump Station Initiatives - $1,000,000</li></ul>]]></description><Point><coordinates>-123.834262,46.588006,0</coordinates></Point></Placemark>
<Placemark><name>City of Tombstone</name><styleUrl>#s2</styleUrl><description><![CDATA[<b>City of Tombstone</b> (AZ)<br/>EAE score: <b>21.0</b> &nbsp;|&nbsp; Status: <b>Open</b><br/>Population: 1,303<br/>County: Cochise<br/>Opportunities: 1 (1 high-fit, 0 priority)<br/>Total value: $989,866<br/><br/><b>Contact:</b> Robby Nicholas, Public Works Director<br/>pwdirector@cityoftombstoneaz.gov 1-520-457-3415<br/><br/><b>Top opportunities:</b><ul><li><b>High fit</b> - Wastewater Treatment Plant or Facility Initiatives - $989,866</li></ul>]]></description><Point><coordinates>-109.819216,31.445577,0</coordinates></Point></Placemark>
<Placemark><name>Palmdale Water District</name><styleUrl>#s2</styleUrl><description><![CDATA[<b>Palmdale Water District</b> (CA)<br/>EAE score: <b>21.0</b> &nbsp;|&nbsp; Status: <b>Open</b><br/>Population: 10,039,107<br/>County: Los Angeles<br/>Opportunities: 3 (3 high-fit, 0 priority)<br/>Total value: $0<br/><br/><b>Contact:</b> Kimberly Clyma, Project Manager<br/>kclyma@woodardcurran.com 1-925-627-4144<br/><br/><b>Top opportunities:</b><ul><li><b>High fit</b> - Biosolids and Sludge Management Initiatives; Primary Treatment Initiatives - $nan</li><li><b>High fit</b> - Wastewater Treatment Plant or Facility Initiatives; Tertiary Treatment Initiatives - $nan</li><li><b>High fit</b> - System Monitoring and Control Software Initiatives - $nan</li></ul>]]></description><Point><coordinates>-118.298662,33.786594,0</coordinates></Point></Placemark>
<Placemark><name>City of Bell Gardens</name><styleUrl>#s2</styleUrl><description><![CDATA[<b>City of Bell Gardens</b> (CA)<br/>EAE score: <b>20.7</b> &nbsp;|&nbsp; Status: <b>Open</b><br/>Population: 42,012<br/>County: Los Angeles<br/>Opportunities: 1 (1 high-fit, 1 priority)<br/>Total value: $840,340<br/><br/><b>Contact:</b> Michael O’Kelly, City Manager<br/>mokelly@bellgardens.org 1-562-806-7702<br/><br/><b>Top opportunities:</b><ul><li><b>High fit</b> - Emerging Contaminants Initiatives; Water Treatment Plant or Facility Initiatives - $840,340</li></ul>]]></description><Point><coordinates>-118.168903,33.976663,0</coordinates></Point></Placemark>
<Placemark><name>Chelan County Public Utilities District</name><styleUrl>#s2</styleUrl><description><![CDATA[<b>Chelan County Public Utilities District</b> (WA)<br/>EAE score: <b>20.6</b> &nbsp;|&nbsp; Status: <b>Open</b><br/>Population: 34,360<br/>County: Chelan<br/>Opportunities: 1 (1 high-fit, 1 priority)<br/>Total value: $798,596<br/><br/><b>Contact:</b> Sri Krishnan, Chief Financial Officer<br/>sri.krishnan@chelanpud.org 1-509-663-8121<br/><br/><b>Top opportunities:</b><ul><li><b>High fit</b> - System Monitoring and Control Software Initiatives - $798,596</li></ul>]]></description><Point><coordinates>-120.520211,47.905787,0</coordinates></Point></Placemark>
<Placemark><name>Chelan County Public Utility District</name><styleUrl>#s2</styleUrl><description><![CDATA[<b>Chelan County Public Utility District</b> (WA)<br/>EAE score: <b>20.6</b> &nbsp;|&nbsp; Status: <b>Open</b><br/>Population: 34,360<br/>County: Chelan<br/>Opportunities: 1 (1 high-fit, 1 priority)<br/>Total value: $798,596<br/><br/><b>Contact:</b> Dan Koch, Chief Operating Officer<br/>dan.koch@chelanpud.org 1-509-663-8121<br/><br/><b>Top opportunities:</b><ul><li><b>High fit</b> - System Monitoring and Control Software Initiatives - $798,596</li></ul>]]></description><Point><coordinates>-120.520211,47.905787,0</coordinates></Point></Placemark>
<Placemark><name>City of Newport Beach</name><styleUrl>#s2</styleUrl><description><![CDATA[<b>City of Newport Beach</b> (CA)<br/>EAE score: <b>20.6</b> &nbsp;|&nbsp; Status: <b>Open</b><br/>Population: 85,694<br/>County: Orange<br/>Opportunities: 1 (1 high-fit, 1 priority)<br/>Total value: $4,310,000<br/><br/><b>Contact:</b> Tom Sandefur, Assistant City Engineer<br/>tsandefur@newportbeachca.gov 1-949-644-3321<br/><br/><b>Top opportunities:</b><ul><li><b>High fit</b> - Pump Station Initiatives - $4,310,000</li></ul>]]></description><Point><coordinates>-117.875189,33.637771,0</coordinates></Point></Placemark>
<Placemark><name>City of Ely</name><styleUrl>#s2</styleUrl><description><![CDATA[<b>City of Ely</b> (NV)<br/>EAE score: <b>20.2</b> &nbsp;|&nbsp; Status: <b>Open</b><br/>Population: 3,993<br/>County: White Pine<br/>Opportunities: 1 (1 high-fit, 0 priority)<br/>Total value: $600,000<br/><br/><b>Contact:</b> Mike Cracraft, Public Works Supervisor<br/>publicworks@cityofelynv.gov 1-775-289-1394<br/><br/><b>Top opportunities:</b><ul><li><b>High fit</b> - Wastewater Treatment Plant or Facility Initiatives - $600,000</li></ul>]]></description><Point><coordinates>-114.840433,39.314155,0</coordinates></Point></Placemark>
<Placemark><name>City of Mountain View</name><styleUrl>#s2</styleUrl><description><![CDATA[<b>City of Mountain View</b> (CA)<br/>EAE score: <b>20.2</b> &nbsp;|&nbsp; Status: <b>Open</b><br/>Population: 82,739<br/>County: Santa Clara<br/>Opportunities: 2 (1 high-fit, 2 priority)<br/>Total value: $11,912,000<br/><br/><b>Contact:</b> Robert Gonzales, Manager / Principal Civil Engineer<br/>robert.gonzales@mountainview.gov 1-650-903-6541<br/><br/><b>Top opportunities:</b><ul><li><b>Low fit</b> - Pipe Initiatives; Stormwater-Wide Initiatives - $10,835,000</li><li><b>High fit</b> - Collection System-Wide Initiatives; Pump Initiatives - $1,077,000</li></ul>]]></description><Point><coordinates>-121.705327,37.189396,0</coordinates></Point></Placemark>
<Placemark><name>City of Stayton</name><styleUrl>#s2</styleUrl><description><![CDATA[<b>City of Stayton</b> (OR)<br/>EAE score: <b>20.2</b> &nbsp;|&nbsp; Status: <b>Open</b><br/>Population: 8,295<br/>County: Marion<br/>Opportunities: 1 (1 high-fit, 0 priority)<br/>Total value: $584,487<br/><br/><b>Contact:</b> Lance Ludwick, Director of Public Works<br/>lludwick@ci.stayton.or.us 1-503-769-2919<br/><br/><b>Top opportunities:</b><ul><li><b>High fit</b> - Lift Station Initiatives; Financial - $584,487</li></ul>]]></description><Point><coordinates>-122.726619,44.807707,0</coordinates></Point></Placemark>
<Placemark><name>City of Rohnert Park</name><styleUrl>#s2</styleUrl><description><![CDATA[<b>City of Rohnert Park</b> (CA)<br/>EAE score: <b>20.2</b> &nbsp;|&nbsp; Status: <b>Open</b><br/>Population: 43,291<br/>County: Sonoma<br/>Opportunities: 1 (1 high-fit, 1 priority)<br/>Total value: $625,000<br/><br/><b>Contact:</b> Mark Hendersen, Interim Public Works Director<br/>mhendersen@rpcity.org 1-707-588-3316<br/><br/><b>Top opportunities:</b><ul><li><b>High fit</b> - System Monitoring and Control Software Initiatives; Valve Initiatives - $625,000</li></ul>]]></description><Point><coordinates>-122.698398,38.345663,0</coordinates></Point></Placemark>
<Placemark><name>Pajaro-Sunny Mesa Community Services District</name><styleUrl>#s2</styleUrl><description><![CDATA[<b>Pajaro-Sunny Mesa Community Services District</b> (CA)<br/>EAE score: <b>20.0</b> &nbsp;|&nbsp; Status: <b>Open</b><br/>Population: 35,000<br/>County: Santa Cruz<br/>Opportunities: 1 (1 high-fit, 0 priority)<br/>Total value: $500,000<br/><br/><b>Contact:</b> Sergio Ochoa, Operations Manager<br/>nan 1-831-663-2181<br/><br/><b>Top opportunities:</b><ul><li><b>High fit</b> - System Monitoring and Control Software Initiatives - $500,000</li></ul>]]></description><Point><coordinates>-121.74696,36.98025,0</coordinates></Point></Placemark>
<Placemark><name>Pajaro Sunny Mesa Community Services District</name><styleUrl>#s2</styleUrl><description><![CDATA[<b>Pajaro Sunny Mesa Community Services District</b> (CA)<br/>EAE score: <b>20.0</b> &nbsp;|&nbsp; Status: <b>Open</b><br/>Population: 35,000<br/>County: Santa Cruz<br/>Opportunities: 1 (1 high-fit, 0 priority)<br/>Total value: $500,000<br/><br/><b>Contact:</b> Don Rosa, General Manager<br/>donrosa@pajarosunnymesa.com 1-831-663-2181<br/><br/><b>Top opportunities:</b><ul><li><b>High fit</b> - System Monitoring and Control Software Initiatives; Financial - $500,000</li></ul>]]></description><Point><coordinates>-121.74696,36.98025,0</coordinates></Point></Placemark>
<Placemark><name>City of Silverton</name><styleUrl>#s2</styleUrl><description><![CDATA[<b>City of Silverton</b> (OR)<br/>EAE score: <b>20.0</b> &nbsp;|&nbsp; Status: <b>Open</b><br/>Population: 10,618<br/>County: Marion<br/>Opportunities: 2 (0 high-fit, 2 priority)<br/>Total value: $116,000<br/><br/><b>Contact:</b> Travis Sperle, Public Works Director<br/>tsperle@silverton.or.us 1-503-874-2210<br/><br/><b>Top opportunities:</b><ul><li><b>Medium fit</b> - Financial; Distribution System-Wide Initiatives - $58,000</li><li><b>Medium fit</b> - Distribution System-Wide Initiatives; Consultant Initiatives - $58,000</li></ul>]]></description><Point><coordinates>-122.748442,44.954501,0</coordinates></Point></Placemark>
<Placemark><name>City of Roseburg</name><styleUrl>#s2</styleUrl><description><![CDATA[<b>City of Roseburg</b> (OR)<br/>EAE score: <b>19.8</b> &nbsp;|&nbsp; Status: <b>Open</b><br/>Population: 23,479<br/>County: Douglas<br/>Opportunities: 1 (1 high-fit, 1 priority)<br/>Total value: $400,000<br/><br/><b>Contact:</b> Nikki Messenger, City Manager<br/>nmessenger@cityofroseburg.org 1-541-492-6866<br/><br/><b>Top opportunities:</b><ul><li><b>High fit</b> - Pump Station Initiatives - $400,000</li></ul>]]></description><Point><coordinates>-123.360805,43.053573,0</coordinates></Point></Placemark>
<Placemark><name>City of La Palma</name><styleUrl>#s2</styleUrl><description><![CDATA[<b>City of La Palma</b> (CA)<br/>EAE score: <b>19.7</b> &nbsp;|&nbsp; Status: <b>Open</b><br/>Population: 15,428<br/>County: Orange<br/>Opportunities: 1 (1 high-fit, 0 priority)<br/>Total value: $349,000<br/><br/><b>Contact:</b> Conal McNamara, City Manager<br/>cmcnamara@lapalmaca.gov 1-714-690-3334<br/><br/><b>Top opportunities:</b><ul><li><b>High fit</b> - System Monitoring and Control Software Initiatives - $349,000</li></ul>]]></description><Point><coordinates>-117.769442,33.640302,0</coordinates></Point></Placemark>
<Placemark><name>City of American Canyon</name><styleUrl>#s2</styleUrl><description><![CDATA[<b>City of American Canyon</b> (CA)<br/>EAE score: <b>19.6</b> &nbsp;|&nbsp; Status: <b>Open</b><br/>Population: 20,475<br/>County: Napa<br/>Opportunities: 1 (1 high-fit, 1 priority)<br/>Total value: $314,238<br/><br/><b>Contact:</b> Erica Smithies, Public Works Director<br/>esmithies@cityofamericancanyon.org 707-647-4366<br/><br/><b>Top opportunities:</b><ul><li><b>High fit</b> - System Monitoring and Control Software Initiatives - $314,238</li></ul>]]></description><Point><coordinates>-122.24,38.17,0</coordinates></Point></Placemark>
<Placemark><name>City of Sebastopol</name><styleUrl>#s2</styleUrl><description><![CDATA[<b>City of Sebastopol</b> (CA)<br/>EAE score: <b>19.6</b> &nbsp;|&nbsp; Status: <b>Open</b><br/>Population: 7,674<br/>County: Sonoma<br/>Opportunities: 1 (1 high-fit, 0 priority)<br/>Total value: $275,000<br/><br/><b>Contact:</b> Mary Gourley, City Clerk<br/>mgourley@cityofsebastopol.gov 1-707-823-1153<br/><br/><b>Top opportunities:</b><ul><li><b>High fit</b> - Lift Station Initiatives - $275,000</li></ul>]]></description><Point><coordinates>-122.869654,38.407222,0</coordinates></Point></Placemark>
<Placemark><name>Moapa Valley Water District</name><styleUrl>#s2</styleUrl><description><![CDATA[<b>Moapa Valley Water District</b> (NV)<br/>EAE score: <b>19.5</b> &nbsp;|&nbsp; Status: <b>Open</b><br/>County: Clark<br/>Opportunities: 2 (2 high-fit, 0 priority)<br/>Total value: $739,300<br/><br/><b>Contact:</b> Ryan Wheeler, Director<br/>contact@moapawater.com 1-702-397-6893<br/><br/><b>Top opportunities:</b><ul><li><b>High fit</b> - System Monitoring and Control Software Initiatives - $709,300</li><li><b>High fit</b> - System Monitoring and Control Software Initiatives - $30,000</li></ul>]]></description><Point><coordinates>-114.473191,36.570259,0</coordinates></Point></Placemark>
<Placemark><name>City of Big Bear Lake</name><styleUrl>#s2</styleUrl><description><![CDATA[<b>City of Big Bear Lake</b> (CA)<br/>EAE score: <b>19.5</b> &nbsp;|&nbsp; Status: <b>Open</b><br/>Population: 5,279<br/>County: San Bernardino<br/>Opportunities: 1 (1 high-fit, 0 priority)<br/>Total value: $250,000<br/><br/><b>Contact:</b> Erica Stephenson, City Clerk<br/>cityclerk@bigbearlake.gov 1-909-866-5831;ext=120<br/><br/><b>Top opportunities:</b><ul><li><b>High fit</b> - System Monitoring and Control Software Initiatives - $250,000</li></ul>]]></description><Point><coordinates>-116.847414,34.223224,0</coordinates></Point></Placemark>
<Placemark><name>Nehalem Bay Wastewater Agency</name><styleUrl>#s2</styleUrl><description><![CDATA[<b>Nehalem Bay Wastewater Agency</b> (OR)<br/>EAE score: <b>19.5</b> &nbsp;|&nbsp; Status: <b>Open</b><br/>Population: 297<br/>County: Tillamook<br/>Opportunities: 1 (1 high-fit, 0 priority)<br/>Total value: $240,000<br/><br/><b>Contact:</b> Bruce Halverson, General Manager<br/>info@nbwaor.gov 1-503-368-5125<br/><br/><b>Top opportunities:</b><ul><li><b>High fit</b> - Lift Station Initiatives - $240,000</li></ul>]]></description><Point><coordinates>-123.853529,45.651933,0</coordinates></Point></Placemark>
<Placemark><name>City of Quincy</name><styleUrl>#s2</styleUrl><description><![CDATA[<b>City of Quincy</b> (WA)<br/>EAE score: <b>19.5</b> &nbsp;|&nbsp; Status: <b>Open</b><br/>Population: 8,033<br/>County: Grant<br/>Opportunities: 1 (1 high-fit, 0 priority)<br/>Total value: $250,000<br/><br/><b>Contact:</b> Ariel Belino, City Engineer<br/>abelino@quincywashington.us 1-509-787-3523;ext=258<br/><br/><b>Top opportunities:</b><ul><li><b>High fit</b> - Lift Station Initiatives - $250,000</li></ul>]]></description><Point><coordinates>-119.401958,47.177565,0</coordinates></Point></Placemark>
<Placemark><name>City of Tolleson</name><styleUrl>#s2</styleUrl><description><![CDATA[<b>City of Tolleson</b> (AZ)<br/>EAE score: <b>19.3</b> &nbsp;|&nbsp; Status: <b>Open</b><br/>Population: 7,372<br/>County: Maricopa<br/>Opportunities: 1 (1 high-fit, 0 priority)<br/>Total value: $150,000<br/><br/><b>Contact:</b> Reyes Medrano, City Manager<br/>rmedrano@tolleson.az.gov 1-623-936-7111<br/><br/><b>Top opportunities:</b><ul><li><b>High fit</b> - Lift Station Initiatives - $150,000</li></ul>]]></description><Point><coordinates>-112.18717,33.276539,0</coordinates></Point></Placemark>
<Placemark><name>City of Safford</name><styleUrl>#s2</styleUrl><description><![CDATA[<b>City of Safford</b> (AZ)<br/>EAE score: <b>19.3</b> &nbsp;|&nbsp; Status: <b>Open</b><br/>Population: 9,983<br/>County: Graham<br/>Opportunities: 1 (1 high-fit, 0 priority)<br/>Total value: $165,000<br/><br/><b>Contact:</b> Troy Bingham, Finance Director<br/>tbingham@saffordaz.gov 1-928-432-4033<br/><br/><b>Top opportunities:</b><ul><li><b>High fit</b> - Financial; System Monitoring and Control Software Initiatives - $165,000</li></ul>]]></description><Point><coordinates>-109.701631,32.813612,0</coordinates></Point></Placemark>
<Placemark><name>City of Blythe</name><styleUrl>#s2</styleUrl><description><![CDATA[<b>City of Blythe</b> (CA)<br/>EAE score: <b>19.2</b> &nbsp;|&nbsp; Status: <b>Open</b><br/>Population: 19,682<br/>County: Riverside<br/>Opportunities: 1 (1 high-fit, 1 priority)<br/>Total value: $100,000<br/><br/><b>Contact:</b> Mirasol Elegores, Public Works Director<br/>melegores@cityofblythe.ca.gov 1-760-922-6611<br/><br/><b>Top opportunities:</b><ul><li><b>High fit</b> - Financial; Water Treatment Plant or Facility Initiatives - $100,000</li></ul>]]></description><Point><coordinates>-115.723001,33.756749,0</coordinates></Point></Placemark>
<Placemark><name>City of Poulsbo</name><styleUrl>#s2</styleUrl><description><![CDATA[<b>City of Poulsbo</b> (WA)<br/>EAE score: <b>19.2</b> &nbsp;|&nbsp; Status: <b>Open</b><br/>Population: 10,927<br/>County: Kitsap<br/>Opportunities: 1 (1 high-fit, 1 priority)<br/>Total value: $109,000<br/><br/><b>Contact:</b> Mike Lund, Public Works Superintendent<br/>mlund@cityofpoulsbo.com 1-360-394-9757<br/><br/><b>Top opportunities:</b><ul><li><b>High fit</b> - Secondary Treatment Initiatives; Collection System-Wide Initiatives - $109,000</li></ul>]]></description><Point><coordinates>-122.587102,47.542664,0</coordinates></Point></Placemark>
<Placemark><name>City of Milton</name><styleUrl>#s2</styleUrl><description><![CDATA[<b>City of Milton</b> (WA)<br/>EAE score: <b>19.1</b> &nbsp;|&nbsp; Status: <b>Open</b><br/>Population: 8,299<br/>County: Pierce<br/>Opportunities: 1 (1 high-fit, 0 priority)<br/>Total value: $35,000<br/><br/><b>Contact:</b> Tammy Lowit, City Clerk<br/>tammy.lowit@cityofmilton.net 1-678-242-2492<br/><br/><b>Top opportunities:</b><ul><li><b>High fit</b> - Pump Station Initiatives; Disinfection Initiatives - $35,000</li></ul>]]></description><Point><coordinates>-122.472793,47.247871,0</coordinates></Point></Placemark>
<Placemark><name>City of Banks</name><styleUrl>#s2</styleUrl><description><![CDATA[<b>City of Banks</b> (OR)<br/>EAE score: <b>19.1</b> &nbsp;|&nbsp; Status: <b>Open</b><br/>Population: 2,036<br/>County: Washington<br/>Opportunities: 1 (1 high-fit, 0 priority)<br/>Total value: $50,000<br/><br/><b>Contact:</b> Conner Hayes, Public Works Superintendent<br/>chayes@cityofbanks.org 1-503-324-5112<br/><br/><b>Top opportunities:</b><ul><li><b>High fit</b> - System Monitoring and Control Software Initiatives - $50,000</li></ul>]]></description><Point><coordinates>-123.138952,45.594526,0</coordinates></Point></Placemark>
<Placemark><name>Northshore Utility District</name><styleUrl>#s2</styleUrl><description><![CDATA[<b>Northshore Utility District</b> (WA)<br/>EAE score: <b>19.1</b> &nbsp;|&nbsp; Status: <b>Open</b><br/>Population: 23,097<br/>County: King<br/>Opportunities: 1 (1 high-fit, 0 priority)<br/>Total value: $50,000<br/><br/><b>Contact:</b> SUZANNE GREATHOUSE, BOARD PRESIDENT<br/>sgreathouse@nud.net 1-425-398-4400<br/><br/><b>Top opportunities:</b><ul><li><b>High fit</b> - System Monitoring and Control Software Initiatives; Software-Wide Initiatives - $50,000</li></ul>]]></description><Point><coordinates>-122.124643,47.754219,0</coordinates></Point></Placemark>
<Placemark><name>City of Twentynine Palms</name><styleUrl>#s2</styleUrl><description><![CDATA[<b>City of Twentynine Palms</b> (CA)<br/>EAE score: <b>19.0</b> &nbsp;|&nbsp; Status: <b>Open</b><br/>Population: 26,073<br/>County: San Bernardino<br/>Opportunities: 1 (1 high-fit, 1 priority)<br/>Total value: $0<br/><br/><b>Contact:</b> nan, nan<br/>nan nan<br/><br/><b>Top opportunities:</b><ul><li><b>High fit</b> - Collection System-Wide Initiatives; Wastewater Treatment Plant or Facility Initiatives - $nan</li></ul>]]></description><Point><coordinates>-116.235073,34.234411,0</coordinates></Point></Placemark>
<Placemark><name>City of Ione</name><styleUrl>#s2</styleUrl><description><![CDATA[<b>City of Ione</b> (CA)<br/>EAE score: <b>19.0</b> &nbsp;|&nbsp; Status: <b>Open</b><br/>Population: 7,753<br/>County: Amador<br/>Opportunities: 1 (1 high-fit, 0 priority)<br/>Total value: $0<br/><br/><b>Contact:</b> nan, nan<br/>nan nan<br/><br/><b>Top opportunities:</b><ul><li><b>High fit</b> - Wastewater Treatment Plant or Facility Initiatives - $nan</li></ul>]]></description><Point><coordinates>-120.91473,38.340647,0</coordinates></Point></Placemark>
<Placemark><name>Bridgeport Public Utility District</name><styleUrl>#s2</styleUrl><description><![CDATA[<b>Bridgeport Public Utility District</b> (CA)<br/>EAE score: <b>19.0</b> &nbsp;|&nbsp; Status: <b>Open</b><br/>Population: 14,444<br/>County: Mono<br/>Opportunities: 1 (1 high-fit, 0 priority)<br/>Total value: $0<br/><br/><b>Contact:</b> Thomas Mullinax, Operations &amp; Field Manager<br/>bridgeportpud@gmail.com 1-760-932-7251<br/><br/><b>Top opportunities:</b><ul><li><b>High fit</b> - Lift Station Initiatives; Electrical Systems-Wide Initiatives - $nan</li></ul>]]></description><Point><coordinates>-119.19876,38.248505,0</coordinates></Point></Placemark>
<Placemark><name>City of Williams</name><styleUrl>#s2</styleUrl><description><![CDATA[<b>City of Williams</b> (AZ)<br/>EAE score: <b>19.0</b> &nbsp;|&nbsp; Status: <b>Open</b><br/>Population: 3,248<br/>County: Coconino<br/>Opportunities: 1 (1 high-fit, 0 priority)<br/>Total value: $0<br/><br/><b>Contact:</b> nan, nan<br/>nan nan<br/><br/><b>Top opportunities:</b><ul><li><b>High fit</b> - Wastewater Treatment Plant or Facility Initiatives - $nan</li></ul>]]></description><Point><coordinates>-111.597853,35.932116,0</coordinates></Point></Placemark>
<Placemark><name>City of Willits</name><styleUrl>#s2</styleUrl><description><![CDATA[<b>City of Willits</b> (CA)<br/>EAE score: <b>19.0</b> &nbsp;|&nbsp; Status: <b>Open</b><br/>Population: 4,890<br/>County: Mendocino<br/>Opportunities: 2 (1 high-fit, 0 priority)<br/>Total value: $1,500,000<br/><br/><b>Contact:</b> Scott Herman, Public Works Director<br/>sherman@cityofwillits.org 1-707-459-4605<br/><br/><b>Top opportunities:</b><ul><li><b>High fit</b> - Pump Station Initiatives - $1,500,000</li><li><b>Low fit</b> - Staffing Initiatives - $nan</li></ul>]]></description><Point><coordinates>-123.36573,39.525958,0</coordinates></Point></Placemark>
<Placemark><name>City of El Centro</name><styleUrl>#s2</styleUrl><description><![CDATA[<b>City of El Centro</b> (CA)<br/>EAE score: <b>19.0</b> &nbsp;|&nbsp; Status: <b>Open</b><br/>Population: 44,079<br/>County: Imperial<br/>Opportunities: 1 (1 high-fit, 0 priority)<br/>Total value: $0<br/><br/><b>Contact:</b> Abraham Campos, Public Works Director/ City Engineer<br/>acampos@cityofelcentro.org 1-760-337-4505<br/><br/><b>Top opportunities:</b><ul><li><b>High fit</b> - Lift Station Initiatives - $nan</li></ul>]]></description><Point><coordinates>-115.503842,32.900509,0</coordinates></Point></Placemark>
<Placemark><name>County of Amador</name><styleUrl>#s2</styleUrl><description><![CDATA[<b>County of Amador</b> (CA)<br/>EAE score: <b>19.0</b> &nbsp;|&nbsp; Status: <b>Open</b><br/>Population: 39,752<br/>County: Amador<br/>Opportunities: 1 (1 high-fit, 1 priority)<br/>Total value: $0<br/><br/><b>Contact:</b> Pam Matthews, Chief Deputy Treasurer<br/>pmatthews@amadorgov.org 1-209-223-6364<br/><br/><b>Top opportunities:</b><ul><li><b>High fit</b> - System Monitoring and Control Software Initiatives; Power Supply, Control, and Protection Initiatives - $nan</li></ul>]]></description><Point><coordinates>-120.763365,38.366959,0</coordinates></Point></Placemark>
<Placemark><name>City of Dayton</name><styleUrl>#s2</styleUrl><description><![CDATA[<b>City of Dayton</b> (WA)<br/>EAE score: <b>19.0</b> &nbsp;|&nbsp; Status: <b>Open</b><br/>Population: 2,442<br/>County: Columbia<br/>Opportunities: 1 (1 high-fit, 0 priority)<br/>Total value: $0<br/><br/><b>Contact:</b> Dave Elkins, Assistant Public Works Director<br/>delkins@daytonwa.com 1-509-382-4571<br/><br/><b>Top opportunities:</b><ul><li><b>High fit</b> - Wastewater Treatment Plant or Facility Initiatives - $nan</li></ul>]]></description><Point><coordinates>-117.94953,46.392683,0</coordinates></Point></Placemark>
<Placemark><name>City of La Pine</name><styleUrl>#s2</styleUrl><description><![CDATA[<b>City of La Pine</b> (OR)<br/>EAE score: <b>19.0</b> &nbsp;|&nbsp; Status: <b>Open</b><br/>Population: 1,929<br/>County: Deschutes<br/>Opportunities: 1 (1 high-fit, 0 priority)<br/>Total value: $0<br/><br/><b>Contact:</b> Jake Obrist, Public Works Director<br/>jobrist@lapineoregon.gov 1-541-948-9358<br/><br/><b>Top opportunities:</b><ul><li><b>High fit</b> - Lift Station Initiatives - $nan</li></ul>]]></description><Point><coordinates>-120.51736112121213,43.80528472727271,0</coordinates></Point></Placemark>
<Placemark><name>City of College Place</name><styleUrl>#s2</styleUrl><description><![CDATA[<b>City of College Place</b> (WA)<br/>EAE score: <b>19.0</b> &nbsp;|&nbsp; Status: <b>Open</b><br/>Population: 9,317<br/>County: Walla Walla<br/>Opportunities: 1 (1 high-fit, 0 priority)<br/>Total value: $0<br/><br/><b>Contact:</b> Paul Hartwig, Director of Public Works<br/>phartwig@cpwa.us 1-509-394-8526<br/><br/><b>Top opportunities:</b><ul><li><b>High fit</b> - Lift Station Initiatives - $nan</li></ul>]]></description><Point><coordinates>-118.409275,46.047069,0</coordinates></Point></Placemark>
<Placemark><name>Forestville Water District</name><styleUrl>#s2</styleUrl><description><![CDATA[<b>Forestville Water District</b> (CA)<br/>EAE score: <b>19.0</b> &nbsp;|&nbsp; Status: <b>Open</b><br/>Population: 3,000<br/>County: Sonoma<br/>Opportunities: 1 (1 high-fit, 0 priority)<br/>Total value: $0<br/><br/><b>Contact:</b> nan, nan<br/>nan nan<br/><br/><b>Top opportunities:</b><ul><li><b>High fit</b> - Lift Station Initiatives - $nan</li></ul>]]></description><Point><coordinates>-122.918385,38.509736,0</coordinates></Point></Placemark>
<Placemark><name>City of Omak</name><styleUrl>#s2</styleUrl><description><![CDATA[<b>City of Omak</b> (WA)<br/>EAE score: <b>19.0</b> &nbsp;|&nbsp; Status: <b>Open</b><br/>Population: 4,778<br/>County: Okanogan<br/>Opportunities: 1 (1 high-fit, 0 priority)<br/>Total value: $0<br/><br/><b>Contact:</b> Connie Thomas, City Clerk<br/>clerk@omakcity.com 1-509-826-1170<br/><br/><b>Top opportunities:</b><ul><li><b>High fit</b> - Disinfection Initiatives; Lift Station Initiatives - $nan</li></ul>]]></description><Point><coordinates>-119.956787,48.577378,0</coordinates></Point></Placemark>
<Placemark><name>City of Oakley</name><styleUrl>#s2</styleUrl><description><![CDATA[<b>City of Oakley</b> (CA)<br/>EAE score: <b>19.0</b> &nbsp;|&nbsp; Status: <b>Open</b><br/>Population: 42,543<br/>County: Contra Costa<br/>Opportunities: 1 (1 high-fit, 0 priority)<br/>Total value: $0<br/><br/><b>Contact:</b> Kevin Rohani, Director of Public Works / City Engineer<br/>rohani@ci.oakley.ca.us 1-925-625-7003<br/><br/><b>Top opportunities:</b><ul><li><b>High fit</b> - Wastewater Treatment Plant or Facility Initiatives; Pipe Initiatives - $nan</li></ul>]]></description><Point><coordinates>-121.68972,37.996516,0</coordinates></Point></Placemark>
<Placemark><name>City of North Bonneville</name><styleUrl>#s2</styleUrl><description><![CDATA[<b>City of North Bonneville</b> (WA)<br/>EAE score: <b>19.0</b> &nbsp;|&nbsp; Status: <b>Open</b><br/>Population: 1,007<br/>County: Skamania<br/>Opportunities: 1 (1 high-fit, 0 priority)<br/>Total value: $0<br/><br/><b>Contact:</b> Bryan Henrichsen, Public Works Supervisor<br/>bryanh@northbonneville.net 1-509-427-8182<br/><br/><b>Top opportunities:</b><ul><li><b>High fit</b> - Lift Station Initiatives - $nan</li></ul>]]></description><Point><coordinates>-121.912581,45.673707,0</coordinates></Point></Placemark>
<Placemark><name>County of Jefferson</name><styleUrl>#s2</styleUrl><description><![CDATA[<b>County of Jefferson</b> (WA)<br/>EAE score: <b>19.0</b> &nbsp;|&nbsp; Status: <b>Open</b><br/>Population: 32,221<br/>County: Jefferson<br/>Opportunities: 1 (1 high-fit, 1 priority)<br/>Total value: $0<br/><br/><b>Contact:</b> Reinders Monte, Public Works Director<br/>nan 1-360-385-9160<br/><br/><b>Top opportunities:</b><ul><li><b>High fit</b> - System Monitoring and Control Software Initiatives - $nan</li></ul>]]></description><Point><coordinates>-122.849683,48.018572,0</coordinates></Point></Placemark>
<Placemark><name>City of Gustine</name><styleUrl>#s2</styleUrl><description><![CDATA[<b>City of Gustine</b> (CA)<br/>EAE score: <b>19.0</b> &nbsp;|&nbsp; Status: <b>Open</b><br/>Population: 5,882<br/>County: Merced<br/>Opportunities: 1 (1 high-fit, 0 priority)<br/>Total value: $0<br/><br/><b>Contact:</b> Dennis Castro, Public Works Supervisor<br/>dcastro@cityofgustine.com 1-209-854-6471<br/><br/><b>Top opportunities:</b><ul><li><b>High fit</b> - Wastewater Treatment Plant or Facility Initiatives - $nan</li></ul>]]></description><Point><coordinates>-120.987196,37.150438,0</coordinates></Point></Placemark>
<Placemark><name>City of South Pasadena</name><styleUrl>#s2</styleUrl><description><![CDATA[<b>City of South Pasadena</b> (CA)<br/>EAE score: <b>19.0</b> &nbsp;|&nbsp; Status: <b>Open</b><br/>Population: 30,051<br/>County: Los Angeles<br/>Opportunities: 1 (1 high-fit, 0 priority)<br/>Total value: $0<br/><br/><b>Contact:</b> Ted Gerber, Public Works Director<br/>tgerber@southpasadenaca.gov 1-626-460-6392<br/><br/><b>Top opportunities:</b><ul><li><b>High fit</b> - Reservoir Initiatives; Pump Station Initiatives - $nan</li></ul>]]></description><Point><coordinates>-118.298662,33.786594,0</coordinates></Point></Placemark>
<Placemark><name>City of Sutter Creek</name><styleUrl>#s2</styleUrl><description><![CDATA[<b>City of Sutter Creek</b> (CA)<br/>EAE score: <b>19.0</b> &nbsp;|&nbsp; Status: <b>Open</b><br/>Population: 2,622<br/>County: Amador<br/>Opportunities: 1 (1 high-fit, 0 priority)<br/>Total value: $0<br/><br/><b>Contact:</b> Dan Lafontaine, Public Works Director<br/>dlafontaine@cityofsuttercreek.org 1-209-215-4895<br/><br/><b>Top opportunities:</b><ul><li><b>High fit</b> - Wastewater Treatment Plant or Facility Initiatives - $nan</li></ul>]]></description><Point><coordinates>-120.763365,38.366959,0</coordinates></Point></Placemark>
<Placemark><name>City of Toledo</name><styleUrl>#s2</styleUrl><description><![CDATA[<b>City of Toledo</b> (OR)<br/>EAE score: <b>19.0</b> &nbsp;|&nbsp; Status: <b>Open</b><br/>Population: 3,644<br/>County: Lincoln<br/>Opportunities: 1 (1 high-fit, 0 priority)<br/>Total value: $0<br/><br/><b>Contact:</b> Judy Richter, City Manager<br/>judy.richter@cityoftoledo.org 1-541-635-2003<br/><br/><b>Top opportunities:</b><ul><li><b>High fit</b> - System Monitoring and Control Software Initiatives - $nan</li></ul>]]></description><Point><coordinates>-124.024426,44.552413,0</coordinates></Point></Placemark>
<Placemark><name>City of Leavenworth</name><styleUrl>#s2</styleUrl><description><![CDATA[<b>City of Leavenworth</b> (WA)<br/>EAE score: <b>19.0</b> &nbsp;|&nbsp; Status: <b>Open</b><br/>Population: 2,029<br/>County: Chelan<br/>Opportunities: 1 (1 high-fit, 0 priority)<br/>Total value: $0<br/><br/><b>Contact:</b> nan, nan<br/>nan nan<br/><br/><b>Top opportunities:</b><ul><li><b>High fit</b> - Lift Station Initiatives - $nan</li></ul>]]></description><Point><coordinates>-120.351884,47.573816,0</coordinates></Point></Placemark>
<Placemark><name>City of Madras</name><styleUrl>#s2</styleUrl><description><![CDATA[<b>City of Madras</b> (OR)<br/>EAE score: <b>19.0</b> &nbsp;|&nbsp; Status: <b>Open</b><br/>Population: 7,051<br/>County: Jefferson<br/>Opportunities: 1 (1 high-fit, 0 priority)<br/>Total value: $0<br/><br/><b>Contact:</b> nan, nan<br/>nan nan<br/><br/><b>Top opportunities:</b><ul><li><b>High fit</b> - Wastewater Treatment Plant or Facility Initiatives - $nan</li></ul>]]></description><Point><coordinates>-121.128106,44.62616,0</coordinates></Point></Placemark>
<Placemark><name>City of Live Oak</name><styleUrl>#s2</styleUrl><description><![CDATA[<b>City of Live Oak</b> (CA)<br/>EAE score: <b>19.0</b> &nbsp;|&nbsp; Status: <b>Open</b><br/>Population: 16,948<br/>County: Sutter<br/>Opportunities: 1 (1 high-fit, 0 priority)<br/>Total value: $0<br/><br/><b>Contact:</b> Ron Walker, Public Works Director<br/>rwalker@liveoakcity.org 1-530-695-2112;ext=132<br/><br/><b>Top opportunities:</b><ul><li><b>High fit</b> - Wastewater Treatment Plant or Facility Initiatives - $nan</li></ul>]]></description><Point><coordinates>-121.767177,39.236141,0</coordinates></Point></Placemark>
<Placemark><name>City of Atwater</name><styleUrl>#s2</styleUrl><description><![CDATA[<b>City of Atwater</b> (CA)<br/>EAE score: <b>19.0</b> &nbsp;|&nbsp; Status: <b>Open</b><br/>Population: 29,559<br/>County: Merced<br/>Opportunities: 1 (1 high-fit, 0 priority)<br/>Total value: $0<br/><br/><b>Contact:</b> Justin Vinson, Public Works Superintendent<br/>jvinson@atwater.org 1-209-357-6375<br/><br/><b>Top opportunities:</b><ul><li><b>High fit</b> - Wastewater Treatment Plant or Facility Initiatives - $nan</li></ul>]]></description><Point><coordinates>-120.647347,37.317255,0</coordinates></Point></Placemark>
<Placemark><name>City of Port Orchard</name><styleUrl>#s2</styleUrl><description><![CDATA[<b>City of Port Orchard</b> (WA)<br/>EAE score: <b>19.0</b> &nbsp;|&nbsp; Status: <b>Open</b><br/>Population: 14,597<br/>County: Kitsap<br/>Opportunities: 1 (1 high-fit, 0 priority)<br/>Total value: $0<br/><br/><b>Contact:</b> Chris Hammer, City Engineer<br/>kchammer@portorchardwa.gov 1-360-876-4991<br/><br/><b>Top opportunities:</b><ul><li><b>High fit</b> - Lift Station Initiatives - $nan</li></ul>]]></description><Point><coordinates>-122.587102,47.542664,0</coordinates></Point></Placemark>
<Placemark><name>City of Coburg</name><styleUrl>#s2</styleUrl><description><![CDATA[<b>City of Coburg</b> (OR)<br/>EAE score: <b>19.0</b> &nbsp;|&nbsp; Status: <b>Open</b><br/>Population: 1,170<br/>County: Lane<br/>Opportunities: 1 (1 high-fit, 0 priority)<br/>Total value: $0<br/><br/><b>Contact:</b> Brian Harmon, Public Works Director<br/>brian.harmon@ci.coburg.or.us 1-541-682-7857<br/><br/><b>Top opportunities:</b><ul><li><b>High fit</b> - System Monitoring and Control Software Initiatives - $nan</li></ul>]]></description><Point><coordinates>-123.125468,44.141548,0</coordinates></Point></Placemark>
<Placemark><name>City of Milwaukie</name><styleUrl>#s2</styleUrl><description><![CDATA[<b>City of Milwaukie</b> (OR)<br/>EAE score: <b>19.0</b> &nbsp;|&nbsp; Status: <b>Open</b><br/>Population: 20,990<br/>County: Clackamas<br/>Opportunities: 1 (1 high-fit, 1 priority)<br/>Total value: $0<br/><br/><b>Contact:</b> Peter Passarelli, Public Works Director<br/>passarellip@milwaukieoregon.gov nan<br/><br/><b>Top opportunities:</b><ul><li><b>High fit</b> - System Monitoring and Control Software Initiatives - $nan</li></ul>]]></description><Point><coordinates>-122.614703,45.437341,0</coordinates></Point></Placemark>
<Placemark><name>City of Arroyo Grande</name><styleUrl>#s2</styleUrl><description><![CDATA[<b>City of Arroyo Grande</b> (CA)<br/>EAE score: <b>19.0</b> &nbsp;|&nbsp; Status: <b>Open</b><br/>Population: 17,976<br/>County: San Luis Obispo<br/>Opportunities: 1 (1 high-fit, 1 priority)<br/>Total value: $0<br/><br/><b>Contact:</b> Whitney McDonald, City Manager<br/>wmcdonald@arroyogrande.org 1-805-473-5400<br/><br/><b>Top opportunities:</b><ul><li><b>High fit</b> - Wastewater Treatment Plant or Facility Initiatives - $nan</li></ul>]]></description><Point><coordinates>-120.655743,35.292432,0</coordinates></Point></Placemark>
<Placemark><name>City of Escondido</name><styleUrl>#s2</styleUrl><description><![CDATA[<b>City of Escondido</b> (CA)<br/>EAE score: <b>18.7</b> &nbsp;|&nbsp; Status: <b>Open</b><br/>Population: 137,941<br/>County: San Diego<br/>Opportunities: 2 (2 high-fit, 1 priority)<br/>Total value: $350,000<br/><br/><b>Contact:</b> Jake Nyberg, Deputy Director of Public Works<br/>jnyberg@escondido.org 1-760-839-4668<br/><br/><b>Top opportunities:</b><ul><li><b>High fit</b> - System Monitoring and Control Software Initiatives - $350,000</li><li><b>High fit</b> - System Monitoring and Control Software Initiatives - $nan</li></ul>]]></description><Point><coordinates>-117.083403,33.057128,0</coordinates></Point></Placemark>
<Placemark><name>Lake Stevens Sewer District</name><styleUrl>#s2</styleUrl><description><![CDATA[<b>Lake Stevens Sewer District</b> (WA)<br/>EAE score: <b>18.7</b> &nbsp;|&nbsp; Status: <b>Open</b><br/>Population: 33,911<br/>County: Snohomish<br/>Opportunities: 1 (1 high-fit, 0 priority)<br/>Total value: $1,360,000<br/><br/><b>Contact:</b> Jonathan Dix, Assistant General Manager<br/>jonathan.dix@lkssd.org nan<br/><br/><b>Top opportunities:</b><ul><li><b>High fit</b> - Stormwater Treatment Plant or Facility Initiatives - $1,360,000</li></ul>]]></description><Point><coordinates>-122.056379,48.046751,0</coordinates></Point></Placemark>
<Placemark><name>Tehachapi-Cummings Co Water Dist</name><styleUrl>#s2</styleUrl><description><![CDATA[<b>Tehachapi-Cummings Co Water Dist</b> (CA)<br/>EAE score: <b>18.6</b> &nbsp;|&nbsp; Status: <b>Open</b><br/>Population: 55,000<br/>County: Kern<br/>Opportunities: 2 (2 high-fit, 0 priority)<br/>Total value: $275,000<br/><br/><b>Contact:</b> Catherine Adams, Administration Manager<br/>tccwd@tccwd.com 1-661-822-5504<br/><br/><b>Top opportunities:</b><ul><li><b>High fit</b> - System Monitoring and Control Software Initiatives - $200,000</li><li><b>High fit</b> - Water Tank or Tower Initiatives; System Monitoring and Control Software Initiatives - $75,000</li></ul>]]></description><Point><coordinates>-118.905173,35.294405,0</coordinates></Point></Placemark>
<Placemark><name>Montara Sanitary District</name><styleUrl>#s2</styleUrl><description><![CDATA[<b>Montara Sanitary District</b> (CA)<br/>EAE score: <b>18.6</b> &nbsp;|&nbsp; Status: <b>Open</b><br/>County: San Mateo<br/>Opportunities: 1 (1 high-fit, 0 priority)<br/>Total value: $4,800,000<br/><br/><b>Contact:</b> Clemens Heldmaier, General Manager<br/>cheldmaier@mwsd.net 1-650-728-3545<br/><br/><b>Top opportunities:</b><ul><li><b>High fit</b> - Water Treatment Plant or Facility Initiatives - $4,800,000</li></ul>]]></description><Point><coordinates>-122.505152,37.542789,0</coordinates></Point></Placemark>
<Placemark><name>City of Inglewood</name><styleUrl>#s2</styleUrl><description><![CDATA[<b>City of Inglewood</b> (CA)<br/>EAE score: <b>18.2</b> &nbsp;|&nbsp; Status: <b>Open</b><br/>Population: 108,151<br/>County: Los Angeles<br/>Opportunities: 2 (1 high-fit, 2 priority)<br/>Total value: $2,300,000<br/><br/><b>Contact:</b> Louis Atwell, Director of Public Works<br/>latwell@cityofinglewood.org 1-310-412-5333<br/><br/><b>Top opportunities:</b><ul><li><b>Low fit</b> - Water Metering Initiatives; Pipe Initiatives - $2,200,000</li><li><b>High fit</b> - System Monitoring and Control Software Initiatives - $100,000</li></ul>]]></description><Point><coordinates>-118.298662,33.786594,0</coordinates></Point></Placemark>
<Placemark><name>San Antonio Water Company</name><styleUrl>#s2</styleUrl><description><![CDATA[<b>San Antonio Water Company</b> (CA)<br/>EAE score: <b>18.2</b> &nbsp;|&nbsp; Status: <b>Open</b><br/>Population: 77,140<br/>County: San Bernardino<br/>Opportunities: 2 (2 high-fit, 0 priority)<br/>Total value: $120,000<br/><br/><b>Contact:</b> Teri Layton, Assistant General Manager<br/>tlayton@sawaterco.com 1-909-982-4107<br/><br/><b>Top opportunities:</b><ul><li><b>High fit</b> - System Monitoring and Control Software Initiatives - $80,000</li><li><b>High fit</b> - System Monitoring and Control Software Initiatives - $40,000</li></ul>]]></description><Point><coordinates>-115.967051,34.839964,0</coordinates></Point></Placemark>
<Placemark><name>City of Carlsbad</name><styleUrl>#s2</styleUrl><description><![CDATA[<b>City of Carlsbad</b> (CA)<br/>EAE score: <b>18.2</b> &nbsp;|&nbsp; Status: <b>Open</b><br/>Population: 115,382<br/>County: San Diego<br/>Opportunities: 1 (1 high-fit, 1 priority)<br/>Total value: $4,601,000<br/><br/><b>Contact:</b> Paz Gomez, Deputy City Manager, Public Works<br/>paz.gomez@carlsbadca.gov 1-760-602-2751<br/><br/><b>Top opportunities:</b><ul><li><b>High fit</b> - System Monitoring and Control Software Initiatives - $4,601,000</li></ul>]]></description><Point><coordinates>-116.846046,33.016928,0</coordinates></Point></Placemark>
<Placemark><name>Mid-Coastside Sewer Authority</name><styleUrl>#s2</styleUrl><description><![CDATA[<b>Mid-Coastside Sewer Authority</b> (CA)<br/>EAE score: <b>18.1</b> &nbsp;|&nbsp; Status: <b>Open</b><br/>Population: 767,423<br/>County: San Mateo<br/>Opportunities: 2 (2 high-fit, 1 priority)<br/>Total value: $67,328<br/><br/><b>Contact:</b> George Evans, Finance Officer<br/>gevans@samcleanswater.org 1-650-726-0124<br/><br/><b>Top opportunities:</b><ul><li><b>High fit</b> - System Monitoring and Control Software Initiatives - $35,250</li><li><b>High fit</b> - Lift Station Initiatives; Pump Initiatives - $32,078</li></ul>]]></description><Point><coordinates>-122.415566,37.389057,0</coordinates></Point></Placemark>
<Placemark><name>County of Kaua&#x27;i</name><styleUrl>#s2</styleUrl><description><![CDATA[<b>County of Kaua&#x27;i</b> (HI)<br/>EAE score: <b>18.1</b> &nbsp;|&nbsp; Status: <b>Open</b><br/>Population: 67,091<br/>County: Kauai<br/>Opportunities: 2 (2 high-fit, 0 priority)<br/>Total value: $29,499<br/><br/><b>Contact:</b> Nalani Brun, Director<br/>nbrun@kauai.gov 1-424-241-4952<br/><br/><b>Top opportunities:</b><ul><li><b>High fit</b> - System Monitoring and Control Software Initiatives - $19,499</li><li><b>High fit</b> - System Monitoring and Control Software Initiatives - $10,000</li></ul>]]></description><Point><coordinates>-159.430328,22.070553,0</coordinates></Point></Placemark>
<Placemark><name>City of Aberdeen</name><styleUrl>#s2</styleUrl><description><![CDATA[<b>City of Aberdeen</b> (WA)<br/>EAE score: <b>18.0</b> &nbsp;|&nbsp; Status: <b>Open</b><br/>Population: 16,756<br/>County: Grays Harbor<br/>Opportunities: 1 (0 high-fit, 1 priority)<br/>Total value: $5,000,000<br/><br/><b>Contact:</b> Jesse Mottinger, Wastewater Treatment System Manager<br/>jmottinger@aberdeenwa.gov 1-360-537-3285<br/><br/><b>Top opportunities:</b><ul><li><b>Medium fit</b> - Infiltration and Inflow Initiatives; Collection System-Wide Initiatives - $5,000,000</li></ul>]]></description><Point><coordinates>-123.719565,47.015536,0</coordinates></Point></Placemark>
<Placemark><name>City of Visalia</name><styleUrl>#s2</styleUrl><description><![CDATA[<b>City of Visalia</b> (CA)<br/>EAE score: <b>18.0</b> &nbsp;|&nbsp; Status: <b>Open</b><br/>Population: 134,605<br/>County: Tulare<br/>Opportunities: 1 (1 high-fit, 1 priority)<br/>Total value: $3,000,000<br/><br/><b>Contact:</b> Leslie Caviglia, City Manager<br/>leslie.caviglia@visalia.city 1-559-713-4332<br/><br/><b>Top opportunities:</b><ul><li><b>High fit</b> - Pump Initiatives; Secondary Treatment Initiatives - $3,000,000</li></ul>]]></description><Point><coordinates>-119.363349,36.184014,0</coordinates></Point></Placemark>
<Placemark><name>Fairfield Suisun Sewer District</name><styleUrl>#s2</styleUrl><description><![CDATA[<b>Fairfield Suisun Sewer District</b> (CA)<br/>EAE score: <b>18.0</b> &nbsp;|&nbsp; Status: <b>Open</b><br/>Population: 144,000<br/>County: Solano<br/>Opportunities: 2 (2 high-fit, 0 priority)<br/>Total value: $0<br/><br/><b>Contact:</b> Benjamin Carver, Operations Manager<br/>bcarver@fssd.com 1-707-429-8930<br/><br/><b>Top opportunities:</b><ul><li><b>High fit</b> - Wastewater Treatment Plant or Facility Initiatives - $nan</li><li><b>High fit</b> - Wastewater Treatment Plant or Facility Initiatives - $nan</li></ul>]]></description><Point><coordinates>-122.05240659340662,37.93037123076923,0</coordinates></Point></Placemark>
<Placemark><name>Garberville Sanitary District</name><styleUrl>#s2</styleUrl><description><![CDATA[<b>Garberville Sanitary District</b> (CA)<br/>EAE score: <b>18.0</b> &nbsp;|&nbsp; Status: <b>Open</b><br/>Population: 135,558<br/>County: Humboldt<br/>Opportunities: 2 (2 high-fit, 0 priority)<br/>Total value: $0<br/><br/><b>Contact:</b> nan, nan<br/>nan nan<br/><br/><b>Top opportunities:</b><ul><li><b>High fit</b> - Pump Station Initiatives - $nan</li><li><b>High fit</b> - Pump Station Initiatives - $nan</li></ul>]]></description><Point><coordinates>-123.862815,40.65136,0</coordinates></Point></Placemark>
<Placemark><name>City of Gladstone</name><styleUrl>#s2</styleUrl><description><![CDATA[<b>City of Gladstone</b> (OR)<br/>EAE score: <b>18.0</b> &nbsp;|&nbsp; Status: <b>Open</b><br/>Population: 12,324<br/>County: Clackamas<br/>Opportunities: 1 (0 high-fit, 1 priority)<br/>Total value: $500,000<br/><br/><b>Contact:</b> Jim Whynot, Director of Public Works<br/>whynot@ci.gladstone.or.us 1-503-656-7957<br/><br/><b>Top opportunities:</b><ul><li><b>Medium fit</b> - Operations-Wide Initiatives; Pipe Initiatives - $500,000</li></ul>]]></description><Point><coordinates>-122.499461,45.415038,0</coordinates></Point></Placemark>
<Placemark><name>City of Galt</name><styleUrl>#s2</styleUrl><description><![CDATA[<b>City of Galt</b> (CA)<br/>EAE score: <b>18.0</b> &nbsp;|&nbsp; Status: <b>Open</b><br/>Population: 26,536<br/>County: Sacramento<br/>Opportunities: 1 (0 high-fit, 1 priority)<br/>Total value: $300,000<br/><br/><b>Contact:</b> Chris Erias, Interim City Manager<br/>cerias@cityofgalt.org 1-209-366-7100<br/><br/><b>Top opportunities:</b><ul><li><b>Medium fit</b> - Collection System-Wide Initiatives; Financial - $300,000</li></ul>]]></description><Point><coordinates>-121.313883,38.289817,0</coordinates></Point></Placemark>
<Placemark><name>Sacramento Area Council Of Governments</name><styleUrl>#s2</styleUrl><description><![CDATA[<b>Sacramento Area Council Of Governments</b> (CA)<br/>EAE score: <b>18.0</b> &nbsp;|&nbsp; Status: <b>Open</b><br/>Population: 508,529<br/>County: Sacramento<br/>Opportunities: 1 (1 high-fit, 0 priority)<br/>Total value: $6,000,000<br/><br/><b>Contact:</b> Kacey Lizon, Deputy Executive Director of Planning &amp; Programs<br/>klizon@sacog.org 1-916-340-6265<br/><br/><b>Top opportunities:</b><ul><li><b>High fit</b> - System Monitoring and Control Software Initiatives - $6,000,000</li></ul>]]></description><Point><coordinates>-121.480905,38.579055,0</coordinates></Point></Placemark>
<Placemark><name>City of Suisun City</name><styleUrl>#s2</styleUrl><description><![CDATA[<b>City of Suisun City</b> (CA)<br/>EAE score: <b>18.0</b> &nbsp;|&nbsp; Status: <b>Open</b><br/>Population: 29,663<br/>County: Solano<br/>Opportunities: 1 (0 high-fit, 1 priority)<br/>Total value: $6,947,500<br/><br/><b>Contact:</b> Nick Lozano, Director of Engineering<br/>nlozano@suisun.com 1-707-580-0629<br/><br/><b>Top opportunities:</b><ul><li><b>Medium fit</b> - Pipe Initiatives; Operations-Wide Initiatives - $6,947,500</li></ul>]]></description><Point><coordinates>-121.994935,38.195385,0</coordinates></Point></Placemark>
<Placemark><name>Otay Water District</name><styleUrl>#s2</styleUrl><description><![CDATA[<b>Otay Water District</b> (CA)<br/>EAE score: <b>18.0</b> &nbsp;|&nbsp; Status: <b>Open</b><br/>County: Unspecified

Otay Municipal Water District<br/>Opportunities: 2 (2 high-fit, 0 priority)<br/>Total value: $0<br/><br/><b>Contact:</b> Pedro Porras, Chief, Water Operations<br/>PedroP@otaywater.gov 1-619-670-2224<br/><br/><b>Top opportunities:</b><ul><li><b>High fit</b> - Consultant Initiatives; Lift Station Initiatives - $nan</li><li><b>High fit</b> - Pump Station Initiatives; Financial - $nan</li></ul>]]></description><Point><coordinates>-116.957898,32.733452,0</coordinates></Point></Placemark>
<Placemark><name>Pajaro Valley Water Management Agency</name><styleUrl>#s2</styleUrl><description><![CDATA[<b>Pajaro Valley Water Management Agency</b> (CA)<br/>EAE score: <b>18.0</b> &nbsp;|&nbsp; Status: <b>Open</b><br/>Population: 35,000<br/>County: Santa Cruz<br/>Opportunities: 1 (0 high-fit, 1 priority)<br/>Total value: $0<br/><br/><b>Contact:</b> Brian Lockwood, General Manager<br/>lockwood@pvwater.org 1-831-722-9292<br/><br/><b>Top opportunities:</b><ul><li><b>Medium fit</b> - Distribution System-Wide Initiatives - $nan</li></ul>]]></description><Point><coordinates>-121.74696,36.98025,0</coordinates></Point></Placemark>
<Placemark><name>Rubidoux Community Services District</name><styleUrl>#s2</styleUrl><description><![CDATA[<b>Rubidoux Community Services District</b> (CA)<br/>EAE score: <b>17.7</b> &nbsp;|&nbsp; Status: <b>Open</b><br/>Population: 2,470,546<br/>County: Riverside<br/>Opportunities: 2 (2 high-fit, 0 priority)<br/>Total value: $1,370,000<br/><br/><b>Contact:</b> Brandon Thomas, Assistant General Manager<br/>bthomas@rcsd.org 1-951-684-7580<br/><br/><b>Top opportunities:</b><ul><li><b>High fit</b> - Financial; Lift Station Initiatives - $1,170,000</li><li><b>High fit</b> - Power Supply, Control, and Protection Initiatives - $200,000</li></ul>]]></description><Point><coordinates>-116.055617,33.752886,0</coordinates></Point></Placemark>
<Placemark><name>Lott Alliance</name><styleUrl>#s2</styleUrl><description><![CDATA[<b>Lott Alliance</b> (WA)<br/>EAE score: <b>17.6</b> &nbsp;|&nbsp; Status: <b>Open</b><br/>Population: 51,534<br/>County: Thurston<br/>Opportunities: 1 (1 high-fit, 1 priority)<br/>Total value: $2,778,816<br/><br/><b>Contact:</b> Matthew Kennel, Executive Director<br/>mattkennelly@lottcleanwater.org 1-360-664-2333<br/><br/><b>Top opportunities:</b><ul><li><b>High fit</b> - Power Supply, Control, and Protection Initiatives; Lift Station Initiatives - $2,778,816</li></ul>]]></description><Point><coordinates>-122.869079,46.984767,0</coordinates></Point></Placemark>
<Placemark><name>City of Carnation</name><styleUrl>#s2</styleUrl><description><![CDATA[<b>City of Carnation</b> (WA)<br/>EAE score: <b>17.0</b> &nbsp;|&nbsp; Status: <b>Open</b><br/>Population: 2,282<br/>County: King<br/>Opportunities: 1 (1 high-fit, 0 priority)<br/>Total value: $510,000<br/><br/><b>Contact:</b> Keith Stewart, City Engineer<br/>kstewart@g-o.com 1-425-333-4192<br/><br/><b>Top opportunities:</b><ul><li><b>High fit</b> - System Monitoring and Control Software Initiatives - $510,000</li></ul>]]></description><Point><coordinates>-121.927236,47.661862,0</coordinates></Point></Placemark>
<Placemark><name>Fallbrook Public Utilities District</name><styleUrl>#s2</styleUrl><description><![CDATA[<b>Fallbrook Public Utilities District</b> (CA)<br/>EAE score: <b>17.0</b> &nbsp;|&nbsp; Status: <b>Open</b><br/>Population: 3,338,330<br/>County: San Diego<br/>Opportunities: 2 (1 high-fit, 1 priority)<br/>Total value: $1,526,293<br/><br/><b>Contact:</b> David Shank, Assistant General Manager<br/>dshank@fpud.com 1-760-728-1125<br/><br/><b>Top opportunities:</b><ul><li><b>Medium fit</b> - Collection System-Wide Initiatives - $1,526,293</li><li><b>High fit</b> - Valve Initiatives; Electrical Systems-Wide Initiatives - $nan</li></ul>]]></description><Point><coordinates>-117.136812,32.810983,0</coordinates></Point></Placemark>
<Placemark><name>Fort Mojave Tribal Utilities Authority</name><styleUrl>#s2</styleUrl><description><![CDATA[<b>Fort Mojave Tribal Utilities Authority</b> (AZ)<br/>EAE score: <b>16.8</b> &nbsp;|&nbsp; Status: <b>Open</b><br/>Population: 212,181<br/>County: Mohave<br/>Opportunities: 1 (1 high-fit, 0 priority)<br/>Total value: $3,900,000<br/><br/><b>Contact:</b> Charlie Gonzalez Jr., Principal/Accountant<br/>csr@fmtua.com nan<br/><br/><b>Top opportunities:</b><ul><li><b>High fit</b> - Wastewater Treatment Plant or Facility Initiatives - $3,900,000</li></ul>]]></description><Point><coordinates>-114.245399,35.0524,0</coordinates></Point></Placemark>
<Placemark><name>Oakdale Irrigation District</name><styleUrl>#s2</styleUrl><description><![CDATA[<b>Oakdale Irrigation District</b> (CA)<br/>EAE score: <b>16.8</b> &nbsp;|&nbsp; Status: <b>Open</b><br/>Population: 23,596<br/>County: Stanislaus<br/>Opportunities: 1 (1 high-fit, 0 priority)<br/>Total value: $400,000<br/><br/><b>Contact:</b> Scot Moody, General Manager<br/>smoody@oakdaleirrigation.com 1-209-840-5508<br/><br/><b>Top opportunities:</b><ul><li><b>High fit</b> - System Monitoring and Control Software Initiatives - $400,000</li></ul>]]></description><Point><coordinates>-120.698578,37.839643,0</coordinates></Point></Placemark>
<Placemark><name>Mojave Water Agency</name><styleUrl>#s2</styleUrl><description><![CDATA[<b>Mojave Water Agency</b> (CA)<br/>EAE score: <b>16.6</b> &nbsp;|&nbsp; Status: <b>Open</b><br/>Population: 73,453<br/>County: San Bernardino<br/>Opportunities: 2 (2 high-fit, 0 priority)<br/>Total value: $775,000<br/><br/><b>Contact:</b> Adnan Anabtawi, General Manager<br/>mwaadministration@mojavewater.org 1-760-946-7000<br/><br/><b>Top opportunities:</b><ul><li><b>High fit</b> - System Monitoring and Control Software Initiatives - $500,000</li><li><b>High fit</b> - Electrical Systems-Wide Initiatives; Power Supply, Control, and Protection Initiatives - $275,000</li></ul>]]></description><Point><coordinates>-115.967051,34.839964,0</coordinates></Point></Placemark>
<Placemark><name>Whatcom County Public Utility District 1</name><styleUrl>#s2</styleUrl><description><![CDATA[<b>Whatcom County Public Utility District 1</b> (WA)<br/>EAE score: <b>16.5</b> &nbsp;|&nbsp; Status: <b>Open</b><br/>Population: 14,897<br/>County: Whatcom<br/>Opportunities: 1 (1 high-fit, 0 priority)<br/>Total value: $272,000<br/><br/><b>Contact:</b> Chris Heimgartner, General Manager<br/>generalmanager@pudwhatcom.org 1-360-384-4288;ext=19<br/><br/><b>Top opportunities:</b><ul><li><b>High fit</b> - System Monitoring and Control Software Initiatives; Water Metering Initiatives - $272,000</li></ul>]]></description><Point><coordinates>-122.608561,48.861113,0</coordinates></Point></Placemark>
<Placemark><name>Metropolitan Wastewater Management Commission</name><styleUrl>#s2</styleUrl><description><![CDATA[<b>Metropolitan Wastewater Management Commission</b> (OR)<br/>EAE score: <b>16.3</b> &nbsp;|&nbsp; Status: <b>Open</b><br/>County: Unspecified<br/>Opportunities: 2 (2 high-fit, 0 priority)<br/>Total value: $665,000<br/><br/><b>Contact:</b> Jolynn Barker, Engineering Assistant<br/>jbarker@springfield-or.gov 1-541-744-4170<br/><br/><b>Top opportunities:</b><ul><li><b>High fit</b> - Wastewater Treatment Plant or Facility Initiatives - $650,000</li><li><b>High fit</b> - Power Supply, Control, and Protection Initiatives - $15,000</li></ul>]]></description><Point><coordinates>-123.444371,43.937276,0</coordinates></Point></Placemark>
<Placemark><name>Friant Water Authority</name><styleUrl>#s2</styleUrl><description><![CDATA[<b>Friant Water Authority</b> (CA)<br/>EAE score: <b>16.2</b> &nbsp;|&nbsp; Status: <b>Open</b><br/>Population: 13,463<br/>County: Tulare<br/>Opportunities: 1 (1 high-fit, 0 priority)<br/>Total value: $119,411<br/><br/><b>Contact:</b> Johnny Amaral, Chief Operating Officer<br/>jamaral@friantwater.org 1-559-562-6305<br/><br/><b>Top opportunities:</b><ul><li><b>High fit</b> - System Monitoring and Control Software Initiatives - $119,411</li></ul>]]></description><Point><coordinates>-119.129166,36.073033,0</coordinates></Point></Placemark>
<Placemark><name>Three Valleys Municipal Water District</name><styleUrl>#s2</styleUrl><description><![CDATA[<b>Three Valleys Municipal Water District</b> (CA)<br/>EAE score: <b>16.2</b> &nbsp;|&nbsp; Status: <b>Open</b><br/>Population: 10,039,107<br/>County: Los Angeles<br/>Opportunities: 2 (2 high-fit, 0 priority)<br/>Total value: $600,000<br/><br/><b>Contact:</b> Stephen Lang, Chief Operations Officer<br/>nan 1-909-621-5568<br/><br/><b>Top opportunities:</b><ul><li><b>High fit</b> - System Monitoring and Control Software Initiatives - $300,000</li><li><b>High fit</b> - System Monitoring and Control Software Initiatives - $300,000</li></ul>]]></description><Point><coordinates>-118.298662,33.786594,0</coordinates></Point></Placemark>
<Placemark><name>City of Columbia City</name><styleUrl>#s2</styleUrl><description><![CDATA[<b>City of Columbia City</b> (OR)<br/>EAE score: <b>16.2</b> &nbsp;|&nbsp; Status: <b>Open</b><br/>Population: 2,022<br/>County: Columbia<br/>Opportunities: 1 (1 high-fit, 0 priority)<br/>Total value: $117,000<br/><br/><b>Contact:</b> Micah Rogers, Public Works Superintendent<br/>info@columbiacity.net 1-503-397-0454<br/><br/><b>Top opportunities:</b><ul><li><b>High fit</b> - Electrical Systems-Wide Initiatives; Pipe Initiatives - $117,000</li></ul>]]></description><Point><coordinates>-122.919935,45.887794,0</coordinates></Point></Placemark>
<Placemark><name>City of Yachats</name><styleUrl>#s2</styleUrl><description><![CDATA[<b>City of Yachats</b> (OR)<br/>EAE score: <b>16.1</b> &nbsp;|&nbsp; Status: <b>Open</b><br/>Population: 784<br/>County: Lincoln<br/>Opportunities: 1 (1 high-fit, 0 priority)<br/>Total value: $30,000<br/><br/><b>Contact:</b> Bobbi Price, City Manager<br/>citymanager@yachatsmail.org 1-541-547-3565<br/><br/><b>Top opportunities:</b><ul><li><b>High fit</b> - System Monitoring and Control Software Initiatives - $30,000</li></ul>]]></description><Point><coordinates>-124.024426,44.552413,0</coordinates></Point></Placemark>
<Placemark><name>Town of La Conner</name><styleUrl>#s2</styleUrl><description><![CDATA[<b>Town of La Conner</b> (WA)<br/>EAE score: <b>16.1</b> &nbsp;|&nbsp; Status: <b>Open</b><br/>Population: 949<br/>County: Skagit<br/>Opportunities: 1 (1 high-fit, 0 priority)<br/>Total value: $60,000<br/><br/><b>Contact:</b> Maria DeGoede, Finance Director<br/>financedirector@townoflaconner.org 1-360-466-3125<br/><br/><b>Top opportunities:</b><ul><li><b>High fit</b> - System Monitoring and Control Software Initiatives - $60,000</li></ul>]]></description><Point><coordinates>-122.208184,48.435248,0</coordinates></Point></Placemark>
<Placemark><name>City of Orland</name><styleUrl>#s2</styleUrl><description><![CDATA[<b>City of Orland</b> (CA)<br/>EAE score: <b>16.0</b> &nbsp;|&nbsp; Status: <b>Open</b><br/>Population: 7,827<br/>County: Glenn<br/>Opportunities: 1 (1 high-fit, 0 priority)<br/>Total value: $0<br/><br/><b>Contact:</b> Paul Rabo, City Engineer<br/>prabo@rarcivil.com 1-530-895-1422<br/><br/><b>Top opportunities:</b><ul><li><b>High fit</b> - Pump Station Initiatives - $nan</li></ul>]]></description><Point><coordinates>-122.327137,39.631197,0</coordinates></Point></Placemark>
<Placemark><name>Snoqualmie Pass Utility District</name><styleUrl>#s2</styleUrl><description><![CDATA[<b>Snoqualmie Pass Utility District</b> (WA)<br/>EAE score: <b>16.0</b> &nbsp;|&nbsp; Status: <b>Open</b><br/>Population: 13,622<br/>County: King<br/>Opportunities: 1 (1 high-fit, 0 priority)<br/>Total value: $0<br/><br/><b>Contact:</b> William Powers, Commissioner<br/>wpowers@snopass.org 1-425-434-6365<br/><br/><b>Top opportunities:</b><ul><li><b>High fit</b> - Wastewater Treatment Plant or Facility Initiatives - $nan</li></ul>]]></description><Point><coordinates>-121.431033,47.445171,0</coordinates></Point></Placemark>
<Placemark><name>City of Barstow</name><styleUrl>#s2</styleUrl><description><![CDATA[<b>City of Barstow</b> (CA)<br/>EAE score: <b>16.0</b> &nbsp;|&nbsp; Status: <b>Open</b><br/>Population: 23,915<br/>County: San Bernardino<br/>Opportunities: 1 (1 high-fit, 0 priority)<br/>Total value: $0<br/><br/><b>Contact:</b> Matthew Franklin, Operations &amp; Maintenance Supervisor<br/>mfranklin@barstowca.org 1-760-252-2538<br/><br/><b>Top opportunities:</b><ul><li><b>High fit</b> - System Monitoring and Control Software Initiatives; Power Supply, Control, and Protection Initiatives - $nan</li></ul>]]></description><Point><coordinates>-115.851819,34.693608,0</coordinates></Point></Placemark>
<Placemark><name>Town of Miami</name><styleUrl>#s2</styleUrl><description><![CDATA[<b>Town of Miami</b> (AZ)<br/>EAE score: <b>16.0</b> &nbsp;|&nbsp; Status: <b>Open</b><br/>Population: 1,780<br/>County: Gila<br/>Opportunities: 1 (1 high-fit, 0 priority)<br/>Total value: $0<br/><br/><b>Contact:</b> Jose Medina, Mayor<br/>jmedina@miamiaz.gov 1-928-473-4403<br/><br/><b>Top opportunities:</b><ul><li><b>High fit</b> - System Monitoring and Control Software Initiatives - $nan</li></ul>]]></description><Point><coordinates>-110.966562,33.528204,0</coordinates></Point></Placemark>
<Placemark><name>City of Moro</name><styleUrl>#s2</styleUrl><description><![CDATA[<b>City of Moro</b> (OR)<br/>EAE score: <b>16.0</b> &nbsp;|&nbsp; Status: <b>Open</b><br/>Population: 328<br/>County: Sherman<br/>Opportunities: 1 (1 high-fit, 0 priority)<br/>Total value: $0<br/><br/><b>Contact:</b> Brittany Wood, City Administrator<br/>morocityhall@cityofmoro.net 1-541-565-3535<br/><br/><b>Top opportunities:</b><ul><li><b>High fit</b> - Hydrant Initiatives; Pump Station Initiatives - $nan</li></ul>]]></description><Point><coordinates>-120.684499,45.502564,0</coordinates></Point></Placemark>
<Placemark><name>City of Sequim</name><styleUrl>#s2</styleUrl><description><![CDATA[<b>City of Sequim</b> (WA)<br/>EAE score: <b>16.0</b> &nbsp;|&nbsp; Status: <b>Open</b><br/>Population: 7,640<br/>County: Clallam<br/>Opportunities: 1 (1 high-fit, 0 priority)<br/>Total value: $0<br/><br/><b>Contact:</b> nan, nan<br/>nan nan<br/><br/><b>Top opportunities:</b><ul><li><b>High fit</b> - System Monitoring and Control Software Initiatives - $nan</li></ul>]]></description><Point><coordinates>-123.080362,48.06773,0</coordinates></Point></Placemark>
<Placemark><name>City of Sierra Vista</name><styleUrl>#s2</styleUrl><description><![CDATA[<b>City of Sierra Vista</b> (AZ)<br/>EAE score: <b>16.0</b> &nbsp;|&nbsp; Status: <b>Open</b><br/>Population: 43,045<br/>County: Cochise<br/>Opportunities: 1 (1 high-fit, 0 priority)<br/>Total value: $0<br/><br/><b>Contact:</b> Gabriel Squires, Internal Operations Manager<br/>gabriel.squires@sierravistaaz.gov 1-520-515-8503<br/><br/><b>Top opportunities:</b><ul><li><b>High fit</b> - System Monitoring and Control Software Initiatives - $nan</li></ul>]]></description><Point><coordinates>-109.997623,31.810649,0</coordinates></Point></Placemark>
<Placemark><name>City of Santa Fe Springs</name><styleUrl>#s2</styleUrl><description><![CDATA[<b>City of Santa Fe Springs</b> (CA)<br/>EAE score: <b>16.0</b> &nbsp;|&nbsp; Status: <b>Open</b><br/>Population: 17,630<br/>County: Los Angeles<br/>Opportunities: 1 (1 high-fit, 0 priority)<br/>Total value: $0<br/><br/><b>Contact:</b> Noe Negrete, Director of Public Works<br/>noenegrete@santafesprings.org nan<br/><br/><b>Top opportunities:</b><ul><li><b>High fit</b> - Nutrient Initiatives; Disinfection Initiatives - $nan</li></ul>]]></description><Point><coordinates>-118.063698,33.927063,0</coordinates></Point></Placemark>
<Placemark><name>City of Port Orford</name><styleUrl>#s2</styleUrl><description><![CDATA[<b>City of Port Orford</b> (OR)<br/>EAE score: <b>16.0</b> &nbsp;|&nbsp; Status: <b>Open</b><br/>Population: 1,153<br/>County: Curry<br/>Opportunities: 1 (1 high-fit, 0 priority)<br/>Total value: $0<br/><br/><b>Contact:</b> John Isadore, Director of Public Works<br/>JIsadore@portorford.org nan<br/><br/><b>Top opportunities:</b><ul><li><b>High fit</b> - Water Treatment Plant or Facility Initiatives - $nan</li></ul>]]></description><Point><coordinates>-124.45094,42.703155,0</coordinates></Point></Placemark>
<Placemark><name>Hi-Desert Water District</name><styleUrl>#s2</styleUrl><description><![CDATA[<b>Hi-Desert Water District</b> (CA)<br/>EAE score: <b>16.0</b> &nbsp;|&nbsp; Status: <b>Open</b><br/>Population: 21,777<br/>County: San Bernardino<br/>Opportunities: 1 (1 high-fit, 0 priority)<br/>Total value: $0<br/><br/><b>Contact:</b> Tony Culver, Assistant General Manager - Water Operations<br/>tonyc@hdwd.com 1-760-365-8152<br/><br/><b>Top opportunities:</b><ul><li><b>High fit</b> - Lift Station Initiatives - $nan</li></ul>]]></description><Point><coordinates>-115.896753,34.451263,0</coordinates></Point></Placemark>
<Placemark><name>Grant County Public Utility District 2</name><styleUrl>#s2</styleUrl><description><![CDATA[<b>Grant County Public Utility District 2</b> (WA)<br/>EAE score: <b>16.0</b> &nbsp;|&nbsp; Status: <b>Open</b><br/>Population: 8,136<br/>County: Grant<br/>Opportunities: 1 (1 high-fit, 0 priority)<br/>Total value: $0<br/><br/><b>Contact:</b> John Mertlich, General Manager<br/>jmertlich@gcpud.org 1-509-793-1457<br/><br/><b>Top opportunities:</b><ul><li><b>High fit</b> - Lift Station Initiatives - $nan</li></ul>]]></description><Point><coordinates>-119.401958,47.177565,0</coordinates></Point></Placemark>
<Placemark><name>City of Entiat</name><styleUrl>#s2</styleUrl><description><![CDATA[<b>City of Entiat</b> (WA)<br/>EAE score: <b>16.0</b> &nbsp;|&nbsp; Status: <b>Open</b><br/>Population: 1,280<br/>County: Chelan<br/>Opportunities: 1 (1 high-fit, 0 priority)<br/>Total value: $0<br/><br/><b>Contact:</b> Lonnie Baird, Waste Water Treatment Operator<br/>lbaird@entiatwa.us 1-509-784-1500<br/><br/><b>Top opportunities:</b><ul><li><b>High fit</b> - Wastewater Treatment Plant or Facility Initiatives - $nan</li></ul>]]></description><Point><coordinates>-120.356279,47.774872,0</coordinates></Point></Placemark>
<Placemark><name>Mason County Public Utility District 3</name><styleUrl>#s2</styleUrl><description><![CDATA[<b>Mason County Public Utility District 3</b> (WA)<br/>EAE score: <b>16.0</b> &nbsp;|&nbsp; Status: <b>Open</b><br/>Population: 10,655<br/>County: Mason<br/>Opportunities: 1 (1 high-fit, 0 priority)<br/>Total value: $0<br/><br/><b>Contact:</b> Annette Creekpaum, CEO/General Manager<br/>hello@masonpud3.org 1-360-426-8255<br/><br/><b>Top opportunities:</b><ul><li><b>High fit</b> - System Monitoring and Control Software Initiatives - $nan</li></ul>]]></description><Point><coordinates>-123.159683,47.263255,0</coordinates></Point></Placemark>
<Placemark><name>Port Of Whitman County</name><styleUrl>#s2</styleUrl><description><![CDATA[<b>Port Of Whitman County</b> (WA)<br/>EAE score: <b>16.0</b> &nbsp;|&nbsp; Status: <b>Open</b><br/>Population: 2,872<br/>County: Whitman<br/>Opportunities: 1 (1 high-fit, 0 priority)<br/>Total value: $0<br/><br/><b>Contact:</b> Brenda Stav, Operations and Administration Director<br/>brenda@portwhitman.com 1-509-330-6649<br/><br/><b>Top opportunities:</b><ul><li><b>High fit</b> - Wastewater Treatment Plant or Facility Initiatives - $nan</li></ul>]]></description><Point><coordinates>-117.505163,46.959127,0</coordinates></Point></Placemark>
<Placemark><name>City of Ione</name><styleUrl>#s2</styleUrl><description><![CDATA[<b>City of Ione</b> (OR)<br/>EAE score: <b>16.0</b> &nbsp;|&nbsp; Status: <b>Open</b><br/>Population: 328<br/>County: Morrow<br/>Opportunities: 1 (1 high-fit, 0 priority)<br/>Total value: $0<br/><br/><b>Contact:</b> Elizabeth Peterson, City Manager<br/>cityofioneor@gmail.com 1-541-561-8116<br/><br/><b>Top opportunities:</b><ul><li><b>High fit</b> - Pipe Initiatives; Lift Station Initiatives - $nan</li></ul>]]></description><Point><coordinates>-119.842256,45.456534,0</coordinates></Point></Placemark>
<Placemark><name>City of Dunsmuir</name><styleUrl>#s2</styleUrl><description><![CDATA[<b>City of Dunsmuir</b> (CA)<br/>EAE score: <b>16.0</b> &nbsp;|&nbsp; Status: <b>Open</b><br/>Population: 1,564<br/>County: Siskiyou<br/>Opportunities: 1 (1 high-fit, 0 priority)<br/>Total value: $0<br/><br/><b>Contact:</b> Ron LaRue, Utilities Supervisor<br/>wwtp@ci.dunsmuir.ca.us 1-530-235-4822;ext=6<br/><br/><b>Top opportunities:</b><ul><li><b>High fit</b> - Wastewater Treatment Plant or Facility Initiatives - $nan</li></ul>]]></description><Point><coordinates>-122.390196,41.45574,0</coordinates></Point></Placemark>
<Placemark><name>City of Cottage Grove</name><styleUrl>#s2</styleUrl><description><![CDATA[<b>City of Cottage Grove</b> (OR)<br/>EAE score: <b>16.0</b> &nbsp;|&nbsp; Status: <b>Open</b><br/>Population: 10,465<br/>County: Lane<br/>Opportunities: 1 (1 high-fit, 0 priority)<br/>Total value: $0<br/><br/><b>Contact:</b> Mike Sauerwein, City Manager<br/>msauerwein@cottagegrove.org 1-541-942-5501<br/><br/><b>Top opportunities:</b><ul><li><b>High fit</b> - Lift Station Initiatives - $nan</li></ul>]]></description><Point><coordinates>-123.074193,44.117868,0</coordinates></Point></Placemark>
<Placemark><name>City of Creswell</name><styleUrl>#s2</styleUrl><description><![CDATA[<b>City of Creswell</b> (OR)<br/>EAE score: <b>16.0</b> &nbsp;|&nbsp; Status: <b>Open</b><br/>Population: 5,540<br/>County: Lane<br/>Opportunities: 1 (1 high-fit, 0 priority)<br/>Total value: $0<br/><br/><b>Contact:</b> nan, nan<br/>nan nan<br/><br/><b>Top opportunities:</b><ul><li><b>High fit</b> - Wastewater Treatment Plant or Facility Initiatives - $nan</li></ul>]]></description><Point><coordinates>-123.041968,43.895976,0</coordinates></Point></Placemark>
<Placemark><name>Association Of Monterey Bay Area Governments</name><styleUrl>#s2</styleUrl><description><![CDATA[<b>Association Of Monterey Bay Area Governments</b> (CA)<br/>EAE score: <b>16.0</b> &nbsp;|&nbsp; Status: <b>Open</b><br/>Population: 28,178<br/>County: Monterey<br/>Opportunities: 1 (1 high-fit, 0 priority)<br/>Total value: $0<br/><br/><b>Contact:</b> nan, nan<br/>nan nan<br/><br/><b>Top opportunities:</b><ul><li><b>High fit</b> - Water Treatment Plant or Facility Initiatives - $nan</li></ul>]]></description><Point><coordinates>-121.688623,36.521811,0</coordinates></Point></Placemark>
<Placemark><name>City of Carson</name><styleUrl>#s2</styleUrl><description><![CDATA[<b>City of Carson</b> (CA)<br/>EAE score: <b>16.0</b> &nbsp;|&nbsp; Status: <b>Open</b><br/>Population: 91,394<br/>County: Los Angeles<br/>Opportunities: 3 (1 high-fit, 2 priority)<br/>Total value: $0<br/><br/><b>Contact:</b> Gilbert Marquez, City Engineer<br/>gmarquez@carson.ca.us 1-310-830-7600;ext=1813<br/><br/><b>Top opportunities:</b><ul><li><b>High fit</b> - Stormwater Treatment Plant or Facility Initiatives - $nan</li><li><b>Medium fit</b> - Distribution System-Wide Initiatives - $nan</li><li><b>Medium fit</b> - Distribution System-Wide Initiatives - $nan</li></ul>]]></description><Point><coordinates>-118.261154,33.813317,0</coordinates></Point></Placemark>
<Placemark><name>Town of St. John</name><styleUrl>#s2</styleUrl><description><![CDATA[<b>Town of St. John</b> (WA)<br/>EAE score: <b>16.0</b> &nbsp;|&nbsp; Status: <b>Open</b><br/>Population: 559<br/>County: Whitman<br/>Opportunities: 1 (1 high-fit, 0 priority)<br/>Total value: $0<br/><br/><b>Contact:</b> nan, nan<br/>nan nan<br/><br/><b>Top opportunities:</b><ul><li><b>High fit</b> - Wastewater Treatment Plant or Facility Initiatives - $nan</li></ul>]]></description><Point><coordinates>-117.505163,46.959127,0</coordinates></Point></Placemark>
<Placemark><name>City of Alhambra</name><styleUrl>#s2</styleUrl><description><![CDATA[<b>City of Alhambra</b> (CA)<br/>EAE score: <b>16.0</b> &nbsp;|&nbsp; Status: <b>Open</b><br/>Population: 83,750<br/>County: Los Angeles<br/>Opportunities: 1 (1 high-fit, 0 priority)<br/>Total value: $3,500,000<br/><br/><b>Contact:</b> Jessica Binnquist, City Manager<br/>jbinnquist@cityofalhambra.org 1-626-570-5010<br/><br/><b>Top opportunities:</b><ul><li><b>High fit</b> - Lift Station Initiatives - $3,500,000</li></ul>]]></description><Point><coordinates>-118.298662,33.786594,0</coordinates></Point></Placemark>
<Placemark><name>Town of Colorado City</name><styleUrl>#s2</styleUrl><description><![CDATA[<b>Town of Colorado City</b> (AZ)<br/>EAE score: <b>16.0</b> &nbsp;|&nbsp; Status: <b>Open</b><br/>Population: 4,836<br/>County: Mohave<br/>Opportunities: 2 (1 high-fit, 0 priority)<br/>Total value: $23,126,300<br/><br/><b>Contact:</b> Vance Barlow, Town Manager<br/>manager@tocc.us 1-928-875-2646<br/><br/><b>Top opportunities:</b><ul><li><b>Low fit</b> - General Planning; Financial - $23,126,300</li><li><b>High fit</b> - Project Planning; Pump Station Initiatives - $nan</li></ul>]]></description><Point><coordinates>-112.978914,36.974658,0</coordinates></Point></Placemark>
<Placemark><name>Carpinteria Sanitary District</name><styleUrl>#s2</styleUrl><description><![CDATA[<b>Carpinteria Sanitary District</b> (CA)<br/>EAE score: <b>16.0</b> &nbsp;|&nbsp; Status: <b>Open</b><br/>Population: 15,619<br/>County: Santa Barbara<br/>Opportunities: 1 (1 high-fit, 0 priority)<br/>Total value: $0<br/><br/><b>Contact:</b> Mark Bennett, Operations Manager<br/>markb@carpsan.com 1-805-684-7214;ext=17<br/><br/><b>Top opportunities:</b><ul><li><b>High fit</b> - System Monitoring and Control Software Initiatives - $nan</li></ul>]]></description><Point><coordinates>-119.520525,34.405045,0</coordinates></Point></Placemark>
<Placemark><name>Walnut Valley Water District</name><styleUrl>#s2</styleUrl><description><![CDATA[<b>Walnut Valley Water District</b> (CA)<br/>EAE score: <b>16.0</b> &nbsp;|&nbsp; Status: <b>Open</b><br/>Population: 29,685<br/>County: Los Angeles<br/>Opportunities: 1 (1 high-fit, 0 priority)<br/>Total value: $0<br/><br/><b>Contact:</b> Sheryl Shaw, General Manager / Chief Engineer<br/>sshaw@wvwd.com 1-909-598-1268<br/><br/><b>Top opportunities:</b><ul><li><b>High fit</b> - System Monitoring and Control Software Initiatives - $nan</li></ul>]]></description><Point><coordinates>-118.298662,33.786594,0</coordinates></Point></Placemark>
<Placemark><name>Bighorn-Desert View Water Agency</name><styleUrl>#s2</styleUrl><description><![CDATA[<b>Bighorn-Desert View Water Agency</b> (CA)<br/>EAE score: <b>16.0</b> &nbsp;|&nbsp; Status: <b>Open</b><br/>Population: 10,000<br/>County: San Bernardino<br/>Opportunities: 1 (1 high-fit, 0 priority)<br/>Total value: $0<br/><br/><b>Contact:</b> Marina D. West, General Manager<br/>mwest@bdvwa.org 1-760-364-2315<br/><br/><b>Top opportunities:</b><ul><li><b>High fit</b> - Pump Station Initiatives - $nan</li></ul>]]></description><Point><coordinates>-115.896753,34.451263,0</coordinates></Point></Placemark>
<Placemark><name>City of Lynwood</name><styleUrl>#s2</styleUrl><description><![CDATA[<b>City of Lynwood</b> (CA)<br/>EAE score: <b>15.6</b> &nbsp;|&nbsp; Status: <b>Open</b><br/>Population: 69,887<br/>County: Los Angeles<br/>Opportunities: 2 (2 high-fit, 1 priority)<br/>Total value: $275,000<br/><br/><b>Contact:</b> Julian Lee, Director of Public Works<br/>jlee@lynwoodca.gov 1-310-603-0220;ext=801<br/><br/><b>Top opportunities:</b><ul><li><b>High fit</b> - Reservoir Initiatives; Pump Station Initiatives - $175,000</li><li><b>High fit</b> - Reservoir Initiatives; Pump Station Initiatives - $100,000</li></ul>]]></description><Point><coordinates>-118.202954,33.924538,0</coordinates></Point></Placemark>
<Placemark><name>Corbett Water District</name><styleUrl>#s2</styleUrl><description><![CDATA[<b>Corbett Water District</b> (OR)<br/>EAE score: <b>15.2</b> &nbsp;|&nbsp; Status: <b>Open</b><br/>County: Multnomah<br/>Opportunities: 2 (2 high-fit, 0 priority)<br/>Total value: $110,000<br/><br/><b>Contact:</b> David Jacob, Interim District Manager<br/>info@corbettwater.com 1-503-695-2284<br/><br/><b>Top opportunities:</b><ul><li><b>High fit</b> - System Monitoring and Control Software Initiatives - $100,000</li><li><b>High fit</b> - Water Treatment Plant or Facility Initiatives - $10,000</li></ul>]]></description><Point><coordinates>-122.229299,45.51827,0</coordinates></Point></Placemark>
<Placemark><name>Crockett Community Services District</name><styleUrl>#s2</styleUrl><description><![CDATA[<b>Crockett Community Services District</b> (CA)<br/>EAE score: <b>15.1</b> &nbsp;|&nbsp; Status: <b>Open</b><br/>County: Contra Costa<br/>Opportunities: 2 (2 high-fit, 0 priority)<br/>Total value: $30,000<br/><br/><b>Contact:</b> Gaunt Murdock, General Manager<br/>manager@town.crockett.ca.us 1-510-787-2992<br/><br/><b>Top opportunities:</b><ul><li><b>High fit</b> - System Monitoring and Control Software Initiatives - $30,000</li><li><b>High fit</b> - Wastewater Treatment Plant or Facility Initiatives - $nan</li></ul>]]></description><Point><coordinates>-122.152602,37.958011,0</coordinates></Point></Placemark>
<Placemark><name>Yurok Tribe</name><styleUrl>#s2</styleUrl><description><![CDATA[<b>Yurok Tribe</b> (CA)<br/>EAE score: <b>15.0</b> &nbsp;|&nbsp; Status: <b>Open</b><br/>Population: 27,812<br/>County: Del Norte<br/>Opportunities: 1 (0 high-fit, 1 priority)<br/>Total value: $3,968,300<br/><br/><b>Contact:</b> Frankie Myers, Vice Chairman<br/>fmyers@yuroktribe.nsn.us 1-707-482-1350<br/><br/><b>Top opportunities:</b><ul><li><b>Medium fit</b> - Distribution System-Wide Initiatives - $3,968,300</li></ul>]]></description><Point><coordinates>-124.056897,41.744452,0</coordinates></Point></Placemark>
<Placemark><name>City of Colton</name><styleUrl>#s2</styleUrl><description><![CDATA[<b>City of Colton</b> (CA)<br/>EAE score: <b>15.0</b> &nbsp;|&nbsp; Status: <b>Open</b><br/>Population: 54,824<br/>County: San Bernardino<br/>Opportunities: 1 (1 high-fit, 1 priority)<br/>Total value: $1,500,000<br/><br/><b>Contact:</b> Jess Scotto, Utilities Engineer<br/>jsotto@coltonca.gov 1-909-370-5551<br/><br/><b>Top opportunities:</b><ul><li><b>High fit</b> - Pump Station Initiatives; Well Initiatives - $1,500,000</li></ul>]]></description><Point><coordinates>-116.900557,34.151161,0</coordinates></Point></Placemark>
<Placemark><name>City of Fillmore</name><styleUrl>#s2</styleUrl><description><![CDATA[<b>City of Fillmore</b> (CA)<br/>EAE score: <b>15.0</b> &nbsp;|&nbsp; Status: <b>Open</b><br/>Population: 15,870<br/>County: Ventura<br/>Opportunities: 1 (0 high-fit, 1 priority)<br/>Total value: $0<br/><br/><b>Contact:</b> Roxanne Hughes, City Engineer<br/>roxanneh@ci.fillmore.ca.us 1-805-946-1647<br/><br/><b>Top opportunities:</b><ul><li><b>Medium fit</b> - Distribution System-Wide Initiatives - $nan</li></ul>]]></description><Point><coordinates>-118.864285,34.393387,0</coordinates></Point></Placemark>
<Placemark><name>Treasure Island Development Authority</name><styleUrl>#s2</styleUrl><description><![CDATA[<b>Treasure Island Development Authority</b> (CA)<br/>EAE score: <b>15.0</b> &nbsp;|&nbsp; Status: <b>Open</b><br/>Population: 1,900,000<br/>County: County of San Francisco<br/>Opportunities: 2 (2 high-fit, 1 priority)<br/>Total value: $0<br/><br/><b>Contact:</b> Wei Zhang, Development Construction Manager<br/>Weihua.Zhang@sfgov.org 1-415-274-0675<br/><br/><b>Top opportunities:</b><ul><li><b>High fit</b> - Wastewater Treatment Plant or Facility Initiatives - $nan</li><li><b>High fit</b> - Wastewater Treatment Plant or Facility Initiatives; Water Reuse Initiatives - $nan</li></ul>]]></description><Point><coordinates>-122.416582,37.779278,0</coordinates></Point></Placemark>
<Placemark><name>Kingsbury General Improvement District</name><styleUrl>#s2</styleUrl><description><![CDATA[<b>Kingsbury General Improvement District</b> (NV)<br/>EAE score: <b>15.0</b> &nbsp;|&nbsp; Status: <b>Open</b><br/>County: Douglas<br/>Opportunities: 1 (1 high-fit, 0 priority)<br/>Total value: $2,986,000<br/><br/><b>Contact:</b> Joe Esenarro, Utility Ops. Superintendent<br/>Joe@kgid.org 1-775-588-3548<br/><br/><b>Top opportunities:</b><ul><li><b>High fit</b> - Filtration Initiatives; Water Treatment Plant or Facility Initiatives - $2,986,000</li></ul>]]></description><Point><coordinates>-119.732977,38.860647,0</coordinates></Point></Placemark>
<Placemark><name>City of Lincoln</name><styleUrl>#s2</styleUrl><description><![CDATA[<b>City of Lincoln</b> (CA)<br/>EAE score: <b>15.0</b> &nbsp;|&nbsp; Status: <b>Open</b><br/>Population: 52,534<br/>County: Placer<br/>Opportunities: 2 (2 high-fit, 0 priority)<br/>Total value: $0<br/><br/><b>Contact:</b> nan, nan<br/>nan nan<br/><br/><b>Top opportunities:</b><ul><li><b>High fit</b> - Wastewater Treatment Plant or Facility Initiatives - $nan</li><li><b>High fit</b> - System Monitoring and Control Software Initiatives - $nan</li></ul>]]></description><Point><coordinates>-121.327143,38.929305,0</coordinates></Point></Placemark>
<Placemark><name>City of Lomita</name><styleUrl>#s2</styleUrl><description><![CDATA[<b>City of Lomita</b> (CA)<br/>EAE score: <b>15.0</b> &nbsp;|&nbsp; Status: <b>Open</b><br/>Population: 20,320<br/>County: Los Angeles<br/>Opportunities: 1 (0 high-fit, 1 priority)<br/>Total value: $0<br/><br/><b>Contact:</b> Mark Andersen, Chief Water Operations Manager<br/>m.andersen@lomitacity.com nan<br/><br/><b>Top opportunities:</b><ul><li><b>Medium fit</b> - Collection System-Wide Initiatives - $nan</li></ul>]]></description><Point><coordinates>-118.298662,33.786594,0</coordinates></Point></Placemark>
<Placemark><name>Beacon Hill Water and Sewer District</name><styleUrl>#s2</styleUrl><description><![CDATA[<b>Beacon Hill Water and Sewer District</b> (WA)<br/>EAE score: <b>15.0</b> &nbsp;|&nbsp; Status: <b>Open</b><br/>County: Unspecified<br/>Opportunities: 2 (2 high-fit, 0 priority)<br/>Total value: $0<br/><br/><b>Contact:</b> Dell Hillger, District Manager<br/>dhillger@bhwsd.org 1-360-636-3860<br/><br/><b>Top opportunities:</b><ul><li><b>High fit</b> - Pump Station Initiatives - $nan</li><li><b>High fit</b> - Lift Station Initiatives - $nan</li></ul>]]></description><Point><coordinates>-122.825047,46.147274,0</coordinates></Point></Placemark>
<Placemark><name>Port of Stockton</name><styleUrl>#s2</styleUrl><description><![CDATA[<b>Port of Stockton</b> (CA)<br/>EAE score: <b>15.0</b> &nbsp;|&nbsp; Status: <b>Open</b><br/>Population: 312,697<br/>County: San Joaquin<br/>Opportunities: 1 (1 high-fit, 1 priority)<br/>Total value: $1,500,000<br/><br/><b>Contact:</b> Michael Tyler, General Manager<br/>Michaelt@stocktonport.com 1-209-946-0246<br/><br/><b>Top opportunities:</b><ul><li><b>High fit</b> - Lift Station Initiatives - $1,500,000</li></ul>]]></description><Point><coordinates>-121.289206,37.958573,0</coordinates></Point></Placemark>
<Placemark><name>City of Hubbard</name><styleUrl>#s2</styleUrl><description><![CDATA[<b>City of Hubbard</b> (OR)<br/>EAE score: <b>15.0</b> &nbsp;|&nbsp; Status: <b>Open</b><br/>Population: 3,570<br/>County: Marion<br/>Opportunities: 1 (0 high-fit, 0 priority)<br/>Total value: $1,100,000<br/><br/><b>Contact:</b> Vickie Nogle, Director Of Administration / City Recorder/Manager<br/>vlnogle@cityofhubbard.org 1-503-981-9633<br/><br/><b>Top opportunities:</b><ul><li><b>Medium fit</b> - Financial; Distribution System-Wide Initiatives - $1,100,000</li></ul>]]></description><Point><coordinates>-122.812012,45.1969,0</coordinates></Point></Placemark>
<Placemark><name>City of Westfir</name><styleUrl>#s2</styleUrl><description><![CDATA[<b>City of Westfir</b> (OR)<br/>EAE score: <b>15.0</b> &nbsp;|&nbsp; Status: <b>Open</b><br/>Population: 267<br/>County: Lane<br/>Opportunities: 1 (0 high-fit, 0 priority)<br/>Total value: $100,000<br/><br/><b>Contact:</b> Bobby Archer, Public Works Director<br/>publicworksdirector@ci.westfir.or.us 1-541-782-3983<br/><br/><b>Top opportunities:</b><ul><li><b>Medium fit</b> - Collection System-Wide Initiatives; Financial - $100,000</li></ul>]]></description><Point><coordinates>-123.074193,44.117868,0</coordinates></Point></Placemark>
<Placemark><name>Town of Windsor</name><styleUrl>#s2</styleUrl><description><![CDATA[<b>Town of Windsor</b> (CA)<br/>EAE score: <b>15.0</b> &nbsp;|&nbsp; Status: <b>Open</b><br/>Population: 27,128<br/>County: Sonoma<br/>Opportunities: 1 (0 high-fit, 1 priority)<br/>Total value: $3,000,000<br/><br/><b>Contact:</b> Michael Cave, Deputy Director of Water Operations<br/>mcave@townofwindsor.com 1-707-838-5309<br/><br/><b>Top opportunities:</b><ul><li><b>Medium fit</b> - Well Initiatives; Distribution System-Wide Initiatives - $3,000,000</li></ul>]]></description><Point><coordinates>-122.8041,38.532827,0</coordinates></Point></Placemark>
<Placemark><name>State of Arizona</name><styleUrl>#s2</styleUrl><description><![CDATA[<b>State of Arizona</b> (AZ)<br/>EAE score: <b>14.9</b> &nbsp;|&nbsp; Status: <b>Open</b><br/>Population: 1,660,000<br/>County: Maricopa<br/>Opportunities: 1 (1 high-fit, 1 priority)<br/>Total value: $1,450,000<br/><br/><b>Contact:</b> Thomas Buschatzke, Water Resources Director<br/>nan 1-602-771-8426<br/><br/><b>Top opportunities:</b><ul><li><b>High fit</b> - Wastewater Treatment Plant or Facility Initiatives; Financial - $1,450,000</li></ul>]]></description><Point><coordinates>-112.18717,33.276539,0</coordinates></Point></Placemark>
<Placemark><name>Laguna County Sanitation District</name><styleUrl>#s2</styleUrl><description><![CDATA[<b>Laguna County Sanitation District</b> (CA)<br/>EAE score: <b>14.5</b> &nbsp;|&nbsp; Status: <b>Open</b><br/>Population: 446,499<br/>County: Santa Barbara<br/>Opportunities: 1 (1 high-fit, 1 priority)<br/>Total value: $1,230,000<br/><br/><b>Contact:</b> Mike Prater, Executive Officer<br/>lafco@sblafco.org 1-805-568-3391<br/><br/><b>Top opportunities:</b><ul><li><b>High fit</b> - Pump Initiatives; Secondary Treatment Initiatives - $1,230,000</li></ul>]]></description><Point><coordinates>-120.377957,34.883589,0</coordinates></Point></Placemark>
<Placemark><name>City of La Habra</name><styleUrl>#s2</styleUrl><description><![CDATA[<b>City of La Habra</b> (CA)<br/>EAE score: <b>14.4</b> &nbsp;|&nbsp; Status: <b>Open</b><br/>Population: 60,513<br/>County: Orange<br/>Opportunities: 2 (1 high-fit, 1 priority)<br/>Total value: $180,000<br/><br/><b>Contact:</b> Mark Compton, Operations Manager<br/>markc@lahabraca.gov 1-562-383-4170<br/><br/><b>Top opportunities:</b><ul><li><b>High fit</b> - Park and Green Space Initiatives; Electrical Systems-Wide Initiatives - $180,000</li><li><b>Medium fit</b> - Operations-Wide Initiatives; Pipe Initiatives - $nan</li></ul>]]></description><Point><coordinates>-117.769442,33.640302,0</coordinates></Point></Placemark>
<Placemark><name>City of Santa Clara</name><styleUrl>#s2</styleUrl><description><![CDATA[<b>City of Santa Clara</b> (CA)<br/>EAE score: <b>14.3</b> &nbsp;|&nbsp; Status: <b>Open</b><br/>Population: 130,365<br/>County: Santa Clara<br/>Opportunities: 1 (1 high-fit, 0 priority)<br/>Total value: $2,663,000<br/><br/><b>Contact:</b> Craig Mobeck, Director of Public Works<br/>cmobeck@santaclaraca.gov 1-408-615-3000<br/><br/><b>Top opportunities:</b><ul><li><b>High fit</b> - System Monitoring and Control Software Initiatives; Electrical Transmission and Distribution Initiatives - $2,663,000</li></ul>]]></description><Point><coordinates>-121.705327,37.189396,0</coordinates></Point></Placemark>
<Placemark><name>Tamalpais Community Sanitation District</name><styleUrl>#s2</styleUrl><description><![CDATA[<b>Tamalpais Community Sanitation District</b> (CA)<br/>EAE score: <b>14.0</b> &nbsp;|&nbsp; Status: <b>Open</b><br/>Population: 258,826<br/>County: Marin<br/>Opportunities: 2 (1 high-fit, 1 priority)<br/>Total value: $0<br/><br/><b>Contact:</b> Sarah Mehtar, Programs &amp; Finance Manager<br/>smehtar@tamcsd.org 1-415-388-6393<br/><br/><b>Top opportunities:</b><ul><li><b>High fit</b> - Pump Station Initiatives - $nan</li><li><b>Medium fit</b> - Collection System-Wide Initiatives - $nan</li></ul>]]></description><Point><coordinates>-122.562937,37.886325,0</coordinates></Point></Placemark>
<Placemark><name>City of Medford</name><styleUrl>#s2</styleUrl><description><![CDATA[<b>City of Medford</b> (OR)<br/>EAE score: <b>14.0</b> &nbsp;|&nbsp; Status: <b>Open</b><br/>Population: 83,072<br/>County: Jackson<br/>Opportunities: 1 (1 high-fit, 1 priority)<br/>Total value: $1,000,000<br/><br/><b>Contact:</b> Kelly Madding, Deputy City Manager<br/>kelly.madding@cityofmedford.org 1-541-774-2100<br/><br/><b>Top opportunities:</b><ul><li><b>High fit</b> - Wastewater Treatment Plant or Facility Initiatives - $1,000,000</li></ul>]]></description><Point><coordinates>-122.72255,42.482623,0</coordinates></Point></Placemark>
<Placemark><name>Capital Area Regional Public Facilities District</name><styleUrl>#s2</styleUrl><description><![CDATA[<b>Capital Area Regional Public Facilities District</b> (WA)<br/>EAE score: <b>13.4</b> &nbsp;|&nbsp; Status: <b>Open</b><br/>Population: 51,534<br/>County: Thurston<br/>Opportunities: 1 (1 high-fit, 0 priority)<br/>Total value: $2,178,414<br/><br/><b>Contact:</b> nan, nan<br/>nan nan<br/><br/><b>Top opportunities:</b><ul><li><b>High fit</b> - Lift Station Initiatives - $2,178,414</li></ul>]]></description><Point><coordinates>-122.796695,47.026418,0</coordinates></Point></Placemark>
<Placemark><name>Lindsay-Strathmore Irrigation District</name><styleUrl>#s2</styleUrl><description><![CDATA[<b>Lindsay-Strathmore Irrigation District</b> (CA)<br/>EAE score: <b>13.4</b> &nbsp;|&nbsp; Status: <b>Open</b><br/>Population: 466,195<br/>County: Tulare<br/>Opportunities: 1 (1 high-fit, 0 priority)<br/>Total value: $2,175,000<br/><br/><b>Contact:</b> Craig Wallace, General Manager<br/>cwallace@lsid.org nan<br/><br/><b>Top opportunities:</b><ul><li><b>High fit</b> - Pump Station Initiatives - $2,175,000</li></ul>]]></description><Point><coordinates>-119.129166,36.073033,0</coordinates></Point></Placemark>
<Placemark><name>County of Washoe</name><styleUrl>#s2</styleUrl><description><![CDATA[<b>County of Washoe</b> (NV)<br/>EAE score: <b>13.2</b> &nbsp;|&nbsp; Status: <b>Open</b><br/>Population: 471,519<br/>County: Washoe<br/>Opportunities: 1 (1 high-fit, 1 priority)<br/>Total value: $600,000<br/><br/><b>Contact:</b> Eric Brown, County Manager<br/>ebrown@washoecounty.gov 1-775-328-2000<br/><br/><b>Top opportunities:</b><ul><li><b>High fit</b> - Financial; Pump Station Initiatives - $600,000</li></ul>]]></description><Point><coordinates>-119.586934,40.541218,0</coordinates></Point></Placemark>
<Placemark><name>City of Dayton</name><styleUrl>#s2</styleUrl><description><![CDATA[<b>City of Dayton</b> (OR)<br/>EAE score: <b>13.0</b> &nbsp;|&nbsp; Status: <b>Open</b><br/>Population: 2,744<br/>County: Yamhill<br/>Opportunities: 1 (0 high-fit, 0 priority)<br/>Total value: $0<br/><br/><b>Contact:</b> Jeremy Caudle, City Manager<br/>jcaudle@daytonoregon.gov 1-503-864-2221<br/><br/><b>Top opportunities:</b><ul><li><b>Low fit</b> - Pipe Initiatives; Drinking Water-Wide Initiatives - $nan</li></ul>]]></description><Point><coordinates>-123.237145,45.187444,0</coordinates></Point></Placemark>
<Placemark><name>City of Maupin</name><styleUrl>#s2</styleUrl><description><![CDATA[<b>City of Maupin</b> (OR)<br/>EAE score: <b>13.0</b> &nbsp;|&nbsp; Status: <b>Open</b><br/>Population: 441<br/>County: Wasco<br/>Opportunities: 1 (0 high-fit, 0 priority)<br/>Total value: $0<br/><br/><b>Contact:</b> Gary Burnett, Public Works Supervisor<br/>gburnett@cityofmaupin.org nan<br/><br/><b>Top opportunities:</b><ul><li><b>Low fit</b> - Project Planning; Pipe Initiatives - $nan</li></ul>]]></description><Point><coordinates>-121.338132,45.155868,0</coordinates></Point></Placemark>
<Placemark><name>City of Pittsburg</name><styleUrl>#s2</styleUrl><description><![CDATA[<b>City of Pittsburg</b> (CA)<br/>EAE score: <b>12.9</b> &nbsp;|&nbsp; Status: <b>Open</b><br/>Population: 72,588<br/>County: Contra Costa<br/>Opportunities: 1 (1 high-fit, 1 priority)<br/>Total value: $450,000<br/><br/><b>Contact:</b> John Samuelson, Director of Public Works<br/>jsamuelson@pittsburgca.gov 1-925-252-4930<br/><br/><b>Top opportunities:</b><ul><li><b>High fit</b> - Water Treatment Plant or Facility Initiatives - $450,000</li></ul>]]></description><Point><coordinates>-121.917219,38.00307,0</coordinates></Point></Placemark>
<Placemark><name>County of Maricopa</name><styleUrl>#s2</styleUrl><description><![CDATA[<b>County of Maricopa</b> (AZ)<br/>EAE score: <b>12.8</b> &nbsp;|&nbsp; Status: <b>Open</b><br/>Population: 4,485,414<br/>County: Maricopa<br/>Opportunities: 1 (1 high-fit, 1 priority)<br/>Total value: $1,900,000<br/><br/><b>Contact:</b> Chris Rodriguez, Project Manager<br/>chris.rodriguez@maricopa.gov 1-602-712-4642<br/><br/><b>Top opportunities:</b><ul><li><b>High fit</b> - Financial; Operational Technology (OT) Initiatives - $1,900,000</li></ul>]]></description><Point><coordinates>-112.18717,33.276539,0</coordinates></Point></Placemark>
<Placemark><name>Oro Loma Sanitary District</name><styleUrl>#s2</styleUrl><description><![CDATA[<b>Oro Loma Sanitary District</b> (CA)<br/>EAE score: <b>12.4</b> &nbsp;|&nbsp; Status: <b>Open</b><br/>County: Unspecified<br/>Opportunities: 1 (1 high-fit, 1 priority)<br/>Total value: $221,000<br/><br/><b>Contact:</b> Manuel Talledo-Garcia, Operations Manager<br/>manuel@oroloma.org 1-510-481-6962<br/><br/><b>Top opportunities:</b><ul><li><b>High fit</b> - Pump Initiatives; Pipe Initiatives - $221,000</li></ul>]]></description><Point><coordinates>-122.133825,37.68123,0</coordinates></Point></Placemark>
<Placemark><name>Denair Community Services District</name><styleUrl>#s2</styleUrl><description><![CDATA[<b>Denair Community Services District</b> (CA)<br/>EAE score: <b>12.3</b> &nbsp;|&nbsp; Status: <b>Open</b><br/>Population: 550,660<br/>County: Stanislaus<br/>Opportunities: 2 (2 high-fit, 0 priority)<br/>Total value: $133,900<br/><br/><b>Contact:</b> David Odom, General Manager<br/>dodom@denaircsd.org 1-209-634-4986<br/><br/><b>Top opportunities:</b><ul><li><b>High fit</b> - Lift Station Initiatives - $80,300</li><li><b>High fit</b> - Water Treatment Plant or Facility Initiatives - $53,600</li></ul>]]></description><Point><coordinates>-120.718131,37.55026,0</coordinates></Point></Placemark>
<Placemark><name>Samish Water District</name><styleUrl>#s2</styleUrl><description><![CDATA[<b>Samish Water District</b> (WA)<br/>EAE score: <b>12.2</b> &nbsp;|&nbsp; Status: <b>Open</b><br/>Population: 92,314<br/>County: Whatcom<br/>Opportunities: 1 (1 high-fit, 0 priority)<br/>Total value: $1,596,290<br/><br/><b>Contact:</b> Ken Vogel, District Manager<br/>samishwaterdistrict@comcast.net 1-360-734-5664<br/><br/><b>Top opportunities:</b><ul><li><b>High fit</b> - System Monitoring and Control Software Initiatives - $1,596,290</li></ul>]]></description><Point><coordinates>-122.454297,48.747687,0</coordinates></Point></Placemark>
<Placemark><name>City of Salinas</name><styleUrl>#s2</styleUrl><description><![CDATA[<b>City of Salinas</b> (CA)<br/>EAE score: <b>12.2</b> &nbsp;|&nbsp; Status: <b>Open</b><br/>Population: 156,259<br/>County: Monterey<br/>Opportunities: 1 (1 high-fit, 1 priority)<br/>Total value: $85,000<br/><br/><b>Contact:</b> David Jacobs, Public Works Director<br/>davidj@ci.salinas.ca.us 1-831-758-7241<br/><br/><b>Top opportunities:</b><ul><li><b>High fit</b> - Road Initiatives; Lift Station Initiatives - $85,000</li></ul>]]></description><Point><coordinates>-121.416603,36.441768,0</coordinates></Point></Placemark>
<Placemark><name>County of Josephine</name><styleUrl>#s2</styleUrl><description><![CDATA[<b>County of Josephine</b> (OR)<br/>EAE score: <b>12.2</b> &nbsp;|&nbsp; Status: <b>Open</b><br/>Population: 87,487<br/>County: Josephine<br/>Opportunities: 1 (1 high-fit, 1 priority)<br/>Total value: $117,000<br/><br/><b>Contact:</b> Sandra Novak, Budget Officer<br/>SNovak@co.josephine.or.us 1-541-474-5253<br/><br/><b>Top opportunities:</b><ul><li><b>High fit</b> - Lift Station Initiatives; Financial - $117,000</li></ul>]]></description><Point><coordinates>-123.416119,42.402144,0</coordinates></Point></Placemark>
<Placemark><name>South Placer Wastewater Authority</name><styleUrl>#s2</styleUrl><description><![CDATA[<b>South Placer Wastewater Authority</b> (CA)<br/>EAE score: <b>12.1</b> &nbsp;|&nbsp; Status: <b>Open</b><br/>Population: 412,300<br/>County: Placer<br/>Opportunities: 1 (1 high-fit, 0 priority)<br/>Total value: $1,540,000<br/><br/><b>Contact:</b> Carie Huff, District Engineer<br/>nan 1-916-786-8555<br/><br/><b>Top opportunities:</b><ul><li><b>High fit</b> - Wastewater Treatment Plant or Facility Initiatives - $1,540,000</li></ul>]]></description><Point><coordinates>-121.335559,38.779875,0</coordinates></Point></Placemark>
<Placemark><name>Triunfo Water &amp; Sanitation District</name><styleUrl>#s2</styleUrl><description><![CDATA[<b>Triunfo Water &amp; Sanitation District</b> (CA)<br/>EAE score: <b>12.1</b> &nbsp;|&nbsp; Status: <b>Open</b><br/>Population: 10,039,107<br/>County: Los Angeles<br/>Opportunities: 1 (1 high-fit, 1 priority)<br/>Total value: $63,266<br/><br/><b>Contact:</b> nan, nan<br/>nan nan<br/><br/><b>Top opportunities:</b><ul><li><b>High fit</b> - Lift Station Initiatives - $63,266</li></ul>]]></description><Point><coordinates>-118.823177,34.194756,0</coordinates></Point></Placemark>
<Placemark><name>City of San Juan Bautista</name><styleUrl>#s2</styleUrl><description><![CDATA[<b>City of San Juan Bautista</b> (CA)<br/>EAE score: <b>12.0</b> &nbsp;|&nbsp; Status: <b>Open</b><br/>Population: 2,104<br/>County: San Benito<br/>Opportunities: 1 (0 high-fit, 0 priority)<br/>Total value: $0<br/><br/><b>Contact:</b> Jerry Sanguinetti, City Engineer<br/>cityengineer@san-juan-bautista.ca.us 1-831-623-4661<br/><br/><b>Top opportunities:</b><ul><li><b>Medium fit</b> - Pipe Initiatives; Well Initiatives - $nan</li></ul>]]></description><Point><coordinates>-121.442746,36.831008,0</coordinates></Point></Placemark>
<Placemark><name>Lake Hemet Municipal Water District</name><styleUrl>#s2</styleUrl><description><![CDATA[<b>Lake Hemet Municipal Water District</b> (CA)<br/>EAE score: <b>12.0</b> &nbsp;|&nbsp; Status: <b>Open</b><br/>Population: 85,334<br/>County: Riverside<br/>Opportunities: 1 (1 high-fit, 1 priority)<br/>Total value: $25,000<br/><br/><b>Contact:</b> Kristen Frankforter, Water Quality Specialist<br/>kfrankforter@lhmwd.org 1-951-658-3241;ext=245<br/><br/><b>Top opportunities:</b><ul><li><b>High fit</b> - System Monitoring and Control Software Initiatives; Distribution System-Wide Initiatives - $25,000</li></ul>]]></description><Point><coordinates>-116.786275,33.617074,0</coordinates></Point></Placemark>
<Placemark><name>City of Hood River</name><styleUrl>#s2</styleUrl><description><![CDATA[<b>City of Hood River</b> (OR)<br/>EAE score: <b>12.0</b> &nbsp;|&nbsp; Status: <b>Open</b><br/>Population: 7,801<br/>County: Hood River<br/>Opportunities: 1 (0 high-fit, 0 priority)<br/>Total value: $0<br/><br/><b>Contact:</b> nan, nan<br/>nan nan<br/><br/><b>Top opportunities:</b><ul><li><b>Medium fit</b> - Operations-Wide Initiatives - $nan</li></ul>]]></description><Point><coordinates>-121.677126,45.638312,0</coordinates></Point></Placemark>
<Placemark><name>Sacramento Housing And Redevelopment Agency</name><styleUrl>#s2</styleUrl><description><![CDATA[<b>Sacramento Housing And Redevelopment Agency</b> (CA)<br/>EAE score: <b>12.0</b> &nbsp;|&nbsp; Status: <b>Open</b><br/>Population: 508,529<br/>County: Sacramento<br/>Opportunities: 1 (1 high-fit, 1 priority)<br/>Total value: $0<br/><br/><b>Contact:</b> Tracy Knighton, Assistant Director of Administration<br/>tknighton@shra.org 1-916-440-1359<br/><br/><b>Top opportunities:</b><ul><li><b>High fit</b> - Cybersecurity Initiatives - $nan</li></ul>]]></description><Point><coordinates>-121.480905,38.579055,0</coordinates></Point></Placemark>
<Placemark><name>City of Fortuna</name><styleUrl>#s2</styleUrl><description><![CDATA[<b>City of Fortuna</b> (CA)<br/>EAE score: <b>12.0</b> &nbsp;|&nbsp; Status: <b>Open</b><br/>Population: 12,259<br/>County: Humboldt<br/>Opportunities: 1 (0 high-fit, 0 priority)<br/>Total value: $0<br/><br/><b>Contact:</b> Brendan Byrd, Public Works Director &amp; City Engineer<br/>bbyrd@ci.fortuna.ca.us 1-707-725-1469<br/><br/><b>Top opportunities:</b><ul><li><b>Medium fit</b> - Operations-Wide Initiatives - $nan</li></ul>]]></description><Point><coordinates>-123.903317,40.815265,0</coordinates></Point></Placemark>
<Placemark><name>Whispering Palms Community Services District</name><styleUrl>#s2</styleUrl><description><![CDATA[<b>Whispering Palms Community Services District</b> (CA)<br/>EAE score: <b>12.0</b> &nbsp;|&nbsp; Status: <b>Open</b><br/>Population: 64,386<br/>County: Lake<br/>Opportunities: 1 (1 high-fit, 1 priority)<br/>Total value: $0<br/><br/><b>Contact:</b> Chuck Duffy, General Manager<br/>cduffy@granada.ca.gov 1-760-479-4125<br/><br/><b>Top opportunities:</b><ul><li><b>High fit</b> - Lift Station Initiatives</li></ul>]]></description><Point><coordinates>-117.250253,33.054154,0</coordinates></Point></Placemark>
<Placemark><name>Coachella Valley Association Of Govts</name><styleUrl>#s2</styleUrl><description><![CDATA[<b>Coachella Valley Association Of Govts</b> (CA)<br/>EAE score: <b>12.0</b> &nbsp;|&nbsp; Status: <b>Open</b><br/>Population: 53,275<br/>County: Riverside<br/>Opportunities: 1 (1 high-fit, 1 priority)<br/>Total value: $0<br/><br/><b>Contact:</b> Emmanuel Martinez, Program Manager<br/>emartinez@cvag.org 1-760-346-1127<br/><br/><b>Top opportunities:</b><ul><li><b>High fit</b> - Pump Initiatives; Wastewater Treatment-Wide Initiatives - $nan</li></ul>]]></description><Point><coordinates>-116.402695,33.680623,0</coordinates></Point></Placemark>
<Placemark><name>Confederated Tribes of the Umatilla Reservation</name><styleUrl>#s2</styleUrl><description><![CDATA[<b>Confederated Tribes of the Umatilla Reservation</b> (OR)<br/>EAE score: <b>12.0</b> &nbsp;|&nbsp; Status: <b>Open</b><br/>County: Unspecified<br/>Opportunities: 1 (1 high-fit, 0 priority)<br/>Total value: $3,000,000<br/><br/><b>Contact:</b> Justin Northern, Public Works Director<br/>publicworks@ctuir.org 1-541-429-7507<br/><br/><b>Top opportunities:</b><ul><li><b>High fit</b> - Wastewater Treatment Plant or Facility Initiatives; Water Reuse Initiatives - $3,000,000</li></ul>]]></description><Point><coordinates>-118.637974,45.711814,0</coordinates></Point></Placemark>
<Placemark><name>Clackamas River Water District</name><styleUrl>#s2</styleUrl><description><![CDATA[<b>Clackamas River Water District</b> (OR)<br/>EAE score: <b>11.5</b> &nbsp;|&nbsp; Status: <b>Open</b><br/>County: Clackamas<br/>Opportunities: 1 (1 high-fit, 0 priority)<br/>Total value: $1,267,000<br/><br/><b>Contact:</b> Todd Heidgerken, General Manager<br/>theidgerken@crwater.com 1-503-722-9290<br/><br/><b>Top opportunities:</b><ul><li><b>High fit</b> - System Monitoring and Control Software Initiatives - $1,267,000</li></ul>]]></description><Point><coordinates>-122.499461,45.415038,0</coordinates></Point></Placemark>
<Placemark><name>County of Spokane</name><styleUrl>#s2</styleUrl><description><![CDATA[<b>County of Spokane</b> (WA)<br/>EAE score: <b>11.4</b> &nbsp;|&nbsp; Status: <b>Open</b><br/>Population: 522,798<br/>County: Spokane<br/>Opportunities: 3 (1 high-fit, 1 priority)<br/>Total value: $200,000<br/><br/><b>Contact:</b> nan, nan<br/>nan nan<br/><br/><b>Top opportunities:</b><ul><li><b>High fit</b> - Lift Station Initiatives - $200,000</li><li><b>Medium fit</b> - Operations-Wide Initiatives - $nan</li><li><b>Low fit</b> - Staffing Initiatives - $nan</li></ul>]]></description><Point><coordinates>-117.431742,47.653568,0</coordinates></Point></Placemark>
<Placemark><name>County of Mohave</name><styleUrl>#s2</styleUrl><description><![CDATA[<b>County of Mohave</b> (AZ)<br/>EAE score: <b>11.1</b> &nbsp;|&nbsp; Status: <b>Open</b><br/>Population: 212,181<br/>County: Mohave<br/>Opportunities: 2 (1 high-fit, 1 priority)<br/>Total value: $190,000<br/><br/><b>Contact:</b> Laura Skubal, Planning and Zoning Commission Clerk<br/>skubal@mohave.gov 1-928-753-9141<br/><br/><b>Top opportunities:</b><ul><li><b>Medium fit</b> - Collection System-Wide Initiatives - $150,000</li><li><b>High fit</b> - System Monitoring and Control Software Initiatives - $40,000</li></ul>]]></description><Point><coordinates>-114.017106,35.341456,0</coordinates></Point></Placemark>
<Placemark><name>Orovada General Improvement District</name><styleUrl>#s2</styleUrl><description><![CDATA[<b>Orovada General Improvement District</b> (NV)<br/>EAE score: <b>10.7</b> &nbsp;|&nbsp; Status: <b>Open</b><br/>County: Unspecified<br/>Opportunities: 1 (1 high-fit, 0 priority)<br/>Total value: $845,000<br/><br/><b>Contact:</b> Daniel Ferraro, Public Works Director - Humboldt county<br/>daniel.ferraro@humboldtcountynv.gov 1-775-623-6416<br/><br/><b>Top opportunities:</b><ul><li><b>High fit</b> - Pipe Initiatives; Wastewater Treatment Plant or Facility Initiatives - $845,000</li></ul>]]></description><Point><coordinates>-118.174506,41.263287,0</coordinates></Point></Placemark>
<Placemark><name>City of Folsom</name><styleUrl>#s2</styleUrl><description><![CDATA[<b>City of Folsom</b> (CA)<br/>EAE score: <b>10.5</b> &nbsp;|&nbsp; Status: <b>Open</b><br/>Population: 81,328<br/>County: Sacramento<br/>Opportunities: 1 (1 high-fit, 1 priority)<br/>Total value: $768,000<br/><br/><b>Contact:</b> Stacey Tamagni, Finance Director<br/>stamagni@folsom.ca.us 1-916-461-6010<br/><br/><b>Top opportunities:</b><ul><li><b>High fit</b> - Lift Station Initiatives; Pipe Initiatives - $768,000</li></ul>]]></description><Point><coordinates>-121.310796,38.594181,0</coordinates></Point></Placemark>
<Placemark><name>North San Mateo County Sanitation District</name><styleUrl>#s2</styleUrl><description><![CDATA[<b>North San Mateo County Sanitation District</b> (CA)<br/>EAE score: <b>10.5</b> &nbsp;|&nbsp; Status: <b>Open</b><br/>Population: 767,423<br/>County: San Mateo<br/>Opportunities: 1 (1 high-fit, 0 priority)<br/>Total value: $750,000<br/><br/><b>Contact:</b> Thomas Piccolotti, Director of Planning<br/>tpiccolotti@dalycity.org 1-650-991-8200<br/><br/><b>Top opportunities:</b><ul><li><b>High fit</b> - Lift Station Initiatives; Financial - $750,000</li></ul>]]></description><Point><coordinates>-122.212846,37.490387,0</coordinates></Point></Placemark>
<Placemark><name>Ventura County Waterworks No. 19</name><styleUrl>#s2</styleUrl><description><![CDATA[<b>Ventura County Waterworks No. 19</b> (CA)<br/>EAE score: <b>10.2</b> &nbsp;|&nbsp; Status: <b>Open</b><br/>Population: 846,006<br/>County: Ventura<br/>Opportunities: 1 (1 high-fit, 0 priority)<br/>Total value: $600,000<br/><br/><b>Contact:</b> Paul Chan, Water &amp; Sanitation Director<br/>paul.chan@venturacounty.gov +1-805-378-3005<br/><br/><b>Top opportunities:</b><ul><li><b>High fit</b> - Water Treatment Plant or Facility Initiatives; Drinking Water-Wide Initiatives - $600,000</li></ul>]]></description><Point><coordinates>-119.146228,34.356248,0</coordinates></Point></Placemark>
<Placemark><name>Heceta Water People&#x27;s Utility District</name><styleUrl>#s2</styleUrl><description><![CDATA[<b>Heceta Water People&#x27;s Utility District</b> (OR)<br/>EAE score: <b>10.0</b> &nbsp;|&nbsp; Status: <b>Open</b><br/>Population: 9,151<br/>County: Lane<br/>Opportunities: 1 (0 high-fit, 0 priority)<br/>Total value: $0<br/><br/><b>Contact:</b> Carl Neville, General Manager<br/>customer-service@hwpud.com 1-541-997-2446<br/><br/><b>Top opportunities:</b><ul><li><b>Low fit</b> - Staffing Initiatives - $nan</li></ul>]]></description><Point><coordinates>-123.996747,44.064723,0</coordinates></Point></Placemark>
<Placemark><name>Emerald Peoples Utility District</name><styleUrl>#s2</styleUrl><description><![CDATA[<b>Emerald Peoples Utility District</b> (OR)<br/>EAE score: <b>10.0</b> &nbsp;|&nbsp; Status: <b>Open</b><br/>Population: 172,622<br/>County: Lane<br/>Opportunities: 1 (1 high-fit, 0 priority)<br/>Total value: $518,546<br/><br/><b>Contact:</b> Patti Chappel, Vice President<br/>Patti.Chappel@epud.org 1-541-744-7492<br/><br/><b>Top opportunities:</b><ul><li><b>High fit</b> - System Monitoring and Control Software Initiatives - $518,546</li></ul>]]></description><Point><coordinates>-123.166429,43.935009,0</coordinates></Point></Placemark>
<Placemark><name>Thurston County Public Utility District 1</name><styleUrl>#s2</styleUrl><description><![CDATA[<b>Thurston County Public Utility District 1</b> (WA)<br/>EAE score: <b>10.0</b> &nbsp;|&nbsp; Status: <b>Open</b><br/>Population: 290,536<br/>County: Thurston<br/>Opportunities: 1 (1 high-fit, 1 priority)<br/>Total value: $500,000<br/><br/><b>Contact:</b> Kim Gubbe, Director of Planning and Compliance<br/>kgubbe@thurstonpud.org 1-360-357-8783<br/><br/><b>Top opportunities:</b><ul><li><b>High fit</b> - Reservoir Initiatives; Pump Station Initiatives - $500,000</li></ul>]]></description><Point><coordinates>-122.796695,47.026418,0</coordinates></Point></Placemark>
<Placemark><name>County of Lander</name><styleUrl>#s2</styleUrl><description><![CDATA[<b>County of Lander</b> (NV)<br/>EAE score: <b>10.0</b> &nbsp;|&nbsp; Status: <b>Open</b><br/>Population: 5,775<br/>County: Lander<br/>Opportunities: 2 (0 high-fit, 0 priority)<br/>Total value: $3,225,084<br/><br/><b>Contact:</b> Don Price, Public Works Director<br/>dprince@landercountynv.org 1-775-635-2190<br/><br/><b>Top opportunities:</b><ul><li><b>Low fit</b> - Project Design; Procurement - $1,700,000</li><li><b>Low fit</b> - Financial; Project Planning - $1,525,084</li></ul>]]></description><Point><coordinates>-116.974803,40.042115,0</coordinates></Point></Placemark>
<Placemark><name>City of Fountain Valley</name><styleUrl>#s2</styleUrl><description><![CDATA[<b>City of Fountain Valley</b> (CA)<br/>EAE score: <b>10.0</b> &nbsp;|&nbsp; Status: <b>Open</b><br/>Population: 55,357<br/>County: Orange<br/>Opportunities: 1 (1 high-fit, 0 priority)<br/>Total value: $511,200<br/><br/><b>Contact:</b> nan, nan<br/>nan nan<br/><br/><b>Top opportunities:</b><ul><li><b>High fit</b> - System Monitoring and Control Software Initiatives; Financial - $511,200</li></ul>]]></description><Point><coordinates>-117.769442,33.640302,0</coordinates></Point></Placemark>
<Placemark><name>City of Aurora</name><styleUrl>#s2</styleUrl><description><![CDATA[<b>City of Aurora</b> (OR)<br/>EAE score: <b>10.0</b> &nbsp;|&nbsp; Status: <b>Open</b><br/>Population: 1,039<br/>County: Marion<br/>Opportunities: 1 (0 high-fit, 0 priority)<br/>Total value: $4,284,203<br/><br/><b>Contact:</b> Brian Asher, Mayor<br/>basher@ci.aurora.or.us 1-503-678-1283<br/><br/><b>Top opportunities:</b><ul><li><b>Low fit</b> - Financial; Pipe Initiatives - $4,284,203</li></ul>]]></description><Point><coordinates>-122.8198,45.224241,0</coordinates></Point></Placemark>
<Placemark><name>Thurston Regional Planning Council</name><styleUrl>#s2</styleUrl><description><![CDATA[<b>Thurston Regional Planning Council</b> (WA)<br/>EAE score: <b>9.9</b> &nbsp;|&nbsp; Status: <b>Open</b><br/>Population: 51,534<br/>County: Thurston<br/>Opportunities: 1 (1 high-fit, 0 priority)<br/>Total value: $438,320<br/><br/><b>Contact:</b> nan, nan<br/>nan nan<br/><br/><b>Top opportunities:</b><ul><li><b>High fit</b> - Stormwater Treatment Plant or Facility Initiatives - $438,320</li></ul>]]></description><Point><coordinates>-122.702393,46.978118,0</coordinates></Point></Placemark>
<Placemark><name>Ventura County Waterworks District No. 38</name><styleUrl>#s2</styleUrl><description><![CDATA[<b>Ventura County Waterworks District No. 38</b> (CA)<br/>EAE score: <b>9.8</b> &nbsp;|&nbsp; Status: <b>Open</b><br/>Population: 846,006<br/>County: Ventura<br/>Opportunities: 1 (1 high-fit, 0 priority)<br/>Total value: $400,000<br/><br/><b>Contact:</b> Jeff Palmer, Director of Finance<br/>jeff.palmer@venturacounty.gov 1-805-378-3005<br/><br/><b>Top opportunities:</b><ul><li><b>High fit</b> - Water Treatment Plant or Facility Initiatives; Drinking Water-Wide Initiatives - $400,000</li></ul>]]></description><Point><coordinates>-119.146228,34.356248,0</coordinates></Point></Placemark>
<Placemark><name>Victor Valley Wastewater Reclamation Authority</name><styleUrl>#s2</styleUrl><description><![CDATA[<b>Victor Valley Wastewater Reclamation Authority</b> (CA)<br/>EAE score: <b>9.6</b> &nbsp;|&nbsp; Status: <b>Open</b><br/>Population: 95,750<br/>County: San Bernardino<br/>Opportunities: 1 (1 high-fit, 0 priority)<br/>Total value: $300,000<br/><br/><b>Contact:</b> Darron Poulsen, General Manager<br/>dpoulsen@vvwra.com 1-760-246-8638;ext=282<br/><br/><b>Top opportunities:</b><ul><li><b>High fit</b> - Wastewater Treatment Plant or Facility Initiatives - $300,000</li></ul>]]></description><Point><coordinates>-115.172471,34.527103,0</coordinates></Point></Placemark>
<Placemark><name>Rincon Del Diablo Municipal Water District</name><styleUrl>#s2</styleUrl><description><![CDATA[<b>Rincon Del Diablo Municipal Water District</b> (CA)<br/>EAE score: <b>9.5</b> &nbsp;|&nbsp; Status: <b>Open</b><br/>Population: 137,941<br/>County: San Diego<br/>Opportunities: 1 (1 high-fit, 0 priority)<br/>Total value: $250,000<br/><br/><b>Contact:</b> nan, nan<br/>nan nan<br/><br/><b>Top opportunities:</b><ul><li><b>High fit</b> - Lift Station Initiatives - $250,000</li></ul>]]></description><Point><coordinates>-116.846046,33.016928,0</coordinates></Point></Placemark>
<Placemark><name>Costa Mesa Sanitary District</name><styleUrl>#s2</styleUrl><description><![CDATA[<b>Costa Mesa Sanitary District</b> (CA)<br/>EAE score: <b>9.4</b> &nbsp;|&nbsp; Status: <b>Open</b><br/>County: Unspecified<br/>Opportunities: 1 (1 high-fit, 1 priority)<br/>Total value: $175,000<br/><br/><b>Contact:</b> Mark Esquer, District Engineer<br/>mesquer@cmsdca.gov 1-949-645-8400<br/><br/><b>Top opportunities:</b><ul><li><b>High fit</b> - Odor and Corrosion Initiatives; Lift Station Initiatives - $175,000</li></ul>]]></description><Point><coordinates>-117.763886,33.685069,0</coordinates></Point></Placemark>
<Placemark><name>Saticoy Sanitary District</name><styleUrl>#s2</styleUrl><description><![CDATA[<b>Saticoy Sanitary District</b> (CA)<br/>EAE score: <b>9.3</b> &nbsp;|&nbsp; Status: <b>Open</b><br/>County: Ventura<br/>Opportunities: 1 (1 high-fit, 0 priority)<br/>Total value: $160,000<br/><br/><b>Contact:</b> Gerardo Claudio, Director<br/>nan 1-805-658-4642<br/><br/><b>Top opportunities:</b><ul><li><b>High fit</b> - Wastewater Treatment Plant or Facility Initiatives; Decentralized Treatment Initiatives - $160,000</li></ul>]]></description><Point><coordinates>-119.221299,34.230353,0</coordinates></Point></Placemark>
<Placemark><name>City of Berkeley</name><styleUrl>#s2</styleUrl><description><![CDATA[<b>City of Berkeley</b> (CA)<br/>EAE score: <b>9.3</b> &nbsp;|&nbsp; Status: <b>Open</b><br/>Population: 121,363<br/>County: Alameda<br/>Opportunities: 1 (1 high-fit, 1 priority)<br/>Total value: $150,000<br/><br/><b>Contact:</b> Kevin Fong, Director of Information Technology<br/>kfong@berkeleyca.gov 1-510-981-6541<br/><br/><b>Top opportunities:</b><ul><li><b>High fit</b> - Cybersecurity Initiatives - $150,000</li></ul>]]></description><Point><coordinates>-122.256729,37.866975,0</coordinates></Point></Placemark>
<Placemark><name>Helendale Community Service District</name><styleUrl>#s2</styleUrl><description><![CDATA[<b>Helendale Community Service District</b> (CA)<br/>EAE score: <b>9.2</b> &nbsp;|&nbsp; Status: <b>Open</b><br/>County: San Bernardino<br/>Opportunities: 1 (1 high-fit, 0 priority)<br/>Total value: $120,000<br/><br/><b>Contact:</b> Kimberly Cox, General Manager<br/>kcox@helendalecsd.org 1-760-951-0006<br/><br/><b>Top opportunities:</b><ul><li><b>High fit</b> - Power Supply, Control, and Protection Initiatives - $120,000</li></ul>]]></description><Point><coordinates>-116.378323,34.496921,0</coordinates></Point></Placemark>
<Placemark><name>Florin Resource Conservation District</name><styleUrl>#s2</styleUrl><description><![CDATA[<b>Florin Resource Conservation District</b> (CA)<br/>EAE score: <b>9.2</b> &nbsp;|&nbsp; Status: <b>Open</b><br/>Population: 508,529<br/>County: Sacramento<br/>Opportunities: 1 (1 high-fit, 0 priority)<br/>Total value: $125,000<br/><br/><b>Contact:</b> Ben Voelz, Associate Engineer<br/>bvoelz@egwd.org 1-916-685-3556<br/><br/><b>Top opportunities:</b><ul><li><b>High fit</b> - System Monitoring and Control Software Initiatives - $125,000</li></ul>]]></description><Point><coordinates>-121.480905,38.579055,0</coordinates></Point></Placemark>
<Placemark><name>City of Richland</name><styleUrl>#s2</styleUrl><description><![CDATA[<b>City of Richland</b> (WA)<br/>EAE score: <b>9.2</b> &nbsp;|&nbsp; Status: <b>Open</b><br/>Population: 58,225<br/>County: Benton<br/>Opportunities: 1 (1 high-fit, 0 priority)<br/>Total value: $100,000<br/><br/><b>Contact:</b> Sheldon Williamson, Public Works Capital Projects Manager<br/>swilliamson@ci.richland.wa.us 1-509-942-7390<br/><br/><b>Top opportunities:</b><ul><li><b>High fit</b> - System Monitoring and Control Software Initiatives; Core Network and Backbone Initiatives - $100,000</li></ul>]]></description><Point><coordinates>-119.491659,46.282031,0</coordinates></Point></Placemark>
<Placemark><name>Pebble Beach Community Services District</name><styleUrl>#s2</styleUrl><description><![CDATA[<b>Pebble Beach Community Services District</b> (CA)<br/>EAE score: <b>9.2</b> &nbsp;|&nbsp; Status: <b>Open</b><br/>County: Unspecified<br/>Opportunities: 1 (1 high-fit, 0 priority)<br/>Total value: $100,000<br/><br/><b>Contact:</b> Chris Simmons, Principal Engineer<br/>csimmons@pbcsd.org 1-831-373-1274<br/><br/><b>Top opportunities:</b><ul><li><b>High fit</b> - Lift Station Initiatives - $100,000</li></ul>]]></description><Point><coordinates>-121.936365,36.5831,0</coordinates></Point></Placemark>
<Placemark><name>Public Utility District No. 1 of Whatcom County</name><styleUrl>#s2</styleUrl><description><![CDATA[<b>Public Utility District No. 1 of Whatcom County</b> (WA)<br/>EAE score: <b>9.1</b> &nbsp;|&nbsp; Status: <b>Open</b><br/>Population: 229,247<br/>County: Whatcom<br/>Opportunities: 1 (1 high-fit, 0 priority)<br/>Total value: $30,000<br/><br/><b>Contact:</b> Christopher Heimgartner, General Manager<br/>generalmanager@pudwhatcom.org 1-360-384-4288;ext=19<br/><br/><b>Top opportunities:</b><ul><li><b>High fit</b> - Pump Station Initiatives - $30,000</li></ul>]]></description><Point><coordinates>-122.454297,48.747687,0</coordinates></Point></Placemark>
<Placemark><name>West Slope Water District</name><styleUrl>#s2</styleUrl><description><![CDATA[<b>West Slope Water District</b> (OR)<br/>EAE score: <b>9.1</b> &nbsp;|&nbsp; Status: <b>Open</b><br/>Population: 647,805<br/>County: Multnomah<br/>Opportunities: 1 (1 high-fit, 1 priority)<br/>Total value: $40,000<br/><br/><b>Contact:</b> Michael Grimm, General Manager<br/>mgrimm@wswd.org 1-503-292-2777<br/><br/><b>Top opportunities:</b><ul><li><b>High fit</b> - System Monitoring and Control Software Initiatives - $40,000</li></ul>]]></description><Point><coordinates>-122.778659,45.498473,0</coordinates></Point></Placemark>
<Placemark><name>South Feather Water and Power</name><styleUrl>#s2</styleUrl><description><![CDATA[<b>South Feather Water and Power</b> (CA)<br/>EAE score: <b>9.1</b> &nbsp;|&nbsp; Status: <b>Open</b><br/>County: Unspecified<br/>Opportunities: 1 (1 high-fit, 0 priority)<br/>Total value: $60,000<br/><br/><b>Contact:</b> Cheri Richter, Finance Manager<br/>crichter@southfeather.com 1-530-533-4578;ext=01<br/><br/><b>Top opportunities:</b><ul><li><b>High fit</b> - System Monitoring and Control Software Initiatives - $60,000</li></ul>]]></description><Point><coordinates>-121.417372,39.463113,0</coordinates></Point></Placemark>
<Placemark><name>City of Auburn</name><styleUrl>#s2</styleUrl><description><![CDATA[<b>City of Auburn</b> (WA)<br/>EAE score: <b>9.0</b> &nbsp;|&nbsp; Status: <b>Open</b><br/>Population: 81,464<br/>County: King<br/>Opportunities: 1 (1 high-fit, 0 priority)<br/>Total value: $0<br/><br/><b>Contact:</b> Alexandria Teague, Senior Planner<br/>ateague@auburnwa.gov 1-253-931-3003<br/><br/><b>Top opportunities:</b><ul><li><b>High fit</b> - Lift Station Initiatives; Pipe Initiatives - $nan</li></ul>]]></description><Point><coordinates>-121.821908,47.465495,0</coordinates></Point></Placemark>
<Placemark><name>County of Tulare</name><styleUrl>#s2</styleUrl><description><![CDATA[<b>County of Tulare</b> (CA)<br/>EAE score: <b>9.0</b> &nbsp;|&nbsp; Status: <b>Open</b><br/>Population: 466,195<br/>County: Tulare<br/>Opportunities: 1 (1 high-fit, 0 priority)<br/>Total value: $0<br/><br/><b>Contact:</b> Gary Mills, Chief Planner<br/>gmills@tularecounty.ca.gov nan<br/><br/><b>Top opportunities:</b><ul><li><b>High fit</b> - Wastewater Treatment Plant or Facility Initiatives - $nan</li></ul>]]></description><Point><coordinates>-119.363349,36.184014,0</coordinates></Point></Placemark>
<Placemark><name>Scotia Community Services District</name><styleUrl>#s2</styleUrl><description><![CDATA[<b>Scotia Community Services District</b> (CA)<br/>EAE score: <b>9.0</b> &nbsp;|&nbsp; Status: <b>Open</b><br/>County: Unspecified<br/>Opportunities: 1 (1 high-fit, 0 priority)<br/>Total value: $0<br/><br/><b>Contact:</b> nan, nan<br/>nan nan<br/><br/><b>Top opportunities:</b><ul><li><b>High fit</b> - Wastewater Treatment Plant or Facility Initiatives - $nan</li></ul>]]></description><Point><coordinates>-124.022847,40.440193,0</coordinates></Point></Placemark>
<Placemark><name>South County Regional Wastewater Authority</name><styleUrl>#s2</styleUrl><description><![CDATA[<b>South County Regional Wastewater Authority</b> (CA)<br/>EAE score: <b>9.0</b> &nbsp;|&nbsp; Status: <b>Open</b><br/>Population: 59,032<br/>County: Santa Clara<br/>Opportunities: 1 (1 high-fit, 0 priority)<br/>Total value: $0<br/><br/><b>Contact:</b> nan, nan<br/>nan nan<br/><br/><b>Top opportunities:</b><ul><li><b>High fit</b> - Water Reuse Initiatives; Wastewater Treatment Plant or Facility Initiatives - $nan</li></ul>]]></description><Point><coordinates>-121.493849,37.023347,0</coordinates></Point></Placemark>
<Placemark><name>Cascade Water Alliance</name><styleUrl>#s2</styleUrl><description><![CDATA[<b>Cascade Water Alliance</b> (WA)<br/>EAE score: <b>9.0</b> &nbsp;|&nbsp; Status: <b>Open</b><br/>Population: 144,403<br/>County: King<br/>Opportunities: 1 (1 high-fit, 0 priority)<br/>Total value: $0<br/><br/><b>Contact:</b> Henry Chen, Engineering &amp; Capital Projects Director<br/>hchen@cascadewater.org 1-425-283-0367<br/><br/><b>Top opportunities:</b><ul><li><b>High fit</b> - System Monitoring and Control Software Initiatives - $nan</li></ul>]]></description><Point><coordinates>-122.207221,47.615471,0</coordinates></Point></Placemark>
<Placemark><name>Thermalito Water and Sewer District</name><styleUrl>#s2</styleUrl><description><![CDATA[<b>Thermalito Water and Sewer District</b> (CA)<br/>EAE score: <b>9.0</b> &nbsp;|&nbsp; Status: <b>Open</b><br/>County: Unspecified<br/>Opportunities: 1 (1 high-fit, 0 priority)<br/>Total value: $0<br/><br/><b>Contact:</b> nan, nan<br/>nan nan<br/><br/><b>Top opportunities:</b><ul><li><b>High fit</b> - Water Treatment Plant or Facility Initiatives - $nan</li></ul>]]></description><Point><coordinates>-121.58212,39.578352,0</coordinates></Point></Placemark>
<Placemark><name>Stanislaus Local Agency Formation Commission</name><styleUrl>#s2</styleUrl><description><![CDATA[<b>Stanislaus Local Agency Formation Commission</b> (CA)<br/>EAE score: <b>9.0</b> &nbsp;|&nbsp; Status: <b>Open</b><br/>Population: 215,196<br/>County: Stanislaus<br/>Opportunities: 1 (1 high-fit, 1 priority)<br/>Total value: $0<br/><br/><b>Contact:</b> nan, nan<br/>nan nan<br/><br/><b>Top opportunities:</b><ul><li><b>High fit</b> - System Monitoring and Control Software Initiatives - $nan</li></ul>]]></description><Point><coordinates>-121.090835,37.533682,0</coordinates></Point></Placemark>
<Placemark><name>Camp Meeker Recreation And Park District</name><styleUrl>#s2</styleUrl><description><![CDATA[<b>Camp Meeker Recreation And Park District</b> (CA)<br/>EAE score: <b>9.0</b> &nbsp;|&nbsp; Status: <b>Open</b><br/>County: Sonoma<br/>Opportunities: 1 (1 high-fit, 0 priority)<br/>Total value: $0<br/><br/><b>Contact:</b> nan, nan<br/>nan nan<br/><br/><b>Top opportunities:</b><ul><li><b>High fit</b> - System Monitoring and Control Software Initiatives - $nan</li></ul>]]></description><Point><coordinates>-122.959401,38.417883,0</coordinates></Point></Placemark>
<Placemark><name>Yuima Municipal Water District</name><styleUrl>#s2</styleUrl><description><![CDATA[<b>Yuima Municipal Water District</b> (CA)<br/>EAE score: <b>9.0</b> &nbsp;|&nbsp; Status: <b>Open</b><br/>County: San Diego<br/>Opportunities: 1 (1 high-fit, 0 priority)<br/>Total value: $0<br/><br/><b>Contact:</b> Amy Reeh, General Manager<br/>amy@yuimamwd.com 1-760-742-3704<br/><br/><b>Top opportunities:</b><ul><li><b>High fit</b> - System Monitoring and Control Software Initiatives - $nan</li></ul>]]></description><Point><coordinates>-116.846046,33.016928,0</coordinates></Point></Placemark>
<Placemark><name>County of Marion</name><styleUrl>#s2</styleUrl><description><![CDATA[<b>County of Marion</b> (OR)<br/>EAE score: <b>9.0</b> &nbsp;|&nbsp; Status: <b>Open</b><br/>Population: 347,818<br/>County: Marion<br/>Opportunities: 1 (1 high-fit, 0 priority)<br/>Total value: $0<br/><br/><b>Contact:</b> nan, nan<br/>nan nan<br/><br/><b>Top opportunities:</b><ul><li><b>High fit</b> - Wastewater Treatment Plant or Facility Initiatives - $nan</li></ul>]]></description><Point><coordinates>-122.457024,44.984465,0</coordinates></Point></Placemark>
<Placemark><name>Reclamation District 784</name><styleUrl>#s2</styleUrl><description><![CDATA[<b>Reclamation District 784</b> (CA)<br/>EAE score: <b>9.0</b> &nbsp;|&nbsp; Status: <b>Open</b><br/>County: Yuba<br/>Opportunities: 1 (1 high-fit, 1 priority)<br/>Total value: $0<br/><br/><b>Contact:</b> nan, nan<br/>nan nan<br/><br/><b>Top opportunities:</b><ul><li><b>High fit</b> - Pump Initiatives - $nan</li></ul>]]></description><Point><coordinates>-121.391149,39.214767,0</coordinates></Point></Placemark>
<Placemark><name>City of Tulare</name><styleUrl>#s2</styleUrl><description><![CDATA[<b>City of Tulare</b> (CA)<br/>EAE score: <b>9.0</b> &nbsp;|&nbsp; Status: <b>Open</b><br/>Population: 65,496<br/>County: Tulare<br/>Opportunities: 1 (1 high-fit, 0 priority)<br/>Total value: $0<br/><br/><b>Contact:</b> Tim Doyle, Water and Wastewater Utility Manager<br/>tdoyle@tulare.ca.gov 1-559-684-4324<br/><br/><b>Top opportunities:</b><ul><li><b>High fit</b> - Wastewater Treatment Plant or Facility Initiatives - $nan</li></ul>]]></description><Point><coordinates>-119.299856,36.133527,0</coordinates></Point></Placemark>
<Placemark><name>Solano County Water Agency</name><styleUrl>#s2</styleUrl><description><![CDATA[<b>Solano County Water Agency</b> (CA)<br/>EAE score: <b>9.0</b> &nbsp;|&nbsp; Status: <b>Open</b><br/>Population: 100,670<br/>County: Solano<br/>Opportunities: 1 (1 high-fit, 0 priority)<br/>Total value: $0<br/><br/><b>Contact:</b> Chris Lee, Interim General Manager<br/>clee@scwa2.com 1-707-455-1105<br/><br/><b>Top opportunities:</b><ul><li><b>High fit</b> - Wastewater Treatment Plant or Facility Initiatives - $nan</li></ul>]]></description><Point><coordinates>-122.012778,38.407405,0</coordinates></Point></Placemark>
<Placemark><name>County of Grays Harbor</name><styleUrl>#s2</styleUrl><description><![CDATA[<b>County of Grays Harbor</b> (WA)<br/>EAE score: <b>9.0</b> &nbsp;|&nbsp; Status: <b>Open</b><br/>Population: 75,061<br/>County: Grays Harbor<br/>Opportunities: 1 (1 high-fit, 0 priority)<br/>Total value: $0<br/><br/><b>Contact:</b> John Becker, County Engineer<br/>jbecker@graysharbor.us 1-360-249-4222<br/><br/><b>Top opportunities:</b><ul><li><b>High fit</b> - Pump Station Initiatives; Well Initiatives - $nan</li></ul>]]></description><Point><coordinates>-123.719565,47.015536,0</coordinates></Point></Placemark>
<Placemark><name>Valley Center Municipal Water District</name><styleUrl>#s2</styleUrl><description><![CDATA[<b>Valley Center Municipal Water District</b> (CA)<br/>EAE score: <b>9.0</b> &nbsp;|&nbsp; Status: <b>Open</b><br/>County: San Diego<br/>Opportunities: 1 (1 high-fit, 0 priority)<br/>Total value: $0<br/><br/><b>Contact:</b> Wally Grabbe, District Engineer<br/>wgrabbe@vcmwd.org 1-760-735-4558<br/><br/><b>Top opportunities:</b><ul><li><b>High fit</b> - Financial; Wastewater Treatment Plant or Facility Initiatives - $nan</li></ul>]]></description><Point><coordinates>-116.846046,33.016928,0</coordinates></Point></Placemark>
<Placemark><name>Montecito Water District</name><styleUrl>#s2</styleUrl><description><![CDATA[<b>Montecito Water District</b> (CA)<br/>EAE score: <b>9.0</b> &nbsp;|&nbsp; Status: <b>Open</b><br/>Population: 91,364<br/>County: Santa Barbara<br/>Opportunities: 1 (1 high-fit, 1 priority)<br/>Total value: $0<br/><br/><b>Contact:</b> Nicholas Turner, General Manager<br/>nturner@montecitowater.com 1-805-969-2271<br/><br/><b>Top opportunities:</b><ul><li><b>High fit</b> - System Monitoring and Control Software Initiatives - $nan</li></ul>]]></description><Point><coordinates>-119.615862,34.437795,0</coordinates></Point></Placemark>
<Placemark><name>City of Woodland</name><styleUrl>#s2</styleUrl><description><![CDATA[<b>City of Woodland</b> (CA)<br/>EAE score: <b>9.0</b> &nbsp;|&nbsp; Status: <b>Open</b><br/>Population: 60,548<br/>County: Yolo<br/>Opportunities: 1 (1 high-fit, 0 priority)<br/>Total value: $0<br/><br/><b>Contact:</b> nan, nan<br/>nan nan<br/><br/><b>Top opportunities:</b><ul><li><b>High fit</b> - Lift Station Initiatives - $nan</li></ul>]]></description><Point><coordinates>-121.915653,38.74388,0</coordinates></Point></Placemark>
<Placemark><name>Fox Canyon Groundwater Management Agency</name><styleUrl>#s2</styleUrl><description><![CDATA[<b>Fox Canyon Groundwater Management Agency</b> (CA)<br/>EAE score: <b>9.0</b> &nbsp;|&nbsp; Status: <b>Open</b><br/>Population: 846,006<br/>County: Ventura<br/>Opportunities: 1 (1 high-fit, 0 priority)<br/>Total value: $0<br/><br/><b>Contact:</b> Tony Trembley, Board Member<br/>tony@tonytrembley.com nan<br/><br/><b>Top opportunities:</b><ul><li><b>High fit</b> - Aquifer Initiatives; Water Treatment Plant or Facility Initiatives - $nan</li></ul>]]></description><Point><coordinates>-119.146228,34.356248,0</coordinates></Point></Placemark>
<Placemark><name>Panther Creek Water District</name><styleUrl>#s2</styleUrl><description><![CDATA[<b>Panther Creek Water District</b> (OR)<br/>EAE score: <b>8.0</b> &nbsp;|&nbsp; Status: <b>Open</b><br/>County: Unspecified<br/>Opportunities: 1 (0 high-fit, 1 priority)<br/>Total value: $11,000,000<br/><br/><b>Contact:</b> Jeremy Moritz, Executive Director<br/>nan 1-541-484-5331<br/><br/><b>Top opportunities:</b><ul><li><b>Medium fit</b> - Distribution System-Wide Initiatives; Financial - $11,000,000</li></ul>]]></description><Point><coordinates>-123.905622,45.002157,0</coordinates></Point></Placemark>
<Placemark><name>Seal Rock Water District</name><styleUrl>#s2</styleUrl><description><![CDATA[<b>Seal Rock Water District</b> (OR)<br/>EAE score: <b>8.0</b> &nbsp;|&nbsp; Status: <b>Open</b><br/>County: Lincoln<br/>Opportunities: 1 (0 high-fit, 1 priority)<br/>Total value: $0<br/><br/><b>Contact:</b> Adam Denlinger, General Manager<br/>adenlinger@srwd.org 1-541-563-4447<br/><br/><b>Top opportunities:</b><ul><li><b>Medium fit</b> - Distribution System-Wide Initiatives - $nan</li></ul>]]></description><Point><coordinates>-123.956719,44.487404,0</coordinates></Point></Placemark>
<Placemark><name>Thurston Public Utility District</name><styleUrl>#s2</styleUrl><description><![CDATA[<b>Thurston Public Utility District</b> (WA)<br/>EAE score: <b>8.0</b> &nbsp;|&nbsp; Status: <b>Open</b><br/>Population: 290,536<br/>County: Thurston<br/>Opportunities: 1 (0 high-fit, 1 priority)<br/>Total value: $6,300,000<br/><br/><b>Contact:</b> John Weidenfeller, General Manager<br/>jweidenfeller@thurstonpud.org 1-360-357-8783;ext=0110<br/><br/><b>Top opportunities:</b><ul><li><b>Medium fit</b> - Pipe Initiatives; Distribution System-Wide Initiatives - $6,300,000</li></ul>]]></description><Point><coordinates>-122.796695,47.026418,0</coordinates></Point></Placemark>
<Placemark><name>Tahoe City Public Utility District</name><styleUrl>#s2</styleUrl><description><![CDATA[<b>Tahoe City Public Utility District</b> (CA)<br/>EAE score: <b>8.0</b> &nbsp;|&nbsp; Status: <b>Open</b><br/>Population: 412,300<br/>County: Placer<br/>Opportunities: 1 (0 high-fit, 1 priority)<br/>Total value: $1,478,019<br/><br/><b>Contact:</b> Tony Laliotis, Director Of Utilities<br/>tlaliotis@tcpud.org 1-530-580-6053<br/><br/><b>Top opportunities:</b><ul><li><b>Medium fit</b> - Collection System-Wide Initiatives; Financial - $1,478,019</li></ul>]]></description><Point><coordinates>-121.067718,38.973505,0</coordinates></Point></Placemark>
<Placemark><name>Minden-Gardnerville Sanitation District</name><styleUrl>#s2</styleUrl><description><![CDATA[<b>Minden-Gardnerville Sanitation District</b> (NV)<br/>EAE score: <b>8.0</b> &nbsp;|&nbsp; Status: <b>Open</b><br/>County: Unspecified<br/>Opportunities: 1 (0 high-fit, 1 priority)<br/>Total value: $2,500,000<br/><br/><b>Contact:</b> Peter Baratti, District Manager<br/>pbaratti@MGSDistrict.org 1-775-782-3546<br/><br/><b>Top opportunities:</b><ul><li><b>Medium fit</b> - Collection System-Wide Initiatives - $2,500,000</li></ul>]]></description><Point><coordinates>-119.729731,39.008718,0</coordinates></Point></Placemark>
<Placemark><name>San Gabriel Basin Water Quality Authority</name><styleUrl>#s2</styleUrl><description><![CDATA[<b>San Gabriel Basin Water Quality Authority</b> (CA)<br/>EAE score: <b>7.5</b> &nbsp;|&nbsp; Status: <b>Open</b><br/>Population: 105,101<br/>County: Los Angeles<br/>Opportunities: 1 (1 high-fit, 0 priority)<br/>Total value: $769,231<br/><br/><b>Contact:</b> Dan Colby, Assistant Executive Director &amp; Senior Project Manager<br/>dan@wqa.com 1-626-338-5555<br/><br/><b>Top opportunities:</b><ul><li><b>High fit</b> - Water Treatment Plant or Facility Initiatives - $769,231</li></ul>]]></description><Point><coordinates>-118.298662,33.786594,0</coordinates></Point></Placemark>
<Placemark><name>Ventura County Waterworks District No. 16</name><styleUrl>#s2</styleUrl><description><![CDATA[<b>Ventura County Waterworks District No. 16</b> (CA)<br/>EAE score: <b>6.4</b> &nbsp;|&nbsp; Status: <b>Open</b><br/>Population: 846,006<br/>County: Ventura<br/>Opportunities: 1 (1 high-fit, 0 priority)<br/>Total value: $200,000<br/><br/><b>Contact:</b> Kai Luom, Executive Officer<br/>Kai.Luoma@venturacounty.gov 1-805-654-2576<br/><br/><b>Top opportunities:</b><ul><li><b>High fit</b> - Wastewater Treatment Plant or Facility Initiatives; Wastewater-Wide Initiatives - $200,000</li></ul>]]></description><Point><coordinates>-119.146228,34.356248,0</coordinates></Point></Placemark>
<Placemark><name>Tolowa Dee-ni&#x27; Nation</name><styleUrl>#s2</styleUrl><description><![CDATA[<b>Tolowa Dee-ni&#x27; Nation</b> (CA)<br/>EAE score: <b>6.0</b> &nbsp;|&nbsp; Status: <b>Open</b><br/>County: Unspecified<br/>Opportunities: 1 (1 high-fit, 0 priority)<br/>Total value: $0<br/><br/><b>Contact:</b> Frank Ault, Utility Operator<br/>frank.ault@tolowa.com 1-707-954-6955<br/><br/><b>Top opportunities:</b><ul><li><b>High fit</b> - Wastewater Treatment Plant or Facility Initiatives - $nan</li></ul>]]></description><Point><coordinates>-124.159812,41.925977,0</coordinates></Point></Placemark>
<Placemark><name>Fieldbrook Community Services District</name><styleUrl>#s2</styleUrl><description><![CDATA[<b>Fieldbrook Community Services District</b> (CA)<br/>EAE score: <b>6.0</b> &nbsp;|&nbsp; Status: <b>Open</b><br/>County: Unspecified<br/>Opportunities: 1 (1 high-fit, 0 priority)<br/>Total value: $0<br/><br/><b>Contact:</b> nan, nan<br/>nan nan<br/><br/><b>Top opportunities:</b><ul><li><b>High fit</b> - Pump Station Initiatives - $nan</li></ul>]]></description><Point><coordinates>-123.976234,40.708094,0</coordinates></Point></Placemark>
<Placemark><name>Westhaven Community Services District</name><styleUrl>#s2</styleUrl><description><![CDATA[<b>Westhaven Community Services District</b> (CA)<br/>EAE score: <b>6.0</b> &nbsp;|&nbsp; Status: <b>Open</b><br/>County: Unspecified<br/>Opportunities: 1 (1 high-fit, 0 priority)<br/>Total value: $0<br/><br/><b>Contact:</b> Antonio Llanos, District President<br/>wcsd@suddenlinkmail.com nan<br/><br/><b>Top opportunities:</b><ul><li><b>High fit</b> - Water Treatment Plant or Facility Initiatives - $nan</li></ul>]]></description><Point><coordinates>-124.125506,40.982322,0</coordinates></Point></Placemark>
<Placemark><name>Stagecoach General Improvement District</name><styleUrl>#s2</styleUrl><description><![CDATA[<b>Stagecoach General Improvement District</b> (NV)<br/>EAE score: <b>6.0</b> &nbsp;|&nbsp; Status: <b>Open</b><br/>County: Lyon<br/>Opportunities: 1 (1 high-fit, 0 priority)<br/>Total value: $0<br/><br/><b>Contact:</b> nan, nan<br/>nan nan<br/><br/><b>Top opportunities:</b><ul><li><b>High fit</b> - Wastewater Treatment Plant or Facility Initiatives - $nan</li></ul>]]></description><Point><coordinates>-119.391468,39.439405,0</coordinates></Point></Placemark>
<Placemark><name>Vaughn Water Company</name><styleUrl>#s2</styleUrl><description><![CDATA[<b>Vaughn Water Company</b> (CA)<br/>EAE score: <b>6.0</b> &nbsp;|&nbsp; Status: <b>Open</b><br/>Population: 55,000<br/>County: Kern<br/>Opportunities: 1 (1 high-fit, 0 priority)<br/>Total value: $0<br/><br/><b>Contact:</b> Van Grayer, General Manager<br/>van@vaughnwater.org 1-661-589-2931<br/><br/><b>Top opportunities:</b><ul><li><b>High fit</b> - Well Initiatives; Disinfection Initiatives - $nan</li></ul>]]></description><Point><coordinates>-118.917413,35.240577,0</coordinates></Point></Placemark>
<Placemark><name>Vandenberg Village Community Services District</name><styleUrl>#s2</styleUrl><description><![CDATA[<b>Vandenberg Village Community Services District</b> (CA)<br/>EAE score: <b>6.0</b> &nbsp;|&nbsp; Status: <b>Open</b><br/>Population: 446,499<br/>County: Santa Barbara<br/>Opportunities: 1 (1 high-fit, 0 priority)<br/>Total value: $0<br/><br/><b>Contact:</b> Joe Barget, General Manager<br/>jbarget@vvcsd.org 1-805-733-2475<br/><br/><b>Top opportunities:</b><ul><li><b>High fit</b> - Nutrient Initiatives; Water Treatment Plant or Facility Initiatives - $nan</li></ul>]]></description><Point><coordinates>-120.336594,34.629464,0</coordinates></Point></Placemark>
<Placemark><name>Central Oregon Intergovernmental Council</name><styleUrl>#s2</styleUrl><description><![CDATA[<b>Central Oregon Intergovernmental Council</b> (OR)<br/>EAE score: <b>6.0</b> &nbsp;|&nbsp; Status: <b>Open</b><br/>Population: 100,421<br/>County: Deschutes<br/>Opportunities: 1 (1 high-fit, 0 priority)<br/>Total value: $0<br/><br/><b>Contact:</b> Michelle Williams, Fiscal Services Manager and Deputy Director<br/>michellew@coic.org 1-541-504-3303<br/><br/><b>Top opportunities:</b><ul><li><b>High fit</b> - Pump Initiatives; Pump Station Initiatives - $nan</li></ul>]]></description><Point><coordinates>-120.51736112121213,43.80528472727271,0</coordinates></Point></Placemark>
<Placemark><name>Lake Oroville Area Public Utilities District</name><styleUrl>#s2</styleUrl><description><![CDATA[<b>Lake Oroville Area Public Utilities District</b> (CA)<br/>EAE score: <b>6.0</b> &nbsp;|&nbsp; Status: <b>Open</b><br/>Population: 219,186<br/>County: Butte<br/>Opportunities: 1 (1 high-fit, 0 priority)<br/>Total value: $0<br/><br/><b>Contact:</b> Robert Marciniak, President<br/>info@loapud.com 1-530-533-2000<br/><br/><b>Top opportunities:</b><ul><li><b>High fit</b> - Lift Station Initiatives; Wastewater Tank Initiatives - $nan</li></ul>]]></description><Point><coordinates>-121.417372,39.463113,0</coordinates></Point></Placemark>
<Placemark><name>Helendale Community Services District</name><styleUrl>#s2</styleUrl><description><![CDATA[<b>Helendale Community Services District</b> (CA)<br/>EAE score: <b>6.0</b> &nbsp;|&nbsp; Status: <b>Open</b><br/>County: San Bernardino<br/>Opportunities: 1 (1 high-fit, 0 priority)<br/>Total value: $0<br/><br/><b>Contact:</b> Kimberley Cox, General Manager<br/>kcox@helendalecsd.org nan<br/><br/><b>Top opportunities:</b><ul><li><b>High fit</b> - Lift Station Initiatives - $nan</li></ul>]]></description><Point><coordinates>-116.378323,34.496921,0</coordinates></Point></Placemark>
<Placemark><name>Foresthill Public Utility District</name><styleUrl>#s2</styleUrl><description><![CDATA[<b>Foresthill Public Utility District</b> (CA)<br/>EAE score: <b>6.0</b> &nbsp;|&nbsp; Status: <b>Open</b><br/>Population: 412,300<br/>County: Placer<br/>Opportunities: 1 (1 high-fit, 0 priority)<br/>Total value: $0<br/><br/><b>Contact:</b> Hank White, General Manager<br/>gm@foresthillpud.com 1-530-367-2511<br/><br/><b>Top opportunities:</b><ul><li><b>High fit</b> - System Monitoring and Control Software Initiatives - $nan</li></ul>]]></description><Point><coordinates>-120.862663,39.024453,0</coordinates></Point></Placemark>
<Placemark><name>County of Whatcom</name><styleUrl>#s2</styleUrl><description><![CDATA[<b>County of Whatcom</b> (WA)<br/>EAE score: <b>6.0</b> &nbsp;|&nbsp; Status: <b>Open</b><br/>Population: 229,247<br/>County: Whatcom<br/>Opportunities: 1 (1 high-fit, 0 priority)<br/>Total value: $0<br/><br/><b>Contact:</b> Elizabeth Kosa, Public Works Director<br/>PublicWorks@co.whatcom.wa.us 1-360-778-9068<br/><br/><b>Top opportunities:</b><ul><li><b>High fit</b> - Wastewater Treatment Plant or Facility Initiatives - $nan</li></ul>]]></description><Point><coordinates>-122.454297,48.747687,0</coordinates></Point></Placemark>
<Placemark><name>City of Pomona</name><styleUrl>#s2</styleUrl><description><![CDATA[<b>City of Pomona</b> (CA)<br/>EAE score: <b>6.0</b> &nbsp;|&nbsp; Status: <b>Open</b><br/>Population: 152,361<br/>County: Los Angeles<br/>Opportunities: 1 (1 high-fit, 0 priority)<br/>Total value: $0<br/><br/><b>Contact:</b> Anita D. Scott, City Manager<br/>nan 1-909-620-2051<br/><br/><b>Top opportunities:</b><ul><li><b>High fit</b> - Water Treatment Plant or Facility Initiatives - $nan</li></ul>]]></description><Point><coordinates>-118.298662,33.786594,0</coordinates></Point></Placemark>
<Placemark><name>Alpine Springs Water District</name><styleUrl>#s2</styleUrl><description><![CDATA[<b>Alpine Springs Water District</b> (CA)<br/>EAE score: <b>6.0</b> &nbsp;|&nbsp; Status: <b>Open</b><br/>County: Unspecified<br/>Opportunities: 1 (1 high-fit, 0 priority)<br/>Total value: $0<br/><br/><b>Contact:</b> nan, nan<br/>nan nan<br/><br/><b>Top opportunities:</b><ul><li><b>High fit</b> - Pipe Initiatives; Pump Station Initiatives - $nan</li></ul>]]></description><Point><coordinates>-120.19544,39.175186,0</coordinates></Point></Placemark>
<Placemark><name>Del Paso Manor Co Water Dist</name><styleUrl>#s2</styleUrl><description><![CDATA[<b>Del Paso Manor Co Water Dist</b> (CA)<br/>EAE score: <b>6.0</b> &nbsp;|&nbsp; Status: <b>Open</b><br/>Population: 508,529<br/>County: Sacramento<br/>Opportunities: 1 (1 high-fit, 0 priority)<br/>Total value: $0<br/><br/><b>Contact:</b> nan, nan<br/>nan nan<br/><br/><b>Top opportunities:</b><ul><li><b>High fit</b> - System Monitoring and Control Software Initiatives - $nan</li></ul>]]></description><Point><coordinates>-121.379467,38.586554,0</coordinates></Point></Placemark>
<Placemark><name>Hawaiian Electric Company</name><styleUrl>#s2</styleUrl><description><![CDATA[<b>Hawaiian Electric Company</b> (HI)<br/>EAE score: <b>6.0</b> &nbsp;|&nbsp; Status: <b>Open</b><br/>County: Honolulu<br/>Opportunities: 1 (1 high-fit, 0 priority)<br/>Total value: $0<br/><br/><b>Contact:</b> Shelee M. T. Kimura, President and Chief Executive Officer<br/>CI@hawaiianelectric.com 1-808-548-7311<br/><br/><b>Top opportunities:</b><ul><li><b>High fit</b> - System Monitoring and Control Software Initiatives - $nan</li></ul>]]></description><Point><coordinates>-168.021815,24.859832,0</coordinates></Point></Placemark>
<Placemark><name>Rockwood Water People&#x27;s Utility District</name><styleUrl>#s2</styleUrl><description><![CDATA[<b>Rockwood Water People&#x27;s Utility District</b> (OR)<br/>EAE score: <b>6.0</b> &nbsp;|&nbsp; Status: <b>Open</b><br/>Population: 647,805<br/>County: Multnomah<br/>Opportunities: 1 (1 high-fit, 0 priority)<br/>Total value: $0<br/><br/><b>Contact:</b> Jeremy Hudson, District Engineer<br/>jhudson@rwpud.org 1-503-665-4179<br/><br/><b>Top opportunities:</b><ul><li><b>High fit</b> - Wastewater Treatment Plant or Facility Initiatives - $nan</li></ul>]]></description><Point><coordinates>-122.500053,45.547173,0</coordinates></Point></Placemark>
<Placemark><name>Lummi Nation</name><styleUrl>#s2</styleUrl><description><![CDATA[<b>Lummi Nation</b> (WA)<br/>EAE score: <b>6.0</b> &nbsp;|&nbsp; Status: <b>Open</b><br/>Population: 92,314<br/>County: Whatcom<br/>Opportunities: 1 (0 high-fit, 1 priority)<br/>Total value: $3,410,000<br/><br/><b>Contact:</b> Justina Taylor, Executive Assistant, Water and Sewer District<br/>justinat@lummi-nsn.gov nan<br/><br/><b>Top opportunities:</b><ul><li><b>Low fit</b> - Heavy Metals or Toxic Chemical Initiatives; Water Storage or Supply-Wide Initiatives - $3,410,000</li></ul>]]></description><Point><coordinates>-122.454297,48.747687,0</coordinates></Point></Placemark>
<Placemark><name>City of Tucson</name><styleUrl>#s2</styleUrl><description><![CDATA[<b>City of Tucson</b> (AZ)<br/>EAE score: <b>6.0</b> &nbsp;|&nbsp; Status: <b>Open</b><br/>Population: 541,482<br/>County: Pima<br/>Opportunities: 2 (0 high-fit, 2 priority)<br/>Total value: $86,000,000<br/><br/><b>Contact:</b> Silvia Amparano, Deputy Director of Tucson Water<br/>silvia.amparano@tucsonaz.gov 1-520-837-4444<br/><br/><b>Top opportunities:</b><ul><li><b>Low fit</b> - Financial; Water Reuse Initiatives - $86,000,000</li><li><b>Low fit</b> - Smart City Initiatives - $nan</li></ul>]]></description><Point><coordinates>-110.970869,32.217975,0</coordinates></Point></Placemark>
<Placemark><name>North Marin County Water District</name><styleUrl>#s2</styleUrl><description><![CDATA[<b>North Marin County Water District</b> (CA)<br/>EAE score: <b>6.0</b> &nbsp;|&nbsp; Status: <b>Open</b><br/>County: Unspecified<br/>Opportunities: 1 (1 high-fit, 0 priority)<br/>Total value: $0<br/><br/><b>Contact:</b> nan, nan<br/>nan nan<br/><br/><b>Top opportunities:</b><ul><li><b>High fit</b> - Wastewater Treatment Plant or Facility Initiatives - $nan</li></ul>]]></description><Point><coordinates>-122.540951,38.027654,0</coordinates></Point></Placemark>
<Placemark><name>Apple Valley Heights County Water Dist</name><styleUrl>#s2</styleUrl><description><![CDATA[<b>Apple Valley Heights County Water Dist</b> (CA)<br/>EAE score: <b>6.0</b> &nbsp;|&nbsp; Status: <b>Open</b><br/>Population: 73,453<br/>County: San Bernardino<br/>Opportunities: 1 (1 high-fit, 0 priority)<br/>Total value: $0<br/><br/><b>Contact:</b> Daniel Smith, General Manager<br/>dsmith.avhcwd@gmail.com 1-760-247-7330<br/><br/><b>Top opportunities:</b><ul><li><b>High fit</b> - System Monitoring and Control Software Initiatives - $nan</li></ul>]]></description><Point><coordinates>-116.726751,34.450143,0</coordinates></Point></Placemark>
<Placemark><name>Hillsboro-Forest Grove-Beaverton Joint Water Commission</name><styleUrl>#s2</styleUrl><description><![CDATA[<b>Hillsboro-Forest Grove-Beaverton Joint Water Commission</b> (OR)<br/>EAE score: <b>6.0</b> &nbsp;|&nbsp; Status: <b>Open</b><br/>Population: 109,128<br/>County: Washington<br/>Opportunities: 1 (1 high-fit, 0 priority)<br/>Total value: $0<br/><br/><b>Contact:</b> nan, nan<br/>nan nan<br/><br/><b>Top opportunities:</b><ul><li><b>High fit</b> - System Monitoring and Control Software Initiatives - $nan</li></ul>]]></description><Point><coordinates>-122.977963,45.458397,0</coordinates></Point></Placemark>
<Placemark><name>City of Fullerton</name><styleUrl>#s2</styleUrl><description><![CDATA[<b>City of Fullerton</b> (CA)<br/>EAE score: <b>6.0</b> &nbsp;|&nbsp; Status: <b>Open</b><br/>Population: 138,632<br/>County: Orange<br/>Opportunities: 1 (0 high-fit, 1 priority)<br/>Total value: $1,400,000<br/><br/><b>Contact:</b> Stephen Bise, Public Works Director<br/>Stephen.Bise@cityoffullerton.com 1-714-738-6300<br/><br/><b>Top opportunities:</b><ul><li><b>Low fit</b> - Valve Initiatives; Water Metering Initiatives - $1,400,000</li></ul>]]></description><Point><coordinates>-117.769442,33.640302,0</coordinates></Point></Placemark>
<Placemark><name>Walker Lake (Water) General Improvement District</name><styleUrl>#s2</styleUrl><description><![CDATA[<b>Walker Lake (Water) General Improvement District</b> (NV)<br/>EAE score: <b>5.0</b> &nbsp;|&nbsp; Status: <b>Open</b><br/>County: Mineral<br/>Opportunities: 1 (0 high-fit, 1 priority)<br/>Total value: $16,269,000<br/><br/><b>Contact:</b> Peter Stanton, Chief Executive Officer<br/>info@walkerlake.gid.com 1-775-945-2088<br/><br/><b>Top opportunities:</b><ul><li><b>Medium fit</b> - Water Treatment-Wide Initiatives; Distribution System-Wide Initiatives - $16,269,000</li></ul>]]></description><Point><coordinates>-118.690644,38.576848,0</coordinates></Point></Placemark>
<Placemark><name>Fair Oaks Water District</name><styleUrl>#s2</styleUrl><description><![CDATA[<b>Fair Oaks Water District</b> (CA)<br/>EAE score: <b>5.0</b> &nbsp;|&nbsp; Status: <b>Open</b><br/>Population: 1,552,058<br/>County: Sacramento<br/>Opportunities: 1 (0 high-fit, 1 priority)<br/>Total value: $753,800<br/><br/><b>Contact:</b> Chris Petersen, President<br/>boardofdirectors@fowd.com 1-916-967-5723<br/><br/><b>Top opportunities:</b><ul><li><b>Medium fit</b> - Distribution System-Wide Initiatives; Pipe Initiatives - $753,800</li></ul>]]></description><Point><coordinates>-121.260709,38.655263,0</coordinates></Point></Placemark>
<Placemark><name>Arch Cape Domestic Water Supply District</name><styleUrl>#s2</styleUrl><description><![CDATA[<b>Arch Cape Domestic Water Supply District</b> (OR)<br/>EAE score: <b>5.0</b> &nbsp;|&nbsp; Status: <b>Open</b><br/>County: Clatsop<br/>Opportunities: 1 (0 high-fit, 1 priority)<br/>Total value: $40,500<br/><br/><b>Contact:</b> Sam Garrison, Board Member<br/>sgarrisonacutil@gmail.com 1-503-436-2790<br/><br/><b>Top opportunities:</b><ul><li><b>Medium fit</b> - Distribution System-Wide Initiatives - $40,500</li></ul>]]></description><Point><coordinates>-123.962989,45.810934,0</coordinates></Point></Placemark>
<Placemark><name>Tri-City Regional Sanitary District</name><styleUrl>#s2</styleUrl><description><![CDATA[<b>Tri-City Regional Sanitary District</b> (AZ)<br/>EAE score: <b>5.0</b> &nbsp;|&nbsp; Status: <b>Open</b><br/>County: Gila<br/>Opportunities: 1 (0 high-fit, 1 priority)<br/>Total value: $0<br/><br/><b>Contact:</b> Mary Anne Moreno, Secretary<br/>mamoreno41@gmail.com nan<br/><br/><b>Top opportunities:</b><ul><li><b>Medium fit</b> - Collection System-Wide Initiatives - $nan</li></ul>]]></description><Point><coordinates>-110.814893,33.415409,0</coordinates></Point></Placemark>
<Placemark><name>Ross Valley Sanitary District</name><styleUrl>#s2</styleUrl><description><![CDATA[<b>Ross Valley Sanitary District</b> (CA)<br/>EAE score: <b>5.0</b> &nbsp;|&nbsp; Status: <b>Open</b><br/>County: Unspecified<br/>Opportunities: 2 (0 high-fit, 1 priority)<br/>Total value: $0<br/><br/><b>Contact:</b> Josh Hill, Operations and Maintenance Supervisor<br/>jhill@rvsd.org 1-415-870-9767<br/><br/><b>Top opportunities:</b><ul><li><b>Low fit</b> - Financial; Procurement - $nan</li><li><b>Medium fit</b> - Collection System-Wide Initiatives - $nan</li></ul>]]></description><Point><coordinates>-122.504286,37.970948,0</coordinates></Point></Placemark>
<Placemark><name>Hoh Indian Tribe</name><styleUrl>#s2</styleUrl><description><![CDATA[<b>Hoh Indian Tribe</b> (WA)<br/>EAE score: <b>5.0</b> &nbsp;|&nbsp; Status: <b>Open</b><br/>County: Unspecified<br/>Opportunities: 1 (0 high-fit, 1 priority)<br/>Total value: $0<br/><br/><b>Contact:</b> Maria Lopez, Board Vice Chairwoman<br/>maria.lopez@hohtribe-nsn.org 1-360-780-0747<br/><br/><b>Top opportunities:</b><ul><li><b>Medium fit</b> - Operations-Wide Initiatives; Distribution System-Wide Initiatives - $nan</li></ul>]]></description><Point><coordinates>-124.369332,47.976301,0</coordinates></Point></Placemark>
<Placemark><name>City of Beaumont</name><styleUrl>#s2</styleUrl><description><![CDATA[<b>City of Beaumont</b> (CA)<br/>EAE score: <b>5.0</b> &nbsp;|&nbsp; Status: <b>Open</b><br/>Population: 55,000<br/>County: Riverside<br/>Opportunities: 1 (0 high-fit, 1 priority)<br/>Total value: $0<br/><br/><b>Contact:</b> Jennifer Ustation, Finance Director<br/>justation@beaumontca.gov 1-951-572-3236<br/><br/><b>Top opportunities:</b><ul><li><b>Medium fit</b> - Collection System-Wide Initiatives - $nan</li></ul>]]></description><Point><coordinates>-116.954753,33.92703,0</coordinates></Point></Placemark>
<Placemark><name>City of Richmond</name><styleUrl>#s2</styleUrl><description><![CDATA[<b>City of Richmond</b> (CA)<br/>EAE score: <b>2.0</b> &nbsp;|&nbsp; Status: <b>Open</b><br/>Population: 110,567<br/>County: Contra Costa<br/>Opportunities: 1 (0 high-fit, 0 priority)<br/>Total value: $0<br/><br/><b>Contact:</b> nan, nan<br/>nan nan<br/><br/><b>Top opportunities:</b><ul><li><b>Medium fit</b> - Operations-Wide Initiatives - $nan</li></ul>]]></description><Point><coordinates>-122.344381,37.925174,0</coordinates></Point></Placemark>
<Placemark><name>City of Fontana</name><styleUrl>#s2</styleUrl><description><![CDATA[<b>City of Fontana</b> (CA)<br/>EAE score: <b>2.0</b> &nbsp;|&nbsp; Status: <b>Open</b><br/>Population: 214,547<br/>County: San Bernardino<br/>Opportunities: 1 (0 high-fit, 0 priority)<br/>Total value: $0<br/><br/><b>Contact:</b> Gia Kim, Public Works Director / City Engineer<br/>gkim@fontana.org 1-909-350-6760<br/><br/><b>Top opportunities:</b><ul><li><b>Medium fit</b> - Operations-Wide Initiatives - $nan</li></ul>]]></description><Point><coordinates>-114.301225,34.159844,0</coordinates></Point></Placemark>
<Placemark><name>West Valley Sanitary District</name><styleUrl>#s2</styleUrl><description><![CDATA[<b>West Valley Sanitary District</b> (CA)<br/>EAE score: <b>0.0</b> &nbsp;|&nbsp; Status: <b>Open</b><br/>County: Unspecified<br/>Opportunities: 1 (0 high-fit, 0 priority)<br/>Total value: $0<br/><br/><b>Contact:</b> Jon Newby, District Manager &amp; Engineer<br/>jnewby@westvalleysan.org 1-408-378-2407;ext=103<br/><br/><b>Top opportunities:</b><ul><li><b>Low fit</b> - Staffing Initiatives - $nan</li></ul>]]></description><Point><coordinates>-121.705327,37.189396,0</coordinates></Point></Placemark>
<Placemark><name>County of San Joaquin</name><styleUrl>#s2</styleUrl><description><![CDATA[<b>County of San Joaquin</b> (CA)<br/>EAE score: <b>0.0</b> &nbsp;|&nbsp; Status: <b>Open</b><br/>Population: 762,148<br/>County: San Joaquin<br/>Opportunities: 1 (0 high-fit, 0 priority)<br/>Total value: $0<br/><br/><b>Contact:</b> Fritz Buchman, Director of Public Works<br/>fbuchman@sjgov.org 1-209-468-3000<br/><br/><b>Top opportunities:</b><ul><li><b>Low fit</b> - Staffing Initiatives - $nan</li></ul>]]></description><Point><coordinates>-121.289206,37.958573,0</coordinates></Point></Placemark>
<Placemark><name>San Bernardino County Transportation Commission</name><styleUrl>#s2</styleUrl><description><![CDATA[<b>San Bernardino County Transportation Commission</b> (CA)<br/>EAE score: <b>0.0</b> &nbsp;|&nbsp; Status: <b>Open</b><br/>County: Unspecified<br/>Opportunities: 1 (0 high-fit, 0 priority)<br/>Total value: $0<br/><br/><b>Contact:</b> Bea Lint, Planning Commission Chairperson<br/>blint@barstowca.org nan<br/><br/><b>Top opportunities:</b><ul><li><b>Low fit</b> - Project Planning; Procurement - $nan</li></ul>]]></description><Point><coordinates>-116.479963,34.095956,0</coordinates></Point></Placemark>
</Folder>
</Document></kml>