key,owner,state,county,city,address,zip,lat,lon,geo,population,size,n_opps,n_high,n_med,n_priority,n_modern,value_total,value_high,score,target,target_reason,contact_name,contact_title,contact_email,contact_phone
Inland Empire Utilities Agency|CA,Inland Empire Utilities Agency,CA,San Bernardino,Chino,"6075 Kimball Ave

6075 Kimball Avenue",91708,34.839964,-115.967051,zip,10000.0,Small (10-50k),119,105,12,89,92,1395655000.0,1368950000.0,100.0,Open,Not on any supplied list - verify before outreach,Randy Lee,Manager of Operations,rlee@ieua.org,1-909-472-1722
City of Pullman|WA,City of Pullman,WA,Whitman,Pullman,"190 SE Crestview St, Pullman, WA",99163,46.82748,-117.317741,zip,34506.0,Small (10-50k),16,11,4,13,14,14046266.0,11875540.0,98.0,Open,Not on any supplied list - verify before outreach,Mike Urban,City Administrator,mike.urban@pullman-wa.gov,1-509-338-3206
City of Wilsonville|OR,City of Wilsonville,OR,Clackamas,Wilsonville,"29799 SW Town Center Loop E, Wilsonville, OR",97070,45.308493,-122.785518,zip,24918.0,Small (10-50k),13,8,4,10,6,15505524.0,14502524.0,98.0,Open,Not on any supplied list - verify before outreach,Jeanna Troha,City Manager,troha@wilsonvilleoregon.gov,1-503-570-1520
Oak Lodge Water Services|OR,Oak Lodge Water Services,OR,Clackamas,Portland,14611 SE River Rd,97267,45.402142,-122.614353,zip,30000.0,Small (10-50k),19,11,4,16,15,54782000.0,25981000.0,98.0,Open,Not on any supplied list - verify before outreach,Aaron Janicke,Director of Public Works,aaron.janicke@olws.org,1-503-353-4212
Calaveras County Water District|CA,Calaveras County Water District,CA,Calaveras,San Andreas,120 Toma Ct.,95249,38.190106,-120.616052,zip,13080.0,Small (10-50k),41,37,4,26,35,73143836.0,70093836.0,98.0,Open,Not on any supplied list - verify before outreach,Micah Martin,Director of Public Works,micah@ccwd.org,91-20-9754-3001
City of Mount Vernon|WA,City of Mount Vernon,WA,Skagit,Mount Vernon,City of Mount Vernon,98273,48.435248,-122.208184,zip,36006.0,Small (10-50k),10,6,4,9,8,13997000.0,10817000.0,98.0,Open,Not on any supplied list - verify before outreach,Frank Reinart,City Engineer,mvengineering@mountvernonwa.gov,1-360-336-9057
City of Prescott|AZ,City of Prescott,AZ,Yavapai,Prescott,201 South Cortez Street,86303,34.49579,-112.378309,zip,48946.0,Small (10-50k),19,15,3,13,13,109747000.0,56115000.0,96.0,Open,Not on any supplied list - verify before outreach,Gwen Rowitsch,Public Works Director,gwen.rowitsch@prescott-az.gov,1-928-777-1130
Tuolumne Utilities District|CA,Tuolumne Utilities District,CA,Tuolumne,Sonora,18885 NUGGET BLVD,95370,37.96091,-120.343863,zip,2500.0,Rural (<10k),19,17,2,18,17,16817984.0,16322721.0,94.0,Open,Not on any supplied list - verify before outreach,Erik Johnson,District Engineer,ejohnson@tudwater.com,1-209-532-5536;ext=520
City of Canby|OR,City of Canby,OR,Clackamas,Clackamas,222 NE 2nd Ave,97015,45.415038,-122.499461,zip,17932.0,Small (10-50k),8,6,2,8,7,85000000.0,82500000.0,94.0,Open,Not on any supplied list - verify before outreach,Daniel Murphy,Utility General Manager,dmurphy@canbyutility.org,1-503-266-6400
City of Laguna Beach|CA,City of Laguna Beach,CA,Orange,Orange,505 Forest Ave,92869,33.640302,-117.769442,zip,22827.0,Small (10-50k),16,15,1,16,14,64721011.0,64421011.0,92.0,Open,Not on any supplied list - verify before outreach,Dave Kiff,City Manager,dkiff@lagunabeachcity.net,1-949-497-0704
City of Astoria|OR,City of Astoria,OR,Clatsop,Astoria,1095 Duane St,97103,46.142206,-123.795996,zip,10015.0,Small (10-50k),6,5,1,6,5,22979909.0,20979909.0,92.0,Open,Not on any supplied list - verify before outreach,Jeff Harrington,Public Works Director,jharrington@astoria.gov,1-503-338-5177
City of Port Angeles|WA,City of Port Angeles,WA,Clallam,Port Angeles,321 E 5th Street,98362,48.051108,-123.360411,zip,20229.0,Small (10-50k),23,20,1,21,18,14125300.0,10449700.0,92.0,Open,Not on any supplied list - verify before outreach,Scott Curtin,Director of Public Works and Utilities,scurtin@cityofpa.us,1-360-417-4800
City of Anacortes|WA,City of Anacortes,WA,Skagit,Anacortes,904 6th St,98221,48.499172,-122.607111,zip,17527.0,Small (10-50k),20,17,1,19,16,34440000.0,20335000.0,92.0,Open,Not on any supplied list - verify before outreach,Andrew Rheaume,Public Works Director,andrewr@anacorteswa.gov,1-360-299-1954
City of Arcata|CA,City of Arcata,CA,Humboldt,Arcata,736 F Street,95521,40.564495,-123.935891,zip,18431.0,Small (10-50k),6,5,1,5,5,13370000.0,13020000.0,92.0,Open,Not on any supplied list - verify before outreach,Rhea Varley,City Clerk,rvarley@cityofarcata.org,1-707-825-2103
Carmel Area Wastewater District|CA,Carmel Area Wastewater District,CA,Monterey,Carmel,"168 W ALISAL ST

3945 Rio Rd",93922,36.543261,-121.926315,zip,11000.0,Small (10-50k),14,12,1,12,11,15286800.0,12671756.0,92.0,Open,Not on any supplied list - verify before outreach,Barbara Buikema,General Manager,buikema@cawd.org,1-831-624-1248
Amador Water Agency|CA,Amador Water Agency,CA,Amador,Sutter Creek,"12800 Ridge Road, Sutter Creek, CA",95685,38.436584,-120.742839,zip,39752.0,Small (10-50k),33,32,1,18,25,41833717.0,40624057.0,92.0,Open,Not on any supplied list - verify before outreach,John D. Walsh,Director of Utilities,info@amadorwater.org,1-209-223-3018
City of Seal Beach|CA,City of Seal Beach,CA,Orange,Seal Beach,211 8th St,90740,33.640302,-117.769442,zip,24119.0,Small (10-50k),6,5,1,6,6,15863000.0,15863000.0,92.0,Open,Not on any supplied list - verify before outreach,David Spitz,Associate Engineer,dspitz@sealbeachca.gov,1-562-431-2527;ext=1331
City of Issaquah|WA,City of Issaquah,WA,King,Issaquah,130 E Sunset Way,98027,47.497419,-122.010699,zip,39509.0,Small (10-50k),9,9,0,9,8,21226192.0,21226192.0,90.0,Open,Not on any supplied list - verify before outreach,Robin Spear,Planning and Development Manager,robins@issaquahwa.gov,1-425-837-3000
City of Millbrae|CA,City of Millbrae,CA,San Mateo,Millbrae,621 Magnolia Avenue,94030,37.598385,-122.400083,zip,22394.0,Small (10-50k),9,8,0,9,8,13410000.0,13410000.0,90.0,Open,Not on any supplied list - verify before outreach,Fai Ali,Director of Engineering & Public Works,fali@ci.millbrae.ca.us,1-650-259-2336
City of Glendale|AZ,City of Glendale,AZ,Maricopa,Glendale,5850 West Glendale Avenue,85301,33.276539,-112.18717,zip,250290.0,Large (250k+),28,22,5,21,24,266861000.0,254511000.0,90.0,Open,Not on any supplied list - verify before outreach,Tom Kaczmarowski,Principal Engineer,TKaczmarowski@glendaleaz.com,1-623-930-3640
Napa Sanitation District|CA,Napa Sanitation District,CA,Napa,Napa,1600 1st Street,94559,38.256973,-122.311685,zip,78130.0,Mid (50-250k),28,18,10,20,21,68021600.0,22123700.0,90.0,Open,Not on any supplied list - verify before outreach,Jim Keller,Director of Operations,jkeller@napasan.com,1-707-258-6020;ext=601
City of Shafter|CA,City of Shafter,CA,Kern,Shafter,336 Pacific Avenue,93263,35.763646,-118.435693,zip,20401.0,Small (10-50k),7,6,0,5,5,191565021.0,145077021.0,90.0,Open,Not on any supplied list - verify before outreach,Lance Lippincott,City Manager,LLippincott@shafterca.gov,1-661-746-5000
Marina Coast Water District|CA,Marina Coast Water District,CA,Monterey,Marina,11 RESERVATION RD,93933,36.643259,-121.812711,zip,11000.0,Small (10-50k),23,21,0,9,15,33478000.0,31399000.0,90.0,Open,Not on any supplied list - verify before outreach,Patrick Breen,Water Resources Manager,pbreen@mcwd.org,1-831-883-5951
Monterey One Water|CA,Monterey One Water,CA,Monterey,Monterey,5 HARRIS CT,93940,36.521811,-121.688623,zip,28178.0,Small (10-50k),6,6,0,5,5,28549000.0,28549000.0,90.0,Open,Not on any supplied list - verify before outreach,Fred Marsh,CFO and  Manager,fred@my1water.org,1-831-645-4630
City of San Luis Obispo|CA,City of San Luis Obispo,CA,San Luis Obispo,San Luis Obispo,990 Palm Street,93401,35.265573,-120.62122,zip,47459.0,Small (10-50k),11,10,0,7,7,35700376.0,35610376.0,90.0,Open,Not on any supplied list - verify before outreach,Brian Nelson,Deputy Director of Public Works- Engineering,bnelson@slocity.org,1-805-781-7113
City of Sandy|OR,City of Sandy,OR,Clackamas,Sandy,39250 Pioneer Blvd,97055,45.388551,-122.172544,zip,11387.0,Small (10-50k),13,13,0,12,11,218600000.0,218600000.0,90.0,Open,Not on any supplied list - verify before outreach,Tyler Deems,City Manager,tdeems@ci.sandy.or.us,1-503-826-1079
City of Las Vegas|NV,City of Las Vegas,NV,Clark,Las Vegas,"495 S Main St, Las Vegas, NV",89101,36.17372,-115.10647,zip,644644.0,Large (250k+),37,27,6,34,20,273581958.0,160470426.0,90.0,Open,Not on any supplied list - verify before outreach,Mike Janssen,City Manager,mjanssen@lasvegasnevada.gov,1-702-229-6272
City of San Luis|AZ,City of San Luis,AZ,Yuma,San Luis,1090 E. Union Street,85349,32.540068,-114.754999,zip,34778.0,Small (10-50k),12,12,0,5,10,30570000.0,30570000.0,90.0,Open,Not on any supplied list - verify before outreach,Jorge Perez,Assistant Director of Public Works,jperez@sanluisaz.gov,1-928-341-8577;ext=2044
City of West Richland|WA,City of West Richland,WA,Benton,Prosser,3100 Belmont Blvd,99350,46.148328,-119.559674,zip,15075.0,Small (10-50k),8,7,0,6,8,63022000.0,56622000.0,90.0,Open,Not on any supplied list - verify before outreach,Dustin Miller,Sewer Operations Supervisor,dmiller@westrichland.org,1-509-967-5434
Delta Diablo District|CA,Delta Diablo District,CA,Contra Costa,Antioch,2500 Pittsburg-Antioch Highway,94509,37.931997,-121.906748,zip,1153526.0,Large (250k+),33,23,4,22,27,69968647.0,67768647.0,88.0,Open,Not on any supplied list - verify before outreach,Brian Thomas,Deputy General Manager,briant@deltadiablo.org,1-925-756-1928
City of Spokane|WA,City of Spokane,WA,Spokane,Spokane,808 W. Spokane Falls Blvd,99201,47.66264,-117.435997,zip,222081.0,Mid (50-250k),51,43,4,43,31,244855000.0,221325000.0,88.0,Open,Not on any supplied list - verify before outreach,Marlene Feist,Director of Public Works,mfeist@spokanecity.org,1-509-625-6505
City of Olympia|WA,City of Olympia,WA,Thurston,Olympia,601 4th Ave E,98507,46.978118,-122.702393,zip,51534.0,Mid (50-250k),17,11,4,15,13,20294544.0,14518511.0,88.0,Open,Not on any supplied list - verify before outreach,Jay Burney,City Manager,jburney@ci.olympia.wa.us,1-360-753-8447
Eastern Municipal Water District|CA,Eastern Municipal Water District,CA,Riverside,Perris,PO BOX 8300,92572,33.752886,-116.055617,zip,2470546.0,Large (250k+),22,18,4,14,14,326366455.0,286925455.0,88.0,Open,Not on any supplied list - verify before outreach,Philip E. Paule,Board of Directors,,1-951-928-3777;ext=4235
City of Norco|CA,City of Norco,CA,Riverside,Norco,2870 Clark Avenue,92860,33.752886,-116.055617,zip,26604.0,Small (10-50k),6,6,0,6,4,10200000.0,10200000.0,87.0,Open,Not on any supplied list - verify before outreach,Chad Blais,Director of Public Works,cblais@ci.norco.ca.us,1-951-270-5678
Sunrise Water Authority|OR,Sunrise Water Authority,OR,Clackamas,Portland,10602 SE 129TH AVE,97086,45.51,-122.56,zip,22553.0,Small (10-50k),7,7,0,6,4,24959000.0,24959000.0,87.0,Open,Not on any supplied list - verify before outreach,Jamey Pietzold,Executive Director,jpietzold@sunrisewateror.gov,1-503-761-0220;ext=150
City of St. Helens|OR,City of St. Helens,OR,Columbia,Saint Helens,"265 Strand Street, St. Helens, OR",97051,45.887794,-122.919935,zip,13739.0,Small (10-50k),5,5,0,5,4,18280000.0,18280000.0,87.0,Open,Not on any supplied list - verify before outreach,Jacob Graichen,City Planner,jgraichen@sthelensoregon.gov,1-503-366-8204
City of Newport|OR,City of Newport,OR,Lincoln,Newport,169 SW Coast Highway,97365,44.552413,-124.024426,zip,10853.0,Small (10-50k),6,6,0,5,4,19652177.0,19652177.0,87.0,Open,Not on any supplied list - verify before outreach,Erik Glover,Assistant City Manager,e.glover@newportoregon.gov,1-541-574-0613
City of Phoenix|AZ,City of Phoenix,AZ,Maricopa,Phoenix,100 N 7th Ave,85007,33.276539,-112.18717,zip,1660000.0,Large (250k+),29,21,3,24,17,633376025.0,424561025.0,86.0,Open,Not on any supplied list - verify before outreach,Brandie Barrett,Deputy Public Works Director,brandie.barrett@phoenix.gov,1-602-534-1754
County of Pima|AZ,County of Pima,AZ,Pima,Tucson,130 W CONGRESS ST,85701,32.217975,-110.970869,zip,1047279.0,Large (250k+),9,6,3,7,5,433168833.0,310167833.0,86.0,Open,Not on any supplied list - verify before outreach,Jackson Jenkins,Regional Wastewater Reclamation Department Director,jackson.jenkins@pima.gov,1-520-724-6500
Central Contra Costa Sanitary District|CA,Central Contra Costa Sanitary District,CA,Contra Costa,Martinez,"5019 Imhoff Place, Martinez, CA",94553,37.986421,-122.134976,zip,38297.0,Small (10-50k),8,7,1,3,6,199638000.0,199638000.0,86.0,Open,Not on any supplied list - verify before outreach,Greg Norby,Deputy General Manager,gnorby@centralsan.org,1-925-228-9500
City of Petaluma|CA,City of Petaluma,CA,Sonoma,Petaluma,11 English St,94952,38.265366,-122.822588,zip,60520.0,Mid (50-250k),13,10,3,11,11,29052000.0,14470000.0,86.0,Open,Not on any supplied list - verify before outreach,Peggy Flynn,City Manager,pflynn@cityofpetaluma.org,1-707-778-4345
Santa Clarita Valley Water Agency|CA,Santa Clarita Valley Water Agency,CA,Los Angeles,Santa Clarita,"500 W TEMPLE ST

27234 Bouquet Canyon Road, Santa Clarita, CA",91350,33.786594,-118.298662,zip,10039107.0,Large (250k+),20,17,3,18,17,17350646.0,17350646.0,86.0,Open,Not on any supplied list - verify before outreach,Matt Stone,General Manager,mstone@scvwa.org,1-661-297-1600
City of Ceres|CA,City of Ceres,CA,Stanislaus,Ceres,2220 Magnolia Street,95307,37.561889,-120.967976,zip,48706.0,Small (10-50k),8,7,1,8,3,129623620.0,123638620.0,86.0,Open,Not on any supplied list - verify before outreach,Blanca Rosa,Account Clerk,blanca.rosa@ci.ceres.ca.us,1-209-538-5767
McMinnville Water and Light|OR,McMinnville Water and Light,OR,Yamhill,Mcminnville,230 NE 2nd St,97128,45.187444,-123.237145,zip,34743.0,Small (10-50k),8,7,0,5,4,9297551.0,9297551.0,85.6,Open,Not on any supplied list - verify before outreach,James Burke,Engineering & Operations Director,E&O.director@mc-power.com,+1-503-379-1346
San Francisco Public Utilities Commission|CA,San Francisco Public Utilities Commission,CA,County of San Francisco,San Francisco,"525 Golden Gate Avenue, San Francisco, CA",94102,37.779278,-122.416582,zip,1900000.0,Large (250k+),10,7,2,6,9,1295230000.0,45230000.0,84.0,Open,Not on any supplied list - verify before outreach,Dennis Herrera,General Manager,dherrera@sfwater.org,1-415-551-3000
Truckee Meadows Water Authority|NV,Truckee Meadows Water Authority,NV,Unspecified,Reno,"1355 Capital Blvd, Reno, Nevada",89520,40.541218,-119.586934,zip,,Unknown,24,22,2,15,19,301015000.0,288715000.0,84.0,Open,Not on any supplied list - verify before outreach,Danny Rotter,Engineering Manager,drotter@tmwa.com,1-775-834-8020
City of Gresham|OR,City of Gresham,OR,Multnomah,Gresham,1333 NW Eastman Parkway,97030,45.508117,-122.430233,zip,109381.0,Mid (50-250k),21,13,2,19,13,104765806.0,49287306.0,84.0,Open,Not on any supplied list - verify before outreach,Steve Fancher,Assistant City Manager,steve.fancher@greshamoregon.gov,1-503-618-2583
Dublin San Ramon Services District|CA,Dublin San Ramon Services District,CA,Alameda,Dublin,7051 DUBLIN BLVD,94568,37.714402,-121.906329,zip,1671329.0,Large (250k+),12,9,2,9,9,254876000.0,242651000.0,84.0,Open,Not on any supplied list - verify before outreach,Cliff Mcclure,Water/Wastewater Systems Operator,mcclure@dsrsd.com,1-925-828-0515
Heritage Ranch Community Services District|CA,Heritage Ranch Community Services District,CA,San Luis Obispo,Paso Robles,4870 HERITAGE ROAD,93446,35.640598,-120.700313,zip,283111.0,Large (250k+),15,13,2,12,12,22037055.0,21897207.0,84.0,Open,Not on any supplied list - verify before outreach,Doug Groshart,District Engineer,doug@heritageranchcsd.ca.gov,1-805-227-6230
City of Surprise|AZ,City of Surprise,AZ,Maricopa,Surprise,"16000 N Civic Center Plaza, Surprise, AZ",85374,33.276539,-112.18717,zip,141664.0,Mid (50-250k),9,7,2,8,6,33821950.0,29121950.0,84.0,Open,Not on any supplied list - verify before outreach,Bob Wingenroth,City Manager,bob.wingenroth@surpriseaz.gov,1-623-222-1100
City of Pleasanton|CA,City of Pleasanton,CA,Alameda,Pleasanton,200 Old Bernal Avenue,94566,37.646081,-121.862128,zip,81777.0,Mid (50-250k),9,7,2,8,6,24655032.0,15967532.0,84.0,Open,Not on any supplied list - verify before outreach,Gerry Beaudin,City Manager,gbeaudin@cityofpleasantonca.gov,1-925-931-5614
Camrosa Water District|CA,Camrosa Water District,CA,Ventura,Camarillo,7385 Santa Rosa Rd,93012,34.204429,-118.974355,zip,846006.0,Large (250k+),46,44,2,28,31,62845312.0,62670312.0,84.0,Open,Not on any supplied list - verify before outreach,Terry Curson,District Engineer,terryc@camrosa.com,1-805-482-8063
City of Scottsdale|AZ,City of Scottsdale,AZ,Maricopa,Scottsdale,"3939 N. Drinkwater Blvd., Scottsdale, AZ",85251,33.420061,-111.792658,zip,243050.0,Mid (50-250k),22,18,2,16,15,461333199.0,421058199.0,84.0,Open,Not on any supplied list - verify before outreach,Gina Kirklin,Finance Director,gkirklin@scottsdaleaz.gov,1-480-312-5006
Santa Clara Valley Water District|CA,Santa Clara Valley Water District,CA,Los Angeles,Santa Clarita,"27234 Bouquet Canyon Road, Santa Clarita, CA",91350,33.786594,-118.298662,zip,10039107.0,Large (250k+),30,26,2,17,18,672565193.0,669400542.0,84.0,Open,Not on any supplied list - verify before outreach,Emmanuel Aryee,Interim Assistant Operating Officer,earyee@valleywater.org,1-408-630-3074
City of San Diego|CA,City of San Diego,CA,San Diego,San Diego,"202 C Street, San Diego, CA",92101,32.7211,-117.174366,zip,1426000.0,Large (250k+),9,6,2,6,6,236265691.0,169129991.0,84.0,Open,Not on any supplied list - verify before outreach,Parita Ammerlahn,Assistant Deputy Director,pammerlahn@sandiego.gov,1-619-533-5406
Zone 7 Water Agency|CA,Zone 7 Water Agency,CA,Alameda,Livermore,100 North Canyons Parkway,94551,37.680181,-121.921498,zip,1671329.0,Large (250k+),14,11,2,7,6,57000900.0,40624000.0,84.0,Open,Not on any supplied list - verify before outreach,Valerie Pryor,General Manager,vpryor@zone7water.com,
Town of Marana|AZ,Town of Marana,AZ,Pima,Marana,"11555 W Civic Center Drive, Marana, AZ",85653,32.442979,-111.159344,zip,49030.0,Small (10-50k),7,6,1,7,2,90024857.0,84381857.0,83.0,Open,Not on any supplied list - verify before outreach,Fausto Burruel,Public Works Director and Acting Town Engineer,fburruel@maranaaz.gov,1-520-382-2676
Alameda County Water District|CA,Alameda County Water District,CA,Alameda,Fremont,43885 S GRIMMER BLVD,94538,37.509453,-121.95832,zip,1671329.0,Large (250k+),21,20,1,14,14,59786765.0,59166765.0,82.0,Open,Not on any supplied list - verify before outreach,Ed Stevenson,General Manager,Ed.Stevenson@acwd.com,91-510-668-4202
City of Reno|NV,City of Reno,NV,Washoe,Reno,1 E 1st St,89505,39.52241,-119.835275,zip,255601.0,Large (250k+),7,5,1,7,7,155521073.0,24372990.0,82.0,Open,Not on any supplied list - verify before outreach,Trina Magoon,Director of Utilities,magoont@reno.gov,1-775-334-4230
Sammamish Plateau Water and Sewer|WA,Sammamish Plateau Water and Sewer,WA,King,Sammamish,"801 228th Avenue SE, Sammamish, WA",98075,47.58,-122.03,zip,65892.0,Mid (50-250k),12,11,1,11,5,33573364.0,33573364.0,82.0,Open,Not on any supplied list - verify before outreach,Chip Corder,Finance Manager,chip.corder@spwater.org,1-425-295-3219
Elsinore Valley Municipal Water District|CA,Elsinore Valley Municipal Water District,CA,Riverside,Lake Elsinore,31315 CHANEY ST,92530,33.658068,-116.649216,zip,2470546.0,Large (250k+),14,13,1,6,11,129480000.0,129430000.0,82.0,Open,Not on any supplied list - verify before outreach,Kelia Jones,Director of Engineering,kjones@evmwd.com,1-951-674-3146
City of Tempe|AZ,City of Tempe,AZ,Maricopa,Tempe,"31 E. 5th St., Tempe, AZ",85281,33.432844,-111.927219,zip,190889.0,Mid (50-250k),10,9,1,10,9,397938317.0,344401945.0,82.0,Open,Not on any supplied list - verify before outreach,Mark Weber,Deputy Public Works Director,mark_weber@tempe.gov,1-480-350-8526
County of Lyon|NV,County of Lyon,NV,Lyon,Yerington,27 S MAIN ST,89447,39.080415,-119.228631,zip,57510.0,Mid (50-250k),9,8,1,9,8,30253500.0,21253500.0,82.0,Open,Not on any supplied list - verify before outreach,Sean Sinclair,Utilities Director,ssinclair@lyon-county.org,1-775-246-6220
Carmichael Water District|CA,Carmichael Water District,CA,Sacramento,Carmichael,"7837 Fair Oaks Blvd, Carmichael, CA",95608,38.62136,-121.332191,zip,1552058.0,Large (250k+),12,11,1,9,10,15530000.0,13980000.0,82.0,Open,Not on any supplied list - verify before outreach,Debbie Martin,Finance Manager,mail@carmichaelwd.org,1-916-483-2452
Ventura County Public Works Agency|CA,Ventura County Public Works Agency,CA,Unspecified,Ventura,"800 S Victoria Ave

800 South Victoria Avenue",93009,34.356248,-119.146228,zip,,Unknown,17,16,1,14,13,32994500.0,32424500.0,82.0,Open,Not on any supplied list - verify before outreach,Anastasia Seims,Director Of Engineering,anastasia.seims@ventura.org,1-805-654-2039
South Orange County Wastewater Authority|CA,South Orange County Wastewater Authority,CA,Orange,Dana Point,34156 Del Obispo Street,92629,33.485903,-117.696366,zip,100000.0,Mid (50-250k),27,26,1,16,17,17867822.0,17867822.0,82.0,Open,Not on any supplied list - verify before outreach,Amber Boone,General Manager,amberb@socwa.com,1-949-234-5409
County of Pierce|WA,County of Pierce,WA,Pierce,Tacoma,615 S 9TH ST,98405,47.247871,-122.472793,zip,904980.0,Large (250k+),10,9,1,9,6,67918100.0,67818710.0,82.0,Open,Not on any supplied list - verify before outreach,Jen Tetatzin,Planning and Public Works Director,jen.tetatzin@piercecountywa.gov,1-253-798-2754
LOTT Clean Water Alliance|WA,LOTT Clean Water Alliance,WA,Unspecified,Olympia,"500 Adams St NE, Olympia, WA",98501,46.984767,-122.869079,zip,,Unknown,14,13,1,12,12,75851200.0,74057518.0,82.0,Open,Not on any supplied list - verify before outreach,Ken Butti,Operations & Facilities Director,kenbutti@lottcleanwater.org,1-360-528-5708
City of Bellevue|WA,City of Bellevue,WA,King,Bellevue,450 110th Ave NE,98004,47.615471,-122.207221,zip,144403.0,Mid (50-250k),10,8,1,9,7,133563991.0,118326000.0,82.0,Open,Not on any supplied list - verify before outreach,Lucy Liu,Director of Utilities,lliu@bellevuewa.gov,1-425-452-6932
City of Bellingham|WA,City of Bellingham,WA,Whatcom,Bellingham,"210 Lottie Street, Bellingham, WA",98225,48.747687,-122.454297,zip,92314.0,Mid (50-250k),8,7,1,7,5,1113804000.0,1113804000.0,82.0,Open,Not on any supplied list - verify before outreach,Joel Pfundt,Assistant Director of Public Works - Transportation,jfpfundt@cob.org,1-360-778-7778
Santa Margarita Water District|CA,Santa Margarita Water District,CA,Orange,Rancho Santa Margarita,26111 ANTONIO PKWY,92688,33.601944,-117.603684,zip,100000.0,Mid (50-250k),12,11,1,9,8,80138000.0,80118000.0,82.0,Open,Not on any supplied list - verify before outreach,Tricia Butler,Chief Engineer,triciab@smwd.com,1-949-456-6554
City of Avondale|AZ,City of Avondale,AZ,Maricopa,Avondale,"11465 West, 11465 Civic Center Dr",85323,33.276539,-112.18717,zip,94870.0,Mid (50-250k),6,5,1,5,5,119200000.0,110200000.0,82.0,Open,Not on any supplied list - verify before outreach,Marcella M. Ortiz,City Clerk,cityclerk@avondaleaz.gov,1-623-333-1200
Las Gallinas Valley Sanitary District|CA,Las Gallinas Valley Sanitary District,CA,Marin,San Rafael,300 SMITH RANCH RD,94903,38.033922,-122.58549,zip,258826.0,Large (250k+),22,21,1,19,12,51348804.0,50348804.0,82.0,Open,Not on any supplied list - verify before outreach,Mike Cortez,District Engineer,mcortez@lgvsd.org,1-415-472-1734;ext=18
Lake Whatcom Water and Sewer District|WA,Lake Whatcom Water and Sewer District,WA,Whatcom,,1220 LAKEWAY DR,98229,48.3420562368421,-122.25299376315793,zip3,229247.0,Mid (50-250k),16,15,1,13,5,19169000.0,18875000.0,82.0,Open,Not on any supplied list - verify before outreach,Greg Nicoll,Engineering Manager/District Engineer,greg.nicoll@lwwsd.org,1-360-734-9224
City of Camarillo|CA,City of Camarillo,CA,Ventura,Camarillo,"601 Carmen Drive, Camarillo, CA",93010,34.307783,-119.084253,zip,70886.0,Mid (50-250k),8,7,1,6,8,52100000.0,50100000.0,82.0,Open,Not on any supplied list - verify before outreach,Greg Ramirez,City Manager,citymanager@cityofcamarillo.org,1-805-388-5307
City of Buckeye|AZ,City of Buckeye,AZ,Maricopa,Buckeye,530 Monroe Ave,85326,33.276539,-112.18717,zip,119434.0,Mid (50-250k),9,8,1,8,9,48098000.0,43598000.0,82.0,Open,Not on any supplied list - verify before outreach,Lucinda Aja,City Clerk,laja@buckeyeaz.gov,1-623-349-6911
City of Lake Havasu City|AZ,City of Lake Havasu City,AZ,Mohave,Lake Havasu City,2330 McCulloch Blvd N,86403,34.500556,-114.310294,zip,60971.0,Mid (50-250k),16,15,1,12,13,23011505.0,22809505.0,82.0,Open,Not on any supplied list - verify before outreach,Jess Knudson,City Manager,knudsonj@lhcaz.gov,1-928-453-4141
City of Redlands|CA,City of Redlands,CA,San Bernardino,Redlands,35 Cajon Street,92373,34.2409,-116.889474,zip,71513.0,Mid (50-250k),7,6,1,6,6,143825261.0,143825261.0,82.0,Open,Not on any supplied list - verify before outreach,Chris Boatman,Interim Director of Municipal Utilities,cboatman@cityofredlands.org,1-909-798-7698
Town of Eloy|AZ,Town of Eloy,AZ,Pinal,Toltec,595 C St #101,85131,32.71,-111.57,zip,15988.0,Small (10-50k),6,6,0,5,2,19850000.0,19850000.0,81.0,Open,Not on any supplied list - verify before outreach,"Kidwell CMC, Celine",Town Clerk,ckidwell@eloyaz.gov,1-520-466-9201
Beaumont-Cherry Valley Water District|CA,Beaumont-Cherry Valley Water District,CA,Riverside,Beaumont,560 Magnolia Ave,92223,33.92703,-116.954753,zip,2470546.0,Large (250k+),13,11,2,11,4,26080000.0,24555300.0,81.0,Open,Not on any supplied list - verify before outreach,Daniel Jaggers,General Manager,dan.jaggers@bcvwd.org,1-951-845-9581;ext=217
City of Clovis|CA,City of Clovis,CA,Fresno,Clovis,1033 5th Street,93612,36.878242,-119.585303,zip,127753.0,Mid (50-250k),14,11,2,14,4,266262000.0,236962000.0,81.0,Open,Not on any supplied list - verify before outreach,Scott Redelfs,Director of Public Utilities,scottr@clovisca.gov,1-559-324-2648
City of Sacramento|CA,City of Sacramento,CA,Sacramento,Sacramento,1120 N St.,95814,38.579055,-121.480905,zip,508529.0,Large (250k+),7,5,2,4,7,83756262.0,28619671.0,81.0,Open,Not on any supplied list - verify before outreach,Lisa Moretti,Supervising Engineer,lmoretti@cityofsacramento.org,1-916-808-5390
City of Camas|WA,City of Camas,WA,Clark,Camas,"616 NE 4th Ave, Camas, WA",98607,45.656489,-122.399341,zip,24418.0,Small (10-50k),5,4,0,4,5,27433729.0,26000000.0,81.0,Open,Not on any supplied list - verify before outreach,Steve Wall,Director of Public Works,swall@cityofcamas.us,1-360-817-1561;ext=4212
Placer County Water Agency|CA,Placer County Water Agency,CA,Placer,Auburn,"3091 County Center Dr, Auburn, CA",95603,38.973505,-121.067718,zip,412300.0,Large (250k+),16,16,0,10,11,382020000.0,382020000.0,80.0,Open,Not on any supplied list - verify before outreach,Richard Moorehead,Public Works Director,rmoorehe@placer.ca.gov,1-530-745-7533
Santa Clarita Valley Water|CA,Santa Clarita Valley Water,CA,Los Angeles,Santa Clarita,27234 BOUQUET CANYON RD,91350,33.786594,-118.298662,zip,10039107.0,Large (250k+),8,8,0,6,8,49365447.0,49365447.0,80.0,Open,Not on any supplied list - verify before outreach,Matt Stone,General Manager,mstone@scvwa.org,1-469-893-2200
City of Santa Cruz|CA,City of Santa Cruz,CA,Santa Cruz,Santa Cruz,"809 Center Street, Rm 10",95060,37.052748,-122.111126,zip,64725.0,Mid (50-250k),6,6,0,6,5,160800284.0,160800284.0,80.0,Open,Not on any supplied list - verify before outreach,Nathan Nguyen,Public Works Director,nnguyen@santacruzca.gov,1-831-420-5160
Los Angeles County Sanitation Districts|CA,Los Angeles County Sanitation Districts,CA,Los Angeles,Los Angeles,500 W TEMPLE ST,90012,33.786594,-118.298662,zip,10039107.0,Large (250k+),11,11,0,9,10,179699000.0,179699000.0,80.0,Open,Not on any supplied list - verify before outreach,Martha Tremblay,Assistant Chief Engineer and Assistant General Manager,mtremblay@lacsd.org,1-562-908-4288
Selma-Kingsburg-Fowler County Sanitation District|CA,Selma-Kingsburg-Fowler County Sanitation District,CA,Fresno,Kingsburg,11301 E Conejo Ave,93631,36.5249,-119.602863,zip,999101.0,Large (250k+),11,11,0,5,8,14515876.0,14515876.0,80.0,Open,Not on any supplied list - verify before outreach,Ben Munoz,General Manager,,1-559-897-6500
City of San Mateo|CA,City of San Mateo,CA,San Mateo,San Mateo,330 West 20th Avenue,94403,37.541486,-122.304079,zip,104430.0,Mid (50-250k),8,8,0,5,6,74720422.0,74720422.0,80.0,Open,Not on any supplied list - verify before outreach,Matt Fabry,Public Works Director,mfabry@cityofsanmateo.org,1-650-522-7309
City of Chandler|AZ,City of Chandler,AZ,Maricopa,Chandler,175 S Arizona Ave,85225,33.325991,-111.824367,zip,257165.0,Large (250k+),15,15,0,12,11,1487227047.0,1487227047.0,80.0,Open,Not on any supplied list - verify before outreach,John Pombier,City Manager,john.pombier@chandleraz.gov,1-480-782-2210
Moulton Niguel Water District|CA,Moulton Niguel Water District,CA,Orange,Orange,26161 Gordon Rd,92869,33.640302,-117.769442,zip,100000.0,Mid (50-250k),25,25,0,5,22,116001538.0,116001538.0,80.0,Open,Not on any supplied list - verify before outreach,Todd Novacek,Director of Operations,tnovacek@mnwd.com,1-949-831-2500
City of Burbank|CA,City of Burbank,CA,Los Angeles,Burbank,"275 East Olive Avenue Burbank, CA",91502,33.786594,-118.298662,zip,103703.0,Mid (50-250k),12,12,0,8,8,32144052.0,32144052.0,80.0,Open,Not on any supplied list - verify before outreach,Damian Skinner,Interim Director of Public Works,dskinner@burbankca.gov,1-818-238-3915
City and County of Honolulu|HI,City and County of Honolulu,HI,Honolulu,Honolulu,"530 S. King Street, Honolulu, HI",96813,24.859832,-168.021815,zip,347397.0,Large (250k+),27,24,0,27,23,627324000.0,479616000.0,80.0,Open,Not on any supplied list - verify before outreach,Andrew T. Kawano,Finance Director,bfsmail@honolulu.gov,1-808-768-3901
City of Peoria|AZ,City of Peoria,AZ,Maricopa,Peoria,8401 W. Monroe St.,85345,33.276539,-112.18717,zip,168196.0,Mid (50-250k),8,8,0,6,6,31452320.0,31452320.0,80.0,Open,Not on any supplied list - verify before outreach,Brent Mattingly,Finance & Budget Director,brent.mattingly@peoriaaz.gov,1-623-773-7134
City of Pasadena|CA,City of Pasadena,CA,Los Angeles,Pasadena,100 North Garfield Ave.,91101,33.786594,-118.298662,zip,130935.0,Mid (50-250k),7,7,0,5,5,106797674.0,106797674.0,80.0,Open,Not on any supplied list - verify before outreach,Brent Maue,City Engineer,bmaue@cityofpasadena.net,1-626-744-4307
Town Of Discovery Bay|CA,Town Of Discovery Bay,CA,Contra Costa,,"1800 WILLOW LAKE ROAD, DISCOVERY BAY CA

1601 Discovery Bay Blvd",94505,37.93037123076923,-122.05240659340662,zip3,,Unknown,12,12,0,9,9,10089886.0,10089886.0,80.0,Open,Not on any supplied list - verify before outreach,Kevin Graves,Director,kgraves@todb.ca.gov,1-925-634-1131
Town of Gilbert|AZ,Town of Gilbert,AZ,Maricopa,Gilbert,90 E. Civic Center Drive Gilbert,85296,33.314508,-111.748791,zip,254114.0,Large (250k+),12,12,0,10,5,570319000.0,570319000.0,80.0,Open,Not on any supplied list - verify before outreach,Rebecca Hamel,Water Manager,rebecca.hamel@gilbertaz.gov,1-480-503-6000
Vallejo Flood & Wastewater District|CA,Vallejo Flood & Wastewater District,CA,Solano,Vallejo,555 Santa Clara Street,94590,38.096719,-122.25328,zip,123564.0,Mid (50-250k),6,6,0,5,5,14110000.0,14110000.0,80.0,Open,Not on any supplied list - verify before outreach,Mark Tomko,Director of Engineering,mtomko@vallejowastewater.org,1-707-652-7801
Coachella Valley Water District|CA,Coachella Valley Water District,CA,Riverside,Palm Desert,75525 HOVLEY LANE EAST,92260,33.680623,-116.402695,zip,2470546.0,Large (250k+),14,14,0,7,13,50062761.0,50062761.0,80.0,Open,Not on any supplied list - verify before outreach,Carrie Oliphant,Director Engineering,coliphant@cvwd.org,1-760-398-2651
City of Vallejo|CA,City of Vallejo,CA,Solano,Vallejo,555 Santa Clara Street,94590,38.096719,-122.25328,zip,123564.0,Mid (50-250k),7,6,0,7,5,14503305.0,10392284.0,80.0,Open,Not on any supplied list - verify before outreach,Beth Schoenberger,Water Director,beth.schoenberger@cityofvallejo.net,1-707-648-5439
Clark Regional Wastewater District|WA,Clark Regional Wastewater District,WA,Clark,Vancouver,"8000 NE 52nd Ct, Vancouver, WA",98665,45.689187,-122.661608,zip,474643.0,Large (250k+),42,42,0,31,28,99765000.0,99765000.0,80.0,Open,Not on any supplied list - verify before outreach,John Peterson,General Manager,jpeterson@crwwd.com,1-360-993-8819
Montecito Sanitary District|CA,Montecito Sanitary District,CA,Santa Barbara,Santa Barbara,1042 MONTE CRISTO LANE,93108,34.437795,-119.615862,zip,446499.0,Large (250k+),18,14,3,3,10,14214000.0,10039000.0,80.0,Open,Not on any supplied list - verify before outreach,Bryce Swetek,Engineering Manager,bswetek@montsan.org,1-805-883-6872
City of Yuma|AZ,City of Yuma,AZ,Yuma,Yuma,1 City Plaza,85364,32.615305,-114.648722,zip,96349.0,Mid (50-250k),8,7,0,7,5,14168000.0,14128000.0,80.0,Open,Not on any supplied list - verify before outreach,David Wostenberg,Director of Engineering,david.wostenberg@yumaaz.gov,1-928-373-4520
Irvine Ranch Water District|CA,Irvine Ranch Water District,CA,Orange,Irvine,15600 Sand Canyon Ave,92618,33.641579,-117.73269,zip,100000.0,Mid (50-250k),17,17,0,12,16,328167750.0,328167750.0,80.0,Open,Not on any supplied list - verify before outreach,Fiona Sanchez,Director of Water Operations,sanchezf@irwd.com,1-949-453-5300
Clean Water Services|OR,Clean Water Services,OR,Washington,Hillsboro,2550 SW Hillsboro Hwy,97123,45.458397,-122.977963,zip,601592.0,Large (250k+),20,20,0,17,15,100530000.0,100530000.0,80.0,Open,Not on any supplied list - verify before outreach,Denny Wade,City Engineer,dennyw@cleanwaterservices.org,1-503-547-8117
City of Hermiston|OR,City of Hermiston,OR,Umatilla,Hermiston,"235 E Gladys Ave Hermiston, OR",97838,45.699986,-119.100692,zip,17782.0,Small (10-50k),10,9,0,9,8,5567800.0,4967800.0,79.9,Open,Not on any supplied list - verify before outreach,Ignacio Palacios,Finance Director,billing@hermiston.or.us,1-541-567-5521
Sanitary District No.5 of Marin County|CA,Sanitary District No.5 of Marin County,CA,Marin,Mill Valley,"305 Bell Ln, Mill Valley, CA",94941,37.886325,-122.562937,zip,258826.0,Large (250k+),21,18,1,14,19,9100000.0,8900000.0,79.8,Open,Not on any supplied list - verify before outreach,Tony Rubio,District Manager,tony@sani5.org,1-888-765-1970
Big Bear Area Regional Wastewater Agency|CA,Big Bear Area Regional Wastewater Agency,CA,San Bernardino,Big Bear City,"121 Palomino Dr, Big Bear, CA",92314,34.50514,-116.110086,zip,10000.0,Small (10-50k),7,6,0,3,4,9872639.0,9174639.0,79.3,Open,Not on any supplied list - verify before outreach,Marie Jauregui,Project Manager,mjauregui@bbarwa.org,1-909-584-4018
Clark County Water Reclamation District|NV,Clark County Water Reclamation District,NV,Unspecified,Laughlin,PO BOX 32287,89028,35.160398,-114.746447,zip,,Unknown,6,5,1,4,5,177826025.0,163252412.0,79.0,Open,Not on any supplied list - verify before outreach,Thomas (Tom) Minwegen,General Manager,tminwegen@cleanwaterteam.com,1-702-668-8157
San Lorenzo Valley Water District|CA,San Lorenzo Valley Water District,CA,Santa Cruz,Santa Cruz,701 OCEAN ST,95060,37.052748,-122.111126,zip,35000.0,Small (10-50k),7,7,0,5,3,7390000.0,7390000.0,78.8,Open,Not on any supplied list - verify before outreach,Garrett Roffe,Engineering Manager,groffe@slvwd.com,+1-831-430-4635
Jurupa Community Services District|CA,Jurupa Community Services District,CA,Riverside,Mira Loma,11201 HARREL ST,91752,33.752886,-116.055617,zip,2470546.0,Large (250k+),8,5,2,3,6,11884030.0,11499630.0,78.0,Open,Not on any supplied list - verify before outreach,Scott Lynch,Principal Engineer,slynch@jcsd.us,1-949-292-7454
City of St. Helena|CA,City of St. Helena,CA,Napa,Saint Helena,1480 Main St,94574,38.537757,-122.401289,zip,6102.0,Rural (<10k),10,9,0,1,7,39210457.0,37404753.0,78.0,Open,Not on any supplied list - verify before outreach,Mandy Kellogg,Administrative Director,mkellogg@cityofsthelena.gov,1-707-968-2649
City of Benicia|CA,City of Benicia,CA,Solano,Benicia,250 East L Street,94510,38.1012,-122.032061,zip,28240.0,Small (10-50k),4,4,0,4,4,13506000.0,13506000.0,78.0,Open,Not on any supplied list - verify before outreach,Jeff Gregory,Wastewater Treatment Plant Superintendent,JGregory@ci.benicia.ca.us,1-707-746-4336
City of Redwood City|CA,City of Redwood City,CA,San Mateo,Redwood City,1017 Middlefield Rd,94063,37.490387,-122.212846,zip,85925.0,Mid (50-250k),6,4,2,5,5,38050000.0,19550000.0,78.0,Open,Not on any supplied list - verify before outreach,Melissa Stevenson Diaz,City Manager,mdiaz@redwoodcity.org,1-650-780-7300
Las Vegas Valley Water District|NV,Las Vegas Valley Water District,NV,Clark,Las Vegas,"495 S Main St, Las Vegas, NV",89101,36.17372,-115.10647,zip,644644.0,Large (250k+),8,6,2,6,3,135099500.0,134853500.0,78.0,Open,Not on any supplied list - verify before outreach,David Johnson,Deputy General Manager,customerservice@lvvwd.com,1-702-870-2011
Burbank Water and Power|CA,Burbank Water and Power,CA,Los Angeles,Burbank,164 Magnolia Blvd,91502,33.786594,-118.298662,zip,10039107.0,Large (250k+),14,13,1,5,11,11967352.0,7592352.0,77.2,Open,Not on any supplied list - verify before outreach,Mandip Samra,General Manager,msamra@burbankca.gov,1-818-238-3550
Santa Fe Irrigation District|CA,Santa Fe Irrigation District,CA,San Diego,Rancho Santa Fe,5920 Linea Del Cielo,92067,33.005026,-117.21569,zip,3338330.0,Large (250k+),10,9,0,4,8,27384400.0,14784000.0,77.0,Open,Not on any supplied list - verify before outreach,Al Lau,General Manager,,1-858-756-2424
San Benito County Water District|CA,San Benito County Water District,CA,San Benito,Hollister,30 Mansfield Road,95023,36.828078,-121.3924,zip,62808.0,Mid (50-250k),9,9,0,4,7,246062502.0,246062502.0,77.0,Open,Not on any supplied list - verify before outreach,Lana Way Hollister,County Clerk,Cclerk@sanbenitocountyca.gov,1-831-636-4029
City of San Buenaventura (Ventura)|CA,City of San Buenaventura (Ventura),CA,Ventura,Ventura,501 Poli Street,93001,34.330829,-119.358352,zip,109708.0,Mid (50-250k),9,9,0,4,5,49841701.0,49841701.0,77.0,Open,Not on any supplied list - verify before outreach,Gina Dorrington,Assistant General Manager - Operations,gdorrington@venturawater.net,1-805-677-4131
East Bay Municipal Utility District|CA,East Bay Municipal Utility District,CA,Alameda,Oakland,"375 11th Street

1221 OAK ST",94607,37.807967,-122.29878,zip,1671329.0,Large (250k+),10,8,0,4,7,6811500000.0,6811500000.0,77.0,Open,Not on any supplied list - verify before outreach,Patrick Cho,Manager,pcho@ebmud.com,1-510-763-1035
City of Goodyear|AZ,City of Goodyear,AZ,Maricopa,,1900 N Civic Sq,85395,33.29005329999997,-112.7557438625,zip3,86840.0,Mid (50-250k),9,9,0,4,5,152738879.0,152738879.0,77.0,Open,Not on any supplied list - verify before outreach,Sumeet Mohan,Public Works Director,sumeet.mohan@goodyearaz.gov,1-623-932-3010
County of Clackamas|OR,County of Clackamas,OR,Clackamas,Clackamas,16770 SE 82nd Dr.,97015,45.415038,-122.499461,zip,80000.0,Mid (50-250k),7,6,0,7,4,43330000.0,18770000.0,77.0,Open,Not on any supplied list - verify before outreach,Marc Gonzales,Finance Director,marcg@clackamas.us,1-503-742-5405
City of Vacaville|CA,City of Vacaville,CA,Solano,Vacaville,"650 Merchant Street, Vacaville, CA",95688,38.407405,-122.012778,zip,100670.0,Mid (50-250k),5,5,0,5,4,16399664.0,16399664.0,77.0,Open,Not on any supplied list - verify before outreach,Brian McLean,Director of Public Works,brian.mclean@cityofvacaville.com,1-707-449-5176
Valley Sanitary District|CA,Valley Sanitary District,CA,Riverside,Indio,45500 Van Buren St,92201,33.728721,-116.035705,zip,2470546.0,Large (250k+),8,8,0,5,4,94129904.0,94129904.0,77.0,Open,Not on any supplied list - verify before outreach,Ron Buchwald,District Engineer,rbuchwald@valley-sanitary.org,1-760-238-5400
City of Manteca|CA,City of Manteca,CA,San Joaquin,Manteca,1001 West Center Street,95337,37.743327,-121.227351,zip,83028.0,Mid (50-250k),6,5,1,5,3,14182000.0,14153000.0,76.0,Open,Not on any supplied list - verify before outreach,Heather Grove,Wastewater Superintendent,hgrove@ci.manteca.ca.us,1-209-456-8473
Contra Costa Water District|CA,Contra Costa Water District,CA,Contra Costa,Concord,"1331 Concord Avenue, Concord, CA",94520,37.988871,-122.013355,zip,1153526.0,Large (250k+),5,4,1,5,5,209070000.0,209070000.0,76.0,Open,Not on any supplied list - verify before outreach,Jill Mosley,Principal Engineer,jmosley@ccwater.com,1-925-688-8127
Vallecitos Water District|CA,Vallecitos Water District,CA,San Diego,San Marcos,201 VALLECITOS DE ORO,92069,33.099573,-117.215112,zip,3338330.0,Large (250k+),11,11,0,6,8,7686240.0,7686240.0,75.4,Open,Not on any supplied list - verify before outreach,Wes Owen,Director of Finance,wowen@vwd.org,1-760-744-0460
Rogue Valley Sewer Services|OR,Rogue Valley Sewer Services,OR,Jackson,Central Point,"138 W Vilas Rd, Central Point, OR",97502,42.416384,-122.917383,zip,18848.0,Small (10-50k),7,7,0,6,7,2675000.0,2675000.0,75.4,Open,Not on any supplied list - verify before outreach,Nicholas Bakke,District Engineer,nbakke@rvss.us,1-541-664-6300
City of Snohomish|WA,City of Snohomish,WA,Snohomish,Snohomish,116 Union Ave,98290,47.954558,-122.014722,zip,10154.0,Small (10-50k),7,7,0,5,7,2651350.0,2651350.0,75.3,Open,Not on any supplied list - verify before outreach,Tim Cross,Public Works Operations Manager,cross@snohomishwa.gov,1-360-282-3193
City of Pismo Beach|CA,City of Pismo Beach,CA,San Luis Obispo,Pismo Beach,760 Mattie Road,93449,35.391719,-120.549178,zip,8168.0,Rural (<10k),6,6,0,0,5,20555490.0,20555490.0,75.0,Open,Not on any supplied list - verify before outreach,Erica Inderlied,City Clerk,einderlied@pismobeach.org,1-805-773-7003
City of Estacada|OR,City of Estacada,OR,Clackamas,Clackamas,475 SE Main St,97015,45.415038,-122.499461,zip,3770.0,Rural (<10k),10,10,0,0,7,145682000.0,145682000.0,75.0,Open,Not on any supplied list - verify before outreach,Sadie Main,Finance Director,main@cityofestacada.org,1-503-630-8270;ext=202
City of Warrenton|OR,City of Warrenton,OR,Clatsop,Warrenton,225 S Main Ave,97146,46.125267,-123.905174,zip,5739.0,Rural (<10k),17,16,0,0,9,47910000.0,47850000.0,75.0,Open,Not on any supplied list - verify before outreach,Esther Moberg,City Manager,citymanager@warrrentonoregon.us,1-503-861-3927
Town of Clarkdale|AZ,Town of Clarkdale,AZ,Yavapai,Clarkdale,39 N Ninth Street,86324,34.659484,-112.13222,zip,4391.0,Rural (<10k),7,7,0,0,7,29721000.0,29721000.0,75.0,Open,Not on any supplied list - verify before outreach,Tracie Hlavinka,Town Manager,tracie.hlavinka@clarkdale.az.gov,1-928-639-2415
City of Lynnwood|WA,City of Lynnwood,WA,Snohomish,Lynnwood,19100 44th Ave W,98036,47.804869,-122.285481,zip,36997.0,Small (10-50k),4,4,0,3,4,256250000.0,256250000.0,75.0,Open,Not on any supplied list - verify before outreach,David Mach,Public Works Manager,dmach@lynnwoodwa.gov,1-425-670-5275
Groveland Community Services District|CA,Groveland Community Services District,CA,Tuolumne,Groveland,PO BOX 350,95321,37.867634,-120.088197,zip,2500.0,Rural (<10k),6,6,0,0,6,23462583.0,23462583.0,75.0,Open,Not on any supplied list - verify before outreach,Luis Melchor,Operations Manager,lmelchor@gcsd.org,1-209-962-7161;ext=1018
Metropolitan Water District of Southern California|CA,Metropolitan Water District of Southern California,CA,Los Angeles,Los Angeles,"700 North Alameda Street Los Angeles, CA",90012,33.786594,-118.298662,zip,10039107.0,Large (250k+),9,7,2,4,3,239408611.0,239073611.0,75.0,Open,Not on any supplied list - verify before outreach,Katano Kasaine,Chief Financial Officer,kkasaine@mwdh2o.com,1-213-217-7121
City of Sultan|WA,City of Sultan,WA,Snohomish,Everett,319 Main St,98201,47.988661,-122.199795,zip,5388.0,Rural (<10k),6,6,0,0,5,24226001.0,24226001.0,75.0,Open,Not on any supplied list - verify before outreach,Jason Strauss,Water Systems Manager,jason.strauss@sultanwa.gov,1-425-508-9168
Rainbow Municipal Water District|CA,Rainbow Municipal Water District,CA,San Diego,San Diego,3707 Old Hwy 395,92123,32.810983,-117.136812,zip,3338330.0,Large (250k+),15,13,2,2,11,31325000.0,31325000.0,75.0,Open,Not on any supplied list - verify before outreach,Richard Gutierrez,Chief Operations Officer,rgutierrez@rainbowmwd.com,1-760-728-1178
City of Prosser|WA,City of Prosser,WA,Benton,Prosser,1002 Dudley Avenue,99350,46.148328,-119.559674,zip,6380.0,Rural (<10k),7,7,0,0,7,13925000.0,13925000.0,75.0,Open,Not on any supplied list - verify before outreach,Marty Groom,Public Works Director,mgroom@ci.prosser.wa.us,1-509-786-7300
City of Healdsburg|CA,City of Healdsburg,CA,Sonoma,Healdsburg,401 Grove Street,95448,38.512761,-122.787101,zip,11845.0,Small (10-50k),5,5,0,5,4,3955939.0,3955939.0,74.9,Open,Not on any supplied list - verify before outreach,Jeff Kay,City Manager,jkay@ci.healdsburg.ca.us,1-707-431-3452
City of Prineville|OR,City of Prineville,OR,Crook,Prineville,300 NE 3rd St UNIT 10,97754,44.16805,-120.660334,zip,10734.0,Small (10-50k),7,6,1,4,6,2945000.0,2675000.0,74.4,Open,Not on any supplied list - verify before outreach,Casey Kaiser,Public Works Director,ckaiser@cityofprineville.com,1-541-447-8338
Clackamas River Water|OR,Clackamas River Water,OR,Clackamas,Clackamas,16770 SE 82nd Dr.,97015,45.415038,-122.499461,zip,80000.0,Mid (50-250k),9,7,1,8,7,6598000.0,6050000.0,74.1,Open,Not on any supplied list - verify before outreach,Joe Eskew,"Engineering Manager, Capital Improvement Projects",jeskew@crwater.com,1-503-723-2565
County of Yuba|CA,County of Yuba,CA,Yuba,Marysville,915 8TH ST,95901,39.260878,-121.370959,zip,78668.0,Mid (50-250k),5,5,0,4,4,36175000.0,36175000.0,74.0,Open,Not on any supplied list - verify before outreach,Mary Pasillas,County Clerk,clerkoftheboard@co.yuba.ca.us,1-530-749-7510
Coastside County Water District|CA,Coastside County Water District,CA,San Mateo,Half Moon Bay,766 MAIN ST,94019,37.389057,-122.415566,zip,767423.0,Large (250k+),9,8,0,3,9,18016520.0,13616520.0,74.0,Open,Not on any supplied list - verify before outreach,Jonathan Sutter,Project Manager,jsutter@ekiconsult.com,1-650-726-4405
Discovery Clean Water Alliance|WA,Discovery Clean Water Alliance,WA,Clark,Vancouver,"8000 NE 52nd Ct, Vancouver, WA",98665,45.689187,-122.661608,zip,183012.0,Mid (50-250k),6,6,0,3,5,62150000.0,62150000.0,74.0,Open,Not on any supplied list - verify before outreach,John M. Peterson,General Manager,jpeterson@crwwd.com,1-360-993-8819
City of Grover Beach|CA,City of Grover Beach,CA,San Luis Obispo,Grover Beach,154 South 8th Street,93433,35.38173,-120.50264,zip,12745.0,Small (10-50k),5,5,0,5,3,4860000.0,4860000.0,73.7,Open,Not on any supplied list - verify before outreach,Javier Garcia,Assistant Engineer,jgarcia@groverbeach.org,1-805-473-4530
County of Ventura|CA,County of Ventura,CA,Ventura,Ventura,800 S VICTORIA AVE,93009,34.356248,-119.146228,zip,846006.0,Large (250k+),8,7,1,6,7,7312000.0,5742000.0,73.5,Open,Not on any supplied list - verify before outreach,Scott Powers,Chief Financial Officer,Scott.Powers@venturacounty.gov,1-805-677-8761
City of Albany|OR,City of Albany,OR,Linn,Albany,333 Broadalbin St SW,97321,44.594489,-122.581676,zip,55338.0,Mid (50-250k),5,5,0,4,4,9700000.0,9700000.0,73.4,Open,Not on any supplied list - verify before outreach,Chris Bailey,Public Works Director,chris.bailey@cityofalbany.net,1-541-917-7629
City of Ridgefield and Clark Regional Wastewater District|WA,City of Ridgefield and Clark Regional Wastewater District,WA,Clark,Vancouver,PO BOX 8979,98668,45.801586,-122.520347,zip,9153.0,Rural (<10k),5,5,0,3,5,4680000.0,4680000.0,73.4,Open,Not on any supplied list - verify before outreach,Robin Krause,Principal Engineer (Transmission & Treatment),rkrause@crwwd.com,1-360-993-4000
City of Huntington Beach|CA,City of Huntington Beach,CA,Orange,Huntington Beach,"2000 Main St #5, Huntington Beach, CA",92648,33.640302,-117.769442,zip,199223.0,Mid (50-250k),6,5,1,6,2,40084257.0,38434257.0,73.0,Open,Not on any supplied list - verify before outreach,Travis Hopkins,City Manager,city.manager@surfcity-hb.org,1-714-536-5202
City of Wasco|CA,City of Wasco,CA,Kern,Wasco,"746 8th Street Wasco, CA",93280,35.467934,-118.704037,zip,28710.0,Small (10-50k),6,5,0,4,4,4483900.0,4483900.0,73.0,Open,Not on any supplied list - verify before outreach,Alberto Martinez,Public Works Director,luvilla@cityofwasco.org,1-661-758-7271
City of Calexico|CA,City of Calexico,CA,Imperial,Calexico,608 Heber Ave,92231,32.946832,-115.518355,zip,39825.0,Small (10-50k),9,8,1,4,8,2101000.0,1900000.0,72.8,Open,Not on any supplied list - verify before outreach,Karla Chaparro,Finance Director,kchaparro@calexico.ca.gov,+1-760-768-2130
City of Brawley|CA,City of Brawley,CA,Imperial,Brawley,"383 Main Street, Brawley, CA",92227,33.096382,-115.280168,zip,26227.0,Small (10-50k),6,6,0,6,5,1390320.0,1390320.0,72.8,Open,Not on any supplied list - verify before outreach,Jerry Santillan,City Manager,jsantillan@brawley-ca.gov,1-760-344-9111
Scotts Valley Water District|CA,Scotts Valley Water District,CA,Santa Cruz,Scotts Valley,2 CIVIC CENTER DR,95066,37.071387,-122.006276,zip,35000.0,Small (10-50k),5,5,0,0,4,12893290.0,12893290.0,72.0,Open,Not on any supplied list - verify before outreach,Rodolfo Onchi,Director of Public Works,ronchi@scottsvalley.gov,91-83178-35662
City of Greenfield|CA,City of Greenfield,CA,Monterey,Greenfield,599 El Camino Real,93927,36.323971,-121.324308,zip,17516.0,Small (10-50k),9,9,0,2,2,24100000.0,24100000.0,72.0,Open,Not on any supplied list - verify before outreach,Arturo Felix,Operations Manager,afelix@ci.greenfield.ca.us,1-831-674-2635
City of Millersburg|OR,City of Millersburg,OR,Linn,Albany,4222 Old Salem Rd NE,97321,44.594489,-122.581676,zip,2557.0,Rural (<10k),5,5,0,0,5,8308000.0,8308000.0,71.6,Open,Not on any supplied list - verify before outreach,Andrew Potts,City Engineer,Andrew.Potts@millersburgoregon.gov,1-458-233-6307
Las Virgenes Municipal Water District|CA,Las Virgenes Municipal Water District,CA,Los Angeles,Calabasas,"232 Las Virgenes Road, Calabasas, CA",91302,33.786594,-118.298662,zip,10039107.0,Large (250k+),5,5,0,3,4,379773031.0,379773031.0,71.0,Open,Not on any supplied list - verify before outreach,Joe McDermott,Assistant General Manager,jmcdermott@lvmwd.com,1-818-251-2130
West Bay Sanitary District|CA,West Bay Sanitary District,CA,San Mateo,Menlo Park,500 LAUREL ST,94025,37.439616,-122.186373,zip,767423.0,Large (250k+),7,6,0,5,2,26563000.0,25143000.0,71.0,Open,Not on any supplied list - verify before outreach,Bob Hulsmann,Operations Superintendent,bhulsmann@westbaysanitary.org,1-650-477-6413
City of Chico|CA,City of Chico,CA,Butte,Chico,411 Main Street,95928,39.687626,-121.799166,zip,103301.0,Mid (50-250k),8,8,0,5,2,29721459.0,29721459.0,71.0,Open,Not on any supplied list - verify before outreach,David Kehn,Senior Civil Engineer,david.kehn@chicoca.gov,1-530-879-6950
Western Municipal Water District|CA,Western Municipal Water District,CA,Riverside,March Air Force Base,14205 Meridian Pkwy,92518,33.752886,-116.055617,zip,331360.0,Large (250k+),5,5,0,2,5,18050000.0,18050000.0,71.0,Open,Not on any supplied list - verify before outreach,Chris Fike,Director of Maintenance Operations,cfike@wmwd.com,1-951-789-5133
City of Moses Lake|WA,City of Moses Lake,WA,Grant,Moses Lake,840 E Plum St,98837,47.180684,-119.298979,zip,24086.0,Small (10-50k),4,4,0,3,4,7775300.0,7775300.0,70.6,Open,Not on any supplied list - verify before outreach,Richard Law,City Engineer,rlaw@cityofml.com,1-509-764-3782
County of Thurston|WA,County of Thurston,WA,Thurston,Olympia,2000 LAKERIDGE DR SW,98502,47.104269,-123.055153,zip,290536.0,Large (250k+),8,8,0,4,8,6657000.0,6657000.0,70.3,Open,Not on any supplied list - verify before outreach,Leonard Hernandez,County Manager,leonard.hernandez@co.thurston.wa.us,1-360-786-5440
Sewerage Agency of Southern Marin|CA,Sewerage Agency of Southern Marin,CA,Marin,Mill Valley,450 Sycamore Ave,94941,37.886325,-122.562937,zip,258826.0,Large (250k+),7,3,4,4,7,9100000.0,8600000.0,70.2,Open,Not on any supplied list - verify before outreach,Eric Erikson,Director of Finance and Administrative Services,eerickson@cityofmillvalley.org,1-415-388-4035
Port Of Seattle|WA,Port Of Seattle,WA,King,Seattle,"2711 Alaskan Way, Seattle, WA",98121,47.432251,-121.803388,zip,2253000.0,Large (250k+),7,6,1,1,5,107451000.0,107431000.0,70.0,Open,Not on any supplied list - verify before outreach,Janice Zahn,Director of Engineering,zahn.j@portseattle.org,1-206-787-3798
City of Lompoc|CA,City of Lompoc,CA,Santa Barbara,Lompoc,100 Civic Center Plaza,93436,34.629464,-120.336594,zip,42853.0,Small (10-50k),7,7,0,5,4,1520000.0,1520000.0,70.0,Open,Not on any supplied list - verify before outreach,Craig Dierling,City Engineer,c_dierling@ci.lompoc.ca.us,1-805-875-8224
City of Klamath Falls|OR,City of Klamath Falls,OR,Klamath,Klamath Falls,500 Klamath Ave,97601,42.293293,-121.816873,zip,21786.0,Small (10-50k),6,4,1,3,4,12420000.0,6320000.0,69.6,Open,Not on any supplied list - verify before outreach,Andrew Lakey,City Engineer,alakey@klamathfalls.city,1-541-883-5283
North Tahoe Public Utility District|CA,North Tahoe Public Utility District,CA,Placer,Tahoe Vista,"875 National Ave

3091 County Center Dr, Auburn, CA",96148,39.2226,-120.068988,zip,412300.0,Large (250k+),22,20,2,14,21,2670052.0,2515052.0,69.0,Open,Not on any supplied list - verify before outreach,Bradley Johnson,General Manager,bjohnson@ntpud.org,1-530-546-4212;ext=5410
City of Walla Walla|WA,City of Walla Walla,WA,Walla Walla,Walla Walla,15 North 3rd Avenue,99362,46.1341,-118.291407,zip,32900.0,Small (10-50k),4,4,0,1,4,19000000.0,19000000.0,69.0,Open,Not on any supplied list - verify before outreach,ELIZABETH CHAMBERLAIN,City Manager,echamberlain@wallawallawa.gov,1-509-524-4350
Crestline Sanitation District|CA,Crestline Sanitation District,CA,San Bernardino,Crestline,"24516 Lake Dr, Crestline, CA",92325,34.850671,-116.701168,zip,10000.0,Small (10-50k),6,6,0,6,3,2449000.0,2449000.0,68.9,Open,Not on any supplied list - verify before outreach,Brandon Ricksecker,Operations Manager,bricksecker@crestlinesanitation.com,1-909-338-1751
City of Roseville|CA,City of Roseville,CA,Placer,Roseville,29777 Gratiot Ave,48066,42.509635,-82.936069,zip,139117.0,Mid (50-250k),8,7,0,5,5,9916750.0,4416750.0,68.8,Open,Not on any supplied list - verify before outreach,Jason Shykowski,Public Works Director,jshykowski@roseville.ca.us,1-916-746-5331
San Elijo Joint Powers Authority|CA,San Elijo Joint Powers Authority,CA,San Diego,Cardiff By The Sea,"2695 Manchester Avenue, Cardiff by the Sea, CA",92007,33.023042,-117.274469,zip,3338330.0,Large (250k+),13,13,0,8,9,4276970.0,4276970.0,68.6,Open,Not on any supplied list - verify before outreach,Christopher Trees,Director of Operations,treesc@sejpa.org,1-760-753-5935
City of Stockton|CA,City of Stockton,CA,San Joaquin,Stockton,"425 N. El Dorado St., Stockton, CA",95202,37.958573,-121.289206,zip,312697.0,Large (250k+),6,5,1,4,5,9837000.0,4587000.0,68.2,Open,Not on any supplied list - verify before outreach,Michael McDowell,Assistant Director of Community Development,michael.mcdowell@stocktonca.gov,1-209-937-8690
Orange County Sanitation District|CA,Orange County Sanitation District,CA,Orange,Fountain Valley,10844 ELLIS AVE,92708,33.640302,-117.769442,zip,2600000.0,Large (250k+),9,9,0,1,7,17774000.0,17774000.0,68.0,Open,Not on any supplied list - verify before outreach,Mike Dorman,Director of Engineering,mdorman@ocsan.gov,1-714-593-7014
Southern Nevada Water Authority|NV,Southern Nevada Water Authority,NV,Clark,Las Vegas,1001 S VALLEY VIEW BLVD,89107,36.169069,-115.208529,zip,644644.0,Large (250k+),6,5,0,3,3,146396000.0,12396000.0,68.0,Open,Not on any supplied list - verify before outreach,J.C. Davis,Chief Operations Officer,jc.davis@snwa.com,1-702-258-3930
City of Corona|CA,City of Corona,CA,Riverside,Corona,400 South Vicentia Avenue,92882,33.752886,-116.055617,zip,169868.0,Mid (50-250k),5,5,0,2,4,23151820.0,23151820.0,68.0,Open,Not on any supplied list - verify before outreach,Tom Moody,Director of Utilities,tom.moody@coronaca.gov,1-951-736-2477
City of Watsonville|CA,City of Watsonville,CA,Santa Cruz,Watsonville,231 Union Street,95076,36.98025,-121.74696,zip,53856.0,Mid (50-250k),5,5,0,2,4,43175900.0,43175900.0,68.0,Open,Not on any supplied list - verify before outreach,Steve Palmisano,Director of Public Works,steve.palmisano@cityofwatsonville.org,1-831-768-3100
City of Pasco|WA,City of Pasco,WA,Franklin,Pasco,525 N Third Avenue,99301,46.42066,-118.899447,zip,75432.0,Mid (50-250k),5,4,0,4,4,162679000.0,109679000.0,68.0,Open,Not on any supplied list - verify before outreach,Angela Pashon,Assistant City Manager,pashona@pasco-wa.gov,1-509-545-3404
City of Brentwood|CA,City of Brentwood,CA,Contra Costa,Brentwood,150 City Park Way,94513,37.912274,-121.843071,zip,65618.0,Mid (50-250k),5,5,0,4,2,115320000.0,115320000.0,68.0,Open,Not on any supplied list - verify before outreach,J. Wolfe,Project Manager,jwolfe@brentwoodca.gov,1-925-260-4794
City of Antioch|CA,City of Antioch,CA,Contra Costa,Antioch,"200 H Street, Antioch, CA",94509,37.931997,-121.906748,zip,111502.0,Mid (50-250k),6,5,1,6,6,4037341.0,2937341.0,67.9,Open,Not on any supplied list - verify before outreach,Marcus Woodland,Project Manager,mwoodland@antiochca.gov,91-92577-83911
City of Bend|OR,City of Bend,OR,Deschutes,,710 NW Wall St,97703,43.80528472727271,-120.51736112121213,zip3,100421.0,Mid (50-250k),5,4,1,3,4,33220000.0,11220000.0,67.0,Open,Not on any supplied list - verify before outreach,Mike Buettner,Utility Director,mbuettner@bendoregon.gov,1-541-388-5515
San Juan Water District|CA,San Juan Water District,CA,Sacramento,Granite Bay,9935 Auburn Folsom Road,95746,38.756614,-121.183436,zip,30000.0,Small (10-50k),6,4,2,5,4,710000.0,710000.0,66.4,Open,Not on any supplied list - verify before outreach,Andrew Pierson,Director of Engineering,apierson@sjwd.org,1-916-791-0153
City of Exeter|CA,City of Exeter,CA,Tulare,Exeter,137 North F Street,93221,36.344716,-119.088371,zip,10485.0,Small (10-50k),5,5,0,3,3,4225000.0,4225000.0,66.4,Open,Not on any supplied list - verify before outreach,Francesca Quintana,City Clerk,fquintana@exetercityhall.com,1-559-592-9244
City of Soledad|CA,City of Soledad,CA,Monterey,Soledad,248 Main Street,93960,36.449485,-121.368127,zip,25999.0,Small (10-50k),7,7,0,6,3,1128768.0,1128768.0,66.3,Open,Not on any supplied list - verify before outreach,Megan Hunter,City Manager,mhunter@cityofsoledad.com,1-831-223-5043
West County Wastewater District|CA,West County Wastewater District,CA,Contra Costa,San Pablo,2910 HILLTOP DR,94806,37.959573,-122.334131,zip,1153526.0,Large (250k+),8,5,2,6,8,7914500.0,1000000.0,66.0,Open,Not on any supplied list - verify before outreach,Keith Reynolds,Project Manager,keith@wcwd.org,1-510-237-6603
Mammoth Community Water District|CA,Mammoth Community Water District,CA,Mono,Mammoth Lakes,1315 Meridian Blvd,93546,37.609434,-118.865636,zip,14444.0,Small (10-50k),9,9,0,0,9,5460450.0,5460450.0,65.9,Open,Not on any supplied list - verify before outreach,Clay Murray,Operations Superintendent,cmurray@mcwd.dst.ca.us,1-760-934-2596;ext=231
City of Chino Hills|CA,City of Chino Hills,CA,San Bernardino,Chino,13220 Central Avenue,91710,34.159844,-114.30117,zip,80701.0,Mid (50-250k),6,4,2,5,4,6019510.0,5219510.0,65.4,Open,Not on any supplied list - verify before outreach,Jeff Walker,Water Distribution Supervisor,jwalker@chinohills.org,1-909-573-4397
City of Orange Cove|CA,City of Orange Cove,CA,Fresno,Orange Cove,633 6th Street,93646,36.677384,-119.783475,zip,10273.0,Small (10-50k),4,3,1,4,1,22505000.0,22425000.0,65.0,Open,Not on any supplied list - verify before outreach,Joe Estrada,Public Works Director,Joee@cityoforangecove.com,1-559-626-4488
City of Redding|CA,City of Redding,CA,Shasta,Redding,777 Cypress Ave,96001,40.675738,-122.456982,zip,92590.0,Mid (50-250k),5,5,0,2,3,33655500.0,33655500.0,65.0,Open,Not on any supplied list - verify before outreach,Michael Webb,Director of Public Works / City Engineer,mwebb@cityofredding.org,1-530-225-4170
Calaveras Public Utility District|CA,Calaveras Public Utility District,CA,Unspecified,,506 W St Charles St,,,,,,Unknown,5,5,0,0,5,10779200.0,10779200.0,65.0,Open,Not on any supplied list - verify before outreach,Mathew Roberts,General Manager,mroberts@cpud.org,1-209-754-9442
Yorba Linda Water District|CA,Yorba Linda Water District,CA,Orange,Placentia,"1717 E Miraloma Ave, Placentia, CA",92870,33.640302,-117.769442,zip,100000.0,Mid (50-250k),7,7,0,0,5,24000931.0,24000931.0,65.0,Open,Not on any supplied list - verify before outreach,Christine McIlrevey,Finance Manager,cmcilrevey@ylwd.com,1-714-701-3042
Midway City Sanitary District|CA,Midway City Sanitary District,CA,Orange,Orange,14451 Cedarwood St,92869,33.640302,-117.769442,zip,100000.0,Mid (50-250k),6,6,0,0,6,11493153.0,11493153.0,65.0,Open,Not on any supplied list - verify before outreach,Robert Housley,General Manager,rhousley@midwaycitysanitaryca.gov,1-714-893-3553
North City Water District|WA,North City Water District,WA,King,Seattle,PO BOX 55367,98155,47.767169,-122.259737,zip,57027.0,Mid (50-250k),5,5,0,5,0,40999590.0,40999590.0,65.0,Open,Not on any supplied list - verify before outreach,Diana Pottinger,General Manager,dianep@northcitywater.org,1-206-362-8100
Union Sanitary District|CA,Union Sanitary District,CA,Alameda,Union City,PO BOX 5050,94587,37.589084,-121.97362,zip,1671329.0,Large (250k+),10,10,0,0,10,38666000.0,38666000.0,65.0,Open,Not on any supplied list - verify before outreach,Shawn Nesgis,Wastewater Collections Supervisor,shawnn@unionsanitary.ca.gov,1-510-477-7552
Cambria Community Services District|CA,Cambria Community Services District,CA,San Luis Obispo,Cambria,"1316 Tamson Dr, Cambria",93428,35.587748,-120.954454,zip,283111.0,Large (250k+),16,16,0,0,12,12324876.0,12324876.0,65.0,Open,Not on any supplied list - verify before outreach,Toni Artho,Wastewater Systems Superintendent,tartho@cambriacsd.org,1-805-927-6223
McKinleyville Community Services District|CA,McKinleyville Community Services District,CA,Humboldt,Mckinleyville,PO BOX 2037,95519,40.708094,-123.976234,zip,135558.0,Mid (50-250k),7,7,0,0,7,9881000.0,9881000.0,64.8,Open,Not on any supplied list - verify before outreach,Samantha Howard,Finance Director,showard@mckinleyvillecsd.com,1-707-839-3251
Olympic Valley Public Service District|CA,Olympic Valley Public Service District,CA,Placer,Auburn,"3091 County Center Dr, Auburn, CA",95603,38.973505,-121.067718,zip,412300.0,Large (250k+),9,7,2,8,7,5871283.0,356343.0,64.7,Open,Not on any supplied list - verify before outreach,Charley Miller,General Manager,cmiller@ovpsd.org,1-530-452-4641;ext=204
San Bernardino Municipal Water Department|CA,San Bernardino Municipal Water Department,CA,San Bernardino,Crestline,1350 S E St,92325,34.850671,-116.701168,zip,10000.0,Small (10-50k),7,7,0,3,6,335000.0,335000.0,64.7,Open,Not on any supplied list - verify before outreach,Robin L. Ohama,Deputy General Manager,robin.ohama@sbmwd.org,1-909-384-5141
Donner Summit Public Utility District|CA,Donner Summit Public Utility District,CA,Unspecified,Soda Springs,PO BOX 610,95728,39.31959,-120.435313,zip,,Unknown,14,13,0,2,14,10545500.0,6825500.0,64.7,Open,Not on any supplied list - verify before outreach,Steve Palmer,General Manager,spalmer@dspud.com,1-530-426-3456
Kirkwood Meadows Public Utilities District|CA,Kirkwood Meadows Public Utilities District,CA,Amador,Kirkwood,PO BOX 247,95646,38.575433,-120.285021,zip,39752.0,Small (10-50k),16,15,1,0,13,4433309.0,3821075.0,64.6,Open,Not on any supplied list - verify before outreach,Brandi Benson,Operations Manager,bbenson@kmpud.com,1-209-258-4444
City of Madera|CA,City of Madera,CA,Madera,Madera,205 W 4th St,93637,36.928286,-120.182423,zip,64833.0,Mid (50-250k),5,4,1,4,4,7603020.0,7148020.0,64.3,Open,Not on any supplied list - verify before outreach,Ellen Bitter,Deputy City Engineer for Capital Projects,ebitter@madera.gov,+1-559-661-5472
City of Henderson|NV,City of Henderson,NV,Clark,Henderson,240 S. Water St.,89015,35.98395,-115.193902,zip,310390.0,Large (250k+),5,4,0,5,3,8643700.0,8054000.0,64.1,Open,Not on any supplied list - verify before outreach,Maria Gamboa,Director of Finance,Maria.Gamboa@cityofhenderson.com,1-702-267-1707
Casitas Municipal Water District|CA,Casitas Municipal Water District,CA,Ventura,Oak View,1055 VENTURA AVE,93022,34.412169,-119.292335,zip,846006.0,Large (250k+),5,4,1,1,5,134530386.0,132763386.0,64.0,Open,Not on any supplied list - verify before outreach,Julia Aranda,Engineering Manager,jaranda@casitaswater.com,1-805-649-2251;ext=107
City of Porterville|CA,City of Porterville,CA,Tulare,Porterville,291 N Main St,93257,35.973777,-118.703592,zip,59599.0,Mid (50-250k),7,6,1,3,3,6800000.0,6800000.0,63.6,Open,Not on any supplied list - verify before outreach,Maria Bemis,Finance Director,mbemis@ci.porterville.ca.us,1-559-782-7435
Clallam County Public Utility District|WA,Clallam County Public Utility District,WA,Clallam,Sequim,"104 Hooker Road, Sequim, WA",98382,48.06773,-123.080362,zip,77331.0,Mid (50-250k),9,8,1,5,5,573395.0,312145.0,62.6,Open,Not on any supplied list - verify before outreach,Todd Mielke,County Administrator,Todd.Mielke@clallampud.net,1-360-417-2233
City of Lowell|OR,City of Lowell,OR,Lane,Lowell,"107 E. 3rd Street, Lowell, OR",97452,43.885422,-122.694091,zip,1173.0,Rural (<10k),6,6,0,0,4,5279480.0,5279480.0,62.6,Open,Not on any supplied list - verify before outreach,Jeremy Caudle,City Administrator/Manager,jcaudle@ci.lowell.or.us,1-541-937-2157
El Toro Water District|CA,El Toro Water District,CA,Orange,Lake Forest,"24251 Los Alisos Blvd, Lake Forest",92630,33.64079,-117.693074,zip,100000.0,Mid (50-250k),16,16,0,8,12,1245200.0,1245200.0,62.5,Open,Not on any supplied list - verify before outreach,Rory Harnisch,Senior Engineer,rharnisch@etwd.com,1-949-837-7050;ext=251
City of Stanwood|WA,City of Stanwood,WA,Snohomish,Everett,10220 270th St NW,98201,47.988661,-122.199795,zip,7287.0,Rural (<10k),5,5,0,0,4,5150000.0,5150000.0,62.3,Open,Not on any supplied list - verify before outreach,Shawn Smith,City Engineer / Capital Projects Manager,shawn.smith@stanwoodwa.org,1-360-454-5235
Mission Hills Community Services District|CA,Mission Hills Community Services District,CA,Los Angeles,Lompoc,1550 BURTON MESA BLVD,93436,34.629464,-120.336594,zip,10039107.0,Large (250k+),7,7,0,5,5,1165000.0,1165000.0,62.3,Open,Not on any supplied list - verify before outreach,Brad Hagemann,General Manager,bh@mhcsd.org,1-805-733-4366
City of Dixon|CA,City of Dixon,CA,Solano,Dixon,600 East A Street,95620,38.397372,-121.761419,zip,20698.0,Small (10-50k),5,3,2,4,5,2880060.0,1535000.0,62.1,Open,Not on any supplied list - verify before outreach,Sandy Jones,Chief Wastewater Plant Operator (WWTF Division),sjones@cityofdixon.us,1-707-679-0009;ext=6101
Leucadia Wastewater District|CA,Leucadia Wastewater District,CA,San Diego,San Diego,1960 La Costa Ave,92123,32.810983,-117.136812,zip,3338330.0,Large (250k+),10,10,0,0,9,8541159.0,8541159.0,62.1,Open,Not on any supplied list - verify before outreach,Paul Bushee,General Manager,pbushee@lwwd.org,1-760-753-0155;ext=3014
Orange County Water District|CA,Orange County Water District,CA,Orange,Fountain Valley,18700 WARD ST,92708,33.640302,-117.769442,zip,100000.0,Mid (50-250k),5,4,0,3,3,550360000.0,550360000.0,62.0,Open,Not on any supplied list - verify before outreach,Chris Olsen,Executive Director of Engineering/Water Resources,colsen@ocwd.com,1-714-378-3232
City of Cottonwood|AZ,City of Cottonwood,AZ,Yavapai,Cottonwood,827 North Main Street,86326,34.643596,-112.043547,zip,12253.0,Small (10-50k),4,4,0,3,3,5000000.0,5000000.0,62.0,Open,Not on any supplied list - verify before outreach,Tom Whitmer,Utilities Director,twhitmer@cottonwoodaz.gov,1-928-340-2737
City of Sedona|AZ,City of Sedona,AZ,Yavapai,Prescott,102 Roadrunner Drive,86305,34.683235,-112.208914,zip,10339.0,Small (10-50k),4,4,0,2,2,8020000.0,8020000.0,62.0,Open,Not on any supplied list - verify before outreach,Andy Dickey,Director of Public Works,adickey@sedonaaz.gov,1-928-203-5039
City of Buellton|CA,City of Buellton,CA,Santa Barbara,Buellton,107 W Hwy 246,93427,34.635927,-120.201469,zip,5102.0,Rural (<10k),7,5,1,0,4,4700000.0,3950000.0,61.9,Open,Not on any supplied list - verify before outreach,Rose Hess,Public Works Director & City Engineer,roseh@cityofbuellton.com,1-805-686-7424
Sierra Lakes County Water District|CA,Sierra Lakes County Water District,CA,Caribou,Soda Springs,"7300 Short Rd, Soda Springs, CA 95728",95728,39.31959,-120.435313,zip,7155.0,Rural (<10k),7,6,1,2,4,914047.0,664047.0,61.3,Open,Not on any supplied list - verify before outreach,Pat Baird,Utility Operations Manager,pbaird@slcwd.org,1-530-426-7800
Ventura River Water District|CA,Ventura River Water District,CA,Ventura,Ojai,401 S Ventura St,93023,34.478806,-119.25876,zip,25000.0,Small (10-50k),6,6,0,1,6,1609360.0,1609360.0,61.2,Open,Not on any supplied list - verify before outreach,Alma Quezada,Assistant General Manager,Alma@VenturaRiverWD.com,1-805-646-3403
Laguna Beach County Water District|CA,Laguna Beach County Water District,CA,Orange,Laguna Beach,PO BOX 987,92652,33.640302,-117.769442,zip,100000.0,Mid (50-250k),6,5,1,1,2,21185000.0,21110000.0,61.0,Open,Not on any supplied list - verify before outreach,Christopher Regan,Interim General Manager,christopher.regan@lbcwd.org,1-949-464-3108
Carpinteria Valley Water District|CA,Carpinteria Valley Water District,CA,Santa Barbara,Carpinteria,"1301 Santa Ynez Ave, Carpinteria, CA",93013,34.405045,-119.520525,zip,446499.0,Large (250k+),6,5,0,5,5,473500.0,383500.0,60.8,Open,Not on any supplied list - verify before outreach,Brian King,District Engineer,brian@cvwd.net,1-805-684-2816;ext=107
County of Mason|WA,County of Mason,WA,Mason,Shelton,411 N 5TH ST,98584,47.263255,-123.159683,zip,66768.0,Mid (50-250k),5,4,1,5,5,3930000.0,2330000.0,60.7,Open,Not on any supplied list - verify before outreach,Richard Dickinson,Deputy Director Utilities Management,rdickinson@masoncountywa.gov,1-360-427-9670;ext=652
Helix Water District|CA,Helix Water District,CA,San Diego,La Mesa,7811 UNIVERSITY AVE,91942,32.781084,-117.018638,zip,3338330.0,Large (250k+),9,3,6,8,5,5796000.0,1276000.0,60.6,Open,Not on any supplied list - verify before outreach,Luis Valdez,Director of Water Quality and System Operations,luis.valdez@helixwater.org,1-619-667-6203
Hidden Valley Lake Community Services District|CA,Hidden Valley Lake Community Services District,CA,Lake,95467,19400 HARTMANN RD,95467,38.8,-122.55,zip,64386.0,Mid (50-250k),6,5,1,3,5,2377175.0,2297175.0,60.6,Open,Not on any supplied list - verify before outreach,Paul Kelley,General Manager,pkelley@hvlcsd.org,1-707-987-9201
City of Lindsay|CA,City of Lindsay,CA,Tulare,Lindsay,"251 E Honolulu St, Lindsay, CA",93247,36.073033,-119.129166,zip,13463.0,Small (10-50k),7,5,1,3,3,1790216.0,265000.0,60.5,Open,Not on any supplied list - verify before outreach,Neyba Amezcua,Director,namezcua@lindsay.ca.us,1-559-562-7102;ext=4
City of Junction City|OR,City of Junction City,OR,Lane,Junction City,680 Greenwood St,97448,44.192567,-123.273576,zip,6229.0,Rural (<10k),4,4,0,0,2,43654448.0,43654448.0,60.0,Open,Not on any supplied list - verify before outreach,Gary Kaping,Public Works Director,gkaping@ci.junction-city.or.us,1-541-998-3125
City of North Bend|WA,City of North Bend,WA,King,North Bend,45715 SE 140th St,98045,47.467224,-121.687506,zip,8088.0,Rural (<10k),4,4,0,0,2,32060000.0,32060000.0,60.0,Open,Not on any supplied list - verify before outreach,Don Deberg,City Engineer,ddeberg@northbendwa.gov,1-425-888-7652
North Marin Water District|CA,North Marin Water District,CA,Marin,Novato,"999 Rush Creek Place, Novato, CA",94945,38.027654,-122.540951,zip,258826.0,Large (250k+),5,3,2,3,3,13725000.0,13600000.0,60.0,Open,Not on any supplied list - verify before outreach,Robert Clark,Chief Operations and Maintenance Officer,rclark@nmwd.com,1-415-897-4133
Los Angeles Department of Water and Power (LADWP)|CA,Los Angeles Department of Water and Power (LADWP),CA,Los Angeles,Los Angeles,200 N Spring St,90012,33.786594,-118.298662,zip,3979576.0,Large (250k+),6,4,2,4,0,110968000.0,67217000.0,60.0,Open,Not on any supplied list - verify before outreach,John Smith Jr,Chief Administrative Officer,john.smith@ladwp.com,1-213-367-4211
City of Coolidge|AZ,City of Coolidge,AZ,Pinal,Florence,130 W Central Ave,85132,32.96,-111.31,zip,13130.0,Small (10-50k),3,3,0,3,1,90259929.0,90259929.0,60.0,Open,Not on any supplied list - verify before outreach,Rick Miller,City Manager,rmiller@coolidgeaz.com,1-520-723-5361
El Dorado Irrigation District|CA,El Dorado Irrigation District,CA,El Dorado,Placerville,"2890 Mosquito Road, Placerville, California",95667,38.730224,-120.797149,zip,192843.0,Mid (50-250k),6,6,0,4,3,4388741.0,4388741.0,59.8,Open,Not on any supplied list - verify before outreach,Dan Corcoran,Operations Director,dcorcoran@eid.org,1-530-642-4082
City of Escalon|CA,City of Escalon,CA,San Joaquin,Escalon,2060 McHenry Ave,95320,37.817826,-121.033598,zip,7574.0,Rural (<10k),4,4,0,0,4,6887278.0,6887278.0,59.8,Open,Not on any supplied list - verify before outreach,Jaylen French,City Manager,jfrench@cityofescalon.org,+1-209-691-7400
Georgetown Divide Public Utility District|CA,Georgetown Divide Public Utility District,CA,El Dorado,Placerville,360 FAIR LN,95667,38.730224,-120.797149,zip,192843.0,Mid (50-250k),5,5,0,5,4,1250646.0,1250646.0,59.5,Open,Not on any supplied list - verify before outreach,Adam Brown,Operations Manager,abrown@gd-pud.org,1-530-333-4356;ext=110
City of Veneta|OR,City of Veneta,OR,Lane,Eugene,88184 8th St,97401,44.117868,-123.074193,zip,5056.0,Rural (<10k),10,10,0,0,9,2247491.0,2247491.0,59.5,Open,Not on any supplied list - verify before outreach,Matt Michel,City Administrator/Manager,mmichel@ci.veneta.or.us,1-541-935-2191;ext=306
Nipomo Community Services District|CA,Nipomo Community Services District,CA,San Luis Obispo,Nipomo,148 South Wilson Street,93444,35.048397,-120.494812,zip,283111.0,Large (250k+),15,14,0,0,9,14097100.0,7057100.0,59.1,Open,Not on any supplied list - verify before outreach,Elizabeth Gamez,Interim District Engineer,egamez@ncsd.ca.gov,1-805-929-1133
City of Sunnyvale|CA,City of Sunnyvale,CA,Santa Clara,Sunnyvale,"456 W. Olive Ave., Sunnyvale, CA",94086,37.189396,-121.705327,zip,152703.0,Mid (50-250k),4,4,0,2,3,16624240.0,16624240.0,59.0,Open,Not on any supplied list - verify before outreach,David Carnahan,City Clerk,cityclerk@sunnyvale.ca.gov,1-408-730-7483
Trabuco-Canyon Water District|CA,Trabuco-Canyon Water District,CA,Orange,Trabuco Canyon,32003 DOVE CANYON DR,92679,33.612322,-117.595826,zip,100000.0,Mid (50-250k),12,12,0,0,9,6727060.0,6727060.0,58.5,Open,Not on any supplied list - verify before outreach,Lorrie Lausten,District Engineer,llausten@tcwd.ca.gov,1-949-858-0277
City of Oakdale|CA,City of Oakdale,CA,Stanislaus,Oakdale,280 North 3rd Avenue,95361,37.839643,-120.698578,zip,23596.0,Small (10-50k),4,4,0,4,3,1656206.0,1656206.0,58.3,Open,Not on any supplied list - verify before outreach,Scot Moody,General Manager,,1-209-847-0341;ext=5508
City of Hanford|CA,City of Hanford,CA,Kings,Hanford,315 N Douty St,93230,36.220468,-119.71776,zip,57703.0,Mid (50-250k),4,4,0,3,4,6619440.0,6619440.0,58.2,Open,Not on any supplied list - verify before outreach,Darrel Pyle,City Manager,dpyle@ci.hanford.ca.us,1-559-585-2516
Soos Creek Water and Sewer District|WA,Soos Creek Water and Sewer District,WA,Unspecified,,14616 SE 192nd St,,,,,,Unknown,6,6,0,0,6,6579490.0,6579490.0,58.2,Open,Not on any supplied list - verify before outreach,Will Appleton,General Manager,wappleton@sooscreek.com,1-253-630-9900;ext=102
Incline Village General Improvement District|NV,Incline Village General Improvement District,NV,Washoe,Incline Village,893 SOUTHWOOD BLVD,89451,39.253908,-119.935619,zip,9000.0,Rural (<10k),12,11,0,0,9,1491600.0,1491600.0,58.0,Open,Not on any supplied list - verify before outreach,Kathryn Nelson,Engineering Manager,ksn@ivgid.org,1-775-832-1203
City of Willows|CA,City of Willows,CA,Glenn,Willows,"201 North Lassen Street Willows, CA",95988,39.519386,-122.292996,zip,6072.0,Rural (<10k),14,14,0,0,9,1477330.0,1477330.0,58.0,Open,Not on any supplied list - verify before outreach,Natisa Pfyl,Public Works Superintendent,npfyl@cityofwillows.org,1-530-934-7041
City of Orange|CA,City of Orange,CA,Orange,Orange,300 E Chapman Ave,92866,33.640302,-117.769442,zip,134475.0,Mid (50-250k),6,6,0,4,2,4875000.0,4875000.0,57.8,Open,Not on any supplied list - verify before outreach,Christopher Cash,Director of Public Works,ccash@cityoforange.org,1-714-744-5525
Rancho California Water District|CA,Rancho California Water District,CA,Unspecified,,42135 Winchester Rd,,,,,,Unknown,5,4,1,1,4,8115000.0,8115000.0,57.2,Open,Not on any supplied list - verify before outreach,Jeff Kirshberg,Water Resources Manager,kirshbergj@ranchowater.com,1-951-296-6942
Sonoma Water|CA,Sonoma Water,CA,Sonoma,Santa Rosa,575 Administration Drive,95403,38.477043,-122.810328,zip,494336.0,Large (250k+),4,2,2,4,3,12694000.0,12694000.0,57.0,Open,Not on any supplied list - verify before outreach,Emma Walton,Operations Manager,emma.walton@scwa.ca.gov,1-707-523-1070
City of Firebaugh|CA,City of Firebaugh,CA,Fresno,Firebaugh,1133 P Street,93622,36.772741,-120.213442,zip,8296.0,Rural (<10k),3,3,0,0,3,16282145.0,16282145.0,57.0,Open,Not on any supplied list - verify before outreach,Pio Martin,Finance Director,pmartin@firebaugh.org,1-559-659-5901
City of La Verne|CA,City of La Verne,CA,Los Angeles,La Verne,3660 D Street,91750,33.786594,-118.298662,zip,32206.0,Small (10-50k),3,3,0,3,3,5422000.0,5422000.0,56.8,Open,Not on any supplied list - verify before outreach,Ken Domer,City Manager,kdomer@cityoflaverne.org,1-909-596-8726
Mammoth Water District|CA,Mammoth Water District,CA,Mono,Mammoth Lakes,"1315 Meridian Blvd, Mammoth Lakes, CA",93546,37.609434,-118.865636,zip,8235.0,Rural (<10k),6,6,0,0,6,793000.0,793000.0,56.6,Open,Not on any supplied list - verify before outreach,Jake Trauscht,Senior Engineer,jtrauscht@mcwd.dst.ca.us,1-760-934-2596;ext=290
State of Hawaii|HI,State of Hawaii,HI,Honolulu,Honolulu,"530 S. King Street, Honolulu, HI",96813,24.859832,-168.021815,zip,347397.0,Large (250k+),4,3,1,4,4,89203000.0,6202000.0,56.4,Open,Not on any supplied list - verify before outreach,Mary Alice Evans,Director of Planning,maryalice.evans@hawaii.gov,1-808-587-2846
City of Napa|CA,City of Napa,CA,Napa,Napa,1600 1st Street,94559,38.256973,-122.311685,zip,78130.0,Mid (50-250k),3,3,0,3,3,37900000.0,37900000.0,56.0,Open,Not on any supplied list - verify before outreach,Steve Potter,City Manager,spotter@cityofnapa.org,1-707-257-9501
City of Daly City|CA,City of Daly City,CA,San Mateo,Daly City,333 90th Street,94015,37.676864,-122.475234,zip,106280.0,Mid (50-250k),4,4,0,0,4,14000000.0,14000000.0,56.0,Open,Not on any supplied list - verify before outreach,Richard Chiu,Director of Public Works,rchiu@dalycity.org,1-650-991-8038
County of Hawaii|HI,County of Hawaii,HI,Hawaii,Hilo,"1055 Kinoʻole Street, Suite 101, Hilo, HI",96720,19.564519,-155.26203,zip,208882.0,Mid (50-250k),4,3,0,4,2,57000000.0,57000000.0,56.0,Open,Not on any supplied list - verify before outreach,Chris Sparber,Acting Wastewater Division Chief,chris.sparber@hawaiicounty.gov,1-808-238-6233
County of Napa|CA,County of Napa,CA,Napa,Napa,1195 THIRD ST,94559,38.256973,-122.311685,zip,137744.0,Mid (50-250k),3,3,0,3,3,12444500.0,12444500.0,56.0,Open,Not on any supplied list - verify before outreach,Ryan Alsop,County Executive Officer,ryan.alsop@countyofnapa.org,1-707-253-4421
City of Florence|OR,City of Florence,OR,Lane,Eugene,250 US-101,97401,44.117868,-123.074193,zip,9151.0,Rural (<10k),5,5,0,0,5,380000.0,380000.0,55.8,Open,Not on any supplied list - verify before outreach,Erin Reynolds,City Manager,erin.reynolds@ci.florence.or.us,1-541-997-3437
Donner Summit Public Utilities District|CA,Donner Summit Public Utilities District,CA,Nevada,Nevada City,53823 Sherritt Ln,95959,39.299606,-120.887965,zip,99755.0,Mid (50-250k),8,8,0,0,8,5130500.0,5130500.0,55.3,Open,Not on any supplied list - verify before outreach,Steve Palmer,General Manager,spalmer@dspud.com,1-530-426-3456
City of Lafayette|OR,City of Lafayette,OR,Yamhill,Lafayette,486 3rd St,97127,45.232882,-123.110948,zip,4265.0,Rural (<10k),5,5,0,0,3,3160000.0,3160000.0,55.3,Open,Not on any supplied list - verify before outreach,Branden Dross,City Administrator,brandend@ci.lafayette.or.us,1-503-864-2451
County of King|WA,County of King,WA,King,Seattle,500 Fourth Ave.,98104,47.432251,-121.803388,zip,2253000.0,Large (250k+),4,3,1,2,3,112235000.0,108250000.0,55.0,Open,Not on any supplied list - verify before outreach,Rick Brater,Public Works Director,rick.brater@kingcounty.gov,1-206-477-3800
Central Coast Water Authority|CA,Central Coast Water Authority,CA,Santa Barbara,Buellton,255 INDUSTRIAL WAY,93427,34.635927,-120.201469,zip,5102.0,Rural (<10k),5,5,0,0,4,1450000.0,1450000.0,54.9,Open,Not on any supplied list - verify before outreach,Ray Stokes,Executive Director,ras@ccwa.com,1-805-688-2292
Bolinas Community Public Utility District|CA,Bolinas Community Public Utility District,CA,Marin,Mill Valley,"305 Bell Ln, Mill Valley, CA",94941,37.886325,-122.562937,zip,258826.0,Large (250k+),5,5,0,3,5,464725.0,464725.0,54.9,Open,Not on any supplied list - verify before outreach,Andrew Green,Board Member,aagreen@bcpud.org,1-415-868-1224
City of Los Banos|CA,City of Los Banos,CA,Merced,Los Banos,520 J Street,93635,37.103768,-120.847479,zip,41036.0,Small (10-50k),4,4,0,3,3,1135000.0,1135000.0,54.3,Open,Not on any supplied list - verify before outreach,Mark Fachin,Public Works Director/City Engineer,mark.fachin@losbanos.org,1-209-827-7056
City of Mountlake Terrace|WA,City of Mountlake Terrace,WA,Snohomish,Everett,23204 58th Ave W,98201,47.988661,-122.199795,zip,21338.0,Small (10-50k),2,2,0,2,2,10021603.0,10021603.0,54.0,Open,Not on any supplied list - verify before outreach,Gary Schimek,Public Works Director,gschimek@mltwa.gov,1-425-774-6221
June Lake Public Utility District|CA,June Lake Public Utility District,CA,Mono,Bridgeport,74 N. School Street,93517,38.248505,-119.19876,zip,14444.0,Small (10-50k),2,2,0,2,2,20200000.0,20200000.0,54.0,Open,Not on any supplied list - verify before outreach,Heather Morgan,City Clerk,hmorgan@junelakepud.com,1-760-648-7778;ext=13
City of Molalla|OR,City of Molalla,OR,Clackamas,Molalla,117 N Molalla Ave,97038,45.078408,-122.565028,zip,9265.0,Rural (<10k),3,3,0,0,2,104000000.0,104000000.0,54.0,Open,Not on any supplied list - verify before outreach,Dan Huff,City Manager,dhuff@cityofmolalla.com,1-503-829-6855
Soquel Creek Water District|CA,Soquel Creek Water District,CA,Santa Cruz,Soquel,"5180 Soquel Drive Soquel, CA",95073,37.031948,-121.94972,zip,35000.0,Small (10-50k),4,2,0,3,1,106347900.0,15900000.0,54.0,Open,Not on any supplied list - verify before outreach,Taj Dufour,Engineering Manager/Chief Engineer,tajd@soquelcreekwater.org,1-831-475-8500;ext=123
City of Sherwood|OR,City of Sherwood,OR,Washington,Sherwood,"22560 SW Pine St, Sherwood, OR",97140,45.371478,-122.874613,zip,19879.0,Small (10-50k),3,3,0,1,1,10128801.0,10128801.0,54.0,Open,Not on any supplied list - verify before outreach,Konrad Dimmitt,"Operations Supervisor - Water, Sanitary, Storm & Street",dimmittk@sherwoodoregon.gov,1-503-925-2334
City of Edgewood|WA,City of Edgewood,WA,Pierce,Tacoma,2224 104th Ave E,98405,47.247871,-122.472793,zip,13053.0,Small (10-50k),3,3,0,3,3,3550000.0,3550000.0,53.1,Open,Not on any supplied list - verify before outreach,Hardeep Goraya,Finance Director,hardeep@cityofedgewood.org,1-253-300-5645
Arizona Corporation Commission|AZ,Arizona Corporation Commission,AZ,Unspecified,Phoenix,"1200 West Washington Street, Phoenix",85007,33.276539,-112.18717,zip,,Unknown,4,4,0,0,3,14500000.0,14500000.0,53.0,Open,Not on any supplied list - verify before outreach,Mark Dinell,Director,mdinell@azcc.gov,1-602-542-4242
Springfield Utility Board|OR,Springfield Utility Board,OR,Lane,Springfield,"250 A St, Springfield, OR",97477,43.937276,-123.444371,zip,63230.0,Mid (50-250k),5,4,0,2,1,140034800.0,140000000.0,53.0,Open,Not on any supplied list - verify before outreach,Amy Chinitz,Water Resources Administrator,amyc@subutil.com,1-541-744-3745
Sacramento Area Sewer District|CA,Sacramento Area Sewer District,CA,Sacramento,Sacramento,10060 GOETHE RD,95827,38.552752,-121.322653,zip,1552058.0,Large (250k+),3,3,0,3,2,26960000.0,26960000.0,53.0,Open,Not on any supplied list - verify before outreach,Tepa Banda,Director of Finance,bendat@sacsewer.com,1-916-876-6000
Eugene Water and Electric Board|OR,Eugene Water and Electric Board,OR,Lane,Eugene,4200 Roosevelt Blvd.,97401,44.117868,-123.074193,zip,172622.0,Mid (50-250k),4,4,0,2,1,194600000.0,194600000.0,53.0,Open,Not on any supplied list - verify before outreach,Mark McGuire,Water Treatment Plant Operator,mark.mcguire@eweb.org,1-541-556-9024
Central Marin Sanitation Agency|CA,Central Marin Sanitation Agency,CA,Marin,San Rafael,"1301 Andersen Dr, San Rafael, CA",94901,37.970948,-122.504286,zip,258826.0,Large (250k+),8,5,2,2,4,661990.0,458990.0,52.9,Open,Not on any supplied list - verify before outreach,Jason Dow,General Manager,jdow@cmsa.us,1-415-459-1455;ext=145
City of Benson|AZ,City of Benson,AZ,Cochise,Benson,120 West 6th Street,85602,32.035885,-110.262611,zip,4880.0,Rural (<10k),5,5,0,0,2,3350000.0,3350000.0,52.7,Open,Not on any supplied list - verify before outreach,Bradley Hamilton,Public Work Director/City Engineer,bhamilton@bensonaz.gov,1-520-720-6317
Coos Bay-North Bend Water Board|OR,Coos Bay-North Bend Water Board,OR,Coos,Coos Bay,2305 Ocean Blvd SE,97420,43.215143,-124.198358,zip,38433.0,Small (10-50k),8,8,0,0,4,336000.0,336000.0,52.7,Open,Not on any supplied list - verify before outreach,Monica Kemper,Finance Director,customer_service@cbnbh2o.com,1-541-267-3128
City of Santa Barbara|CA,City of Santa Barbara,CA,Santa Barbara,Santa Barbara,735 Anacapa St.,93101,34.421897,-119.707135,zip,91364.0,Mid (50-250k),5,3,1,4,3,10395000.0,5845000.0,52.7,Open,Not on any supplied list - verify before outreach,Keith DeMartini,Finance Director,kdemartini@santabarbaraca.gov,1-805-564-5336
City of Kingman|AZ,City of Kingman,AZ,Mohave,Kingman,310 North 4th Street,86401,35.341456,-114.017106,zip,31013.0,Small (10-50k),3,3,0,3,2,4800000.0,4800000.0,52.6,Open,Not on any supplied list - verify before outreach,Tina D. Moline,Deputy City Manager/Finance Director,tmoline@cityofkingman.gov,1-928-753-5561
City of Scappoose|OR,City of Scappoose,OR,Columbia,Saint Helens,33568 E Columbia Ave,97051,45.887794,-122.919935,zip,7564.0,Rural (<10k),6,6,0,0,2,3290000.0,3290000.0,52.6,Open,Not on any supplied list - verify before outreach,Charlotte Baker,Public Works Administrator,cbaker@scappoose.gov,1-503-543-8404
City of Foster City|CA,City of Foster City,CA,San Mateo,San Mateo,610 Foster City Blvd,94404,37.553774,-122.269978,zip,33901.0,Small (10-50k),2,2,0,2,2,9275000.0,9275000.0,52.6,Open,Not on any supplied list - verify before outreach,Edmund Suen,Financial Services Director,esuen@fostercity.org,1-650-286-3210
Neskowin Regional Sanitary Authority|OR,Neskowin Regional Sanitary Authority,OR,Tillamook,Neskowin,PO BOX 383,97149,45.097011,-123.943418,zip,,Unknown,6,6,0,0,6,3586414.0,3586414.0,52.2,Open,Not on any supplied list - verify before outreach,Jeff Giteau,District Manager,manager@neskowinsanitary.com,1-503-392-3404
Nevada Irrigation District|CA,Nevada Irrigation District,CA,Nevada,Grass Valley,1036 W MAIN ST,95945,39.196288,-120.95855,zip,99755.0,Mid (50-250k),8,7,1,1,7,140038000.0,1038000.0,52.1,Open,Not on any supplied list - verify before outreach,Doug Roderick,Interim Engineering Manager,engdepartment@nidwater.com,1-530-271-6863
Ramona Municipal Water District|CA,Ramona Municipal Water District,CA,San Diego,Ramona,105 EARLHAM ST,92065,33.031572,-116.976549,zip,3338330.0,Large (250k+),5,5,0,3,4,390000.0,390000.0,51.8,Open,Not on any supplied list - verify before outreach,Ricardo Soto,District Engineer,rsoto@rmwd.org,1-760-910-3555
Truckee Sanitary District|CA,Truckee Sanitary District,CA,Nevada,Nevada City,12304 Joerger Dr,95959,39.299606,-120.887965,zip,99755.0,Mid (50-250k),16,16,0,0,15,3210000.0,3210000.0,51.4,Open,Not on any supplied list - verify before outreach,Michael Peak,Operations and Maintenance Superintendent,mpeak@ttsa.ca.gov,1-530-587-2525
City of Santa Paula|CA,City of Santa Paula,CA,Ventura,Santa Paula,970 East Ventura Street,93060,34.364943,-119.085704,zip,29806.0,Small (10-50k),3,3,0,2,3,4160000.0,4160000.0,51.3,Open,Not on any supplied list - verify before outreach,Julie Latshaw,City Clerk,cityclerk@spcity.org,1-805-933-4208
City of Grandview|WA,City of Grandview,WA,Yakima,Yakima,207 W 2nd St,98901,46.644476,-120.725557,zip,11078.0,Small (10-50k),3,3,0,2,2,5660000.0,5660000.0,51.3,Open,Not on any supplied list - verify before outreach,Anita Palacios,City Clerk,anitap@grandview.wa.us,1-509-882-9200
Inland Empire Regional Composting Authority|CA,Inland Empire Regional Composting Authority,CA,San Bernardino,Chino Hills,PO BOX 2470,91709,34.839964,-115.967051,zip,10000.0,Small (10-50k),2,2,0,1,2,22200000.0,22200000.0,51.0,Open,Not on any supplied list - verify before outreach,Jerry Burke,Director of Engineering,jburke@ieua.org,1-909-993-1600
City of Independence|OR,City of Independence,OR,Polk,Independence,555 S Main St,97351,44.836951,-123.165523,zip,32149.0,Small (10-50k),2,2,0,1,2,22306810.0,22306810.0,51.0,Open,Not on any supplied list - verify before outreach,Steven Ward,"Project Manager, Westech Engineering",sward@westech-eng.com,1-503-931-3460
City of Hillsboro|OR,City of Hillsboro,OR,Washington,Hillsboro,215 SW Adams Ave,54634,43.616843,-90.659829,zip,109128.0,Mid (50-250k),4,1,2,4,3,115266940.0,15682771.0,51.0,Open,Not on any supplied list - verify before outreach,Niki Iverson,Water Department Director,niki.iverson@hillsboro-oregon.gov,1-503-615-6770
City of Palm Springs|CA,City of Palm Springs,CA,Riverside,Palm Springs,3200 East Tahquitz Canyon Way,92262,33.842567,-116.527996,zip,48518.0,Small (10-50k),2,2,0,1,2,11600000.0,11600000.0,51.0,Open,Not on any supplied list - verify before outreach,Joel Montalvo,City Engineer,joel.montalvo@palmspringsca.gov,1-760-322-8339
City of San Jose|CA,City of San Jose,CA,Santa Clara,San Jose,200 E. Santa Clara St.,95113,37.189396,-121.705327,zip,1021795.0,Large (250k+),3,3,0,3,3,7449000.0,7449000.0,50.9,Open,Not on any supplied list - verify before outreach,Matt Loesch,Director of Public Works,matt.loesch@sanjoseca.gov,1-408-535-8300
County of San Luis Obispo|CA,County of San Luis Obispo,CA,San Luis Obispo,San Luis Obispo,1055 MONTEREY ST,93408,35.347065,-120.455345,zip,283111.0,Large (250k+),5,5,0,2,4,1374234.0,1374234.0,50.7,Open,Not on any supplied list - verify before outreach,John Diodati,Director of Public Works,jdiodati@co.slo.ca.us,1-805-781-5252
Suisun-Solano Water Authority|CA,Suisun-Solano Water Authority,CA,Solano,Suisun City,701 CIVIC CENTER BLVD,94585,38.195385,-121.994935,zip,447643.0,Large (250k+),6,5,1,1,4,1780000.0,1780000.0,50.6,Open,Not on any supplied list - verify before outreach,Paul Fuschslin,Assistant General Manager,fuchslip@sidwater.org,1-707-455-4020
City of Thousand Oaks|CA,City of Thousand Oaks,CA,Ventura,Thousand Oaks,2100 Thousand Oaks Blvd,91362,34.194756,-118.823177,zip,127873.0,Mid (50-250k),4,4,0,4,3,2680000.0,2680000.0,50.4,Open,Not on any supplied list - verify before outreach,Andrew Powers,City Manager,apowers@toaks.org,1-805-449-2121
City of Oregon|OR,City of Oregon,OR,Clackamas,Portland,535 SE 12th Ave.,97214,45.51444,-122.642305,zip,4246000.0,Large (250k+),3,3,0,2,2,10650000.0,10650000.0,50.0,Open,Not on any supplied list - verify before outreach,Tony Konkol,City Manager,tkonkol@ocity.org,1-503-496-1504
City of Yuba City|CA,City of Yuba City,CA,Sutter,Yuba City,1201 Civic Center Blvd,95993,39.130338,-121.737911,zip,67010.0,Mid (50-250k),3,3,0,1,3,39400000.0,39400000.0,50.0,Open,Not on any supplied list - verify before outreach,Ben Moody,Director of Public Works and Development Services,bmoody@yubacity.net,1-530-822-3231
Temescal Valley Water District|CA,Temescal Valley Water District,CA,Riverside,Corona,"22646 Temescal Canyon Rd, Temescal Valley, CA",92883,33.752886,-116.055617,zip,2470546.0,Large (250k+),4,4,0,2,0,13375000.0,13375000.0,50.0,Open,Not on any supplied list - verify before outreach,Paul Bishop,Superintendent,paulb@temescalvwd.com,1-951-277-1414
City of Angels Camp|CA,City of Angels Camp,CA,Calaveras,Angels Camp,584 South Main St.,95222,38.052816,-120.618608,zip,3956.0,Rural (<10k),4,4,0,0,4,1923000.0,1923000.0,49.8,Open,Not on any supplied list - verify before outreach,Michelle Gonzalez,Finance Director,michellegonzalez@angelscamp.gov,1-209-736-2181
Goleta Water District|CA,Goleta Water District,CA,Santa Barbara,Santa Barbara,4699 HOLLISTER AVE,93110,34.539027,-119.906198,zip,446499.0,Large (250k+),4,4,0,2,3,5319851.0,5319851.0,49.6,Open,Not on any supplied list - verify before outreach,David Matson,General Manager,dmatson@goletawater.com,1-805-879-4624
City of Ashland|OR,City of Ashland,OR,Jackson,Ashland,20 E Main St,97520,42.148098,-122.537356,zip,21281.0,Small (10-50k),2,2,0,1,2,9312747.0,9312747.0,49.6,Open,Not on any supplied list - verify before outreach,Sabrina Cotta,City Manager,Citymanageroffice@ashlandoregon.gov,
Town of Florence|AZ,Town of Florence,AZ,Pinal,Florence,775 N Main St,85132,32.96,-111.31,zip,26420.0,Small (10-50k),3,3,0,3,1,4760000.0,4760000.0,49.5,Open,Not on any supplied list - verify before outreach,Dan Cisco,Public Works Superintendent,dan.cisco@florenceaz.gov,1-520-868-7642
Town of Camp Verde|AZ,Town of Camp Verde,AZ,Yavapai,Prescott,473 S Main St STE 102,86305,34.683235,-112.208914,zip,11187.0,Small (10-50k),4,2,2,3,3,36075000.0,2075000.0,48.2,Open,Not on any supplied list - verify before outreach,Chet Teague,Wastewater Division Manager,chet.teague@campverde.az.gov,1-928-592-7888
City of Monmouth|OR,City of Monmouth,OR,Polk,Dallas,151 Main St W,97338,44.928092,-123.337291,zip,10586.0,Small (10-50k),2,2,0,1,1,15124000.0,15124000.0,48.0,Open,Not on any supplied list - verify before outreach,Russ Cooper,Public Works Director,rcooper@ci.monmouth.or.us,1-503-838-2173
City of Menlo Park|CA,City of Menlo Park,CA,San Mateo,Menlo Park,701 Laurel St,94025,37.439616,-122.186373,zip,34698.0,Small (10-50k),2,2,0,1,1,28500000.0,28500000.0,48.0,Open,Not on any supplied list - verify before outreach,Nikki Nagaya,Deputy City Manager/Public Works Director,nhnagaya@menlopark.gov,1-650-330-6781
City of Wenatchee|WA,City of Wenatchee,WA,Chelan,Wenatchee,301 Yakima Street,98801,47.573816,-120.351884,zip,34360.0,Small (10-50k),2,2,0,2,0,110110986.0,110110986.0,48.0,Open,Not on any supplied list - verify before outreach,Ryan Harmon,Project Engineer,rharmon@wenatcheewa.gov,1-509-888-3213
City of Puyallup|WA,City of Puyallup,WA,Pierce,Puyallup,333 S Meridian,98371,47.212822,-122.317148,zip,42361.0,Small (10-50k),3,3,0,3,3,650000.0,650000.0,47.3,Open,Not on any supplied list - verify before outreach,Steve Kirkelie,City Manager,skirkelie@puyallupwa.gov,1-253-841-4321
South Tahoe Public Utility District|CA,South Tahoe Public Utility District,CA,El Dorado,Placerville,1275 Meadow Crest Dr,95667,38.730224,-120.797149,zip,192843.0,Mid (50-250k),4,3,1,0,4,11707331.0,7586331.0,47.2,Open,Not on any supplied list - verify before outreach,Paul Hughes,Chief Financial Officer,phughes@stpud.dst.ca.us,1-530-544-6474
City of Riverside|CA,City of Riverside,CA,Riverside,March Air Force Base,14205 Meridian Pkwy,92518,33.752886,-116.055617,zip,331360.0,Large (250k+),4,3,0,2,3,7100000.0,7100000.0,47.2,Open,Not on any supplied list - verify before outreach,David Garcia,General Manager,dagarcia@riversideca.gov,1-951-351-6331
Trabuco Canyon Water District|CA,Trabuco Canyon Water District,CA,Unspecified,,32003 Dove Canyon Dr,,,,,,Unknown,4,4,0,0,4,5622000.0,5622000.0,47.2,Open,Not on any supplied list - verify before outreach,Michael Perea,Interim General Manager,mperea@tcwd.ca.gov,1-949-858-0277
San Francisco Airport Commission|CA,San Francisco Airport Commission,CA,County of San Francisco,San Francisco,"525 Golden Gate Avenue, San Francisco, CA",94102,37.779278,-122.416582,zip,1900000.0,Large (250k+),3,3,0,1,2,36670000.0,36670000.0,47.0,Open,Not on any supplied list - verify before outreach,Judi Mosqueda,Chief Development Officer,judi.mosqueda@flysfo.com,
Tacoma Public Utilities|WA,Tacoma Public Utilities,WA,Pierce,Tacoma,"3628 South 35th Street, Tacoma, WA",98409,47.205777,-122.321095,zip,904980.0,Large (250k+),3,3,0,2,1,17540000.0,17540000.0,47.0,Open,Not on any supplied list - verify before outreach,Chris Robinson,Power General Manager/Chief Operating Officer (COO),crobinson@ci.tacoma.wa.us,1-253-502-8600
California Department of Transportation|CA,California Department of Transportation,CA,Sacramento,Sacramento,1120 N St.,95814,38.579055,-121.480905,zip,508529.0,Large (250k+),3,3,0,0,3,15078001.0,15078001.0,47.0,Open,Not on any supplied list - verify before outreach,Keith Duncan,Division Chief of Budgets,keith.duncan@dot.ca.gov,1-916-651-6543
City of Fresno|CA,City of Fresno,CA,Fresno,Fresno,2600 Fresno Street,93721,36.729049,-119.771526,zip,520052.0,Large (250k+),3,3,0,1,2,27093300.0,27093300.0,47.0,Open,Not on any supplied list - verify before outreach,Georgeanne White,City Manager,georgeanne.white@fresno.gov,1-559-621-7900
City of Tigard|OR,City of Tigard,OR,Washington,Portland,13125 SW Hall Blvd,97223,45.44739,-122.795294,zip,55514.0,Mid (50-250k),3,3,0,2,1,13820000.0,13820000.0,47.0,Open,Not on any supplied list - verify before outreach,Brian Rager,Director of Public Works,brianr@tigard-or.gov,1-503-718-2471
City of Seattle|WA,City of Seattle,WA,King,Seattle,600 4th Ave,98104,47.432251,-121.803388,zip,753675.0,Large (250k+),3,2,0,3,2,97848256.0,18592256.0,47.0,Open,Not on any supplied list - verify before outreach,Andrew Lee,General Manager and CEO of Seattle Public Utilities,andrew.lee@seattle.gov,1-206-684-3000
City of Rogue River|OR,City of Rogue River,OR,Jackson,Rogue River,133 Broadway St,97537,42.533003,-123.097269,zip,2331.0,Rural (<10k),4,4,0,0,4,347500.0,347500.0,46.7,Open,Not on any supplied list - verify before outreach,Ryan Nolan,City Administrator / Manager,rnolan@cityofrogueriver.org,1-541-582-4401;ext=106
City of Aumsville|OR,City of Aumsville,OR,Marion,Aumsville,"595 Main Street, Aumsville, OR",97325,44.799503,-122.900739,zip,4180.0,Rural (<10k),5,5,0,0,0,3257000.0,3257000.0,46.5,Open,Not on any supplied list - verify before outreach,Steve Oslie,Public Works Director,soslie@aumsville.us,1-503-749-1185
City of Ontario|CA,City of Ontario,CA,San Bernardino,Ontario,200 North Cherry Avenue,91762,34.839964,-115.967051,zip,175841.0,Mid (50-250k),3,2,1,3,1,28950000.0,19450000.0,46.0,Open,Not on any supplied list - verify before outreach,Khoi Do,City Engineer,kdo@ontarioca.gov,1-909-395-2025
City of King City|CA,City of King City,CA,Monterey,King City,212 S Vanderhurst Ave,93930,36.201898,-121.05232,zip,14077.0,Small (10-50k),11,11,0,0,2,0.0,0.0,46.0,Open,Not on any supplied list - verify before outreach,Anthony Storelli,Public Works Superintendent,storelli@kingcity.com,1-831-385-3281
City of Lynden|WA,City of Lynden,WA,Whatcom,Lynden,"300 4th St, Lynden, WA",98264,48.932328,-122.436249,zip,15223.0,Small (10-50k),4,4,0,0,4,0.0,0.0,46.0,Open,Not on any supplied list - verify before outreach,,,,
City of Chelan|WA,City of Chelan,WA,Chelan,Chelan,135 E Johnson Ave,98816,47.876985,-120.07775,zip,4237.0,Rural (<10k),4,4,0,0,4,0.0,0.0,46.0,Open,Not on any supplied list - verify before outreach,Travis Denham,City Engineer,tdenham@cityofchelan.us,1-509-682-8030
City of Brisbane|CA,City of Brisbane,CA,San Mateo,Brisbane,"50 Park Pl, Brisbane, CA",94005,37.689182,-122.404332,zip,4671.0,Rural (<10k),4,4,0,0,3,1494260.0,1494260.0,46.0,Open,Not on any supplied list - verify before outreach,Caroline Cheung,Assistant to the City Manager,ccheung@brisbaneca.org,1-415-508-2157
Tualatin Valley Water District|OR,Tualatin Valley Water District,OR,Washington,,"1850 SW 170th Ave, Beaverton, OR",97003,45.45292676119402,-122.2766990597015,zip3,601592.0,Large (250k+),3,3,0,2,3,6349800.0,6349800.0,45.7,Open,Not on any supplied list - verify before outreach,David Kraska,General Manager,david.kraska@tvwd.org,1-503-941-4561
Calleguas Municipal Water District|CA,Calleguas Municipal Water District,CA,Ventura,Thousand Oaks,2100 E OLSEN ROAD,91360,34.213403,-118.800204,zip,846006.0,Large (250k+),4,4,0,2,3,3242000.0,3242000.0,45.5,Open,Not on any supplied list - verify before outreach,Dan Smith,Finance Manager,dsmith@calleguas.com,1-805-526-9323
United Water Conservation District|CA,United Water Conservation District,CA,Ventura,Santa Paula,106 N 8TH ST,93060,34.364943,-119.085704,zip,846006.0,Large (250k+),4,3,1,1,4,5725222.0,5205222.0,45.4,Open,Not on any supplied list - verify before outreach,Mauricio Guardado,Public Works Director,mauriciog@unitedwater.org,1-805-525-4431
Town of Cave Creek|AZ,Town of Cave Creek,AZ,Maricopa,Phoenix,37622 N Cave Creek Rd Suite B,85003,33.276539,-112.18717,zip,5838.0,Rural (<10k),4,4,0,0,3,1065000.0,1065000.0,45.1,Open,Not on any supplied list - verify before outreach,Hal Marron,Public Works Director / Town Engineer,hmarron@cavecreekaz.gov,1-480-488-6625
Oakwood Lake Water District|CA,Oakwood Lake Water District,CA,San Joaquin,Stockton,PO BOX 77980,95267,37.889849,-121.253872,zip,762148.0,Large (250k+),6,6,0,0,5,59000.0,59000.0,45.1,Open,Not on any supplied list - verify before outreach,Bert Michalczyk,District Engineer,bertmichalczyk@gmail.com,1-925-570-8830
City of Yreka|CA,City of Yreka,CA,Siskiyou,Yreka,701 4th Street,96097,41.623828,-122.440389,zip,7518.0,Rural (<10k),2,2,0,0,1,32000000.0,32000000.0,45.0,Open,Not on any supplied list - verify before outreach,,,,
City of McFarland|CA,City of McFarland,CA,Kern,Mc Farland,401 West Kern Avenue,93250,35.674813,-118.489938,zip,15506.0,Small (10-50k),2,2,0,1,0,17034120.0,17034120.0,45.0,Open,Not on any supplied list - verify before outreach,Diego Viramontes,Finance Director,dviramontes@mcfarlandcity.org,1-661-792-3091;ext=2102
City of Philomath|OR,City of Philomath,OR,Benton,Philomath,6990 W Hills Rd,97370,44.555144,-123.439249,zip,5666.0,Rural (<10k),2,2,0,0,1,26750000.0,26750000.0,45.0,Open,Not on any supplied list - verify before outreach,Chris Workman,City Manager,chris.workman@ci.philomath.or.us,1-541-929-6148
City of Sweet Home|OR,City of Sweet Home,OR,Linn,Sweet Home,3225 Main St,97386,44.380262,-122.698954,zip,9977.0,Rural (<10k),2,2,0,0,1,30056061.0,30056061.0,45.0,Open,Not on any supplied list - verify before outreach,Dominic Valloni,Public Works Operations Manager,dvalloni@sweethomeor.gov,1-541-367-6359
City of Lake Oswego|OR,City of Lake Oswego,OR,Clackamas,Lake Oswego,"380 A Avenue, Lake Oswego, OR",97034,45.408374,-122.691388,zip,39822.0,Small (10-50k),3,3,0,0,2,5500000.0,5500000.0,45.0,Open,Not on any supplied list - verify before outreach,Martha Bennett,City Manager,bennett@lakeoswego.city,1-503-635-0215
City of Newberg|OR,City of Newberg,OR,Yamhill,Newberg,"414 E. First Street, Newberg, OR",97132,45.329475,-122.981045,zip,23886.0,Small (10-50k),2,2,0,1,0,27000000.0,27000000.0,45.0,Open,Not on any supplied list - verify before outreach,Will Worthey,City Manager,will.worthey@newbergoregon.gov,1-503-537-1256
Heber Public Utility District|CA,Heber Public Utility District,CA,Imperial,Heber,PO BOX H,92249,32.72181,-115.438271,zip,181215.0,Mid (50-250k),3,3,0,0,3,8860000.0,8860000.0,44.7,Open,Not on any supplied list - verify before outreach,HELEN MOLINA,Director,hdiaz@heber.ca.gov,1-760-482-2440
Sacramento Suburban Water District|CA,Sacramento Suburban Water District,CA,Sacramento,Sacramento,3701 MARCONI AVE,95821,38.627204,-121.437964,zip,1552058.0,Large (250k+),6,4,2,2,3,29900000.0,700000.0,44.4,Open,Not on any supplied list - verify before outreach,Hector Segoviano,Water Distribution Superintendent,feedback@sswd.org,1-916-972-7171
City of Hoquiam|WA,City of Hoquiam,WA,Grays Harbor,Montesano,609 8th St,98563,47.015536,-123.719565,zip,8655.0,Rural (<10k),2,2,0,0,2,8055000.0,8055000.0,44.1,Open,Not on any supplied list - verify before outreach,Chris Mcmullen,Public Works Superintendent,cmcmullen@cityofhoquiam.com,1-360-538-3966
City of Santa Ana|CA,City of Santa Ana,CA,Orange,Santa Ana,"20 Civic Center Plaza, Santa Ana, CA",92701,33.640302,-117.769442,zip,332318.0,Large (250k+),2,2,0,2,2,22000000.0,22000000.0,44.0,Open,Not on any supplied list - verify before outreach,Kathryn Downs,Executive Director of Finance Department,kdowns@santa-ana.org,1-714-647-3378
Garden Grove Sanitary District|CA,Garden Grove Sanitary District,CA,Orange,Garden Grove,11222 Acacia Parkway,92840,33.640302,-117.769442,zip,173258.0,Mid (50-250k),3,3,0,1,1,17029562.0,17029562.0,44.0,Open,Not on any supplied list - verify before outreach,Lisa Kim,City Manager,lisak@ggcity.org,
City of Anaheim|CA,City of Anaheim,CA,Orange,Anaheim,200 South Anaheim Boulevard,92805,33.640302,-117.769442,zip,350365.0,Large (250k+),2,2,0,2,2,25325000.0,25325000.0,44.0,Open,Not on any supplied list - verify before outreach,Greg Garcia,Deputy City Manager,ggarcia@anaheim.net,1-714-765-5162
Bay Area Water Supply And Conservation Agency|CA,Bay Area Water Supply And Conservation Agency,CA,San Mateo,San Mateo,155 BOVET RD,94402,37.541886,-122.33063,zip,104430.0,Mid (50-250k),2,2,0,2,2,18360849.0,18360849.0,44.0,Open,Not on any supplied list - verify before outreach,Negin Ashoori,Senior Water Resources Engineer,nashoori@bawsca.org,
City of San Clemente|CA,City of San Clemente,CA,Orange,San Clemente,100 Avenida Presidio,92672,33.568923,-117.616082,zip,64558.0,Mid (50-250k),3,3,0,3,3,3727405.0,3727405.0,43.5,Open,Not on any supplied list - verify before outreach,Amir Ilkhanipour,Senior Civil Engineer,Ilkhanipoura@san-clemente.org,1-949-361-6140
Citrus Heights Water District|CA,Citrus Heights Water District,CA,Sacramento,Citrus Heights,6230 SYLVAN RD,95610,38.689802,-121.26736,zip,1552058.0,Large (250k+),11,2,9,2,9,20668000.0,240000.0,43.5,Open,Not on any supplied list - verify before outreach,Rebecca Scott,Director of Operations,rscott@chwd.org,1-916-735-7705
Truckee-Donner Public Utility District|CA,Truckee-Donner Public Utility District,CA,Nevada,Nevada City,10183 Truckee Airport Rd,95959,39.299606,-120.887965,zip,16735.0,Small (10-50k),3,3,0,0,2,4669219.0,4669219.0,43.3,Open,Not on any supplied list - verify before outreach,Mike Salmon,Chief Financial Officer,michaelsalmon@tdpud.org,1-530-587-3896
Goleta Sanitary District|CA,Goleta Sanitary District,CA,Santa Barbara,Goleta,ONE WILLIAM MOFFETT PLACE,93117,34.503802,-120.038806,zip,30911.0,Small (10-50k),4,4,0,0,2,1084019.0,1084019.0,42.2,Open,Not on any supplied list - verify before outreach,Rob Mangus,Finance Director,rmangus@goletasanitary.org,1-805-967-4519
City of Mercer Island|WA,City of Mercer Island,WA,King,Mercer Island,9611 SE 36th St,98040,47.56025,-122.228083,zip,25894.0,Small (10-50k),4,2,1,2,4,5922219.0,0.0,42.0,Open,Not on any supplied list - verify before outreach,Jessi Bon,City Manager,citymanager@mercerisland.gov,1-206-275-7660
City of Fernley|NV,City of Fernley,NV,Lyon,Fernley,595 Silver Lace Blvd,89408,39.489212,-119.196644,zip,21476.0,Small (10-50k),1,1,0,1,1,10000000.0,10000000.0,42.0,Open,Not on any supplied list - verify before outreach,Derek Starkey,City Engineer,dstarkey@cityoffernley.org,1-775-784-9918
Salinas Valley Basin Groundwater Sustainability Agency|CA,Salinas Valley Basin Groundwater Sustainability Agency,CA,Monterey,Salinas,"1411 Schilling Pl , Salinas , CA",93901,36.441768,-121.416603,zip,11000.0,Small (10-50k),3,2,0,0,0,1366950000.0,1280000000.0,42.0,Open,Not on any supplied list - verify before outreach,Piret Harmon,General Manager,harmonp@svbgsa.org,1-831-471-7518
City of Selah|WA,City of Selah,WA,Yakima,Selah,115 W Naches Ave #1,98942,46.544316,-120.396038,zip,8087.0,Rural (<10k),2,2,0,0,0,33075000.0,33075000.0,42.0,Open,Not on any supplied list - verify before outreach,Ty Jones,Public Works Director,ty.jones@selahwa.gov,1-509-698-7365
Town of Chino Valley|AZ,Town of Chino Valley,AZ,Yavapai,Chino Valley,1020 W Palomino Rd,86323,34.755208,-112.171623,zip,12375.0,Small (10-50k),1,1,0,1,1,10000000.0,10000000.0,42.0,Open,Not on any supplied list - verify before outreach,Lindsey Jones,Sr. Program Administrator,LJones@azwifa.gov,1-602-364-1324
City of Monterey Park|CA,City of Monterey Park,CA,Los Angeles,Monterey Park,320 West Newmark Avenue,91754,33.786594,-118.298662,zip,60269.0,Mid (50-250k),3,3,0,3,1,5800000.0,5800000.0,41.6,Open,Not on any supplied list - verify before outreach,Martha Garcia,Director of Finance,magarcia@montereypark.ca.gov,1-626-307-1349
Water Replenishment District Of Southern California|CA,Water Replenishment District Of Southern California,CA,Los Angeles,Lakewood,"4040 Paramount Blvd, Lakewood, CA",90712,33.845624,-118.14645,zip,79307.0,Mid (50-250k),4,3,1,1,4,3136485.0,3136485.0,41.3,Open,Not on any supplied list - verify before outreach,Robert Katherman,Director of Planning,rob.katherman@icloud.com,1-562-275-4300
City of Modesto|CA,City of Modesto,CA,Stanislaus,Modesto,1010 10th St #2100,95354,37.533682,-121.090835,zip,215196.0,Mid (50-250k),2,2,0,1,2,90000000.0,90000000.0,41.0,Open,Not on any supplied list - verify before outreach,William Wong,Director of Utilities,wwong@modestogov.com,1-209-571-5801
Sonoma County Water Agency|CA,Sonoma County Water Agency,CA,Sonoma,Santa Rosa,404 Aviation Boulevard,95403,38.477043,-122.810328,zip,494336.0,Large (250k+),2,2,0,1,2,48750000.0,48750000.0,41.0,Open,Not on any supplied list - verify before outreach,Grant Davis,General Manager,grant.davis@scwa.ca.gov,1-707-547-1911
Town of Queen Creek|AZ,Town of Queen Creek,AZ,Maricopa,Chandler Hts,22350 South Ellsworth Road,85142,33.22,-111.61,zip,78634.0,Mid (50-250k),2,2,0,2,1,172000000.0,172000000.0,41.0,Open,Not on any supplied list - verify before outreach,Chris Dovel,Town Engineer,chris.dovel@queencreekaz.gov,1-480-358-3067
City of North Las Vegas|NV,City of North Las Vegas,NV,Clark,North Las Vegas,"2250 Las Vegas Blvd N, North Las Vegas, NV",89030,36.225271,-115.15431,zip,245949.0,Mid (50-250k),2,2,0,2,1,13650000.0,13650000.0,41.0,Open,Not on any supplied list - verify before outreach,Mike Hudgeons,"Manager of Engineering, Survey & Construction Services",hudgeonsm@cityofnorthlasvegas.com,1-702-633-1222
City of Martinez|CA,City of Martinez,CA,Contra Costa,Martinez,525 Henrietta St,94553,37.986421,-122.134976,zip,38297.0,Small (10-50k),3,2,0,3,2,2200000.0,1950000.0,40.9,Open,Not on any supplied list - verify before outreach,Joe Enke,City Engineer,jenke@cityofmartinez.org,1-925-348-1686
City of Oceanside|CA,City of Oceanside,CA,San Diego,Oceanside,300 N Coast Hwy,92054,33.016928,-116.846046,zip,175742.0,Mid (50-250k),3,2,1,3,3,4555000.0,4400000.0,40.8,Open,Not on any supplied list - verify before outreach,Brian Thomas,City Engineer,bthomas@oceansideca.org,1-760-435-5074
Town of Hillsborough|CA,Town of Hillsborough,CA,San Mateo,Burlingame,1600 Floribunda Avenue,94010,37.567086,-122.367573,zip,11387.0,Small (10-50k),4,2,1,3,2,8500000.0,800000.0,40.6,Open,Not on any supplied list - verify before outreach,Paul Willis,Public Works Director,pwillis@hillsborough.net,1-650-375-7444
Murphys Sanitary District|CA,Murphys Sanitary District,CA,Unspecified,Murphys,15 ERNEST ST,95247,38.131035,-120.454381,zip,,Unknown,4,4,0,0,4,2251260.0,2251260.0,40.5,Open,Not on any supplied list - verify before outreach,Kristina Fillmore,Administration Manager,kristina@murphyssd.org,1-209-728-3094
City of Buena Park|CA,City of Buena Park,CA,Orange,Buena Park,6650 Beach Boulevard,90621,33.640302,-117.769442,zip,81788.0,Mid (50-250k),4,4,0,3,2,700000.0,700000.0,40.4,Open,Not on any supplied list - verify before outreach,James Vanderpool,City Manager,jvanderpool@buenapark.com,1-714-562-3550
City of Monterey|CA,City of Monterey,CA,Monterey,Salinas,580 Pacific St,93901,36.441768,-121.416603,zip,28178.0,Small (10-50k),3,3,0,1,2,1534000.0,1534000.0,40.1,Open,Not on any supplied list - verify before outreach,Andrea Renny,Public Works Director,renny@monterey.org,1-831-646-3462
City of Scotts Valley|CA,City of Scotts Valley,CA,Santa Cruz,Scotts Valley,"701 Lundy Ln, Scotts Valley, CA",95066,37.071387,-122.006276,zip,11757.0,Small (10-50k),4,4,0,0,2,0.0,0.0,40.0,Open,Not on any supplied list - verify before outreach,Rodolfo Onchi,Public Works Director,ronchi@scottsvalley.gov,1-831-783-5662
City of Sanger|CA,City of Sanger,CA,Fresno,Sanger,1700 7th Street,93657,36.897408,-119.829053,zip,25339.0,Small (10-50k),4,4,0,0,2,0.0,0.0,40.0,Open,Not on any supplied list - verify before outreach,Nathan Olson,City Manager,Nathan.Olson@ci.sanger.ca.us,1-559-876-6300;ext=1700
City of McMinnville|OR,City of McMinnville,OR,Yamhill,Mcminnville,230 NE 2nd St,97128,45.187444,-123.237145,zip,34743.0,Small (10-50k),3,3,0,1,3,0.0,0.0,40.0,Open,Not on any supplied list - verify before outreach,Jeff Towery,City Manager,jeff.towery@mcminnvilleoregon.gov,1-503-434-7302
City of Mesa|AZ,City of Mesa,AZ,Maricopa,Mesa,20 E Main St,85201,33.440695,-111.856967,zip,504300.0,Large (250k+),4,4,0,1,4,362046.0,362046.0,39.7,Open,Not on any supplied list - verify before outreach,Candace Cannistraro,Finance Director,candace.cannistraro@mesaaz.gov,1-480-644-4941
City of Morgan Hill|CA,City of Morgan Hill,CA,Santa Clara,Morgan Hill,17555 Peak Avenue,95037,37.130238,-121.681557,zip,45952.0,Small (10-50k),3,2,0,2,1,5050000.0,4350000.0,39.7,Open,Not on any supplied list - verify before outreach,Christina Turner,City Manager,christina.turner@morganhill.ca.gov,1-408-776-7382
City of Kennewick|WA,City of Kennewick,WA,Benton,Prosser,210 W 6th Ave,99350,46.148328,-119.559674,zip,84347.0,Mid (50-250k),3,3,0,3,3,1800000.0,1800000.0,39.6,Open,Not on any supplied list - verify before outreach,Krystal Townsend,City Clerk,clerkinfo@ci.kennewick.wa.us,1-509-585-4273
Malaga County Water District|CA,Malaga County Water District,CA,Fresno,Fresno,3580 S FRANK AVE,93725,36.620698,-119.730824,zip,520052.0,Large (250k+),5,5,0,1,2,300000.0,300000.0,39.6,Open,Not on any supplied list - verify before outreach,Norma Melendez,District Clerk,nmelendez@malagacwd.org,1-559-485-7353
East Orange County Water District|CA,East Orange County Water District,CA,Orange,Orange,185 N McPherson Rd.,92869,33.640302,-117.769442,zip,100000.0,Mid (50-250k),4,4,0,3,2,300000.0,300000.0,39.6,Open,Not on any supplied list - verify before outreach,Jeff Smyth,District Engineer,jsmyth@eocwd.com,1-714-538-5815
City of Chino|CA,City of Chino,CA,San Bernardino,Chino,13220 Central Avenue,91710,34.159844,-114.30117,zip,89797.0,Mid (50-250k),3,3,0,3,2,3300000.0,3300000.0,39.6,Open,Not on any supplied list - verify before outreach,Hye Jin Lee,Director of Public Works,hjlee@cityofchino.org,1-909-334-3265
Western Riverside County Regional Wastewater Authority|CA,Western Riverside County Regional Wastewater Authority,CA,Unspecified,March Air Force Base,14205 MERIDIAN PKWY,92518,33.752886,-116.055617,zip,,Unknown,4,4,0,1,4,0.0,0.0,39.0,Open,Not on any supplied list - verify before outreach,Ben Burgett,Source Control Program Manager,bburgett@wmwd.com,1-951-571-7294
Big Bear Area Regional Wastewater Authority|CA,Big Bear Area Regional Wastewater Authority,CA,Unspecified,,121 Palomino Dr,,,,,,Unknown,4,4,0,1,2,3019000.0,3019000.0,39.0,Open,Not on any supplied list - verify before outreach,Christine Bennett,Finance Manager,cbennett@bbarwa.org,1-909-584-4522
City of Mattawa|WA,City of Mattawa,WA,Grant,Ephrata,521 Government Rd,98823,47.177565,-119.401958,zip,4758.0,Rural (<10k),1,1,0,0,1,12140000.0,12140000.0,39.0,Open,Not on any supplied list - verify before outreach,Juan Ledezma,Director Of Public Works,jledezma@cityofmattawa-wa.gov,1-509-932-4037
City of Apache Junction|AZ,City of Apache Junction,AZ,Pinal,Apache Jct,300 East Superstition Boulevard,85119,33.4,-111.46,zip,42571.0,Small (10-50k),1,1,0,1,0,44430000.0,44430000.0,39.0,Open,Not on any supplied list - verify before outreach,Emile Schmid,City Engineer,eschmid@apachejunctionaz.gov,1-480-474-8515
Meiners Oaks County Water District|CA,Meiners Oaks County Water District,CA,Ventura,Ojai,"202 W. El Roblar Drive  Ojai, CA",93023,34.478806,-119.25876,zip,25000.0,Small (10-50k),3,3,0,0,0,5500000.0,5500000.0,39.0,Open,Not on any supplied list - verify before outreach,Justin Martinez,General Manager,justin@meinersoakswater.com,1-805-646-2114
City of John Day|OR,City of John Day,OR,Grant,Canyon City,450 E Main St,97820,44.391149,-118.946498,zip,1672.0,Rural (<10k),1,1,0,0,1,19850000.0,19850000.0,39.0,Open,Not on any supplied list - verify before outreach,Monte Legg,Public Works Director,leggm@grantcounty-or.gov,1-541-575-0028
Pauma Valley Community Services District|CA,Pauma Valley Community Services District,CA,San Diego,Pauma Valley,33129 COLE GRADE ROAD,92061,33.016928,-116.846046,zip,3338330.0,Large (250k+),4,4,0,0,4,1102331.0,1102331.0,38.2,Open,Not on any supplied list - verify before outreach,Ogden Watson,Wastewater Treatment Plant Manager,ogden.watson@paumavalleycsd.ca.gov,1-760-742-1909
City of Lake Forest Park|WA,City of Lake Forest Park,WA,King,Seattle,17425 Ballinger Way NE,98104,47.432251,-121.803388,zip,13504.0,Small (10-50k),2,2,0,2,1,3574000.0,3574000.0,38.1,Open,Not on any supplied list - verify before outreach,Lindsey Vaughn,Finance Director,lvaughn@cityoflfp.gov,1-206-957-2816
West Valley Water District|CA,West Valley Water District,CA,Unspecified,,855 W Baseline Rd,,,,,,Unknown,2,2,0,0,2,46665000.0,46665000.0,38.0,Open,Not on any supplied list - verify before outreach,,,,
Arizona Department of Transportation|AZ,Arizona Department of Transportation,AZ,Arizona DOT,Phoenix,"1655 W Jackson St, Phoenix, AZ",85007,33.276539,-112.18717,zip,7276000.0,Large (250k+),4,4,0,0,0,6942000.0,6942000.0,37.9,Open,Not on any supplied list - verify before outreach,Teresa Welborn,Deputy Director,twelborn@azdot.gov,1-602-712-7228
Mount View Sanitary District|CA,Mount View Sanitary District,CA,Contra Costa,Martinez,"3800 Arthur Rd, Martinez, CA",94553,37.986421,-122.134976,zip,1153526.0,Large (250k+),4,4,0,1,3,951000.0,951000.0,37.9,Open,Not on any supplied list - verify before outreach,Lilia Corona,District Manager,lcorona@mvsd.org,1-925-228-5635
Port Of Toledo|OR,Port Of Toledo,OR,Lincoln,Toledo,PO BOX 428,97391,44.65719,-123.932758,zip,3644.0,Rural (<10k),2,2,0,0,2,4851596.0,4851596.0,37.7,Open,Not on any supplied list - verify before outreach,Doug Wiggins,City Manager,doug.wiggins@cityoftoledo.org,1-541-635-2003
City of Gonzales|CA,City of Gonzales,CA,Monterey,Gonzales,147 4th St,93926,36.502102,-121.408607,zip,8306.0,Rural (<10k),3,3,0,0,3,315000.0,315000.0,37.6,Open,Not on any supplied list - verify before outreach,Rene Mendez,City Manager,rmendez@ci.gonzales.ca.us,1-831-675-5000
Crescenta Valley Water District|CA,Crescenta Valley Water District,CA,Los Angeles,La Crescenta,2700 Foothill Blvd,91214,33.786594,-118.298662,zip,10039107.0,Large (250k+),5,3,2,3,2,2744000.0,269000.0,37.5,Open,Not on any supplied list - verify before outreach,James Lee,General Manager,jlee@cvwd.com,1-818-248-3925
City of Burlingame|CA,City of Burlingame,CA,San Mateo,Burlingame,501 Primrose Road,94010,37.567086,-122.367573,zip,30889.0,Small (10-50k),3,2,1,3,1,575000.0,575000.0,37.2,Open,Not on any supplied list - verify before outreach,Catherine Keylon,Senior Planner,ckeylon@burlingame.org,1-650-558-7252
Ironhouse Sanitary District|CA,Ironhouse Sanitary District,CA,Contra Costa,Oakley,450 WALNUT MEADOWS DR,94561,37.996516,-121.68972,zip,1153526.0,Large (250k+),4,4,0,0,2,3565000.0,3565000.0,37.1,Open,Not on any supplied list - verify before outreach,Jean-Marc Petit,General Manager,petit@isd.us.com,1-925-809-3001
City of San Bruno|CA,City of San Bruno,CA,San Mateo,San Bruno,567 El Camino Real,94066,37.623159,-122.436034,zip,42807.0,Small (10-50k),3,3,0,0,3,0.0,0.0,37.0,Open,Not on any supplied list - verify before outreach,Dalia Manaois,Principal Engineer,DManaois@sanbruno.ca.gov,1-650-616-7047
Elk Grove Water District|CA,Elk Grove Water District,CA,Sacramento,Elk Grove,"9829 Waterman Rd Elk Grove, CA",95624,38.44148,-121.307142,zip,1552058.0,Large (250k+),4,4,0,0,4,503000.0,503000.0,37.0,Open,Not on any supplied list - verify before outreach,Mark Madison,General Manager,mmadison@egwd.org,1-916-685-3556
City of Sumner|WA,City of Sumner,WA,Pierce,Tacoma,1707 Main St,98405,47.247871,-122.472793,zip,10427.0,Small (10-50k),2,2,0,2,2,1274610.0,1274610.0,36.5,Open,Not on any supplied list - verify before outreach,Michael Kosa,Public Works Director,michaelk@sumnerwa.gov,1-253-299-5709
Olivenhain Municipal Water District|CA,Olivenhain Municipal Water District,CA,San Diego,Encinitas,1966 OLIVENHAIN RD,92024,33.054154,-117.250253,zip,3338330.0,Large (250k+),7,7,0,1,1,250000.0,250000.0,36.5,Open,Not on any supplied list - verify before outreach,Lindsey Stephenson,Engineering Manager,lstephenson@olivenhain.com,1-760-632-4640
Twain Harte Community Services District|CA,Twain Harte Community Services District,CA,Tuolumne,Sonora,2 S GREEN ST,95370,37.96091,-120.343863,zip,2500.0,Rural (<10k),3,3,0,0,2,1185000.0,1185000.0,36.4,Open,Not on any supplied list - verify before outreach,Lewis Giambruno,Operations Manager,lgiambruno@twainhartecsd.com,1-209-586-3172
City of Troutdale|OR,City of Troutdale,OR,Multnomah,Troutdale,219 E Historic Columbia River Hwy,97060,45.525007,-122.390049,zip,16183.0,Small (10-50k),3,2,1,3,1,236000.0,200000.0,36.4,Open,Not on any supplied list - verify before outreach,Shawn Anderson,WPCF Wastewater Services Superintendent,shawn.anderson@troutdaleoregon.gov,1-503-492-2999
City of Ferndale|WA,City of Ferndale,WA,Whatcom,Bellingham,2095 Main St,98225,48.747687,-122.454297,zip,14897.0,Small (10-50k),2,2,0,2,2,1192923.0,1192923.0,36.4,Open,Not on any supplied list - verify before outreach,Katy Radder,Capital Projects Manager,katyradder@cityofferndale.org,1-310-685-2377;ext=1210
Summerland Sanitary District|CA,Summerland Sanitary District,CA,Unspecified,Summerland,PO BOX 417,93067,34.422045,-119.592561,zip,,Unknown,4,4,0,2,2,75095.0,75095.0,36.2,Open,Not on any supplied list - verify before outreach,Tricia Price,Board Director,info@summerlandsd.org,1-805-969-4344
City of Kirkland|WA,City of Kirkland,WA,King,Kirkland,"123 5th Avenue, Kirkland, WA",98033,47.673263,-122.187029,zip,93010.0,Mid (50-250k),4,3,1,1,2,4093700.0,3600000.0,36.2,Open,Not on any supplied list - verify before outreach,John Starbard,Deputy Director of Public Works,jstarbard@kirklandwa.gov,1-425-587-3911
Vista Irrigation District|CA,Vista Irrigation District,CA,San Diego,Vista,"1391 Engineer St, Vista, CA",92081,33.16,-117.24,zip,3338330.0,Large (250k+),4,2,1,2,0,8117596.0,8032596.0,36.1,Open,Not on any supplied list - verify before outreach,Shallako Goodrick,Director of Administration,sgoodrick@vidwater.org,1-760-597-3100
City of Bonney Lake|WA,City of Bonney Lake,WA,Pierce,Tacoma,9002 Main St E,98405,47.247871,-122.472793,zip,21148.0,Small (10-50k),2,2,0,2,2,1043403.0,1043403.0,36.1,Open,Not on any supplied list - verify before outreach,Jack Niehuser,Superintendent of Public Works,niehuserj@ci.bonney-lake.wa.us,1-253-447-3271
City of Arcadia|CA,City of Arcadia,CA,Los Angeles,Arcadia,"240 W Huntington Dr., Arcadia, CA",91007,33.786594,-118.298662,zip,58610.0,Mid (50-250k),4,3,1,1,3,2000000.0,2000000.0,36.0,Open,Not on any supplied list - verify before outreach,Dominic Lazzaretto,City Manager,domlazz@arcadiaca.gov,1-626-574-5401
Twentynine Palms Water District|CA,Twentynine Palms Water District,CA,San Bernardino,Crestline,72401 Hatch Rd,92325,34.850671,-116.701168,zip,10000.0,Small (10-50k),4,2,2,1,2,1551900.0,518700.0,36.0,Open,Not on any supplied list - verify before outreach,Ray Kolisz,General Manager,rkolisz@29palmswater.org,1-619-367-7546
Santa Ana Watershed Project Authority|CA,Santa Ana Watershed Project Authority,CA,Orange,Riverside,11615 STERLING AVE,92503,33.752886,-116.055617,zip,332318.0,Large (250k+),3,3,0,2,2,3002943.0,3002943.0,36.0,Open,Not on any supplied list - verify before outreach,Mark Norton,Planning Manager,mnorton@sawpa.org,1-951-354-4221
County of Douglas|NV,County of Douglas,NV,Douglas,Minden,PO BOX 218,89423,39.008718,-119.729731,zip,46997.0,Small (10-50k),2,2,0,2,2,875000.0,875000.0,35.8,Open,Not on any supplied list - verify before outreach,Philip Ritger,Public Works Director,Pritger@douglasnv.us,1-775-783-6480
City of La Grande|OR,City of La Grande,OR,Union,La Grande,1000 Adams Ave.,97850,45.29535,-118.164822,zip,13614.0,Small (10-50k),2,2,0,1,2,2400000.0,2400000.0,35.8,Open,Not on any supplied list - verify before outreach,Kyle Carpenter,Public Works Director,kcarpenter@cityoflagrande.org,1-541-962-1325
Rancho Murieta Community Services District|CA,Rancho Murieta Community Services District,CA,Sacramento,Sloughhouse,"15160 Jackson Rd, Rancho Murieta, CA 95683",95683,38.51858,-121.125431,zip,1552058.0,Large (250k+),5,4,1,1,2,390000.0,390000.0,35.8,Open,Not on any supplied list - verify before outreach,Michael Fritschi,Interim General Manager,mfritschi@rmcsd.com,1-916-354-3700
City of Portland|OR,City of Portland,OR,Multnomah,Portland,"1900 SW 4th Avenue, Suite 3100",97201,45.498931,-122.693157,zip,647805.0,Large (250k+),3,3,0,2,2,2702818.0,2702818.0,35.4,Open,Not on any supplied list - verify before outreach,Patricia Diefenderfer,Chief Planner,patricia.diefenderfer@portlandoregon.gov,1-503-313-2177
Kinneola Irrigation Dist|CA,Kinneola Irrigation Dist,CA,Los Angeles,Pasadena,1999 KINCLAIR DRIVE,91107,33.786594,-118.298662,zip,10039107.0,Large (250k+),4,4,0,0,2,2667309.0,2667309.0,35.3,Open,Not on any supplied list - verify before outreach,Tom Majich,General Manager,tm@kidwater.info,1-626-797-6295
City of Fort Bragg|CA,City of Fort Bragg,CA,Mendocino,Fort Bragg,"416 North Franklin Street
Fort Bragg",95437,39.500634,-123.637284,zip,7291.0,Rural (<10k),1,1,0,0,1,8141000.0,8141000.0,35.3,Open,Not on any supplied list - verify before outreach,Diane O'Conner,Assistant City Engineer,DOConnor@fortbraggca.gov,1-707-961-2824;ext=134
Silicon Valley Clean Water|CA,Silicon Valley Clean Water,CA,San Mateo,Redwood City,"1400 Radio Road, Redwood City, CA",94065,37.53256,-122.247806,zip,767423.0,Large (250k+),4,3,1,2,3,149200.0,119200.0,35.2,Open,Not on any supplied list - verify before outreach,Arvind Akela,Director of Engineering,aakela@svcw.org,1-650-832-6485
San Luis Harbor District Port|CA,San Luis Harbor District Port,CA,San Luis Obispo,San Luis Obispo,1055 MONTEREY ST,93408,35.347065,-120.455345,zip,283111.0,Large (250k+),3,3,0,3,2,1075000.0,1075000.0,35.2,Open,Not on any supplied list - verify before outreach,Dustin Barth,Executive Director,dustin.barth@portsanluis.com,1-805-595-5410
City of Loma Linda|CA,City of Loma Linda,CA,San Bernardino,Loma Linda,25541 Barton Road,92354,34.839964,-115.967051,zip,24482.0,Small (10-50k),2,2,0,2,2,600000.0,600000.0,35.2,Open,Not on any supplied list - verify before outreach,Lynette Arreola,City Clerk,larreola@lomalinda-ca.gov,1-909-799-2819
City of Selma|CA,City of Selma,CA,Fresno,Selma,1710 Tucker Street,93662,36.637507,-119.992005,zip,24825.0,Small (10-50k),2,2,0,1,2,2056451.0,2056451.0,35.1,Open,Not on any supplied list - verify before outreach,Margee Fallert,Deputy City Manager,margeef@cityofselma.com,1-559-891-2200;ext=3100
City of Vancouver|WA,City of Vancouver,WA,Clark,Vancouver,415 W 6th St,98660,45.74327,-122.713366,zip,183012.0,Mid (50-250k),3,2,1,2,3,3200000.0,3000000.0,35.0,Open,Not on any supplied list - verify before outreach,Brad Aiello,General Manager,brad.aiello@cityofvancouver.us,1-360-487-8177
City of Bremerton|WA,City of Bremerton,WA,Kitsap,Bremerton,345 6th Street,98337,47.568617,-122.63735,zip,41405.0,Small (10-50k),1,1,0,1,1,6500000.0,6500000.0,35.0,Open,Not on any supplied list - verify before outreach,David Powell,"Project Manager, Engineering Division",david.powell@ci.bremerton.wa.us,1-360-473-5268
Ventura County Waterworks No. 1|CA,Ventura County Waterworks No. 1,CA,Ventura,Ventura,,93009,34.356248,-119.146228,zip,846006.0,Large (250k+),2,2,0,0,1,10850000.0,10850000.0,35.0,Open,Not on any supplied list - verify before outreach,Paul Chan,Director,wscs@ventura.org,+1-805-654-5142
City of Atascadero|CA,City of Atascadero,CA,San Luis Obispo,Atascadero,6500 Palma Avenue,93422,35.464793,-120.712459,zip,30075.0,Small (10-50k),2,2,0,2,2,400000.0,400000.0,34.8,Open,Not on any supplied list - verify before outreach,Rachelle Rickard,City Manager,rrickard@atascadero.org,1-805-470-3400
American River Authority|CA,American River Authority,CA,Placer,Auburn,PO BOX 6570,95604,39.106287,-120.536032,zip,14195.0,Small (10-50k),1,1,0,0,1,7850000.0,7850000.0,34.7,Open,Not on any supplied list - verify before outreach,,,,
City of Dallas|OR,City of Dallas,OR,Polk,Dallas,187 SE Court St,97338,44.928092,-123.337291,zip,16979.0,Small (10-50k),2,2,0,2,2,315000.0,315000.0,34.6,Open,Not on any supplied list - verify before outreach,Tom Gilson,Engineering Supervisor,tom.gilson@dallasor.gov,1-503-831-3558
City of Brea|CA,City of Brea,CA,Orange,Brea,1 Civic Center Circle,92821,33.640302,-117.769442,zip,43255.0,Small (10-50k),2,2,0,1,1,3300000.0,3300000.0,34.6,Open,Not on any supplied list - verify before outreach,Michael Ho,Public Works Director,michaelh@cityofbrea.net,1-714-990-7691
City of Solvang|CA,City of Solvang,CA,Santa Barbara,Solvang,1644 Oak Street,93463,34.648841,-120.170111,zip,5838.0,Rural (<10k),3,3,0,0,2,300000.0,300000.0,34.6,Open,Not on any supplied list - verify before outreach,Jose Acosta,Utilities Director,jacosta@cityofsolvang.com,1-805-688-5575;ext=222
City of Avenal|CA,City of Avenal,CA,Kings,Avenal,919 Skyline Boulevard,93204,36.003134,-120.128716,zip,13496.0,Small (10-50k),2,2,0,2,2,272500.0,272500.0,34.5,Open,Not on any supplied list - verify before outreach,Rob Williams,Director of Public Works,rwilliams@cityofavenal.us,1-559-386-5782
City of Cerritos|CA,City of Cerritos,CA,Los Angeles,Cerritos,18125 Bloomfield Avenue,90703,33.866914,-118.068648,zip,50143.0,Mid (50-250k),3,3,0,3,2,625000.0,625000.0,34.2,Open,Not on any supplied list - verify before outreach,Robert Lopez,City Manager,ralopez@cerritos.us,1-562-860-4018
South Coast Water District|CA,South Coast Water District,CA,Orange,Laguna Beach,"31592 West St, Laguna Beach, CA",92651,33.520941,-117.741315,zip,100000.0,Mid (50-250k),5,4,0,2,1,600000.0,600000.0,34.2,Open,Not on any supplied list - verify before outreach,Joe McDivitt,Chief Operations Officer,jmcdivitt@scwd.org,1-949-499-4555;ext=3122
City of Bullhead City|AZ,City of Bullhead City,AZ,Mohave,Bullhead City,"2355 Trane Road, Bullhead, AZ",86442,35.005498,-114.323801,zip,40884.0,Small (10-50k),3,3,0,0,2,0.0,0.0,34.0,Open,Not on any supplied list - verify before outreach,Mark Clark,Utilities Director,mclark@bullheadcityaz.gov,1-928-763-9400;ext=8840
City of Tracy|CA,City of Tracy,CA,San Joaquin,Tracy,333 Civic Center Plaza,95376,37.688679,-121.407804,zip,97328.0,Mid (50-250k),3,3,0,3,1,1849000.0,1849000.0,33.7,Open,Not on any supplied list - verify before outreach,Jenny Haruyama,City Manager,cm@cityoftracy.org,1-209-831-6115
City of Ephrata|WA,City of Ephrata,WA,Grant,Ephrata,35 C St NW,98823,47.177565,-119.401958,zip,8136.0,Rural (<10k),2,2,0,0,2,2860000.0,2860000.0,33.7,Open,Not on any supplied list - verify before outreach,Kapalo Katie,City Clerk,kkapalo@ephrata.org,1-509-754-4601;ext=140
County of Santa Barbara|CA,County of Santa Barbara,CA,Santa Barbara,Santa Maria,511 LAKESIDE PKWY,93455,34.883589,-120.377957,zip,446499.0,Large (250k+),2,1,1,2,1,9780000.0,8280000.0,33.6,Open,Not on any supplied list - verify before outreach,Mona Miyasato,County Executive Officer,mmiyasato@sbcag.org,1-805-568-3400
Sewer Authority Mid-Coastside|CA,Sewer Authority Mid-Coastside,CA,Unspecified,Half Moon Bay,"1000 Cabrillo Hwy N, Half Moon Bay, CA",94019,37.389057,-122.415566,zip,,Unknown,3,3,0,2,3,150000.0,150000.0,33.3,Open,Not on any supplied list - verify before outreach,George Evans,Finance Officer,timc@samcleanswater.org,1-650-726-0124;ext=104
San Miguel Community Services District|CA,San Miguel Community Services District,CA,Unspecified,San Miguel,PO BOX 180,93451,35.705546,-120.646803,zip,,Unknown,4,4,0,0,3,142798.0,142798.0,33.3,Open,Not on any supplied list - verify before outreach,Rod Smiley,President,rod.smiley@sanmiguelcsd.org,1-805-467-3388
City of Fairfield|CA,City of Fairfield,CA,Solano,Fairfield,1000 Webster St,94533,38.278428,-122.020276,zip,144000.0,Mid (50-250k),3,3,0,2,2,1525000.0,1525000.0,33.0,Open,Not on any supplied list - verify before outreach,Marisa Cumpian,Sr. Management Analyst / Project Contact,mcumpian@fairfield.ca.gov,1-707-428-7494
City of Garden Grove|CA,City of Garden Grove,CA,Orange,Garden Grove,11222 Acacia Parkway,92840,33.640302,-117.769442,zip,173258.0,Mid (50-250k),3,3,0,2,1,3000000.0,3000000.0,33.0,Open,Not on any supplied list - verify before outreach,Samuel Kim,Deputy Public Works Director,samk@ggcity.org,1-714-741-5534
City of Palo Alto|CA,City of Palo Alto,CA,Santa Clara,Palo Alto,250 Hamilton Avenue,94301,37.189396,-121.705327,zip,66573.0,Mid (50-250k),5,2,3,3,2,28902094.0,0.0,33.0,Open,Not on any supplied list - verify before outreach,Ed Shikada,City Manager,Ed.Shikada@paloalto.gov,1-650-329-2280
City of Lebanon|OR,City of Lebanon,OR,Linn,Albany,925 S Main St,97321,44.594489,-122.581676,zip,17417.0,Small (10-50k),3,2,1,1,2,0.0,0.0,33.0,Open,Not on any supplied list - verify before outreach,Jason Willams,Public Works Director,jwilliams@ci.lebanon.or.us,1-541-258-4280
City of Yakima|WA,City of Yakima,WA,Yakima,Yakima,129 North Second Street,98901,46.644476,-120.725557,zip,97340.0,Mid (50-250k),4,3,1,3,1,450000.0,450000.0,32.9,Open,Not on any supplied list - verify before outreach,Bill Preston,Community Development Director,bill.preston@yakimawa.gov,1-509-576-6754
City of Grants Pass|OR,City of Grants Pass,OR,Josephine,Grants Pass,700 NW Dimmick St STE C,97526,42.402144,-123.416119,zip,38170.0,Small (10-50k),2,2,0,1,2,950000.0,950000.0,32.9,Open,Not on any supplied list - verify before outreach,Jason Canady,Public Works Director,jcanady@grantspassoregon.gov,1-541-450-6110
City of Casa Grande|AZ,City of Casa Grande,AZ,Pinal,Florence,510 E Florence Blvd,85132,32.96,-111.31,zip,58632.0,Mid (50-250k),3,2,1,3,0,5275000.0,4825000.0,32.6,Open,Not on any supplied list - verify before outreach,Deborah Spittel,City Manager,deborah_spittel@casagrandeaz.gov,1-520-421-8600
City of Edmonds|WA,City of Edmonds,WA,Snohomish,Edmonds,116 Union Ave,98020,47.806068,-122.372401,zip,42605.0,Small (10-50k),2,2,0,1,2,575000.0,575000.0,32.2,Open,Not on any supplied list - verify before outreach,Robert English,City Engineer,robert.english@edmondswa.gov,1-425-771-0220;ext=1327
Joshua Basin Water District|CA,Joshua Basin Water District,CA,San Bernardino,Joshua Tree,61750 Chollita Rd,92252,34.175713,-116.268415,zip,10000.0,Small (10-50k),3,3,0,0,1,555000.0,555000.0,32.1,Open,Not on any supplied list - verify before outreach,David Shook,Director of Administration,dshook@jbwd.com,1-760-366-8438
Los Alamos Community Services District|CA,Los Alamos Community Services District,CA,Santa Barbara,Los Alamos,"82 St Joseph St, Los Alamos, CA",93440,34.745715,-120.204944,zip,446499.0,Large (250k+),4,4,0,0,2,1024500.0,1024500.0,32.0,Open,Not on any supplied list - verify before outreach,Michael D. Redondo,County Clerk,michael.redondo@losalamosnm.gov,1-805-344-4195
County of Clark|NV,County of Clark,NV,Clark,Las Vegas,PO BOX 551601,89155,35.927901,-114.972061,zip,2266715.0,Large (250k+),1,1,0,1,1,22900000.0,22900000.0,32.0,Open,Not on any supplied list - verify before outreach,Layne Weber,"Principal Engineer, Drainage and Flood",wlweber@clarkcountynv.gov,1-702-455-4856
Town of Friday Harbor|WA,Town of Friday Harbor,WA,San Juan,Eastsound,60 Second St S,98245,48.659128,-122.867603,zip,2562.0,Rural (<10k),1,1,0,0,1,6500000.0,6500000.0,32.0,Open,Not on any supplied list - verify before outreach,Wayne Haefele,Director Of Public Works,wayneh@fridayharbor.org,1-360-378-2154
San Diego Association Of Governments (Sandag)|CA,San Diego Association Of Governments (Sandag),CA,San Diego,San Diego,5530 OVERLAND AVE,92123,32.810983,-117.136812,zip,3338330.0,Large (250k+),1,1,0,1,1,50000000.0,50000000.0,32.0,Open,Not on any supplied list - verify before outreach,Antoinette Meier,Senior Director of Regional Planning,antoinette.meier@sandag.org,1-619-699-7381
Quartz Hill County Water District|CA,Quartz Hill County Water District,CA,Los Angeles,Lancaster,5034 WEST AVENUE L,93536,33.786594,-118.298662,zip,10039107.0,Large (250k+),2,2,0,0,0,22431000.0,22431000.0,32.0,Open,Not on any supplied list - verify before outreach,Brent Byrne,General Manager,brentb@qhwd.org,
Sacramento Regional Transit District|CA,Sacramento Regional Transit District,CA,Sacramento,Sacramento,"1400 29th St, Sacramento, CA",95812,38.377411,-121.444429,zip,1552058.0,Large (250k+),2,2,0,0,0,9960000.0,9960000.0,31.9,Open,Not on any supplied list - verify before outreach,Jason Johnson,Chief Financial Officer,Jjohnson@sacrt.com,+1-916-280-9827
City of Douglas|AZ,City of Douglas,AZ,Cochise,Douglas,425 East 10th Street,85607,31.604081,-109.866187,zip,16193.0,Small (10-50k),3,2,0,2,1,419756.0,419756.0,31.8,Open,Not on any supplied list - verify before outreach,Elberto Acosta,Water Supervisor,elberto.acosta@douglasaz.gov,1-520-417-7536
Stockton East Water District|CA,Stockton East Water District,CA,San Joaquin,Stockton,"6767 E Main St, Stockton, CA",95215,37.964123,-121.128903,zip,762148.0,Large (250k+),3,3,0,3,1,860000.0,860000.0,31.7,Open,Not on any supplied list - verify before outreach,Juan Vega,Assistant General Manager,jvega@sewd.net,1-209-948-0537
City of Hemet|CA,City of Hemet,CA,Riverside,Hemet,445 East Florida Avenue,92543,33.651652,-116.777014,zip,85334.0,Mid (50-250k),2,2,0,2,1,5350000.0,5350000.0,31.7,Open,Not on any supplied list - verify before outreach,Mark Prestwich,City Manager,mprestwich@hemetca.gov,1-951-765-2301
City of Grass Valley|CA,City of Grass Valley,CA,Nevada,Grass Valley,125 East Main Street,95945,39.196288,-120.95855,zip,12817.0,Small (10-50k),2,2,0,1,2,240000.0,240000.0,31.5,Open,Not on any supplied list - verify before outreach,Trever Van Noort,Utilities Superintendent,treverv@cityofgrassvalley.com,1-530-274-4371
Water Infrastructure Finance Authority of Arizona|AZ,Water Infrastructure Finance Authority of Arizona,AZ,Maricopa,Phoenix,100 N 7th Ave,85007,33.276539,-112.18717,zip,1660000.0,Large (250k+),2,2,0,2,1,5237343.0,5237343.0,31.5,Open,Not on any supplied list - verify before outreach,,,,
City of Long Beach|WA,City of Long Beach,WA,Pacific,Long Beach,115 Bolstad St,98631,46.376798,-123.995591,zip,1496.0,Rural (<10k),2,2,0,0,2,1744800.0,1744800.0,31.5,Open,Not on any supplied list - verify before outreach,Jessie Hermens,City Clerk,jhermens@longbeachwa.gov,1-360-642-4421
Fallbrook Public Utility District|CA,Fallbrook Public Utility District,CA,Unspecified,,990 E Mission Rd,,,,,,Unknown,3,3,0,1,3,690000.0,690000.0,31.4,Open,Not on any supplied list - verify before outreach,David Shank,Assistant General Manager/Chief Financial Officer,dshank@fpud.com,1-760-728-1125
City of Arlington|WA,City of Arlington,WA,Snohomish,Arlington,116 Union Ave,98223,48.181498,-121.959469,zip,20523.0,Small (10-50k),3,3,0,1,0,75000.0,75000.0,31.2,Open,Not on any supplied list - verify before outreach,Paul Ellis,City Administrator,pellis@arlingtonwa.gov,1-360-403-4603
City of Banning|CA,City of Banning,CA,Riverside,Banning,99 East Ramsey Street,92220,33.919215,-116.864197,zip,31221.0,Small (10-50k),1,1,0,0,1,6125000.0,6125000.0,31.2,Open,Not on any supplied list - verify before outreach,Art Vela,Director of Public Works,avela@banningca.gov,1-951-922-3130
City of Chowchilla|CA,City of Chowchilla,CA,Madera,Chowchilla,130 South 2nd Street,93610,37.013396,-120.266097,zip,18310.0,Small (10-50k),2,2,0,1,2,40000.0,40000.0,31.1,Open,Not on any supplied list - verify before outreach,Jason Rogers,Director of Public Works,jrogers@cityofchowchilla.org,1-559-665-8615;ext=789
City of Oak Harbor|WA,City of Oak Harbor,WA,Island,Oak Harbor,"865 SE Barrington Drive, Oak Harbor, WA",98277,48.319858,-122.629353,zip,23565.0,Small (10-50k),2,2,0,1,2,0.0,0.0,31.0,Open,Not on any supplied list - verify before outreach,Chris Price,Operations Manager,cprice@oakharbor.org,1-360-279-4763
City of Hayward|CA,City of Hayward,CA,Alameda,Hayward,"777 B Street Hayward, CA",94541,37.67513,-121.97412,zip,159203.0,Mid (50-250k),5,3,2,2,1,10650000.0,0.0,31.0,Open,Not on any supplied list - verify before outreach,Alex Ameri,Director of Public Works,alex.ameri@hayward-ca.gov,1-510-583-4700
City of Okanogan|WA,City of Okanogan,WA,Okanogan,Okanogan,120 3rd Ave N,98840,48.577378,-119.956787,zip,2588.0,Rural (<10k),3,3,0,0,0,1490000.0,1490000.0,31.0,Open,Not on any supplied list - verify before outreach,Jon Culp,Mayor,okanoganmayor@okanogancity.com,1-509-422-3600
City of Fircrest|WA,City of Fircrest,WA,Pierce,Tacoma,"302 Regents Blvd, Fircrest, WA",98466,47.243075,-122.53936,zip,7156.0,Rural (<10k),3,3,0,0,1,0.0,0.0,31.0,Open,Not on any supplied list - verify before outreach,Jeff Davis,Public Works Foreman & Utilities Superintendent,jdavis@cityoffircrest.net,1-253-238-4137
City of White Salmon|WA,City of White Salmon,WA,Klickitat,White Salmon,"100 N. Main Street, White Salmon, WA",98672,45.828588,-121.405863,zip,2691.0,Rural (<10k),3,3,0,0,1,0.0,0.0,31.0,Open,Not on any supplied list - verify before outreach,Andrew Dirks,Public Works Director,andrewd@ci.white-salmon.wa.us,1-509-493-1133;ext=500
City of Calipatria|CA,City of Calipatria,CA,Imperial,Calipatria,125 Park St,92233,33.157664,-115.510284,zip,7114.0,Rural (<10k),2,2,0,0,2,1500000.0,1500000.0,31.0,Open,Not on any supplied list - verify before outreach,Edgar Self,Public Works Director,e_self@calipatria.com,1-760-348-2718
City of Page|AZ,City of Page,AZ,Coconino,Page,697 VISTA Ave,86040,36.910804,-111.502009,zip,7529.0,Rural (<10k),1,1,0,0,1,5935000.0,5935000.0,30.9,Open,Not on any supplied list - verify before outreach,Kyle Christiansen,Public Works Director,kchristiansen@pageaz.gov,1-928-645-4300
County of Clark|WA,County of Clark,WA,Clark,Vancouver,9817 NE 54th St.,98662,45.691419,-122.580457,zip,474643.0,Large (250k+),3,3,0,2,2,465000.0,465000.0,30.9,Open,Not on any supplied list - verify before outreach,Ken Lader,Public Works	Director,ken.lader@clark.wa.gov,1-564-397-4185
Borrego Water District|CA,Borrego Water District,CA,San Diego,Borrego Springs,806 Palm Canyon Dr,92004,33.016928,-116.846046,zip,3338330.0,Large (250k+),3,3,0,0,2,3300000.0,3300000.0,30.6,Open,Not on any supplied list - verify before outreach,Geoff Poole,General Manager,geoff@borregowd.org,1-760-767-5806
City of Carlin|NV,City of Carlin,NV,Elko,Carlin,151 8th St,89822,40.715931,-116.103154,zip,2277.0,Rural (<10k),1,1,0,0,1,5750000.0,5750000.0,30.5,Open,Not on any supplied list - verify before outreach,Richard Braithwaite,City Manager,rbraithwaite@cityofcarlin.com,1-775-754-6354
Town of Oro Valley|AZ,Town of Oro Valley,AZ,Pima,Tucson,11000 North La Cañada Drive,85737,32.435158,-110.984499,zip,46044.0,Small (10-50k),2,2,0,1,1,1240000.0,1240000.0,30.5,Open,Not on any supplied list - verify before outreach,Paul Keesler,Director of Public Works,pkeesler@orovalleyaz.gov,1-520-229-4811
Cupertino Sanitary District|CA,Cupertino Sanitary District,CA,Santa Clara,Cupertino,20833 STEVENS CREEK BLVD,95014,37.189396,-121.705327,zip,2000000.0,Large (250k+),2,2,0,0,2,6260000.0,6260000.0,30.5,Open,Not on any supplied list - verify before outreach,Benjamin T. Porter,District Manager-Engineer,bporter@cupertinosanitarydistrict.org,1-408-253-7071
South San Joaquin Irrigation District|CA,South San Joaquin Irrigation District,CA,Unspecified,Ripon,11011 E. Highway 120,95366,37.765177,-121.115411,zip,,Unknown,2,2,0,2,1,4600000.0,4600000.0,30.2,Open,Not on any supplied list - verify before outreach,Ed Erisman,Water Treatment Plant Manager,eerisman@ssjid.com,1-209-844-1504
City of Bainbridge Island|WA,City of Bainbridge Island,WA,Kitsap,Bainbridge Island,280 Madison Ave N,98110,47.647774,-122.538016,zip,25298.0,Small (10-50k),2,2,0,0,2,1050000.0,1050000.0,30.1,Open,Not on any supplied list - verify before outreach,Aaron Claiborne,Engineering Project Manager,aclaiborne@bainbridgewa.gov,1-206-571-9853
Cayucos Sanitary District|CA,Cayucos Sanitary District,CA,San Luis Obispo,Cayucos,PO BOX 333,93430,35.473343,-120.908608,zip,283111.0,Large (250k+),3,3,0,2,2,0.0,0.0,30.0,Open,Not on any supplied list - verify before outreach,Gayle Good,District Manager,ggood@cayucossd.org,1-805-995-9127
City of Salem|OR,City of Salem,OR,Marion,Salem,"555 Liberty St SE, Salem OR",97301,44.90472,-122.921721,zip,169259.0,Mid (50-250k),1,1,0,1,1,9000000.0,9000000.0,30.0,Open,Not on any supplied list - verify before outreach,Brian Martin,Public Works Director,bmartin@cityofsalem.net,1-503-588-6211
Skagit Public Utility District|WA,Skagit Public Utility District,WA,Skagit,Mount Vernon,PO BOX 1436,98273,48.435248,-122.208184,zip,70000.0,Mid (50-250k),4,4,0,0,2,0.0,0.0,30.0,Open,Not on any supplied list - verify before outreach,Mark Handzlik,Engineering Manager,handzlik@skagitpud.org,1-360-848-2170
City of Elko|NV,City of Elko,NV,Elko,Elko,1751 College Ave,89801,40.905583,-115.534429,zip,20452.0,Small (10-50k),1,1,0,1,0,5500000.0,5500000.0,30.0,Open,Not on any supplied list - verify before outreach,Dale Johnson,Assistant City Manager,djohnson@elkocitynv.gov,1-775-777-7211
City of North Bend|OR,City of North Bend,OR,Coos,Coquille,835 California Ave,97423,43.232318,-124.22419,zip,9768.0,Rural (<10k),1,1,0,0,0,6944000.0,6944000.0,29.9,Open,Not on any supplied list - verify before outreach,Jeff Bridgens,Finance Director,jbridgens@nnorthbendcity.org,1-541-756-8529
Marin Municipal Water District|CA,Marin Municipal Water District,CA,Madera,Corte Madera,"220 Nellen Ave., Corte Madera, CA",94925,37.925039,-122.512035,zip,157327.0,Mid (50-250k),3,3,0,1,2,1200000.0,1200000.0,29.4,Open,Not on any supplied list - verify before outreach,Ben Horenstein,General Manager,bhorenstein@marinwater.org,1-415-945-1455
City of Victorville|CA,City of Victorville,CA,San Bernardino,Victorville,14343 Civic Drive,92392,34.491985,-114.754916,zip,122385.0,Mid (50-250k),4,2,1,3,2,601115.0,100000.0,29.2,Open,Not on any supplied list - verify before outreach,Fredy Bonilla,City Engineer,fbonilla@victorvilleca.gov,1-760-955-5170
Valley of the Moon Water District|CA,Valley of the Moon Water District,CA,Sonoma,Santa Rosa,19039 Bay St,95403,38.477043,-122.810328,zip,494336.0,Large (250k+),4,2,2,2,2,2364779.0,541546.0,29.1,Open,Not on any supplied list - verify before outreach,Matt Fullner,General Manager,MFullner@vomwd.org,1-707-996-1037
City of Merced|CA,City of Merced,CA,Merced,Merced,678 W 18th St,95340,37.338191,-120.475427,zip,83676.0,Mid (50-250k),1,1,0,1,0,16755000.0,16755000.0,29.0,Open,Not on any supplied list - verify before outreach,Johnnie Baptista,Water Division Supervisor,baptistaj@cityofmerced.org,1-209-385-6800
Fountain Hills Sanitary District|AZ,Fountain Hills Sanitary District,AZ,Maricopa,Fountain Hills,16941 E PEPPERWOOD CIR,85268,33.276539,-112.18717,zip,25200.0,Small (10-50k),2,2,0,0,1,2000000.0,2000000.0,29.0,Open,Not on any supplied list - verify before outreach,Dana Trompke,District Manager,danatrompke@az-fhsd.gov,1-480-837-9444
Central Arizona Project|AZ,Central Arizona Project,AZ,Maricopa,Phoenix,PO BOX 43020,85080,33.276539,-112.18717,zip,1660000.0,Large (250k+),1,1,0,0,1,19900000.0,19900000.0,29.0,Open,Not on any supplied list - verify before outreach,Patrick Dent,"ASSISTANT GENERAL MANAGER, WATER POLICY",pdent@cap-az.com,
San Francisco Bay Area Rapid Transit District|CA,San Francisco Bay Area Rapid Transit District,CA,Alameda,Oakland,300 LAKESIDE DRIVE,94612,37.809435,-122.27018,zip,420233.0,Large (250k+),1,1,0,0,1,13000000.0,13000000.0,29.0,Open,Not on any supplied list - verify before outreach,Dorothy Dugger,General Manager,ddugger@bart.gov,1-510-464-7000
Orange Co Sanitation District|CA,Orange Co Sanitation District,CA,Unspecified,,10844 Ellis Ave,,,,,,Unknown,1,1,0,0,1,89100000.0,89100000.0,29.0,Open,Not on any supplied list - verify before outreach,,,,
City of Los Angeles|CA,City of Los Angeles,CA,Los Angeles,Los Angeles,200 N Spring St,90012,33.786594,-118.298662,zip,3979576.0,Large (250k+),1,1,0,1,0,329000000.0,329000000.0,29.0,Open,Not on any supplied list - verify before outreach,,,,
Indio Water Authority|CA,Indio Water Authority,CA,Riverside,Indio,100 Civic Center Mall,92201,33.728721,-116.035705,zip,91765.0,Mid (50-250k),1,1,0,1,0,122000000.0,122000000.0,29.0,Open,Not on any supplied list - verify before outreach,Rachel Pust,Finance Manager,rpust@indio.org,1-760-541-4238
City of Gold Beach|OR,City of Gold Beach,OR,Curry,Gold Beach,29592 Ellensburg Ave,97444,42.410099,-124.334383,zip,2304.0,Rural (<10k),2,2,0,0,2,445000.0,445000.0,28.9,Open,Not on any supplied list - verify before outreach,Anne Heath,Interim City Administrator,aheath@goldbeachoregon.gov,1-541-247-7029
City of Livermore|CA,City of Livermore,CA,Alameda,Livermore,1052 South Livermore Avenue,94550,37.676781,-121.91605,zip,90189.0,Mid (50-250k),2,2,0,2,2,2300000.0,2300000.0,28.6,Open,Not on any supplied list - verify before outreach,Carl Brown,Public Works Director,,+1-925-960-8003
City of Point Arena|CA,City of Point Arena,CA,Mendocino,Ukiah,451 School St,95482,39.403699,-123.321202,zip,449.0,Rural (<10k),2,2,0,0,2,300000.0,300000.0,28.6,Open,Not on any supplied list - verify before outreach,Paul Andersen,City Clerk,admin@pointarena.ca.gov,1-707-882-2122
Town of Coupeville|WA,Town of Coupeville,WA,Island,Coupeville,4 7th St NE,98239,48.1894,-122.66765,zip,1972.0,Rural (<10k),2,2,0,0,1,1730000.0,1730000.0,28.5,Open,Not on any supplied list - verify before outreach,Joe Grogan,Public Works Director,publicworks@townofcoupeville.org,1-360-678-4461;ext=110
City of Blaine|WA,City of Blaine,WA,Whatcom,Blaine,435 Martin St,98230,48.935767,-122.366448,zip,5607.0,Rural (<10k),3,2,0,0,2,142163.0,142163.0,28.3,Open,Not on any supplied list - verify before outreach,Bernie Ziemianek,Director Of Public Works,bziemianek@cityofblaine.com,1-360-332-8311;ext=3413
City of Sonoma|CA,City of Sonoma,CA,Sonoma,Sonoma,1 The Plaza,95476,38.255943,-122.476819,zip,11024.0,Small (10-50k),1,1,0,1,1,3134000.0,3134000.0,28.3,Open,Not on any supplied list - verify before outreach,Terrence Erickson,Water Supervisor,TErickson@sonomacity.org,1-707-933-2231
Salt River Project|AZ,Salt River Project,AZ,Maricopa,Tempe,"31 E. 5th St., Tempe, AZ",85281,33.432844,-111.927219,zip,190889.0,Mid (50-250k),3,1,2,3,1,24165000.0,3153000.0,28.3,Open,Not on any supplied list - verify before outreach,Alaina Chabrier,Associate General Manager & Chief Communications Executive​,achabrier10@gmail.com,1-602-236-5900
City of West Linn|OR,City of West Linn,OR,Clackamas,West Linn,22500 Salamo Road,97068,45.343615,-122.664926,zip,26736.0,Small (10-50k),2,2,0,1,1,120000.0,120000.0,28.2,Open,Not on any supplied list - verify before outreach,Matt Kaatz,Water Operations Supervisor,Mkaatz@westlinnoregon.gov,1-503-742-6083
La Puente Valley County Water District|CA,La Puente Valley County Water District,CA,Los Angeles,La Puente,112 N 1ST ST,91744,33.786594,-118.298662,zip,9500.0,Rural (<10k),2,2,0,0,2,95000.0,95000.0,28.2,Open,Not on any supplied list - verify before outreach,Henry P Hernandez,Director of Planning,hhernandez@lapuentewater.com,1-626-330-2126
Napa Berryessa Resort Improvement District|CA,Napa Berryessa Resort Improvement District,CA,Napa,Napa,1195 THIRD ST,94559,38.256973,-122.311685,zip,137744.0,Mid (50-250k),1,1,0,1,1,8000000.0,8000000.0,28.0,Open,Not on any supplied list - verify before outreach,Ryan J. Alsop,Chief Executive Officer,NBRID@countyofnapa.org,1-707-259-8600
City of Coquille|OR,City of Coquille,OR,Coos,Coquille,851 N Central Blvd,97423,43.232318,-124.22419,zip,3938.0,Rural (<10k),2,2,0,0,2,0.0,0.0,28.0,Open,Not on any supplied list - verify before outreach,Forrest Neuerburg,City Manager,fneuerburg@cityofcoquille.org,1-541-396-2115;ext=201
City of Riverbank|CA,City of Riverbank,CA,Stanislaus,Riverbank,6707 3rd Street,95367,37.69222,-120.865061,zip,24881.0,Small (10-50k),2,2,0,0,2,0.0,0.0,28.0,Open,Not on any supplied list - verify before outreach,Jeannette Najera,Administrative Clerk,jnajera@riverbank.org,1-209-869-7128;ext=7214
North Clackamas County Water Commission|OR,North Clackamas County Water Commission,OR,Clackamas,Portland,14496 SE RIVER RD,97267,45.402142,-122.614353,zip,20990.0,Small (10-50k),2,2,0,1,1,0.0,0.0,28.0,Open,Not on any supplied list - verify before outreach,Todd Heidgerken,Retiring General Manager,theidgerken@crwater.com,1-503-722-9250
City of Guadalupe|CA,City of Guadalupe,CA,Santa Barbara,Guadalupe,918 Obispo Street,93434,34.938796,-120.57318,zip,7783.0,Rural (<10k),3,2,0,0,2,0.0,0.0,28.0,Open,Not on any supplied list - verify before outreach,Todd Bodem,City Manager,tbodem@ci.guadalupe.ca.us,1-805-356-3891
City of Cloverdale|CA,City of Cloverdale,CA,Sonoma,Cloverdale,124 North Cloverdale Boulevard,95425,38.638928,-122.91333,zip,8656.0,Rural (<10k),2,2,0,0,2,0.0,0.0,28.0,Open,Not on any supplied list - verify before outreach,Derrick Montanye,Public Works Director,dmontanye@ci.cloverdale.ca.us,1-707-894-1722
City of Coachella|CA,City of Coachella,CA,Riverside,Coachella,53990 Enterprise Way,92236,33.646405,-116.143588,zip,45743.0,Small (10-50k),3,3,0,0,0,0.0,0.0,28.0,Open,Not on any supplied list - verify before outreach,Andrew Simmons,City Engineer,,1-760-398-3502;ext=134
Skamania County Public Utility District 1|WA,Skamania County Public Utility District 1,WA,Skamania,Carson,PO BOX 500,98610,45.784205,-121.841736,zip,,Unknown,2,2,0,0,1,6500000.0,6500000.0,28.0,Open,Not on any supplied list - verify before outreach,Randy Payne,General Manager,rpayne@skamaniapud.com,1-509-427-5126
City of Sierra Madre|CA,City of Sierra Madre,CA,Los Angeles,Sierra Madre,232 West Sierra Madre Boulevard,91024,33.786594,-118.298662,zip,10793.0,Small (10-50k),1,1,0,1,1,3000000.0,3000000.0,28.0,Open,Not on any supplied list - verify before outreach,,,,
City of Enumclaw|WA,City of Enumclaw,WA,King,Enumclaw,"339 Griffin Avenue, Enumclaw, WA",98022,47.234107,-121.903936,zip,12190.0,Small (10-50k),3,3,0,0,0,0.0,0.0,28.0,Open,Not on any supplied list - verify before outreach,Branden Herrell,Operations Manager,brandenh@ci.enumclaw.wa.us,1-360-825-5541
City of Tualatin|OR,City of Tualatin,OR,Washington,Tualatin,18880 SW Martinazzi Ave,97062,45.366608,-122.783887,zip,27837.0,Small (10-50k),1,1,0,1,1,2750000.0,2750000.0,27.5,Open,Not on any supplied list - verify before outreach,Nic Westendorf,Deputy Public Works Director,nwestendorf@tualatin.gov,1-503-691-3673
Sun Valley General Improvement District|NV,Sun Valley General Improvement District,NV,Washoe,Sun Valley,5000 SUN VALLEY BLVD,89433,39.748304,-119.804924,zip,,Unknown,1,1,0,0,1,9242820.0,9242820.0,27.5,Open,Not on any supplied list - verify before outreach,Brad Baeckel,Public Works Director,bbaeckel@svgid.com,1-775-673-2220
Yucaipa Valley Water District|CA,Yucaipa Valley Water District,CA,San Bernardino,Yucaipa,PO BOX 730,92399,34.06226,-116.971138,zip,53921.0,Mid (50-250k),3,3,0,1,2,200000.0,200000.0,27.4,Open,Not on any supplied list - verify before outreach,Jennifer Ares,Water Resource Manager,JAres@yvwd.us,1-909-790-3301
County of Placer|CA,County of Placer,CA,Placer,Auburn,"3091 County Center Dr, Auburn, CA",95603,38.973505,-121.067718,zip,412300.0,Large (250k+),2,2,0,2,2,1600000.0,1600000.0,27.2,Open,Not on any supplied list - verify before outreach,Kyle Friedrich,Associate Civil Engineer,kfriedri@placer.ca.gov,1-530-745-7522
City of Wallowa|OR,City of Wallowa,OR,Wallowa,Enterprise,104 N Pine St,97828,45.648199,-117.169858,zip,837.0,Rural (<10k),1,1,0,0,1,4075500.0,4075500.0,27.2,Open,Not on any supplied list - verify before outreach,,,,
City of Chewelah|WA,City of Chewelah,WA,Stevens,Colville,301 E Clay Ave,99114,48.676916,-117.809315,zip,2676.0,Rural (<10k),3,2,1,0,1,9100000.0,100000.0,27.2,Open,Not on any supplied list - verify before outreach,Julie Culverwell,City Clerk,JCulverwell@cityofchewelah.org,1-509-935-6279
South Placer Municipal Utilities District|CA,South Placer Municipal Utilities District,CA,Placer,Rocklin,5807 SPRINGVIEW DR,95677,38.801233,-121.230374,zip,412300.0,Large (250k+),3,3,0,1,2,35000.0,35000.0,27.1,Open,Not on any supplied list - verify before outreach,Carie Huff,District Engineer,chuff@spmud.ca.gov,1-916-786-8555
Arch Cape Sanitary District|OR,Arch Cape Sanitary District,OR,Unspecified,Arch Cape,32065 E SHINGLE MILL LN,97102,45.810934,-123.962989,zip,,Unknown,3,3,0,0,3,54000.0,54000.0,27.1,Open,Not on any supplied list - verify before outreach,Matt Gardner,District Manager,mattgardneracutil@gmail.com,1-503-436-2790
Humboldt Community Services District|CA,Humboldt Community Services District,CA,Humboldt,Cutten,5055 Walnut Dr.,95534,40.733552,-123.944021,zip,,Unknown,3,3,0,1,2,0.0,0.0,27.0,Open,Not on any supplied list - verify before outreach,Mickey Hulstrom,District Planner and Community Services Manager,mhulstrom@humboldtcsd.org,1-707-443-4550
City of Echo|OR,City of Echo,OR,Umatilla,Pendleton,700 6th St,97801,45.711814,-118.637974,zip,710.0,Rural (<10k),2,1,1,0,2,7030000.0,1500000.0,27.0,Open,Not on any supplied list - verify before outreach,David Slaght,City Administrator,Info@echo-oregon.com,1-541-376-6038
City of Sedro Woolley|WA,City of Sedro Woolley,WA,Skagit,Sedro Woolley,325 Metcalf Street,98284,48.486147,-122.137243,zip,12072.0,Small (10-50k),2,1,1,1,2,1273000.0,0.0,27.0,Open,Not on any supplied list - verify before outreach,,,,
Grizzly Flats Community Services District|CA,Grizzly Flats Community Services District,CA,El Dorado,Grizzly Flats,PO BOX 250,95636,38.63765,-120.553399,zip,,Unknown,3,3,0,0,3,0.0,0.0,27.0,Open,Not on any supplied list - verify before outreach,Bob Chigazola,Director,,1-530-622-9626
City of Cypress|CA,City of Cypress,CA,Orange,Orange,5275 Orange Ave,92869,33.640302,-117.769442,zip,49006.0,Small (10-50k),1,1,0,1,1,2220000.0,2220000.0,26.4,Open,Not on any supplied list - verify before outreach,Douglas Dancs,Public Works Director,pw@cypressca.org,1-714-229-6740
City of Springfield|OR,City of Springfield,OR,Lane,Springfield,"250 A St, Springfield, OR",97477,43.937276,-123.444371,zip,63230.0,Mid (50-250k),2,2,0,2,2,983000.0,983000.0,26.0,Open,Not on any supplied list - verify before outreach,Molly Markarian,Senior Planner,mmarkarian@springfield-or.gov,1-541-726-4611
California Department of Corrections and Rehabilitation|CA,California Department of Corrections and Rehabilitation,CA,Unspecified,,1515 S St #101n,,,,,,Unknown,1,1,0,0,0,10000000.0,10000000.0,26.0,Open,Not on any supplied list - verify before outreach,CHELSEA STANDISH,"eputy Director (A), Fiscal Services – Division of Administrative Services",,1-916-323-0258
Los Osos Community Services District|CA,Los Osos Community Services District,CA,San Luis Obispo,Los Osos,2122 9TH ST SUITE 102,93402,35.301041,-120.794897,zip,,Unknown,3,3,0,0,1,2500000.0,2500000.0,26.0,Open,Not on any supplied list - verify before outreach,Ron Munds,General Manager,rmunds@losososcsd.org,1-805-528-9370
Big Bear City Community Services District|CA,Big Bear City Community Services District,CA,San Bernardino,Big Bear Lake,39707 Big Bear Boulevard,92315,34.223224,-116.847414,zip,5279.0,Rural (<10k),2,1,1,2,0,3100000.0,1000000.0,26.0,Open,Not on any supplied list - verify before outreach,Mary Reeves,General Manager,mreeves@bbccsd.org,1-909-585-2565
City of Westmorland|CA,City of Westmorland,CA,Imperial,El Centro,355 S Center St,92243,32.900509,-115.503842,zip,2254.0,Rural (<10k),2,2,0,0,1,140000.0,140000.0,25.3,Open,Not on any supplied list - verify before outreach,Christine Pisch,Water Utility Clerk,cpisch@cityofwestmorland.net,1-760-344-3411
City of Newport|WA,City of Newport,WA,Pend Oreille,Newport,200 S. Washington Ave,99156,48.448981,-117.228067,zip,2199.0,Rural (<10k),2,2,0,0,1,128000.0,128000.0,25.3,Open,Not on any supplied list - verify before outreach,Abby Gribi,City Administrator,AGribi@newport-wa.org,1-509-447-5611
County of Sacramento|CA,County of Sacramento,CA,Sacramento,Sacramento,770 L St.,95814,38.579055,-121.480905,zip,1552058.0,Large (250k+),2,2,0,2,2,636372.0,636372.0,25.3,Open,Not on any supplied list - verify before outreach,Megan Floyd,Small Water Systems,FloydM@saccounty.net,1-916-876-7888
City of Lathrop|CA,City of Lathrop,CA,San Joaquin,Lathrop,390 Towne Centre Dr,95330,37.811976,-121.287362,zip,24483.0,Small (10-50k),1,1,0,1,1,1575000.0,1575000.0,25.2,Open,Not on any supplied list - verify before outreach,Cari James,Finance Director,cjames@ci.lathrop.ca.us,1-209-941-7320
Santa Ynez Community Services District|CA,Santa Ynez Community Services District,CA,Santa Barbara,Santa Ynez,PO BOX 667,93460,34.646136,-120.091629,zip,446499.0,Large (250k+),2,2,0,0,1,5033665.0,5033665.0,25.1,Open,Not on any supplied list - verify before outreach,Loch Dreizler,General Manager,loch@sycsd.com,1-805-688-3008
Santa Cruz Port District|CA,Santa Cruz Port District,CA,Santa Cruz,Santa Cruz,135 5TH AVE,95062,36.971549,-121.990571,zip,35000.0,Small (10-50k),2,2,0,0,1,0.0,0.0,25.0,Open,Not on any supplied list - verify before outreach,Holland MacLaurie,Director,hmaclaurie@santacruzharbor.org,1-831-475-6161;ext=1000
City of Siletz|OR,City of Siletz,OR,Lincoln,Siletz,215 W Buford Ave,97380,44.746459,-123.84463,zip,1305.0,Rural (<10k),1,1,0,0,1,3000000.0,3000000.0,25.0,Open,Not on any supplied list - verify before outreach,Darin Viar,Public Works Lead,wtp@cityofsiletz.org,1-541-444-1307
City of Flagstaff|AZ,City of Flagstaff,AZ,Coconino,Flagstaff,211 W Aspen Ave,86001,35.932116,-111.597853,zip,73964.0,Mid (50-250k),2,1,1,2,1,4222403.0,4000000.0,25.0,Open,Not on any supplied list - verify before outreach,Scott Overton,Public Works Director,scott.overton@flagstaffaz.gov,1-928-213-2107
City of Cheney|WA,City of Cheney,WA,Spokane,Cheney,611 2nd St,99004,47.6067,-117.500285,zip,12522.0,Small (10-50k),2,2,0,1,0,0.0,0.0,25.0,Open,Not on any supplied list - verify before outreach,Mark Schuller,City Administrator,mschuller@cityofcheney.org,1-509-498-9209
City of Wood Village|OR,City of Wood Village,OR,Multnomah,Troutdale,24200 NE Halsey,97060,45.525007,-122.390049,zip,4093.0,Rural (<10k),2,2,0,0,1,0.0,0.0,25.0,Open,Not on any supplied list - verify before outreach,Seth Reeser,Director of Finance,sreeser@woodvillageor.gov,1-503-667-6211
Lake Don Pedro Community Services District|CA,Lake Don Pedro Community Services District,CA,Mariposa,La Grange,9751 MERCED FALLS RD,95329,37.653226,-120.50941,zip,18251.0,Small (10-50k),2,2,0,0,1,0.0,0.0,25.0,Open,Not on any supplied list - verify before outreach,Danny Johnson,Board President,djohnson@jonesday.com,1-210-490-1600
Oak Lodge Water Services District|OR,Oak Lodge Water Services District,OR,Clackamas,Portland,14496 SE RIVER RD,97267,45.402142,-122.614353,zip,20990.0,Small (10-50k),1,1,0,0,1,3000000.0,3000000.0,25.0,Open,Not on any supplied list - verify before outreach,Brad Albert,General Manager,brad.albert@olws.org,1-503-353-4202
North Coast County Water District|CA,North Coast County Water District,CA,San Mateo,Pacifica,2400 Francisco Blvd,94044,37.616774,-122.480015,zip,767423.0,Large (250k+),2,2,0,1,2,1965000.0,1965000.0,24.9,Open,Not on any supplied list - verify before outreach,Scott Dalton,Assistant General Manager of Operations,sdalton@nccwd.com,1-650-355-3462
Snohomish County Public Utility District 1|WA,Snohomish County Public Utility District 1,WA,Snohomish,Everett,PO BOX 1107,98206,47.859918,-122.284785,zip,111475.0,Mid (50-250k),3,3,0,0,2,417000.0,417000.0,24.8,Open,Not on any supplied list - verify before outreach,Brant Wood,Assistant General Manager,bewood@snopud.com,1-425-783-1000
Foothill Municipal Water District|CA,Foothill Municipal Water District,CA,Los Angeles,La Canada Flintridge,4536 HAMPTON RD,91011,33.786594,-118.298662,zip,10039107.0,Large (250k+),3,3,0,0,2,425000.0,425000.0,24.8,Open,Not on any supplied list - verify before outreach,Nina Jazmadarian,General Manager,nina.jaz@fmwd.com,1-818-790-4036;ext=102
City of Manhattan Beach|CA,City of Manhattan Beach,CA,Los Angeles,Manhattan Beach,1400 Highland Avenue,90266,33.786594,-118.298662,zip,35183.0,Small (10-50k),1,1,0,1,1,1360000.0,1360000.0,24.7,Open,Not on any supplied list - verify before outreach,Stephanie Katsouleas,Director of Public Works,skatsouleas@citymb.info,1-310-802-5303
Long Beach Utilities|CA,Long Beach Utilities,CA,Los Angeles,Long Beach,411 W Ocean Blvd,90802,33.756024,-118.201101,zip,466776.0,Large (250k+),3,2,0,2,1,1743000.0,1743000.0,24.5,Open,Not on any supplied list - verify before outreach,Robert Verceles,Director of Engineering,robert.verceles@lbwater.org,1-562-570-2337
Mukilteo Water and Wastewater District|WA,Mukilteo Water and Wastewater District,WA,Snohomish,Mukilteo,7824 MUKILTEO SPEEDWAY,98275,47.912402,-122.302114,zip,24428.0,Small (10-50k),1,1,0,1,1,1238000.0,1238000.0,24.5,Open,Not on any supplied list - verify before outreach,Jr Erickson,Finance Manager,jre@mukilteowwd.org,1-425-355-3355
South Placer Municipal Utility District|CA,South Placer Municipal Utility District,CA,Unspecified,Rocklin,"5807 Springview Drive, Rocklin, CA",95677,38.801233,-121.230374,zip,,Unknown,3,3,0,1,1,50000.0,50000.0,24.1,Open,Not on any supplied list - verify before outreach,Herb Niederberger,General Manager,hniederberger@spmud.ca.gov,1-916-786-8555
City of Sheridan|OR,City of Sheridan,OR,Yamhill,Mcminnville,205 S Maple St,97128,45.187444,-123.237145,zip,6215.0,Rural (<10k),2,2,0,0,0,1050000.0,1050000.0,24.1,Open,Not on any supplied list - verify before outreach,Preston Polasek,City Manager,ppolasek@cityofsheridanor.com,1-503-843-2347
City of Redondo Beach|CA,City of Redondo Beach,CA,Los Angeles,Redondo Beach,415 Diamond Street,90277,33.786594,-118.298662,zip,66749.0,Mid (50-250k),2,1,1,2,2,4500000.0,2000000.0,24.0,Open,Not on any supplied list - verify before outreach,Michael Klein,Project Manager,Michael.Klein@redondo.org,1-310-542-9433
City of Sunnyside|WA,City of Sunnyside,WA,Yakima,Yakima,818 E Edison Ave,98901,46.644476,-120.725557,zip,16796.0,Small (10-50k),1,1,0,1,1,1000000.0,1000000.0,24.0,Open,Not on any supplied list - verify before outreach,Daniel Tiliano,Water Supervisor,dtiliano@sunnyside-wa.gov,1-509-837-5206
City of Pinole|CA,City of Pinole,CA,Contra Costa,Pinole,2131 Pear Street,94564,37.990772,-122.243294,zip,19250.0,Small (10-50k),2,1,1,1,1,0.0,0.0,24.0,Open,Not on any supplied list - verify before outreach,Sanjay Mishra,Public Works Director,smishra@ci.pinole.ca.us,1-510-724-9010
East Bay Dischargers Authority|CA,East Bay Dischargers Authority,CA,Alameda,San Lorenzo,"2651 Grant Ave, San Lorenzo",94580,37.68123,-122.133825,zip,1671329.0,Large (250k+),3,3,0,0,2,0.0,0.0,24.0,Open,Not on any supplied list - verify before outreach,Jacqueline Zipkin,General Manager,jzipkin@ebda.org,1-510-278-5910
City of Falls City|OR,City of Falls City,OR,Polk,Falls City,"299 Mill Street, Falls City, OR",97344,44.870977,-123.473276,zip,1056.0,Rural (<10k),1,1,0,0,1,2500000.0,2500000.0,24.0,Open,Not on any supplied list - verify before outreach,Jon Creekmore,Public Works Director,Jcreekmore@fallscityoregon.gov,1-503-787-3631
San Francisco Water Power Sewer|CA,San Francisco Water Power Sewer,CA,County of San Francisco,San Francisco,"525 Golden Gate Avenue, San Francisco, CA",94102,37.779278,-122.416582,zip,1900000.0,Large (250k+),1,1,0,1,1,6000000.0,6000000.0,24.0,Open,Not on any supplied list - verify before outreach,Steven Ritchie,Assistant General Manager,sritchie@sfwater.org,1-205-348-2712
City of Burlington|WA,City of Burlington,WA,Skagit,Mount Vernon,833 S Spruce St,98273,48.435248,-122.208184,zip,9224.0,Rural (<10k),1,1,0,0,1,2500000.0,2500000.0,24.0,Open,Not on any supplied list - verify before outreach,Marv Pulst,Director of Public Works,marvp@burlingtonwa.gov,1-360-755-9715
Los Angeles County Department of Public Works|CA,Los Angeles County Department of Public Works,CA,Los Angeles,Los Angeles,500 W TEMPLE ST,90012,33.786594,-118.298662,zip,10039107.0,Large (250k+),2,2,0,1,2,1500000.0,1500000.0,24.0,Open,Not on any supplied list - verify before outreach,Miki Esposito,Assistant Director,mesposito@pw.lacounty.gov,1-626-458-4019
City of Signal Hill|CA,City of Signal Hill,CA,Los Angeles,Signal Hl,2175 Cherry Avenue,90755,33.8,-118.16,zip,11421.0,Small (10-50k),1,1,0,1,1,942986.0,942986.0,23.9,Open,Not on any supplied list - verify before outreach,Carlo Tomaino,City Manager,ctomaino@cityofsignalhill.org,1-562-989-7305
City of Malibu|CA,City of Malibu,CA,Los Angeles,Los Angeles,23825 Stuart Ranch Rd,90012,33.786594,-118.298662,zip,11820.0,Small (10-50k),1,1,0,1,0,2300000.0,2300000.0,23.6,Open,Not on any supplied list - verify before outreach,Rob DuBoux,Public Works Director / City Engineer,rduboux@malibucity.org,1-310-456-2489
San Carlos Apache Tribe|AZ,San Carlos Apache Tribe,AZ,San Carlos,San Carlos,"PO Box 0, San  Carlos, AZ",85550,33.289447,-110.491898,zip,,Unknown,1,1,0,1,0,7302461.0,7302461.0,23.6,Open,Not on any supplied list - verify before outreach,Terry Rambler,Chairman,info@scat-nsn.gov,1-928-475-1600
City of Milpitas|CA,City of Milpitas,CA,Santa Clara,Milpitas,455 East Calaveras Boulevard,95035,37.436454,-121.861989,zip,84196.0,Mid (50-250k),2,2,0,1,1,2740000.0,2740000.0,23.5,Open,Not on any supplied list - verify before outreach,Elaine Marshall,Deputy Public Works Director,emarshall@milpitas.gov,1-408-586-2603
City of the Dalles|OR,City of the Dalles,OR,Wasco,The Dalles,105 E 4th St,97058,45.554978,-121.18703,zip,15761.0,Small (10-50k),1,1,0,1,1,756305.0,756305.0,23.5,Open,Not on any supplied list - verify before outreach,Dave Anderson,Public Works Director,danderson@ci.the-dalles.or.us,1-541-296-5481;ext=2008
City of Coalinga|CA,City of Coalinga,CA,Fresno,Coalinga,155 W Durian Ave,93210,36.247025,-120.381432,zip,17179.0,Small (10-50k),1,1,0,1,1,721359.0,721359.0,23.4,Open,Not on any supplied list - verify before outreach,,,,
City of Shasta Lake|CA,City of Shasta Lake,CA,Shasta,Shasta Lake,1650 Stanton Avenue,96019,40.69686,-122.368263,zip,10413.0,Small (10-50k),1,1,0,1,1,551250.0,551250.0,23.1,Open,Not on any supplied list - verify before outreach,Jessaca Lugo,City Manager,jlugo@cityofshastalake.org,1-530-275-7411
Merced Irrigation District|CA,Merced Irrigation District,CA,Merced,Merced,PO BOX 2288,95344,37.378234,-120.617808,zip,277680.0,Large (250k+),2,2,0,1,2,1050000.0,1050000.0,23.1,Open,Not on any supplied list - verify before outreach,Hicham ElTal,Deputy General Manager,heltal@mercedid.org,1-209-722-5761
Mission Springs Water District|CA,Mission Springs Water District,CA,Riverside,Desert Hot Springs,66575 2ND ST,92240,33.900103,-116.400701,zip,2470546.0,Large (250k+),2,2,0,2,1,977040.0,977040.0,23.0,Open,Not on any supplied list - verify before outreach,Arturo Ceja,Director of Finance,accountingteam@mswd.org,1-760-329-6448;ext=134
City of Dinuba|CA,City of Dinuba,CA,Tulare,Dinuba,405 E El Monte Way,93618,36.509532,-119.395365,zip,24461.0,Small (10-50k),1,1,0,1,1,500000.0,500000.0,23.0,Open,Not on any supplied list - verify before outreach,Luis Patlan,City Manager,lpatlan@dinuba.ca.gov,1-559-591-5900
City of East Palo Alto|CA,City of East Palo Alto,CA,San Mateo,Palo Alto,2415 University Ave,94303,37.467338,-122.138765,zip,29314.0,Small (10-50k),3,1,2,0,1,0.0,0.0,23.0,Open,Not on any supplied list - verify before outreach,,,,
Paradise Irrigation District|CA,Paradise Irrigation District,CA,Butte,Paradise,6332 CLARK RD,95969,39.654279,-121.707265,zip,219186.0,Mid (50-250k),2,2,0,0,1,4000000.0,4000000.0,23.0,Open,Not on any supplied list - verify before outreach,Mickey Rich,Assistant District Manager,mrich@paradiseirrigation.com,1-530-876-2040
City of Ukiah|CA,City of Ukiah,CA,Mendocino,Ukiah,300 Seminary Avenue,95482,39.403699,-123.321202,zip,15995.0,Small (10-50k),1,1,0,1,1,400000.0,400000.0,22.8,Open,Not on any supplied list - verify before outreach,Sage Sangiacomo,City Manager,ssangiacomo@cityofukiah.com,1-707-463-6217
City of Avalon|CA,City of Avalon,CA,Los Angeles,Los Angeles,410 Avalon Cyn Rd,90012,33.786594,-118.298662,zip,3681.0,Rural (<10k),1,1,0,0,1,1860000.0,1860000.0,22.7,Open,Not on any supplied list - verify before outreach,Maistros David,City Manager,dmaistros@cityofavalon.com,1-310-510-0220
City of Corning|CA,City of Corning,CA,Tehama,Corning,794 3rd St,96021,40.125399,-122.135411,zip,7710.0,Rural (<10k),2,2,0,0,0,347000.0,347000.0,22.7,Open,Not on any supplied list - verify before outreach,Steve Lindeman,Assistant Public Works Director,slindeman@corning.org,1-530-824-7035
Oro Loma Water District|CA,Oro Loma Water District,CA,Merced,Los Banos,264 I ST,93635,37.103768,-120.847479,zip,41036.0,Small (10-50k),1,1,0,1,1,221000.0,221000.0,22.4,Open,Not on any supplied list - verify before outreach,Shelia Young,Director,syoung@oroloma.org,1-510-276-4700
Port of Oakland|CA,Port of Oakland,CA,Alameda,Oakland,1 Frank H. Ogawa Plaza,94612,37.809435,-122.27018,zip,420233.0,Large (250k+),1,1,0,1,1,5215000.0,5215000.0,22.4,Open,Not on any supplied list - verify before outreach,Danny Wan,Executive Director,dwan@portoakland.com,1-510-627-1340
County of Kitsap|WA,County of Kitsap,WA,Kitsap,Port Orchard,614 DIVISION ST,98366,47.542664,-122.587102,zip,271473.0,Large (250k+),2,2,0,1,2,660000.0,660000.0,22.3,Open,Not on any supplied list - verify before outreach,Jacques Dean,Public Works Project Manager,jdean@co.kitsap.wa.us,1-360-337-4671
Monte Vista Water District|CA,Monte Vista Water District,CA,San Diego,Montclair,PO BOX 71,91763,34.839964,-115.967051,zip,136000.0,Mid (50-250k),2,2,0,1,2,606700.0,606700.0,22.2,Open,Not on any supplied list - verify before outreach,Justin Scott-Coe,General Manager,jscottcoe@mvwd.org,1-909-624-0035;ext=125
County of Monterey|CA,County of Monterey,CA,Monterey,Salinas,168 W ALISAL ST,93901,36.441768,-121.416603,zip,11000.0,Small (10-50k),1,1,0,1,1,75000.0,75000.0,22.2,Open,Not on any supplied list - verify before outreach,Ryan Caldera,Project Manager,calderary@co.monterey.ca.us,1-831-783-7707
City of Kerman|CA,City of Kerman,CA,Fresno,Kerman,850 S. Madera Avenue,93630,36.676147,-120.219522,zip,16010.0,Small (10-50k),1,1,0,1,1,43000.0,43000.0,22.1,Open,Not on any supplied list - verify before outreach,Josefina Alvarez,Interim Finance Director,jalvarez@cityofkerman.org,1-559-846-4682
Bear Valley Community Services District|CA,Bear Valley Community Services District,CA,Kern,Tehachapi,28999 S LOWER VALLEY RD,93561,35.043028,-118.502209,zip,55000.0,Mid (50-250k),3,3,0,1,0,530000.0,530000.0,22.1,Open,Not on any supplied list - verify before outreach,Beverli Marshall,General Manager,bmarshall@bvcsd.org,1-661-821-4428
Town of Butte Falls|OR,Town of Butte Falls,OR,Jackson,Medford,431 Broad St Town of,97501,42.482623,-122.72255,zip,457.0,Rural (<10k),1,1,0,0,1,1500000.0,1500000.0,22.0,Open,Not on any supplied list - verify before outreach,Katie Misfeldt,City Treasurer,buttefallstr@gmail.com,1-541-865-3262
City of Cornelius|OR,City of Cornelius,OR,Washington,Cornelius,1355 N. Barlow Street,97113,45.600635,-122.920629,zip,14714.0,Small (10-50k),1,1,0,1,1,0.0,0.0,22.0,Open,Not on any supplied list - verify before outreach,Ryan Howell,Operations Manager,ryan.howell@corneliusor.gov,1-503-357-3011;ext=5364
County of Calaveras|CA,County of Calaveras,CA,Calaveras,San Andreas,891 MOUNTAIN RANCH RD,95249,38.190106,-120.616052,zip,13080.0,Small (10-50k),2,2,0,0,0,0.0,0.0,22.0,Open,Not on any supplied list - verify before outreach,,,,
City of Bishop|CA,City of Bishop,CA,Inyo,Bishop,"377 West Line Street, Bishop, CA",93515,36.626033,-117.218616,zip,3747.0,Rural (<10k),2,2,0,0,0,0.0,0.0,22.0,Open,Not on any supplied list - verify before outreach,Karen Schwartz,Mayor,kschwartz@cityofbishop.com,1-760-920-7136
Solano Irrigation District|CA,Solano Irrigation District,CA,Solano,Vacaville,810 VACA VALLEY PKWY,95688,38.407405,-122.012778,zip,447643.0,Large (250k+),2,2,0,0,2,1975000.0,1975000.0,22.0,Open,Not on any supplied list - verify before outreach,Matthew Hobbs,Operations Manager,mhobbs@sidwater.org,1-707-455-4001
County of Humboldt|NV,County of Humboldt,NV,Humboldt,Winnemucca,50 W 5TH ST,89445,41.213481,-117.706799,zip,16831.0,Small (10-50k),2,2,0,0,0,0.0,0.0,22.0,Open,Not on any supplied list - verify before outreach,Sonny Bengoa,Assistant Public Works Director,sonny.bengoa@humboldtcountynv.gov,1-775-623-6416
Arrowbear Park County Water District|CA,Arrowbear Park County Water District,CA,Unspecified,Running Springs,2365 Fir Dr.,92382,34.210229,-117.110941,zip,,Unknown,2,2,0,1,2,470000.0,470000.0,21.9,Open,Not on any supplied list - verify before outreach,Caroline Rimmer,Administrative Secretary,,1-909-867-2704
City of Woodland|WA,City of Woodland,WA,Cowlitz,Kelso,230 Davidson Avenue,98626,46.147274,-122.825047,zip,6495.0,Rural (<10k),1,1,0,0,1,1460000.0,1460000.0,21.9,Open,Not on any supplied list - verify before outreach,Riley Bunnell,Director of Public Works,bunnellr@ci.woodland.wa.us,1-360-225-7999;ext=201
City of Waldport|OR,City of Waldport,OR,Lincoln,Newport,355 NW Alder St,97365,44.552413,-124.024426,zip,2230.0,Rural (<10k),1,1,0,0,1,1400000.0,1400000.0,21.8,Open,Not on any supplied list - verify before outreach,Scott Andry,Public Works Director,scott.andry@waldportworks.org,1-541-563-2111
Town of Steilacoom|WA,Town of Steilacoom,WA,Pierce,Steilacoom,2301 Worthington St,98388,47.132671,-122.331781,zip,6729.0,Rural (<10k),1,1,0,0,1,1400000.0,1400000.0,21.8,Open,Not on any supplied list - verify before outreach,Douglas Hale,Water / Sewer Crew Leader,doug.hale@ci.steilacoom.wa.us,1-253-581-1912
City of South San Francisco|CA,City of South San Francisco,CA,San Mateo,South San Francisco,400 Grand Avenue,94080,37.657443,-122.423483,zip,67789.0,Mid (50-250k),2,2,0,1,0,3350000.0,3350000.0,21.7,Open,Not on any supplied list - verify before outreach,Jeffrey Chou,Project Manager,Jeffrey.Chou@ssf.net,1-650-829-6668
City of Chiloquin|OR,City of Chiloquin,OR,Klamath,Klamath Falls,127 S 1st Ave,97601,42.293293,-121.816873,zip,755.0,Rural (<10k),1,1,0,0,1,1300000.0,1300000.0,21.6,Open,Not on any supplied list - verify before outreach,Jeremy Morris,City Engineer,jeremymorris@cityofchiloquin.org,1-541-783-2717
Channel Island Beach Community Services Dist|CA,Channel Island Beach Community Services Dist,CA,Ventura,Oxnard,353 SANTA MONICA DR,93035,34.221157,-119.202365,zip,209877.0,Mid (50-250k),2,2,0,0,2,1750000.0,1750000.0,21.5,Open,Not on any supplied list - verify before outreach,Peter Martinez,General Manager,pmartinez@cibcsd.com,1-805-985-6021
Sausalito Marin City Sanitary District|CA,Sausalito Marin City Sanitary District,CA,Sausalito-Marin City Sanitary District,Sausalito,1 East Rd,94965,37.850417,-122.531423,zip,19000.0,Small (10-50k),2,1,0,1,0,5100000.0,1200000.0,21.4,Open,Not on any supplied list - verify before outreach,Jeffery Kingston,General Manager,jeffrey@smcsd.net,1-415-331-4718;ext=4718
City of South Gate|CA,City of South Gate,CA,Los Angeles,South Gate,8650 California Ave,90280,33.937714,-118.193403,zip,93444.0,Mid (50-250k),3,2,1,1,1,8131682.0,631682.0,21.3,Open,Not on any supplied list - verify before outreach,Chris Castillo,Water Division Manager,ccastillo@sogate.org,1-323-563-5779
City of Yerington|NV,City of Yerington,NV,Lyon,Yerington,14 Joe Parr Way,89447,39.080415,-119.228631,zip,3241.0,Rural (<10k),1,1,0,0,1,985000.0,985000.0,21.0,Open,Not on any supplied list - verify before outreach,Robert Switzer,City Manager,manager@yerington.net,1-775-463-3511
San Simeon Community Services District|CA,San Simeon Community Services District,CA,Unspecified,San Simeon,111 PICO AVE,93452,35.575711,-120.888038,zip,,Unknown,3,3,0,0,1,0.0,0.0,21.0,Open,Not on any supplied list - verify before outreach,,,,
Kern Council Of Governments|CA,Kern Council Of Governments,CA,Kern,Bakersfield,1401 19th St #300,93301,35.483501,-119.007662,zip,384145.0,Large (250k+),2,2,0,0,1,2994000.0,2994000.0,21.0,Open,Not on any supplied list - verify before outreach,,,,
City of Raymond|WA,City of Raymond,WA,Pacific,South Bend,230 2nd St,98586,46.588006,-123.834262,zip,2994.0,Rural (<10k),1,1,0,0,1,1000000.0,1000000.0,21.0,Open,Not on any supplied list - verify before outreach,,,,
City of Tombstone|AZ,City of Tombstone,AZ,Cochise,Bisbee,613 E Allen St,85603,31.445577,-109.819216,zip,1303.0,Rural (<10k),1,1,0,0,1,989866.0,989866.0,21.0,Open,Not on any supplied list - verify before outreach,Robby Nicholas,Public Works Director,pwdirector@cityoftombstoneaz.gov,1-520-457-3415
Palmdale Water District|CA,Palmdale Water District,CA,Los Angeles,Palmdale,2029 E AVENUE Q,93550,33.786594,-118.298662,zip,10039107.0,Large (250k+),3,3,0,0,1,0.0,0.0,21.0,Open,Not on any supplied list - verify before outreach,Kimberly Clyma,Project Manager,kclyma@woodardcurran.com,1-925-627-4144
City of Bell Gardens|CA,City of Bell Gardens,CA,Los Angeles,Bell,7100 Garfield Avenue,90201,33.976663,-118.168903,zip,42012.0,Small (10-50k),1,1,0,1,0,840340.0,840340.0,20.7,Open,Not on any supplied list - verify before outreach,Michael O’Kelly,City Manager,mokelly@bellgardens.org,1-562-806-7702
County of Orange|CA,County of Orange,CA,Orange,Orange,185 N McPherson Rd.,92869,33.640302,-117.769442,zip,100000.0,Mid (50-250k),1,1,0,1,0,5826000.0,5826000.0,20.7,Open,Not on any supplied list - verify before outreach,Christopher Cash,Public Works Director,ccash@cityoforange.org,1-714-744-5525
Chelan County Public Utilities District|WA,Chelan County Public Utilities District,WA,Chelan,Wenatchee,PO BOX 1231,98807,47.905787,-120.520211,zip,34360.0,Small (10-50k),1,1,0,1,0,798596.0,798596.0,20.6,Open,Not on any supplied list - verify before outreach,Sri Krishnan,Chief Financial Officer,sri.krishnan@chelanpud.org,1-509-663-8121
Chelan County Public Utility District|WA,Chelan County Public Utility District,WA,Chelan,Wenatchee,PO BOX 1231,98807,47.905787,-120.520211,zip,34360.0,Small (10-50k),1,1,0,1,0,798596.0,798596.0,20.6,Open,Not on any supplied list - verify before outreach,Dan Koch,Chief Operating Officer,dan.koch@chelanpud.org,1-509-663-8121
City of Newport Beach|CA,City of Newport Beach,CA,Orange,Newport Beach,"100 Civic Center Drive, Newport Beach, CA",92660,33.637771,-117.875189,zip,85694.0,Mid (50-250k),1,1,0,1,1,4310000.0,4310000.0,20.6,Open,Not on any supplied list - verify before outreach,Tom Sandefur,Assistant City Engineer,tsandefur@newportbeachca.gov,1-949-644-3321
City of Ely|NV,City of Ely,NV,White Pine,Ely,"501 Mill Street, Ely, NV",89301,39.314155,-114.840433,zip,3993.0,Rural (<10k),1,1,0,0,1,600000.0,600000.0,20.2,Open,Not on any supplied list - verify before outreach,Mike Cracraft,Public Works Supervisor,publicworks@cityofelynv.gov,1-775-289-1394
City of Mountain View|CA,City of Mountain View,CA,Santa Clara,Mountain View,"500 Castro Street, # 300",94041,37.189396,-121.705327,zip,82739.0,Mid (50-250k),2,1,0,2,2,11912000.0,1077000.0,20.2,Open,Not on any supplied list - verify before outreach,Robert Gonzales,Manager / Principal Civil Engineer,robert.gonzales@mountainview.gov,1-650-903-6541
City of Stayton|OR,City of Stayton,OR,Marion,Stayton,362 N 3rd Ave,97383,44.807707,-122.726619,zip,8295.0,Rural (<10k),1,1,0,0,1,584487.0,584487.0,20.2,Open,Not on any supplied list - verify before outreach,Lance Ludwick,Director of Public Works,lludwick@ci.stayton.or.us,1-503-769-2919
City of Rohnert Park|CA,City of Rohnert Park,CA,Sonoma,Rohnert Park,130 Avram Avenue,94928,38.345663,-122.698398,zip,43291.0,Small (10-50k),1,1,0,1,0,625000.0,625000.0,20.2,Open,Not on any supplied list - verify before outreach,Mark Hendersen,Interim Public Works Director,mhendersen@rpcity.org,1-707-588-3316
Pajaro-Sunny Mesa Community Services District|CA,Pajaro-Sunny Mesa Community Services District,CA,Santa Cruz,Watsonville,136 SAN JUAN RD,95076,36.98025,-121.74696,zip,35000.0,Small (10-50k),1,1,0,0,1,500000.0,500000.0,20.0,Open,Not on any supplied list - verify before outreach,Sergio Ochoa,Operations Manager,,1-831-663-2181
Pajaro Sunny Mesa Community Services District|CA,Pajaro Sunny Mesa Community Services District,CA,Santa Cruz,Watsonville,136 SAN JUAN RD,95076,36.98025,-121.74696,zip,35000.0,Small (10-50k),1,1,0,0,1,500000.0,500000.0,20.0,Open,Not on any supplied list - verify before outreach,Don Rosa,General Manager,donrosa@pajarosunnymesa.com,1-831-663-2181
City of Silverton|OR,City of Silverton,OR,Marion,Silverton,306 South Water Street,97381,44.954501,-122.748442,zip,10618.0,Small (10-50k),2,0,2,2,0,116000.0,0.0,20.0,Open,Not on any supplied list - verify before outreach,Travis Sperle,Public Works Director,tsperle@silverton.or.us,1-503-874-2210
City of Roseburg|OR,City of Roseburg,OR,Douglas,Roseburg,1981 NE Stephens St,97470,43.053573,-123.360805,zip,23479.0,Small (10-50k),1,1,0,1,0,400000.0,400000.0,19.8,Open,Not on any supplied list - verify before outreach,Nikki Messenger,City Manager,nmessenger@cityofroseburg.org,1-541-492-6866
City of La Palma|CA,City of La Palma,CA,Orange,La Palma,7822 Walker St,90623,33.640302,-117.769442,zip,15428.0,Small (10-50k),1,1,0,0,1,349000.0,349000.0,19.7,Open,Not on any supplied list - verify before outreach,Conal McNamara,City Manager,cmcnamara@lapalmaca.gov,1-714-690-3334
City of American Canyon|CA,City of American Canyon,CA,Napa,American Canyon,4381 Broadway Street,94503,38.17,-122.24,zip,20475.0,Small (10-50k),1,1,0,1,0,314238.0,314238.0,19.6,Open,Not on any supplied list - verify before outreach,Erica Smithies,Public Works Director,esmithies@cityofamericancanyon.org,707-647-4366
City of Sebastopol|CA,City of Sebastopol,CA,Sonoma,Sebastopol,7120 Bodega Avenue,95472,38.407222,-122.869654,zip,7674.0,Rural (<10k),1,1,0,0,1,275000.0,275000.0,19.6,Open,Not on any supplied list - verify before outreach,Mary Gourley,City Clerk,mgourley@cityofsebastopol.gov,1-707-823-1153
Moapa Valley Water District|NV,Moapa Valley Water District,NV,Clark,Overton,601 N Moapa Valley Blvd.,89040,36.570259,-114.473191,zip,,Unknown,2,2,0,0,2,739300.0,739300.0,19.5,Open,Not on any supplied list - verify before outreach,Ryan Wheeler,Director,contact@moapawater.com,1-702-397-6893
City of Big Bear Lake|CA,City of Big Bear Lake,CA,San Bernardino,Big Bear Lake,39707 Big Bear Boulevard,92315,34.223224,-116.847414,zip,5279.0,Rural (<10k),1,1,0,0,1,250000.0,250000.0,19.5,Open,Not on any supplied list - verify before outreach,Erica Stephenson,City Clerk,cityclerk@bigbearlake.gov,1-909-866-5831;ext=120
Nehalem Bay Wastewater Agency|OR,Nehalem Bay Wastewater Agency,OR,Tillamook,Nehalem,35755 Seventh St.,97131,45.651933,-123.853529,zip,297.0,Rural (<10k),1,1,0,0,1,240000.0,240000.0,19.5,Open,Not on any supplied list - verify before outreach,Bruce Halverson,General Manager,info@nbwaor.gov,1-503-368-5125
City of Quincy|WA,City of Quincy,WA,Grant,Ephrata,27 B St SW,98823,47.177565,-119.401958,zip,8033.0,Rural (<10k),1,1,0,0,1,250000.0,250000.0,19.5,Open,Not on any supplied list - verify before outreach,Ariel Belino,City Engineer,abelino@quincywashington.us,1-509-787-3523;ext=258
City of Tolleson|AZ,City of Tolleson,AZ,Maricopa,Tolleson,9555 West Van Buren Street,85353,33.276539,-112.18717,zip,7372.0,Rural (<10k),1,1,0,0,1,150000.0,150000.0,19.3,Open,Not on any supplied list - verify before outreach,Reyes Medrano,City Manager,rmedrano@tolleson.az.gov,1-623-936-7111
City of Safford|AZ,City of Safford,AZ,Graham,Safford,717 W Main St,85546,32.813612,-109.701631,zip,9983.0,Rural (<10k),1,1,0,0,1,165000.0,165000.0,19.3,Open,Not on any supplied list - verify before outreach,Troy Bingham,Finance Director,tbingham@saffordaz.gov,1-928-432-4033
City of Blythe|CA,City of Blythe,CA,Riverside,Blythe,235 North Broadway,92225,33.756749,-115.723001,zip,19682.0,Small (10-50k),1,1,0,1,0,100000.0,100000.0,19.2,Open,Not on any supplied list - verify before outreach,Mirasol Elegores,Public Works Director,melegores@cityofblythe.ca.gov,1-760-922-6611
City of Poulsbo|WA,City of Poulsbo,WA,Kitsap,Port Orchard,200 Moe St NE,98366,47.542664,-122.587102,zip,10927.0,Small (10-50k),1,1,0,1,0,109000.0,109000.0,19.2,Open,Not on any supplied list - verify before outreach,Mike Lund,Public Works Superintendent,mlund@cityofpoulsbo.com,1-360-394-9757
City of Milton|WA,City of Milton,WA,Pierce,Tacoma,1000 Laurel St,98405,47.247871,-122.472793,zip,8299.0,Rural (<10k),1,1,0,0,1,35000.0,35000.0,19.1,Open,Not on any supplied list - verify before outreach,Tammy Lowit,City Clerk,tammy.lowit@cityofmilton.net,1-678-242-2492
City of Patterson|CA,City of Patterson,CA,Stanislaus,Patterson,420 South 4th Street,95363,37.516383,-121.23848,zip,22524.0,Small (10-50k),1,1,0,0,1,30000.0,30000.0,19.1,Open,Not on any supplied list - verify before outreach,Michael Willett,Public Works Director,mwillett@ci.patterson.ca.us,1-209-895-8065
City of Banks|OR,City of Banks,OR,Washington,Banks,"13680 NW Main Street, Banks, OR",97106,45.594526,-123.138952,zip,2036.0,Rural (<10k),1,1,0,0,1,50000.0,50000.0,19.1,Open,Not on any supplied list - verify before outreach,Conner Hayes,Public Works Superintendent,chayes@cityofbanks.org,1-503-324-5112
Northshore Utility District|WA,Northshore Utility District,WA,King,Kenmore,PO BOX 82489,98028,47.754219,-122.124643,zip,23097.0,Small (10-50k),1,1,0,0,1,50000.0,50000.0,19.1,Open,Not on any supplied list - verify before outreach,SUZANNE GREATHOUSE,BOARD PRESIDENT,sgreathouse@nud.net,1-425-398-4400
City of Twentynine Palms|CA,City of Twentynine Palms,CA,San Bernardino,Twentynine Palms,6136 Adobe Rd.,92277,34.234411,-116.235073,zip,26073.0,Small (10-50k),1,1,0,1,0,0.0,0.0,19.0,Open,Not on any supplied list - verify before outreach,,,,
City of Ione|CA,City of Ione,CA,Amador,Ione,1 East Main Street,95640,38.340647,-120.91473,zip,7753.0,Rural (<10k),1,1,0,0,1,0.0,0.0,19.0,Open,Not on any supplied list - verify before outreach,,,,
Bridgeport Public Utility District|CA,Bridgeport Public Utility District,CA,Mono,Bridgeport,233 Twin Lakes Rd,93517,38.248505,-119.19876,zip,14444.0,Small (10-50k),1,1,0,0,1,0.0,0.0,19.0,Open,Not on any supplied list - verify before outreach,Thomas Mullinax,Operations & Field Manager,bridgeportpud@gmail.com,1-760-932-7251
City of Williams|AZ,City of Williams,AZ,Coconino,Flagstaff,113 S 1st St,86001,35.932116,-111.597853,zip,3248.0,Rural (<10k),1,1,0,0,1,0.0,0.0,19.0,Open,Not on any supplied list - verify before outreach,,,,
City of Willits|CA,City of Willits,CA,Mendocino,Willits,111 East Commercial Street,95490,39.525958,-123.36573,zip,4890.0,Rural (<10k),2,1,0,0,0,1500000.0,1500000.0,19.0,Open,Not on any supplied list - verify before outreach,Scott Herman,Public Works Director,sherman@cityofwillits.org,1-707-459-4605
City of El Centro|CA,City of El Centro,CA,Imperial,El Centro,1275 Main Street,92243,32.900509,-115.503842,zip,44079.0,Small (10-50k),1,1,0,0,1,0.0,0.0,19.0,Open,Not on any supplied list - verify before outreach,Abraham Campos,Public Works Director/ City Engineer,acampos@cityofelcentro.org,1-760-337-4505
County of Amador|CA,County of Amador,CA,Amador,Jackson,810 COURT ST,95642,38.366959,-120.763365,zip,39752.0,Small (10-50k),1,1,0,1,0,0.0,0.0,19.0,Open,Not on any supplied list - verify before outreach,Pam Matthews,Chief Deputy Treasurer,pmatthews@amadorgov.org,1-209-223-6364
City of Dayton|WA,City of Dayton,WA,Columbia,Dayton,111 S 1st St,99328,46.392683,-117.94953,zip,2442.0,Rural (<10k),1,1,0,0,1,0.0,0.0,19.0,Open,Not on any supplied list - verify before outreach,Dave Elkins,Assistant Public Works Director,delkins@daytonwa.com,1-509-382-4571
City of La Pine|OR,City of La Pine,OR,Deschutes,,16755 Finley Butte Rd,97703,43.80528472727271,-120.51736112121213,zip3,1929.0,Rural (<10k),1,1,0,0,1,0.0,0.0,19.0,Open,Not on any supplied list - verify before outreach,Jake Obrist,Public Works Director,jobrist@lapineoregon.gov,1-541-948-9358
City of College Place|WA,City of College Place,WA,Walla Walla,College Place,625 South College Ave,99324,46.047069,-118.409275,zip,9317.0,Rural (<10k),1,1,0,0,1,0.0,0.0,19.0,Open,Not on any supplied list - verify before outreach,Paul Hartwig,Director of Public Works,phartwig@cpwa.us,1-509-394-8526
Forestville Water District|CA,Forestville Water District,CA,Sonoma,Forestville,"6530 Mirabel Rd, Forestville, CA",95436,38.509736,-122.918385,zip,3000.0,Rural (<10k),1,1,0,0,1,0.0,0.0,19.0,Open,Not on any supplied list - verify before outreach,,,,
City of Omak|WA,City of Omak,WA,Okanogan,Okanogan,2 Ash St N,98840,48.577378,-119.956787,zip,4778.0,Rural (<10k),1,1,0,0,1,0.0,0.0,19.0,Open,Not on any supplied list - verify before outreach,Connie Thomas,City Clerk,clerk@omakcity.com,1-509-826-1170
City of Oakley|CA,City of Oakley,CA,Contra Costa,Oakley,"3231 Main Street, Oakley, CA",94561,37.996516,-121.68972,zip,42543.0,Small (10-50k),1,1,0,0,1,0.0,0.0,19.0,Open,Not on any supplied list - verify before outreach,Kevin Rohani,Director of Public Works / City Engineer,rohani@ci.oakley.ca.us,1-925-625-7003
East Valley Water District|CA,East Valley Water District,CA,San Bernardino,Highland,31111 GREENSPOT ROAD,92346,34.156543,-117.14027,zip,10000.0,Small (10-50k),1,1,0,0,1,0.0,0.0,19.0,Open,Not on any supplied list - verify before outreach,Patrick Milroy,Operations Manager,pmilroy@eastvalley.org,1-909-889-9501
City of North Bonneville|WA,City of North Bonneville,WA,Skamania,Stevenson,"214, North Bonneville",98648,45.673707,-121.912581,zip,1007.0,Rural (<10k),1,1,0,0,1,0.0,0.0,19.0,Open,Not on any supplied list - verify before outreach,Bryan Henrichsen,Public Works Supervisor,bryanh@northbonneville.net,1-509-427-8182
County of Jefferson|WA,County of Jefferson,WA,Jefferson,Port Townsend,621 SHERIDAN ST,98368,48.018572,-122.849683,zip,32221.0,Small (10-50k),1,1,0,1,0,0.0,0.0,19.0,Open,Not on any supplied list - verify before outreach,Reinders Monte,Public Works Director,,1-360-385-9160
City of Gustine|CA,City of Gustine,CA,Merced,Gustine,682 3rd Avenue,95322,37.150438,-120.987196,zip,5882.0,Rural (<10k),1,1,0,0,1,0.0,0.0,19.0,Open,Not on any supplied list - verify before outreach,Dennis Castro,Public Works Supervisor,dcastro@cityofgustine.com,1-209-854-6471
Modesto Irrigation District|CA,Modesto Irrigation District,CA,Stanislaus,Modesto,PO BOX 4060,95352,37.60396,-120.937052,zip,215196.0,Mid (50-250k),2,2,0,0,2,500000.0,500000.0,19.0,Open,Not on any supplied list - verify before outreach,Larry Byrd,Director,larry.byrd@mid.org,1-888-335-1643
City of South Pasadena|CA,City of South Pasadena,CA,Los Angeles,South Pasadena,1414 Mission Street,91030,33.786594,-118.298662,zip,30051.0,Small (10-50k),1,1,0,0,1,0.0,0.0,19.0,Open,Not on any supplied list - verify before outreach,Ted Gerber,Public Works Director,tgerber@southpasadenaca.gov,1-626-460-6392
City of Sutter Creek|CA,City of Sutter Creek,CA,Amador,Jackson,18 Main St,95642,38.366959,-120.763365,zip,2622.0,Rural (<10k),1,1,0,0,1,0.0,0.0,19.0,Open,Not on any supplied list - verify before outreach,Dan Lafontaine,Public Works Director,dlafontaine@cityofsuttercreek.org,1-209-215-4895
City of Toledo|OR,City of Toledo,OR,Lincoln,Newport,801 SW Hwy 101,97365,44.552413,-124.024426,zip,3644.0,Rural (<10k),1,1,0,0,1,0.0,0.0,19.0,Open,Not on any supplied list - verify before outreach,Judy Richter,City Manager,judy.richter@cityoftoledo.org,1-541-635-2003
City of Leavenworth|WA,City of Leavenworth,WA,Chelan,Wenatchee,700 US Hwy 2,98801,47.573816,-120.351884,zip,2029.0,Rural (<10k),1,1,0,0,1,0.0,0.0,19.0,Open,Not on any supplied list - verify before outreach,,,,
City of Madras|OR,City of Madras,OR,Jefferson,Madras,125 SW E St,97741,44.62616,-121.128106,zip,7051.0,Rural (<10k),1,1,0,0,1,0.0,0.0,19.0,Open,Not on any supplied list - verify before outreach,,,,
City of Live Oak|CA,City of Live Oak,CA,Sutter,Live Oak,9955 Live Oak,95953,39.236141,-121.767177,zip,16948.0,Small (10-50k),1,1,0,0,1,0.0,0.0,19.0,Open,Not on any supplied list - verify before outreach,Ron Walker,Public Works Director,rwalker@liveoakcity.org,1-530-695-2112;ext=132
City of Atwater|CA,City of Atwater,CA,Merced,Atwater,750 Bellevue Road,95301,37.317255,-120.647347,zip,29559.0,Small (10-50k),1,1,0,0,1,0.0,0.0,19.0,Open,Not on any supplied list - verify before outreach,Justin Vinson,Public Works Superintendent,jvinson@atwater.org,1-209-357-6375
City of Port Orchard|WA,City of Port Orchard,WA,Kitsap,Port Orchard,216 Prospect St,98366,47.542664,-122.587102,zip,14597.0,Small (10-50k),1,1,0,0,1,0.0,0.0,19.0,Open,Not on any supplied list - verify before outreach,Chris Hammer,City Engineer,kchammer@portorchardwa.gov,1-360-876-4991
City of Coburg|OR,City of Coburg,OR,Lane,Eugene,91136 N Willamette St.,97408,44.141548,-123.125468,zip,1170.0,Rural (<10k),1,1,0,0,1,0.0,0.0,19.0,Open,Not on any supplied list - verify before outreach,Brian Harmon,Public Works Director,brian.harmon@ci.coburg.or.us,1-541-682-7857
City of Milwaukie|OR,City of Milwaukie,OR,Clackamas,Portland,"10722 SE Main St, Milwaukie, OR",97222,45.437341,-122.614703,zip,20990.0,Small (10-50k),1,1,0,1,0,0.0,0.0,19.0,Open,Not on any supplied list - verify before outreach,Peter Passarelli,Public Works Director,passarellip@milwaukieoregon.gov,
City of Arroyo Grande|CA,City of Arroyo Grande,CA,San Luis Obispo,Arroyo Grande,215 East Branch Street,93420,35.292432,-120.655743,zip,17976.0,Small (10-50k),1,1,0,1,0,0.0,0.0,19.0,Open,Not on any supplied list - verify before outreach,Whitney McDonald,City Manager,wmcdonald@arroyogrande.org,1-805-473-5400
City of Escondido|CA,City of Escondido,CA,San Diego,Escondido,"201 North Broadway, Escondido, CA",92025,33.057128,-117.083403,zip,137941.0,Mid (50-250k),2,2,0,1,1,350000.0,350000.0,18.7,Open,Not on any supplied list - verify before outreach,Jake Nyberg,Deputy Director of Public Works,jnyberg@escondido.org,1-760-839-4668
Lake Stevens Sewer District|WA,Lake Stevens Sewer District,WA,Snohomish,Lake Stevens,"1106 Vernon Rd Suite A, Lake Stevens, WA",98258,48.046751,-122.056379,zip,33911.0,Small (10-50k),1,1,0,0,0,1360000.0,1360000.0,18.7,Open,Not on any supplied list - verify before outreach,Jonathan Dix,Assistant General Manager,jonathan.dix@lkssd.org,
Tehachapi-Cummings Co Water Dist|CA,Tehachapi-Cummings Co Water Dist,CA,Kern,Tehachapi,PO BOX 326,93581,35.294405,-118.905173,zip,55000.0,Mid (50-250k),2,2,0,0,2,275000.0,275000.0,18.6,Open,Not on any supplied list - verify before outreach,Catherine Adams,Administration Manager,tccwd@tccwd.com,1-661-822-5504
Montara Sanitary District|CA,Montara Sanitary District,CA,San Mateo,Montara,PO BOX 370131,94037,37.542789,-122.505152,zip,,Unknown,1,1,0,0,1,4800000.0,4800000.0,18.6,Open,Not on any supplied list - verify before outreach,Clemens Heldmaier,General Manager,cheldmaier@mwsd.net,1-650-728-3545
City of Inglewood|CA,City of Inglewood,CA,Los Angeles,Inglewood,"1 West Manchester Boulevard, # 860",90301,33.786594,-118.298662,zip,108151.0,Mid (50-250k),2,1,0,2,2,2300000.0,100000.0,18.2,Open,Not on any supplied list - verify before outreach,Louis Atwell,Director of Public Works,latwell@cityofinglewood.org,1-310-412-5333
San Antonio Water Company|CA,San Antonio Water Company,CA,San Bernardino,Upland,1350 South E Street,91786,34.839964,-115.967051,zip,77140.0,Mid (50-250k),2,2,0,0,2,120000.0,120000.0,18.2,Open,Not on any supplied list - verify before outreach,Teri Layton,Assistant General Manager,tlayton@sawaterco.com,1-909-982-4107
City of Carlsbad|CA,City of Carlsbad,CA,San Diego,Carlsbad,1200 Carlsbad Village Dr,92008,33.016928,-116.846046,zip,115382.0,Mid (50-250k),1,1,0,1,0,4601000.0,4601000.0,18.2,Open,Not on any supplied list - verify before outreach,Paz Gomez,"Deputy City Manager, Public Works",paz.gomez@carlsbadca.gov,1-760-602-2751
Mid-Coastside Sewer Authority|CA,Mid-Coastside Sewer Authority,CA,San Mateo,Half Moon Bay,1000 CABRILLO HWY N,94019,37.389057,-122.415566,zip,767423.0,Large (250k+),2,2,0,1,1,67328.0,67328.0,18.1,Open,Not on any supplied list - verify before outreach,George Evans,Finance Officer,gevans@samcleanswater.org,1-650-726-0124
County of Kaua'i|HI,County of Kaua'i,HI,Kauai,Lihue,4444 RICE ST,96766,22.070553,-159.430328,zip,67091.0,Mid (50-250k),2,2,0,0,2,29499.0,29499.0,18.1,Open,Not on any supplied list - verify before outreach,Nalani Brun,Director,nbrun@kauai.gov,1-424-241-4952
City of Aberdeen|WA,City of Aberdeen,WA,Grays Harbor,Montesano,200 E Market St,98563,47.015536,-123.719565,zip,16756.0,Small (10-50k),1,0,1,1,1,5000000.0,0.0,18.0,Open,Not on any supplied list - verify before outreach,Jesse Mottinger,Wastewater Treatment System Manager,jmottinger@aberdeenwa.gov,1-360-537-3285
City of Visalia|CA,City of Visalia,CA,Tulare,Visalia,707 West Acequia Avenue,93291,36.184014,-119.363349,zip,134605.0,Mid (50-250k),1,1,0,1,1,3000000.0,3000000.0,18.0,Open,Not on any supplied list - verify before outreach,Leslie Caviglia,City Manager,leslie.caviglia@visalia.city,1-559-713-4332
Fairfield Suisun Sewer District|CA,Fairfield Suisun Sewer District,CA,Solano,,1010 CHADBOURNE RD,94534,37.93037123076923,-122.05240659340662,zip3,144000.0,Mid (50-250k),2,2,0,0,2,0.0,0.0,18.0,Open,Not on any supplied list - verify before outreach,Benjamin Carver,Operations Manager,bcarver@fssd.com,1-707-429-8930
Garberville Sanitary District|CA,Garberville Sanitary District,CA,Humboldt,Garberville,PO BOX 211,95542,40.65136,-123.862815,zip,135558.0,Mid (50-250k),2,2,0,0,2,0.0,0.0,18.0,Open,Not on any supplied list - verify before outreach,,,,
City of Gladstone|OR,City of Gladstone,OR,Clackamas,Clackamas,18505 Portland Ave,97015,45.415038,-122.499461,zip,12324.0,Small (10-50k),1,0,1,1,1,500000.0,0.0,18.0,Open,Not on any supplied list - verify before outreach,Jim Whynot,Director of Public Works,whynot@ci.gladstone.or.us,1-503-656-7957
City of Galt|CA,City of Galt,CA,Sacramento,Galt,380 Civic Drive,95632,38.289817,-121.313883,zip,26536.0,Small (10-50k),1,0,1,1,1,300000.0,0.0,18.0,Open,Not on any supplied list - verify before outreach,Chris Erias,Interim City Manager,cerias@cityofgalt.org,1-209-366-7100
Sacramento Area Council Of Governments|CA,Sacramento Area Council Of Governments,CA,Sacramento,Sacramento,1415 L St # 300,95814,38.579055,-121.480905,zip,508529.0,Large (250k+),1,1,0,0,0,6000000.0,6000000.0,18.0,Open,Not on any supplied list - verify before outreach,Kacey Lizon,Deputy Executive Director of Planning & Programs,klizon@sacog.org,1-916-340-6265
City of Suisun City|CA,City of Suisun City,CA,Solano,Suisun City,"701 Civic Center Blvd. Suisun City, CA",94585,38.195385,-121.994935,zip,29663.0,Small (10-50k),1,0,1,1,1,6947500.0,0.0,18.0,Open,Not on any supplied list - verify before outreach,Nick Lozano,Director of Engineering,nlozano@suisun.com,1-707-580-0629
Otay Water District|CA,Otay Water District,CA,"Unspecified

Otay Municipal Water District",Spring Valley,"2554 Sweetwater Springs Blvd

2554 SWEETWATER SPRINGS BLVD",91978,32.733452,-116.957898,zip,,Unknown,2,2,0,0,2,0.0,0.0,18.0,Open,Not on any supplied list - verify before outreach,Pedro Porras,"Chief, Water Operations",PedroP@otaywater.gov,1-619-670-2224
Roseburg Urban Sanitary Authority|OR,Roseburg Urban Sanitary Authority,OR,Unspecified,,1297 NE Grandview Dr,,,,,,Unknown,2,2,0,0,2,0.0,0.0,18.0,Open,Not on any supplied list - verify before outreach,Christine Morris,Finance Director,christine@rusa-or.org,1-541-672-1551
North of River Sanitary District|CA,North of River Sanitary District,CA,Unspecified,,204 Universe Ave,,,,,,Unknown,2,2,0,0,2,0.0,0.0,18.0,Open,Not on any supplied list - verify before outreach,Joseph Ferrari,Environmental Compliance Officer,jferrari@norsd.com,1-661-399-6411
Pajaro Valley Water Management Agency|CA,Pajaro Valley Water Management Agency,CA,Santa Cruz,Watsonville,36 BRENNAN ST,95076,36.98025,-121.74696,zip,35000.0,Small (10-50k),1,0,1,1,1,0.0,0.0,18.0,Open,Not on any supplied list - verify before outreach,Brian Lockwood,General Manager,lockwood@pvwater.org,1-831-722-9292
Bay Area Rapid Transit District|CA,Bay Area Rapid Transit District,CA,Unspecified,,2150 Webster St,,,,,,Unknown,2,2,0,0,1,1423349.0,1423349.0,17.8,Open,Not on any supplied list - verify before outreach,Michael Jone,Deputy General Manager,GeneralManager@bart.gov,1-510-464-6000
Rubidoux Community Services District|CA,Rubidoux Community Services District,CA,Riverside,Riverside,3590 RUBIDOUX BLVD,92509,33.752886,-116.055617,zip,2470546.0,Large (250k+),2,2,0,0,1,1370000.0,1370000.0,17.7,Open,Not on any supplied list - verify before outreach,Brandon Thomas,Assistant General Manager,bthomas@rcsd.org,1-951-684-7580
City of San Bernardino|CA,City of San Bernardino,CA,San Bernardino,San Bernardino,300 North D Street,92418,34.839964,-115.967051,zip,216089.0,Mid (50-250k),1,1,0,1,0,4300000.0,4300000.0,17.6,Open,Not on any supplied list - verify before outreach,Jodi Mansfield,Operations Manager,mansfield@sbcity.org,1-909-384-5188
Lott Alliance|WA,Lott Alliance,WA,Thurston,Olympia,500 ADAMS ST NE,98501,46.984767,-122.869079,zip,51534.0,Mid (50-250k),1,1,0,1,1,2778816.0,2778816.0,17.6,Open,Not on any supplied list - verify before outreach,Matthew Kennel,Executive Director,mattkennelly@lottcleanwater.org,1-360-664-2333
City of Carnation|WA,City of Carnation,WA,King,Carnation,4621 Tolt Ave,98014,47.661862,-121.927236,zip,2282.0,Rural (<10k),1,1,0,0,0,510000.0,510000.0,17.0,Open,Not on any supplied list - verify before outreach,Keith Stewart,City Engineer,kstewart@g-o.com,1-425-333-4192
Fallbrook Public Utilities District|CA,Fallbrook Public Utilities District,CA,San Diego,San Diego,990 E Mission Rd,92123,32.810983,-117.136812,zip,3338330.0,Large (250k+),2,1,1,1,2,1526293.0,0.0,17.0,Open,Not on any supplied list - verify before outreach,David Shank,Assistant General Manager,dshank@fpud.com,1-760-728-1125
Fort Mojave Tribal Utilities Authority|AZ,Fort Mojave Tribal Utilities Authority,AZ,Mohave,Mohave Valley,"8780 AZ-95, Mohave Valley, AZ",86440,35.0524,-114.245399,zip,212181.0,Mid (50-250k),1,1,0,0,1,3900000.0,3900000.0,16.8,Open,Not on any supplied list - verify before outreach,Charlie Gonzalez Jr.,Principal/Accountant,csr@fmtua.com,
Oakdale Irrigation District|CA,Oakdale Irrigation District,CA,Stanislaus,Oakdale,1205 E F ST,95361,37.839643,-120.698578,zip,23596.0,Small (10-50k),1,1,0,0,0,400000.0,400000.0,16.8,Open,Not on any supplied list - verify before outreach,Scot Moody,General Manager,smoody@oakdaleirrigation.com,1-209-840-5508
Mojave Water Agency|CA,Mojave Water Agency,CA,San Bernardino,Apple Valley,13846 CONFERENCE CENTER DR,92307,34.839964,-115.967051,zip,73453.0,Mid (50-250k),2,2,0,0,1,775000.0,775000.0,16.6,Open,Not on any supplied list - verify before outreach,Adnan Anabtawi,General Manager,mwaadministration@mojavewater.org,1-760-946-7000
Whatcom County Public Utility District 1|WA,Whatcom County Public Utility District 1,WA,Whatcom,Ferndale,1705 TRIGG RD,98248,48.861113,-122.608561,zip,14897.0,Small (10-50k),1,1,0,0,0,272000.0,272000.0,16.5,Open,Not on any supplied list - verify before outreach,Chris Heimgartner,General Manager,generalmanager@pudwhatcom.org,1-360-384-4288;ext=19
Metropolitan Wastewater Management Commission|OR,Metropolitan Wastewater Management Commission,OR,Unspecified,Springfield,"410 River Ave. Eugene

225 Fifth Street",97477,43.937276,-123.444371,zip,,Unknown,2,2,0,0,1,665000.0,665000.0,16.3,Open,Not on any supplied list - verify before outreach,Jolynn Barker,Engineering Assistant,jbarker@springfield-or.gov,1-541-744-4170
Friant Water Authority|CA,Friant Water Authority,CA,Tulare,Lindsay,854 N HARVARD AVE,93247,36.073033,-119.129166,zip,13463.0,Small (10-50k),1,1,0,0,0,119411.0,119411.0,16.2,Open,Not on any supplied list - verify before outreach,Johnny Amaral,Chief Operating Officer,jamaral@friantwater.org,1-559-562-6305
Three Valleys Municipal Water District|CA,Three Valleys Municipal Water District,CA,Los Angeles,Claremont,1021 E. Miramar Avenue,91711,33.786594,-118.298662,zip,10039107.0,Large (250k+),2,2,0,0,1,600000.0,600000.0,16.2,Open,Not on any supplied list - verify before outreach,Stephen Lang,Chief Operations Officer,,1-909-621-5568
City of Columbia City|OR,City of Columbia City,OR,Columbia,Saint Helens,1840 2nd St,97051,45.887794,-122.919935,zip,2022.0,Rural (<10k),1,1,0,0,0,117000.0,117000.0,16.2,Open,Not on any supplied list - verify before outreach,Micah Rogers,Public Works Superintendent,info@columbiacity.net,1-503-397-0454
City of Yachats|OR,City of Yachats,OR,Lincoln,Newport,501 Hwy 101 N,97365,44.552413,-124.024426,zip,784.0,Rural (<10k),1,1,0,0,0,30000.0,30000.0,16.1,Open,Not on any supplied list - verify before outreach,Bobbi Price,City Manager,citymanager@yachatsmail.org,1-541-547-3565
Town of La Conner|WA,Town of La Conner,WA,Skagit,Mount Vernon,204 Douglas St,98273,48.435248,-122.208184,zip,949.0,Rural (<10k),1,1,0,0,0,60000.0,60000.0,16.1,Open,Not on any supplied list - verify before outreach,Maria DeGoede,Finance Director,financedirector@townoflaconner.org,1-360-466-3125
City of Phoenix|OR,City of Phoenix,OR,Jackson,Medford,112 W 2nd St,97501,42.482623,-122.72255,zip,4653.0,Rural (<10k),1,1,0,0,0,10000.0,10000.0,16.0,Open,Not on any supplied list - verify before outreach,Eric Swanson,City Manager,eric.swanson@phoenixoregon.gov,1-541-535-1955;ext=317
City of Orland|CA,City of Orland,CA,Glenn,Orland,815 4th St,95963,39.631197,-122.327137,zip,7827.0,Rural (<10k),1,1,0,0,0,0.0,0.0,16.0,Open,Not on any supplied list - verify before outreach,Paul Rabo,City Engineer,prabo@rarcivil.com,1-530-895-1422
Snoqualmie Pass Utility District|WA,Snoqualmie Pass Utility District,WA,King,Snoqualmie Pass,PO BOX 131,98068,47.445171,-121.431033,zip,13622.0,Small (10-50k),1,1,0,0,0,0.0,0.0,16.0,Open,Not on any supplied list - verify before outreach,William Powers,Commissioner,wpowers@snopass.org,1-425-434-6365
City of Barstow|CA,City of Barstow,CA,San Bernardino,Barstow,220 East Mountain View Street,92311,34.693608,-115.851819,zip,23915.0,Small (10-50k),1,1,0,0,0,0.0,0.0,16.0,Open,Not on any supplied list - verify before outreach,Matthew Franklin,Operations & Maintenance Supervisor,mfranklin@barstowca.org,1-760-252-2538
Town of Miami|AZ,Town of Miami,AZ,Gila,Miami,500 West Sullivan Street,85539,33.528204,-110.966562,zip,1780.0,Rural (<10k),1,1,0,0,0,0.0,0.0,16.0,Open,Not on any supplied list - verify before outreach,Jose Medina,Mayor,jmedina@miamiaz.gov,1-928-473-4403
City of Moro|OR,City of Moro,OR,Sherman,Moro,104 1st St,97039,45.502564,-120.684499,zip,328.0,Rural (<10k),1,1,0,0,0,0.0,0.0,16.0,Open,Not on any supplied list - verify before outreach,Brittany Wood,City Administrator,morocityhall@cityofmoro.net,1-541-565-3535
City of Sequim|WA,City of Sequim,WA,Clallam,Sequim,152 W Cedar St,98382,48.06773,-123.080362,zip,7640.0,Rural (<10k),1,1,0,0,0,0.0,0.0,16.0,Open,Not on any supplied list - verify before outreach,,,,
City of Sierra Vista|AZ,City of Sierra Vista,AZ,Cochise,Sierra Vista,1011 Coronado Drive,85635,31.810649,-109.997623,zip,43045.0,Small (10-50k),1,1,0,0,0,0.0,0.0,16.0,Open,Not on any supplied list - verify before outreach,Gabriel Squires,Internal Operations Manager,gabriel.squires@sierravistaaz.gov,1-520-515-8503
City of Santa Fe Springs|CA,City of Santa Fe Springs,CA,Los Angeles,Santa Fe Springs,11710 Telegraph Road,90670,33.927063,-118.063698,zip,17630.0,Small (10-50k),1,1,0,0,0,0.0,0.0,16.0,Open,Not on any supplied list - verify before outreach,Noe Negrete,Director of Public Works,noenegrete@santafesprings.org,
City of Port Orford|OR,City of Port Orford,OR,Curry,Port Orford,555 W. 20th St. PO Box 310,97465,42.703155,-124.45094,zip,1153.0,Rural (<10k),1,1,0,0,0,0.0,0.0,16.0,Open,Not on any supplied list - verify before outreach,John Isadore,Director of Public Works,JIsadore@portorford.org,
Hi-Desert Water District|CA,Hi-Desert Water District,CA,San Bernardino,Yucca Valley,55439 29 PALMS HWY,92284,34.451263,-115.896753,zip,21777.0,Small (10-50k),1,1,0,0,0,0.0,0.0,16.0,Open,Not on any supplied list - verify before outreach,Tony Culver,Assistant General Manager - Water Operations,tonyc@hdwd.com,1-760-365-8152
Grant County Public Utility District 2|WA,Grant County Public Utility District 2,WA,Grant,Ephrata,PO BOX 878,98823,47.177565,-119.401958,zip,8136.0,Rural (<10k),1,1,0,0,0,0.0,0.0,16.0,Open,Not on any supplied list - verify before outreach,John Mertlich,General Manager,jmertlich@gcpud.org,1-509-793-1457
City of Entiat|WA,City of Entiat,WA,Chelan,Entiat,14070 Kinzel St,98822,47.774872,-120.356279,zip,1280.0,Rural (<10k),1,1,0,0,0,0.0,0.0,16.0,Open,Not on any supplied list - verify before outreach,Lonnie Baird,Waste Water Treatment Operator,lbaird@entiatwa.us,1-509-784-1500
Mason County Public Utility District 3|WA,Mason County Public Utility District 3,WA,Mason,Shelton,PO BOX 2148,98584,47.263255,-123.159683,zip,10655.0,Small (10-50k),1,1,0,0,0,0.0,0.0,16.0,Open,Not on any supplied list - verify before outreach,Annette Creekpaum,CEO/General Manager,hello@masonpud3.org,1-360-426-8255
Port Of Whitman County|WA,Port Of Whitman County,WA,Whitman,Colfax,302 N MILL ST,99111,46.959127,-117.505163,zip,2872.0,Rural (<10k),1,1,0,0,0,0.0,0.0,16.0,Open,Not on any supplied list - verify before outreach,Brenda Stav,Operations and Administration Director,brenda@portwhitman.com,1-509-330-6649
City of Ione|OR,City of Ione,OR,Morrow,Ione,385 W 2nd St,97843,45.456534,-119.842256,zip,328.0,Rural (<10k),1,1,0,0,0,0.0,0.0,16.0,Open,Not on any supplied list - verify before outreach,Elizabeth Peterson,City Manager,cityofioneor@gmail.com,1-541-561-8116
City of Dunsmuir|CA,City of Dunsmuir,CA,Siskiyou,Dunsmuir,5915 Dunsmuir Ave,96025,41.45574,-122.390196,zip,1564.0,Rural (<10k),1,1,0,0,0,0.0,0.0,16.0,Open,Not on any supplied list - verify before outreach,Ron LaRue,Utilities Supervisor,wwtp@ci.dunsmuir.ca.us,1-530-235-4822;ext=6
City of Cottage Grove|OR,City of Cottage Grove,OR,Lane,Eugene,400 E Main St,97401,44.117868,-123.074193,zip,10465.0,Small (10-50k),1,1,0,0,0,0.0,0.0,16.0,Open,Not on any supplied list - verify before outreach,Mike Sauerwein,City Manager,msauerwein@cottagegrove.org,1-541-942-5501
City of Creswell|OR,City of Creswell,OR,Lane,Creswell,"13 South 1st Street, Creswell, OR",97426,43.895976,-123.041968,zip,5540.0,Rural (<10k),1,1,0,0,0,0.0,0.0,16.0,Open,Not on any supplied list - verify before outreach,,,,
North Beach Water|WA,North Beach Water,WA,Unspecified,,2212 272nd Street,,,,,,Unknown,2,0,2,2,2,82000.0,0.0,16.0,Open,Not on any supplied list - verify before outreach,Rick Gray,General Manger,rgray@northbeachwater.com,1-360-665-4144
Association Of Monterey Bay Area Governments|CA,Association Of Monterey Bay Area Governments,CA,Monterey,Monterey,24580 Silver Cloud Ct,93940,36.521811,-121.688623,zip,28178.0,Small (10-50k),1,1,0,0,0,0.0,0.0,16.0,Open,Not on any supplied list - verify before outreach,,,,
City of Carson|CA,City of Carson,CA,Los Angeles,Carson,701 E. Carson Street,90745,33.813317,-118.261154,zip,91394.0,Mid (50-250k),3,1,2,2,0,0.0,0.0,16.0,Open,Not on any supplied list - verify before outreach,Gilbert Marquez,City Engineer,gmarquez@carson.ca.us,1-310-830-7600;ext=1813
Town of St. John|WA,Town of St. John,WA,Whitman,Colfax,E 1,99111,46.959127,-117.505163,zip,559.0,Rural (<10k),1,1,0,0,0,0.0,0.0,16.0,Open,Not on any supplied list - verify before outreach,,,,
City of Alhambra|CA,City of Alhambra,CA,Los Angeles,Alhambra,"111 South First Street, Alhambra, CA",91801,33.786594,-118.298662,zip,83750.0,Mid (50-250k),1,1,0,0,1,3500000.0,3500000.0,16.0,Open,Not on any supplied list - verify before outreach,Jessica Binnquist,City Manager,jbinnquist@cityofalhambra.org,1-626-570-5010
Town of Colorado City|AZ,Town of Colorado City,AZ,Mohave,Colorado City,45 Central St,86021,36.974658,-112.978914,zip,4836.0,Rural (<10k),2,1,0,0,0,23126300.0,0.0,16.0,Open,Not on any supplied list - verify before outreach,Vance Barlow,Town Manager,manager@tocc.us,1-928-875-2646
Carpinteria Sanitary District|CA,Carpinteria Sanitary District,CA,Santa Barbara,Carpinteria,5300 6TH ST,93013,34.405045,-119.520525,zip,15619.0,Small (10-50k),1,1,0,0,0,0.0,0.0,16.0,Open,Not on any supplied list - verify before outreach,Mark Bennett,Operations Manager,markb@carpsan.com,1-805-684-7214;ext=17
Walnut Valley Water District|CA,Walnut Valley Water District,CA,Los Angeles,Walnut,PO BOX 508,91788,33.786594,-118.298662,zip,29685.0,Small (10-50k),1,1,0,0,0,0.0,0.0,16.0,Open,Not on any supplied list - verify before outreach,Sheryl Shaw,General Manager / Chief Engineer,sshaw@wvwd.com,1-909-598-1268
Bighorn-Desert View Water Agency|CA,Bighorn-Desert View Water Agency,CA,San Bernardino,Yucca Valley,"622 Jemez Trail, Yucca Valley, CA",92284,34.451263,-115.896753,zip,10000.0,Small (10-50k),1,1,0,0,0,0.0,0.0,16.0,Open,Not on any supplied list - verify before outreach,Marina D. West,General Manager,mwest@bdvwa.org,1-760-364-2315
City of Lynwood|CA,City of Lynwood,CA,Los Angeles,Lynwood,11330 Bullis Road,90262,33.924538,-118.202954,zip,69887.0,Mid (50-250k),2,2,0,1,0,275000.0,275000.0,15.6,Open,Not on any supplied list - verify before outreach,Julian Lee,Director of Public Works,jlee@lynwoodca.gov,1-310-603-0220;ext=801
Sweetwater Authority|CA,Sweetwater Authority,CA,San Diego,Chula Vista,505 GARRETT AVE,91910,32.636922,-117.050072,zip,3338330.0,Large (250k+),2,1,1,1,1,610900.0,610900.0,15.2,Open,Not on any supplied list - verify before outreach,Ron Mosher,Director of Engineering,environmental@sweetwater.org,1-619-409-6750
Corbett Water District|OR,Corbett Water District,OR,Multnomah,Corbett,PO BOX 6,97019,45.51827,-122.229299,zip,,Unknown,2,2,0,0,1,110000.0,110000.0,15.2,Open,Not on any supplied list - verify before outreach,David Jacob,Interim District Manager,info@corbettwater.com,1-503-695-2284
Sallal Water Association|WA,Sallal Water Association,WA,Unspecified,,47230 SE 144th St,,,,,,Unknown,2,2,0,0,1,80000.0,80000.0,15.2,Open,Not on any supplied list - verify before outreach,Devin Mettler,General Manager,admin@sallal.com,1-425-888-3650
Crockett Community Services District|CA,Crockett Community Services District,CA,Contra Costa,Crockett,PO BOX 578,94525,37.958011,-122.152602,zip,,Unknown,2,2,0,0,1,30000.0,30000.0,15.1,Open,Not on any supplied list - verify before outreach,Gaunt Murdock,General Manager,manager@town.crockett.ca.us,1-510-787-2992
Yurok Tribe|CA,Yurok Tribe,CA,Del Norte,Crescent City,190 Klamath Blvd,95531,41.744452,-124.056897,zip,27812.0,Small (10-50k),1,0,1,1,0,3968300.0,0.0,15.0,Open,Not on any supplied list - verify before outreach,Frankie Myers,Vice Chairman,fmyers@yuroktribe.nsn.us,1-707-482-1350
City of Colton|CA,City of Colton,CA,San Bernardino,Colton,650 North La Cadena Drive,92324,34.151161,-116.900557,zip,54824.0,Mid (50-250k),1,1,0,1,1,1500000.0,1500000.0,15.0,Open,Not on any supplied list - verify before outreach,Jess Scotto,Utilities Engineer,jsotto@coltonca.gov,1-909-370-5551
City of Fillmore|CA,City of Fillmore,CA,Ventura,Fillmore,250 Central Avenue,93015,34.393387,-118.864285,zip,15870.0,Small (10-50k),1,0,1,1,0,0.0,0.0,15.0,Open,Not on any supplied list - verify before outreach,Roxanne Hughes,City Engineer,roxanneh@ci.fillmore.ca.us,1-805-946-1647
Treasure Island Development Authority|CA,Treasure Island Development Authority,CA,County of San Francisco,San Francisco,"525 Golden Gate Avenue, San Francisco, CA",94102,37.779278,-122.416582,zip,1900000.0,Large (250k+),2,2,0,1,0,0.0,0.0,15.0,Open,Not on any supplied list - verify before outreach,Wei Zhang,Development Construction Manager,Weihua.Zhang@sfgov.org,1-415-274-0675
Kingsbury General Improvement District|NV,Kingsbury General Improvement District,NV,Douglas,Stateline,PO BOX 2220,89449,38.860647,-119.732977,zip,,Unknown,1,1,0,0,1,2986000.0,2986000.0,15.0,Open,Not on any supplied list - verify before outreach,Joe Esenarro,Utility Ops. Superintendent,Joe@kgid.org,1-775-588-3548
City of Lincoln|CA,City of Lincoln,CA,Placer,Lincoln,600 6th Street,95648,38.929305,-121.327143,zip,52534.0,Mid (50-250k),2,2,0,0,1,0.0,0.0,15.0,Open,Not on any supplied list - verify before outreach,,,,
City of Lomita|CA,City of Lomita,CA,Los Angeles,Lomita,24300 Narbonne Ave. Lomita,90717,33.786594,-118.298662,zip,20320.0,Small (10-50k),1,0,1,1,0,0.0,0.0,15.0,Open,Not on any supplied list - verify before outreach,Mark Andersen,Chief Water Operations Manager,m.andersen@lomitacity.com,
Beacon Hill Water and Sewer District|WA,Beacon Hill Water and Sewer District,WA,Unspecified,Kelso,"1121 West Side Highway

1121 Westside Hwy",98626,46.147274,-122.825047,zip,,Unknown,2,2,0,0,1,0.0,0.0,15.0,Open,Not on any supplied list - verify before outreach,Dell Hillger,District Manager,dhillger@bhwsd.org,1-360-636-3860
Port of Stockton|CA,Port of Stockton,CA,San Joaquin,Stockton,"425 N. El Dorado St., Stockton, CA",95202,37.958573,-121.289206,zip,312697.0,Large (250k+),1,1,0,1,1,1500000.0,1500000.0,15.0,Open,Not on any supplied list - verify before outreach,Michael Tyler,General Manager,Michaelt@stocktonport.com,1-209-946-0246
City of Hubbard|OR,City of Hubbard,OR,Marion,Hubbard,3720 Second St.,97032,45.1969,-122.812012,zip,3570.0,Rural (<10k),1,0,1,0,1,1100000.0,0.0,15.0,Open,Not on any supplied list - verify before outreach,Vickie Nogle,Director Of Administration / City Recorder/Manager,vlnogle@cityofhubbard.org,1-503-981-9633
City of Westfir|OR,City of Westfir,OR,Lane,Eugene,47441 Westoak Rd,97401,44.117868,-123.074193,zip,267.0,Rural (<10k),1,0,1,0,1,100000.0,0.0,15.0,Open,Not on any supplied list - verify before outreach,Bobby Archer,Public Works Director,publicworksdirector@ci.westfir.or.us,1-541-782-3983
Diablo Water District|CA,Diablo Water District,CA,Contra Costa,Oakley,87 Carol Lane,94561,37.996516,-121.68972,zip,1153526.0,Large (250k+),2,2,0,0,1,0.0,0.0,15.0,Open,Not on any supplied list - verify before outreach,,,,
Town of Windsor|CA,Town of Windsor,CA,Sonoma,Windsor,9291 Old Redwood Highway,95492,38.532827,-122.8041,zip,27128.0,Small (10-50k),1,0,1,1,0,3000000.0,0.0,15.0,Open,Not on any supplied list - verify before outreach,Michael Cave,Deputy Director of Water Operations,mcave@townofwindsor.com,1-707-838-5309
State of Arizona|AZ,State of Arizona,AZ,Maricopa,Phoenix,100 N 7th Ave,85007,33.276539,-112.18717,zip,1660000.0,Large (250k+),1,1,0,1,1,1450000.0,1450000.0,14.9,Open,Not on any supplied list - verify before outreach,Thomas Buschatzke,Water Resources Director,,1-602-771-8426
County of San Diego|CA,County of San Diego,CA,San Diego,San Diego,5530 OVERLAND AVE,92123,32.810983,-117.136812,zip,3338330.0,Large (250k+),1,1,0,1,1,1300000.0,1300000.0,14.6,Open,Not on any supplied list - verify before outreach,,,,
Emerald People's Utility District|OR,Emerald People's Utility District,OR,Unspecified,,33733 Seavey Loop Rd,,,,,,Unknown,1,1,0,0,1,2732272.0,2732272.0,14.5,Open,Not on any supplied list - verify before outreach,Charles Kimball,Board Member,Charles.Kimball@epud.org,+1-541-746-1583
Laguna County Sanitation District|CA,Laguna County Sanitation District,CA,Santa Barbara,Santa Maria,511 LAKESIDE PKWY,93455,34.883589,-120.377957,zip,446499.0,Large (250k+),1,1,0,1,1,1230000.0,1230000.0,14.5,Open,Not on any supplied list - verify before outreach,Mike Prater,Executive Officer,lafco@sblafco.org,1-805-568-3391
City of La Habra|CA,City of La Habra,CA,Orange,La Habra,201 East La Habra Boulevard,90631,33.640302,-117.769442,zip,60513.0,Mid (50-250k),2,1,1,1,1,180000.0,180000.0,14.4,Open,Not on any supplied list - verify before outreach,Mark Compton,Operations Manager,markc@lahabraca.gov,1-562-383-4170
City of Santa Clara|CA,City of Santa Clara,CA,Santa Clara,Santa Clara,1500 Warburton Avenue,95050,37.189396,-121.705327,zip,130365.0,Mid (50-250k),1,1,0,0,1,2663000.0,2663000.0,14.3,Open,Not on any supplied list - verify before outreach,Craig Mobeck,Director of Public Works,cmobeck@santaclaraca.gov,1-408-615-3000
Tamalpais Community Sanitation District|CA,Tamalpais Community Sanitation District,CA,Marin,Mill Valley,"305 Bell Ln, Mill Valley, CA",94941,37.886325,-122.562937,zip,258826.0,Large (250k+),2,1,1,1,1,0.0,0.0,14.0,Open,Not on any supplied list - verify before outreach,Sarah Mehtar,Programs & Finance Manager,smehtar@tamcsd.org,1-415-388-6393
Burney Water District|CA,Burney Water District,CA,Unspecified,,,,,,,,Unknown,1,1,0,1,1,1000000.0,1000000.0,14.0,Open,Not on any supplied list - verify before outreach,Laurie McCollum,PACE Engineering Principal Engineer,lmccollum@paceengineering.us,1-530-244-0202
City of Medford|OR,City of Medford,OR,Jackson,Medford,411 W 8th St,97501,42.482623,-122.72255,zip,83072.0,Mid (50-250k),1,1,0,1,1,1000000.0,1000000.0,14.0,Open,Not on any supplied list - verify before outreach,Kelly Madding,Deputy City Manager,kelly.madding@cityofmedford.org,1-541-774-2100
Capital Area Regional Public Facilities District|WA,Capital Area Regional Public Facilities District,WA,Thurston,Lacey,420 College St. SE,98503,47.026418,-122.796695,zip,51534.0,Mid (50-250k),1,1,0,0,1,2178414.0,2178414.0,13.4,Open,Not on any supplied list - verify before outreach,,,,
Lindsay-Strathmore Irrigation District|CA,Lindsay-Strathmore Irrigation District,CA,Tulare,Lindsay,PO BOX 846,93247,36.073033,-119.129166,zip,466195.0,Large (250k+),1,1,0,0,1,2175000.0,2175000.0,13.4,Open,Not on any supplied list - verify before outreach,Craig Wallace,General Manager,cwallace@lsid.org,
County of Washoe|NV,County of Washoe,NV,Washoe,Reno,PO BOX 11130,89520,40.541218,-119.586934,zip,471519.0,Large (250k+),1,1,0,1,1,600000.0,600000.0,13.2,Open,Not on any supplied list - verify before outreach,Eric Brown,County Manager,ebrown@washoecounty.gov,1-775-328-2000
City of Dayton|OR,City of Dayton,OR,Yamhill,Mcminnville,416 Ferry St,97128,45.187444,-123.237145,zip,2744.0,Rural (<10k),1,0,0,0,1,0.0,0.0,13.0,Open,Not on any supplied list - verify before outreach,Jeremy Caudle,City Manager,jcaudle@daytonoregon.gov,1-503-864-2221
City of Maupin|OR,City of Maupin,OR,Wasco,Maupin,507 Grant Ave,97037,45.155868,-121.338132,zip,441.0,Rural (<10k),1,0,0,0,1,0.0,0.0,13.0,Open,Not on any supplied list - verify before outreach,Gary Burnett,Public Works Supervisor,gburnett@cityofmaupin.org,
City of Pittsburg|CA,City of Pittsburg,CA,Contra Costa,Pittsburg,65 Civic Ave Pittsburg,94565,38.00307,-121.917219,zip,72588.0,Mid (50-250k),1,1,0,1,1,450000.0,450000.0,12.9,Open,Not on any supplied list - verify before outreach,John Samuelson,Director of Public Works,jsamuelson@pittsburgca.gov,1-925-252-4930
County of Maricopa|AZ,County of Maricopa,AZ,Maricopa,Phoenix,301 W JEFFERSON ST,85003,33.276539,-112.18717,zip,4485414.0,Large (250k+),1,1,0,1,0,1900000.0,1900000.0,12.8,Open,Not on any supplied list - verify before outreach,Chris Rodriguez,Project Manager,chris.rodriguez@maricopa.gov,1-602-712-4642
Oro Loma Sanitary District|CA,Oro Loma Sanitary District,CA,Unspecified,San Lorenzo,2655 GRANT AVENUE,94580,37.68123,-122.133825,zip,,Unknown,1,1,0,1,1,221000.0,221000.0,12.4,Open,Not on any supplied list - verify before outreach,Manuel Talledo-Garcia,Operations Manager,manuel@oroloma.org,1-510-481-6962
Denair Community Services District|CA,Denair Community Services District,CA,Stanislaus,Denair,DEBRA SCHROEDER,95316,37.55026,-120.718131,zip,550660.0,Large (250k+),2,2,0,0,0,133900.0,133900.0,12.3,Open,Not on any supplied list - verify before outreach,David Odom,General Manager,dodom@denaircsd.org,1-209-634-4986
Samish Water District|WA,Samish Water District,WA,Whatcom,Bellingham,2195 NULLE RD,98225,48.747687,-122.454297,zip,92314.0,Mid (50-250k),1,1,0,0,1,1596290.0,1596290.0,12.2,Open,Not on any supplied list - verify before outreach,Ken Vogel,District Manager,samishwaterdistrict@comcast.net,1-360-734-5664
City of Salinas|CA,City of Salinas,CA,Monterey,Salinas,200 Lincoln Avenue,93901,36.441768,-121.416603,zip,156259.0,Mid (50-250k),1,1,0,1,1,85000.0,85000.0,12.2,Open,Not on any supplied list - verify before outreach,David Jacobs,Public Works Director,davidj@ci.salinas.ca.us,1-831-758-7241
County of Josephine|OR,County of Josephine,OR,Josephine,Grants Pass,500 NW 6TH ST,97526,42.402144,-123.416119,zip,87487.0,Mid (50-250k),1,1,0,1,1,117000.0,117000.0,12.2,Open,Not on any supplied list - verify before outreach,Sandra Novak,Budget Officer,SNovak@co.josephine.or.us,1-541-474-5253
South Placer Wastewater Authority|CA,South Placer Wastewater Authority,CA,Placer,Roseville,2005 HILLTOP CIR,95747,38.779875,-121.335559,zip,412300.0,Large (250k+),1,1,0,0,1,1540000.0,1540000.0,12.1,Open,Not on any supplied list - verify before outreach,Carie Huff,District Engineer,,1-916-786-8555
Triunfo Water & Sanitation District|CA,Triunfo Water & Sanitation District,CA,Los Angeles,Thousand Oaks,"370 N. Westlake Blvd. Ste. 100, Westlake Village, CA",91362,34.194756,-118.823177,zip,10039107.0,Large (250k+),1,1,0,1,1,63266.0,63266.0,12.1,Open,Not on any supplied list - verify before outreach,,,,
City of San Juan Bautista|CA,City of San Juan Bautista,CA,San Benito,San Juan Bautista,311 2nd St,95045,36.831008,-121.442746,zip,2104.0,Rural (<10k),1,0,1,0,0,0.0,0.0,12.0,Open,Not on any supplied list - verify before outreach,Jerry Sanguinetti,City Engineer,cityengineer@san-juan-bautista.ca.us,1-831-623-4661
Lake Hemet Municipal Water District|CA,Lake Hemet Municipal Water District,CA,Riverside,Hemet,PO BOX 5039,92544,33.617074,-116.786275,zip,85334.0,Mid (50-250k),1,1,0,1,1,25000.0,25000.0,12.0,Open,Not on any supplied list - verify before outreach,Kristen Frankforter,Water Quality Specialist,kfrankforter@lhmwd.org,1-951-658-3241;ext=245
Municipal Water District of Orange County|CA,Municipal Water District of Orange County,CA,Municipal Water District of Orange,Fountain Valley,18700 Ward Street,92708,33.640302,-117.769442,zip,3200000.0,Large (250k+),1,1,0,1,1,0.0,0.0,12.0,Open,Not on any supplied list - verify before outreach,Harvey De La Torre,General Manager,hdelatorre@mwdoc.com,1-714-593-5027
City of Hood River|OR,City of Hood River,OR,Hood River,Hood River,211 2nd St,97031,45.638312,-121.677126,zip,7801.0,Rural (<10k),1,0,1,0,0,0.0,0.0,12.0,Open,Not on any supplied list - verify before outreach,,,,
Sacramento Housing And Redevelopment Agency|CA,Sacramento Housing And Redevelopment Agency,CA,Sacramento,Sacramento,801 12TH ST,95814,38.579055,-121.480905,zip,508529.0,Large (250k+),1,1,0,1,1,0.0,0.0,12.0,Open,Not on any supplied list - verify before outreach,Tracy Knighton,Assistant Director of Administration,tknighton@shra.org,1-916-440-1359
City of Fortuna|CA,City of Fortuna,CA,Humboldt,Fortuna,621 11th Street,95540,40.815265,-123.903317,zip,12259.0,Small (10-50k),1,0,1,0,0,0.0,0.0,12.0,Open,Not on any supplied list - verify before outreach,Brendan Byrd,Public Works Director & City Engineer,bbyrd@ci.fortuna.ca.us,1-707-725-1469
San Pasqual Band of Diegueno Indians|CA,San Pasqual Band of Diegueno Indians,CA,Unspecified,,PO Box 365,,,,,,Unknown,2,2,0,0,0,0.0,0.0,12.0,Open,Not on any supplied list - verify before outreach,Vanessa Raya,Planning Director,vanessar@sanpasqualtribe.org,1-760-651-5161
Whispering Palms Community Services District|CA,Whispering Palms Community Services District,CA,Lake,Encinitas,750 2nd St.,92024,33.054154,-117.250253,zip,64386.0,Mid (50-250k),1,1,0,1,1,0.0,0.0,12.0,Open,Not on any supplied list - verify before outreach,Chuck Duffy,General Manager,cduffy@granada.ca.gov,1-760-479-4125
Coachella Valley Association Of Govts|CA,Coachella Valley Association Of Govts,CA,Riverside,Palm Desert,73-710 FRED WARING DR,92260,33.680623,-116.402695,zip,53275.0,Mid (50-250k),1,1,0,1,1,0.0,0.0,12.0,Open,Not on any supplied list - verify before outreach,Emmanuel Martinez,Program Manager,emartinez@cvag.org,1-760-346-1127
Confederated Tribes of the Umatilla Reservation|OR,Confederated Tribes of the Umatilla Reservation,OR,Unspecified,Pendleton,"46411 Timíne Way, Pendleton, OR",97801,45.711814,-118.637974,zip,,Unknown,1,1,0,0,0,3000000.0,3000000.0,12.0,Open,Not on any supplied list - verify before outreach,Justin Northern,Public Works Director,publicworks@ctuir.org,1-541-429-7507
Clackamas River Water District|OR,Clackamas River Water District,OR,Clackamas,Clackamas,PO BOX 2439,97015,45.415038,-122.499461,zip,,Unknown,1,1,0,0,1,1267000.0,1267000.0,11.5,Open,Not on any supplied list - verify before outreach,Todd Heidgerken,General Manager,theidgerken@crwater.com,1-503-722-9290
County of Spokane|WA,County of Spokane,WA,Spokane,Spokane,1116 W BROADWAY AVE,99260,47.653568,-117.431742,zip,522798.0,Large (250k+),3,1,1,1,0,200000.0,200000.0,11.4,Open,Not on any supplied list - verify before outreach,,,,
County of Mohave|AZ,County of Mohave,AZ,Mohave,Kingman,"700 W. Beale Street, Kingman AZ",86401,35.341456,-114.017106,zip,212181.0,Mid (50-250k),2,1,1,1,0,190000.0,40000.0,11.1,Open,Not on any supplied list - verify before outreach,Laura Skubal,Planning and Zoning Commission Clerk,skubal@mohave.gov,1-928-753-9141
Orovada General Improvement District|NV,Orovada General Improvement District,NV,Unspecified,Orovada,PO BOX 134,89425,41.263287,-118.174506,zip,,Unknown,1,1,0,0,1,845000.0,845000.0,10.7,Open,Not on any supplied list - verify before outreach,Daniel Ferraro,Public Works Director - Humboldt county,daniel.ferraro@humboldtcountynv.gov,1-775-623-6416
City of Folsom|CA,City of Folsom,CA,Sacramento,Folsom,50 Natoma Street,95630,38.594181,-121.310796,zip,81328.0,Mid (50-250k),1,1,0,1,0,768000.0,768000.0,10.5,Open,Not on any supplied list - verify before outreach,Stacey Tamagni,Finance Director,stamagni@folsom.ca.us,1-916-461-6010
North San Mateo County Sanitation District|CA,North San Mateo County Sanitation District,CA,San Mateo,Redwood City,"400 County Center Redwood City, CA",94063,37.490387,-122.212846,zip,767423.0,Large (250k+),1,1,0,0,1,750000.0,750000.0,10.5,Open,Not on any supplied list - verify before outreach,Thomas Piccolotti,Director of Planning,tpiccolotti@dalycity.org,1-650-991-8200
Ventura County Waterworks No. 19|CA,Ventura County Waterworks No. 19,CA,Ventura,Ventura,,93009,34.356248,-119.146228,zip,846006.0,Large (250k+),1,1,0,0,1,600000.0,600000.0,10.2,Open,Not on any supplied list - verify before outreach,Paul Chan,Water & Sanitation Director,paul.chan@venturacounty.gov,+1-805-378-3005
Heceta Water People's Utility District|OR,Heceta Water People's Utility District,OR,Lane,Florence,87845 HIGHWAY 101,97439,44.064723,-123.996747,zip,9151.0,Rural (<10k),1,0,0,0,0,0.0,0.0,10.0,Open,Not on any supplied list - verify before outreach,Carl Neville,General Manager,customer-service@hwpud.com,1-541-997-2446
Emerald Peoples Utility District|OR,Emerald Peoples Utility District,OR,Lane,Eugene,33733 SEAVEY LOOP RD,97405,43.935009,-123.166429,zip,172622.0,Mid (50-250k),1,1,0,0,1,518546.0,518546.0,10.0,Open,Not on any supplied list - verify before outreach,Patti Chappel,Vice President,Patti.Chappel@epud.org,1-541-744-7492
Thurston County Public Utility District 1|WA,Thurston County Public Utility District 1,WA,Thurston,Lacey,"1230 Ruddell Road SE, Lacey, WA",98503,47.026418,-122.796695,zip,290536.0,Large (250k+),1,1,0,1,0,500000.0,500000.0,10.0,Open,Not on any supplied list - verify before outreach,Kim Gubbe,Director of Planning and Compliance,kgubbe@thurstonpud.org,1-360-357-8783
County of Lander|NV,County of Lander,NV,Lander,Battle Mountain,50 STATE ROUTE 305,89820,40.042115,-116.974803,zip,5775.0,Rural (<10k),2,0,0,0,0,3225084.0,0.0,10.0,Open,Not on any supplied list - verify before outreach,Don Price,Public Works Director,dprince@landercountynv.org,1-775-635-2190
City of Fountain Valley|CA,City of Fountain Valley,CA,Orange,Fountain Valley,10200 Slater Avenue,92708,33.640302,-117.769442,zip,55357.0,Mid (50-250k),1,1,0,0,1,511200.0,511200.0,10.0,Open,Not on any supplied list - verify before outreach,,,,
City of Aurora|OR,City of Aurora,OR,Marion,Aurora,21420 Main St NE,97002,45.224241,-122.8198,zip,1039.0,Rural (<10k),1,0,0,0,0,4284203.0,0.0,10.0,Open,Not on any supplied list - verify before outreach,Brian Asher,Mayor,basher@ci.aurora.or.us,1-503-678-1283
Thurston Regional Planning Council|WA,Thurston Regional Planning Council,WA,Thurston,Olympia,601 4th Ave E,98507,46.978118,-122.702393,zip,51534.0,Mid (50-250k),1,1,0,0,1,438320.0,438320.0,9.9,Open,Not on any supplied list - verify before outreach,,,,
Ventura County Waterworks District No. 38|CA,Ventura County Waterworks District No. 38,CA,Ventura,Ventura,,93009,34.356248,-119.146228,zip,846006.0,Large (250k+),1,1,0,0,1,400000.0,400000.0,9.8,Open,Not on any supplied list - verify before outreach,Jeff Palmer,Director of Finance,jeff.palmer@venturacounty.gov,1-805-378-3005
Victor Valley Wastewater Reclamation Authority|CA,Victor Valley Wastewater Reclamation Authority,CA,San Bernardino,Victorville,"20111 Shay Rd., Victorville, CA",92394,34.527103,-115.172471,zip,95750.0,Mid (50-250k),1,1,0,0,1,300000.0,300000.0,9.6,Open,Not on any supplied list - verify before outreach,Darron Poulsen,General Manager,dpoulsen@vvwra.com,1-760-246-8638;ext=282
Rincon Del Diablo Municipal Water District|CA,Rincon Del Diablo Municipal Water District,CA,San Diego,Escondido,1920 N IRIS LN,92026,33.016928,-116.846046,zip,137941.0,Mid (50-250k),1,1,0,0,1,250000.0,250000.0,9.5,Open,Not on any supplied list - verify before outreach,,,,
Costa Mesa Sanitary District|CA,Costa Mesa Sanitary District,CA,Unspecified,Costa Mesa,628 W 19TH STREET,92627,33.685069,-117.763886,zip,,Unknown,1,1,0,1,0,175000.0,175000.0,9.4,Open,Not on any supplied list - verify before outreach,Mark Esquer,District Engineer,mesquer@cmsdca.gov,1-949-645-8400
Saticoy Sanitary District|CA,Saticoy Sanitary District,CA,Ventura,Ventura,1001 PARTRIDGE DR,93003,34.230353,-119.221299,zip,,Unknown,1,1,0,0,1,160000.0,160000.0,9.3,Open,Not on any supplied list - verify before outreach,Gerardo Claudio,Director,,1-805-658-4642
City of Berkeley|CA,City of Berkeley,CA,Alameda,Berkeley,2180 Milvia St,94704,37.866975,-122.256729,zip,121363.0,Mid (50-250k),1,1,0,1,0,150000.0,150000.0,9.3,Open,Not on any supplied list - verify before outreach,Kevin Fong,Director of Information Technology,kfong@berkeleyca.gov,1-510-981-6541
Western Mun Water Dist Of Riverside|CA,Western Mun Water Dist Of Riverside,CA,Unspecified,,14205 Meridian Pkwy,,,,,,Unknown,1,1,0,0,0,1605500.0,1605500.0,9.2,Open,Not on any supplied list - verify before outreach,Veronica Zheng,Director of Finance,,1-951-571-7107
Helendale Community Service District|CA,Helendale Community Service District,CA,San Bernardino,Helendale,"26540 Vista Rd. Helendale, CA",92342,34.496921,-116.378323,zip,,Unknown,1,1,0,0,1,120000.0,120000.0,9.2,Open,Not on any supplied list - verify before outreach,Kimberly Cox,General Manager,kcox@helendalecsd.org,1-760-951-0006
Florin Resource Conservation District|CA,Florin Resource Conservation District,CA,Sacramento,Sacramento,1120 N St.,95814,38.579055,-121.480905,zip,508529.0,Large (250k+),1,1,0,0,1,125000.0,125000.0,9.2,Open,Not on any supplied list - verify before outreach,Ben Voelz,Associate Engineer,bvoelz@egwd.org,1-916-685-3556
City of Richland|WA,City of Richland,WA,Benton,Richland,625 Swift Blvd,99352,46.282031,-119.491659,zip,58225.0,Mid (50-250k),1,1,0,0,1,100000.0,100000.0,9.2,Open,Not on any supplied list - verify before outreach,Sheldon Williamson,Public Works Capital Projects Manager,swilliamson@ci.richland.wa.us,1-509-942-7390
Sweet Springs Water District|CA,Sweet Springs Water District,CA,Unspecified,,17081 CA-116,,,,,,Unknown,1,1,0,0,1,100000.0,100000.0,9.2,Open,Not on any supplied list - verify before outreach,Rich Holmer,Director,rholmer@sweetwatersprings.com,1-707-869-4879
Pebble Beach Community Services District|CA,Pebble Beach Community Services District,CA,Unspecified,Pebble Beach,3101 FOREST LAKE RD,93953,36.5831,-121.936365,zip,,Unknown,1,1,0,0,1,100000.0,100000.0,9.2,Open,Not on any supplied list - verify before outreach,Chris Simmons,Principal Engineer,csimmons@pbcsd.org,1-831-373-1274
Public Utility District No. 1 of Whatcom County|WA,Public Utility District No. 1 of Whatcom County,WA,Whatcom,Bellingham,311 GRAND AVE,98225,48.747687,-122.454297,zip,229247.0,Mid (50-250k),1,1,0,0,1,30000.0,30000.0,9.1,Open,Not on any supplied list - verify before outreach,Christopher Heimgartner,General Manager,generalmanager@pudwhatcom.org,1-360-384-4288;ext=19
West Slope Water District|OR,West Slope Water District,OR,Multnomah,Portland,3105 SW 89th Ave.,97225,45.498473,-122.778659,zip,647805.0,Large (250k+),1,1,0,1,0,40000.0,40000.0,9.1,Open,Not on any supplied list - verify before outreach,Michael Grimm,General Manager,mgrimm@wswd.org,1-503-292-2777
South Feather Water and Power|CA,South Feather Water and Power,CA,Unspecified,Oroville,"2310 Oroville Quincy Hwy

2310 Oroville Quincy Hwy, Oroville, CA",95966,39.463113,-121.417372,zip,,Unknown,1,1,0,0,1,60000.0,60000.0,9.1,Open,Not on any supplied list - verify before outreach,Cheri Richter,Finance Manager,crichter@southfeather.com,1-530-533-4578;ext=01
City of Auburn|WA,City of Auburn,WA,King,Auburn,"25 W Main St, Auburn",98001,47.465495,-121.821908,zip,81464.0,Mid (50-250k),1,1,0,0,1,0.0,0.0,9.0,Open,Not on any supplied list - verify before outreach,Alexandria Teague,Senior Planner,ateague@auburnwa.gov,1-253-931-3003
County of Tulare|CA,County of Tulare,CA,Tulare,Visalia,2800 W BURREL AVE,93291,36.184014,-119.363349,zip,466195.0,Large (250k+),1,1,0,0,1,0.0,0.0,9.0,Open,Not on any supplied list - verify before outreach,Gary Mills,Chief Planner,gmills@tularecounty.ca.gov,
Scotia Community Services District|CA,Scotia Community Services District,CA,Unspecified,Scotia,400 CHURCH ST,95565,40.440193,-124.022847,zip,,Unknown,1,1,0,0,1,0.0,0.0,9.0,Open,Not on any supplied list - verify before outreach,,,,
South County Regional Wastewater Authority|CA,South County Regional Wastewater Authority,CA,Santa Clara,Gilroy,1500 SOUTHSIDE DR,95020,37.023347,-121.493849,zip,59032.0,Mid (50-250k),1,1,0,0,1,0.0,0.0,9.0,Open,Not on any supplied list - verify before outreach,,,,
West Basin Municipal Water District|CA,West Basin Municipal Water District,CA,Los Angeles,Carson,17140 AVALON BLVD,90746,33.859716,-118.255204,zip,91394.0,Mid (50-250k),1,1,0,1,0,0.0,0.0,9.0,Open,Not on any supplied list - verify before outreach,Barkev Meserlian,Executive Manager of Engineering & Operations,barkevm@westbasin.org,1-310-660-6223
West Kern Water District|CA,West Kern Water District,CA,Unspecified,,800 Kern St,,,,,,Unknown,1,1,0,0,1,0.0,0.0,9.0,Open,Not on any supplied list - verify before outreach,Taylor Miller,Assistant to Director of Operations,wkwd@wkwd.org,1-661-763-3151
Cascade Water Alliance|WA,Cascade Water Alliance,WA,King,Bellevue,520 112TH AVE NE,98004,47.615471,-122.207221,zip,144403.0,Mid (50-250k),1,1,0,0,1,0.0,0.0,9.0,Open,Not on any supplied list - verify before outreach,Henry Chen,Engineering & Capital Projects Director,hchen@cascadewater.org,1-425-283-0367
Thermalito Water and Sewer District|CA,Thermalito Water and Sewer District,CA,Unspecified,Oroville,410 GRAND AVE,95965,39.578352,-121.58212,zip,,Unknown,1,1,0,0,1,0.0,0.0,9.0,Open,Not on any supplied list - verify before outreach,,,,
Stanislaus Local Agency Formation Commission|CA,Stanislaus Local Agency Formation Commission,CA,Stanislaus,Modesto,1010 10th St #2100,95354,37.533682,-121.090835,zip,215196.0,Mid (50-250k),1,1,0,1,0,0.0,0.0,9.0,Open,Not on any supplied list - verify before outreach,,,,
Camp Meeker Recreation And Park District|CA,Camp Meeker Recreation And Park District,CA,Sonoma,Camp Meeker,PO BOX 461,95419,38.417883,-122.959401,zip,,Unknown,1,1,0,0,1,0.0,0.0,9.0,Open,Not on any supplied list - verify before outreach,,,,
Yuima Municipal Water District|CA,Yuima Municipal Water District,CA,San Diego,Pauma Valley,PO BOX 177,92061,33.016928,-116.846046,zip,,Unknown,1,1,0,0,1,0.0,0.0,9.0,Open,Not on any supplied list - verify before outreach,Amy Reeh,General Manager,amy@yuimamwd.com,1-760-742-3704
County of Marion|OR,County of Marion,OR,Marion,Salem,PO BOX 14500,97309,44.984465,-122.457024,zip,347818.0,Large (250k+),1,1,0,0,1,0.0,0.0,9.0,Open,Not on any supplied list - verify before outreach,,,,
County of Riverside|CA,County of Riverside,CA,Riverside,Riverside,4080 LEMON ST,92501,33.752886,-116.055617,zip,2470546.0,Large (250k+),1,1,0,0,1,0.0,0.0,9.0,Open,Not on any supplied list - verify before outreach,Peter Aldana,County Clerk,paldana@rivco.org,1-951-955-1069
City of Mt. Angel|OR,City of Mt. Angel,OR,Unspecified,,5 Garfield St,,,,,,Unknown,1,1,0,0,1,0.0,0.0,9.0,Open,Not on any supplied list - verify before outreach,,,,
Reclamation District 784|CA,Reclamation District 784,CA,Yuba,Olivehurst,1594 BROADWAY ST,95961,39.214767,-121.391149,zip,,Unknown,1,1,0,1,0,0.0,0.0,9.0,Open,Not on any supplied list - verify before outreach,,,,
Public Utility District No. 1 of Wahkiakum County|WA,Public Utility District No. 1 of Wahkiakum County,WA,Unspecified,,PO Box 248,,,,,,Unknown,1,1,0,0,1,25000.0,25000.0,9.0,Open,Not on any supplied list - verify before outreach,Shelby Garrett,Director of Finance,sgarrett@wahkiakumpud.org,1-360-795-3266
Puget Sound Regional Council|WA,Puget Sound Regional Council,WA,Unspecified,,1011 Western Ave # 500,,,,,,Unknown,1,1,0,0,1,0.0,0.0,9.0,Open,Not on any supplied list - verify before outreach,,,,
City of Tulare|CA,City of Tulare,CA,Tulare,Tulare,411 East Kern Avenue,93274,36.133527,-119.299856,zip,65496.0,Mid (50-250k),1,1,0,0,1,0.0,0.0,9.0,Open,Not on any supplied list - verify before outreach,Tim Doyle,Water and Wastewater Utility Manager,tdoyle@tulare.ca.gov,1-559-684-4324
Solano County Water Agency|CA,Solano County Water Agency,CA,Solano,Vacaville,810 Vaca Valley Pkwy,95688,38.407405,-122.012778,zip,100670.0,Mid (50-250k),1,1,0,0,1,0.0,0.0,9.0,Open,Not on any supplied list - verify before outreach,Chris Lee,Interim General Manager,clee@scwa2.com,1-707-455-1105
City of Alameda|CA,City of Alameda,CA,Alameda,Alameda,2263 Santa Clara Avenue,94501,37.770563,-122.264779,zip,77624.0,Mid (50-250k),1,1,0,0,1,0.0,0.0,9.0,Open,Not on any supplied list - verify before outreach,Erin Smith,Director of Public Works,esmith@alamedaca.gov,1-510-747-7938
County of Grays Harbor|WA,County of Grays Harbor,WA,Grays Harbor,Montesano,100 W BROADWAY AVE,98563,47.015536,-123.719565,zip,75061.0,Mid (50-250k),1,1,0,0,1,0.0,0.0,9.0,Open,Not on any supplied list - verify before outreach,John Becker,County Engineer,jbecker@graysharbor.us,1-360-249-4222
Antelope Valley-East Kern Water Agency|CA,Antelope Valley-East Kern Water Agency,CA,Unspecified,,"6500 W Ave N,",,,,,,Unknown,1,1,0,0,1,0.0,0.0,9.0,Open,Not on any supplied list - verify before outreach,Jon Bozigian,Operations Manager,,1-661-943-3201
Valley Center Municipal Water District|CA,Valley Center Municipal Water District,CA,San Diego,Valley Center,"29300 Valley Center Rd, Valley Center, CA",92082,33.016928,-116.846046,zip,,Unknown,1,1,0,0,1,0.0,0.0,9.0,Open,Not on any supplied list - verify before outreach,Wally Grabbe,District Engineer,wgrabbe@vcmwd.org,1-760-735-4558
Navajo Tribal Utility Authority|AZ,Navajo Tribal Utility Authority,AZ,Unspecified,,US-163,,,,,,Unknown,1,1,0,0,1,0.0,0.0,9.0,Open,Not on any supplied list - verify before outreach,Rex Kontz,Deputy General Manager,rexk@ntua.com,1-928-729-6275
Montecito Water District|CA,Montecito Water District,CA,Santa Barbara,Santa Barbara,"583 San Ysidro Rd, Montecito, CA",93108,34.437795,-119.615862,zip,91364.0,Mid (50-250k),1,1,0,1,0,0.0,0.0,9.0,Open,Not on any supplied list - verify before outreach,Nicholas Turner,General Manager,nturner@montecitowater.com,1-805-969-2271
City of Woodland|CA,City of Woodland,CA,Yolo,Woodland,300 1st Street,95695,38.74388,-121.915653,zip,60548.0,Mid (50-250k),1,1,0,0,1,0.0,0.0,9.0,Open,Not on any supplied list - verify before outreach,,,,
Fox Canyon Groundwater Management Agency|CA,Fox Canyon Groundwater Management Agency,CA,Ventura,Ventura,800 S VICTORIA AVE,93009,34.356248,-119.146228,zip,846006.0,Large (250k+),1,1,0,0,1,0.0,0.0,9.0,Open,Not on any supplied list - verify before outreach,Tony Trembley,Board Member,tony@tonytrembley.com,
Panther Creek Water District|OR,Panther Creek Water District,OR,Unspecified,Otis,PO BOX 171,97368,45.002157,-123.905622,zip,,Unknown,1,0,1,1,1,11000000.0,0.0,8.0,Open,Not on any supplied list - verify before outreach,Jeremy Moritz,Executive Director,,1-541-484-5331
Seal Rock Water District|OR,Seal Rock Water District,OR,Lincoln,Seal Rock,PO BOX 190,97376,44.487404,-123.956719,zip,,Unknown,1,0,1,1,1,0.0,0.0,8.0,Open,Not on any supplied list - verify before outreach,Adam Denlinger,General Manager,adenlinger@srwd.org,1-541-563-4447
Thurston Public Utility District|WA,Thurston Public Utility District,WA,Thurston,Lacey,"1230 Ruddell Road SE, Lacey, WA",98503,47.026418,-122.796695,zip,290536.0,Large (250k+),1,0,1,1,1,6300000.0,0.0,8.0,Open,Not on any supplied list - verify before outreach,John Weidenfeller,General Manager,jweidenfeller@thurstonpud.org,1-360-357-8783;ext=0110
Tahoe City Public Utility District|CA,Tahoe City Public Utility District,CA,Placer,Auburn,221 Fairway Dr,95603,38.973505,-121.067718,zip,412300.0,Large (250k+),1,0,1,1,1,1478019.0,0.0,8.0,Open,Not on any supplied list - verify before outreach,Tony Laliotis,Director Of Utilities,tlaliotis@tcpud.org,1-530-580-6053
Minden-Gardnerville Sanitation District|NV,Minden-Gardnerville Sanitation District,NV,Unspecified,Minden,PO BOX 568,89423,39.008718,-119.729731,zip,,Unknown,1,0,1,1,1,2500000.0,0.0,8.0,Open,Not on any supplied list - verify before outreach,Peter Baratti,District Manager,pbaratti@MGSDistrict.org,1-775-782-3546
San Gabriel Basin Water Quality Authority|CA,San Gabriel Basin Water Quality Authority,CA,Los Angeles,West Covina,1720 W CAMERON AVE,91790,33.786594,-118.298662,zip,105101.0,Mid (50-250k),1,1,0,0,0,769231.0,769231.0,7.5,Open,Not on any supplied list - verify before outreach,Dan Colby,Assistant Executive Director & Senior Project Manager,dan@wqa.com,1-626-338-5555
Westborough Water District|CA,Westborough Water District,CA,Unspecified,,2263 Westborough Blvd,,,,,,Unknown,1,1,0,0,0,486203.0,486203.0,7.0,Open,Not on any supplied list - verify before outreach,Patricia Mairena,General Manager,pmairena@westboroughwater.org,1-650-589-1435
Ventura County Waterworks District No. 16|CA,Ventura County Waterworks District No. 16,CA,Ventura,Ventura,,93009,34.356248,-119.146228,zip,846006.0,Large (250k+),1,1,0,0,0,200000.0,200000.0,6.4,Open,Not on any supplied list - verify before outreach,Kai Luom,Executive Officer,Kai.Luoma@venturacounty.gov,1-805-654-2576
Golden Hills Community Service District|CA,Golden Hills Community Service District,CA,Unspecified,,21415 Reeves St,,,,,,Unknown,1,1,0,0,0,150000.0,150000.0,6.3,Open,Not on any supplied list - verify before outreach,Joe King,Chairperson of the Board of Directors,gm@ghcsd.com,1-661-822-3064
Public Utility District No. 1 of Kittitas County|WA,Public Utility District No. 1 of Kittitas County,WA,Unspecified,,1400 Vantage Highway,,,,,,Unknown,1,1,0,0,0,144750.0,144750.0,6.3,Open,Not on any supplied list - verify before outreach,Matt Boast,General Manager,mboast@co.kittitas.wa.us,1-509-260-2300;ext=804
Silver Springs Mutual Water Company|NV,Silver Springs Mutual Water Company,NV,Unspecified,,1315 Lahontan St,,,,,,Unknown,1,1,0,0,0,92000.0,92000.0,6.2,Open,Not on any supplied list - verify before outreach,J Keller,President,skeller@silverspringsmwc.com,1-775-577-2223
San Diego County Water Authority|CA,San Diego County Water Authority,CA,San Diego,San Diego,"4677 Overland Ave, San Diego, CA 92123",92123,32.810983,-117.136812,zip,3338330.0,Large (250k+),1,1,0,0,0,50000.0,50000.0,6.1,Open,Not on any supplied list - verify before outreach,Jaymie Bradford,Assistant General Manager,jnunez@sdcwa.org,1-858-522-6600
Tolowa Dee-ni' Nation|CA,Tolowa Dee-ni' Nation,CA,Unspecified,Smith River,"12801 Mouth of Smith River Rd

12801 Mouth of Smith River Rd, Smith River, CA",95567,41.925977,-124.159812,zip,,Unknown,1,1,0,0,0,0.0,0.0,6.0,Open,Not on any supplied list - verify before outreach,Frank Ault,Utility Operator,frank.ault@tolowa.com,1-707-954-6955
Fieldbrook Community Services District|CA,Fieldbrook Community Services District,CA,Unspecified,Mckinleyville,4584 FIELDBROOK RD,95519,40.708094,-123.976234,zip,,Unknown,1,1,0,0,0,0.0,0.0,6.0,Open,Not on any supplied list - verify before outreach,,,,
Westhaven Community Services District|CA,Westhaven Community Services District,CA,Unspecified,Trinidad,PO BOX 2015,95570,40.982322,-124.125506,zip,,Unknown,1,1,0,0,0,0.0,0.0,6.0,Open,Not on any supplied list - verify before outreach,Antonio Llanos,District President,wcsd@suddenlinkmail.com,
Stallion Springs Community Services District|CA,Stallion Springs Community Services District,CA,Unspecified,,27800 Stallion Springs Dr,,,,,,Unknown,1,1,0,0,0,0.0,0.0,6.0,Open,Not on any supplied list - verify before outreach,,,,
Stagecoach General Improvement District|NV,Stagecoach General Improvement District,NV,Lyon,Silver Springs,"5000 Navajo Trail, Stagecoach, NV",89429,39.439405,-119.391468,zip,,Unknown,1,1,0,0,0,0.0,0.0,6.0,Open,Not on any supplied list - verify before outreach,,,,
Vaughn Water Company|CA,Vaughn Water Company,CA,Kern,Bakersfield,10014 Glenn Street,93312,35.240577,-118.917413,zip,55000.0,Mid (50-250k),1,1,0,0,0,0.0,0.0,6.0,Open,Not on any supplied list - verify before outreach,Van Grayer,General Manager,van@vaughnwater.org,1-661-589-2931
Vandenberg Village Community Services District|CA,Vandenberg Village Community Services District,CA,Santa Barbara,Lompoc,3757 CONSTELLATION ROAD,93436,34.629464,-120.336594,zip,446499.0,Large (250k+),1,1,0,0,0,0.0,0.0,6.0,Open,Not on any supplied list - verify before outreach,Joe Barget,General Manager,jbarget@vvcsd.org,1-805-733-2475
Board of Water Supply|HI,Board of Water Supply,HI,Unspecified,,630 S Beretania St.,,,,,,Unknown,1,1,0,0,0,0.0,0.0,6.0,Open,Not on any supplied list - verify before outreach,Ernest Lau,Manager and Chief Engineer,elau@hbws.org,1-808-748-5061
Tahoe-Truckee Sanitation Agency|CA,Tahoe-Truckee Sanitation Agency,CA,Unspecified,,13720 Butterfield Dr,,,,,,Unknown,1,1,0,0,0,0.0,0.0,6.0,Open,Not on any supplied list - verify before outreach,Michael Peak,Operations Department Manager,mpeak@ttsa.net,1-530-587-2525
Central Oregon Intergovernmental Council|OR,Central Oregon Intergovernmental Council,OR,Deschutes,,710 NW Wall St,97703,43.80528472727271,-120.51736112121213,zip3,100421.0,Mid (50-250k),1,1,0,0,0,0.0,0.0,6.0,Open,Not on any supplied list - verify before outreach,Michelle Williams,Fiscal Services Manager and Deputy Director,michellew@coic.org,1-541-504-3303
Carlyon Beach Homeowners Association|WA,Carlyon Beach Homeowners Association,WA,Unspecified,,2719 Island Dr NW,,,,,,Unknown,1,1,0,0,0,21000.0,21000.0,6.0,Open,Not on any supplied list - verify before outreach,Sandra Marsh,Secretary,secretary@carlyonbeachhoa.com,1-360-866-0717
Lake Oroville Area Public Utilities District|CA,Lake Oroville Area Public Utilities District,CA,Butte,Oroville,"1960 Elgin St, Oroville, CA",95966,39.463113,-121.417372,zip,219186.0,Mid (50-250k),1,1,0,0,0,0.0,0.0,6.0,Open,Not on any supplied list - verify before outreach,Robert Marciniak,President,info@loapud.com,1-530-533-2000
Helendale Community Services District|CA,Helendale Community Services District,CA,San Bernardino,Helendale,"26540 Vista Rd. Helendale, CA",92342,34.496921,-116.378323,zip,,Unknown,1,1,0,0,0,0.0,0.0,6.0,Open,Not on any supplied list - verify before outreach,Kimberley Cox,General Manager,kcox@helendalecsd.org,
Foresthill Public Utility District|CA,Foresthill Public Utility District,CA,Placer,Foresthill,PO BOX 266,95631,39.024453,-120.862663,zip,412300.0,Large (250k+),1,1,0,0,0,0.0,0.0,6.0,Open,Not on any supplied list - verify before outreach,Hank White,General Manager,gm@foresthillpud.com,1-530-367-2511
County of Whatcom|WA,County of Whatcom,WA,Whatcom,Bellingham,311 GRAND AVE,98225,48.747687,-122.454297,zip,229247.0,Mid (50-250k),1,1,0,0,0,0.0,0.0,6.0,Open,Not on any supplied list - verify before outreach,Elizabeth Kosa,Public Works Director,PublicWorks@co.whatcom.wa.us,1-360-778-9068
City of Pomona|CA,City of Pomona,CA,Los Angeles,Pomona,505 South Garey Avenue,91766,33.786594,-118.298662,zip,152361.0,Mid (50-250k),1,1,0,0,0,0.0,0.0,6.0,Open,Not on any supplied list - verify before outreach,Anita D. Scott,City Manager,,1-909-620-2051
Alpine Springs Water District|CA,Alpine Springs Water District,CA,Unspecified,Olympic Valley,270 ALPINE MEADOWS RD,96146,39.175186,-120.19544,zip,,Unknown,1,1,0,0,0,0.0,0.0,6.0,Open,Not on any supplied list - verify before outreach,,,,
Del Paso Manor Co Water Dist|CA,Del Paso Manor Co Water Dist,CA,Sacramento,Sacramento,4268 LUSK DR,95864,38.586554,-121.379467,zip,508529.0,Large (250k+),1,1,0,0,0,0.0,0.0,6.0,Open,Not on any supplied list - verify before outreach,,,,
Hawaiian Electric Company|HI,Hawaiian Electric Company,HI,Honolulu,Honolulu,"1001 Bishop St Suite 2900 Honolulu, HI 96813",96813,24.859832,-168.021815,zip,,Unknown,1,1,0,0,0,0.0,0.0,6.0,Open,Not on any supplied list - verify before outreach,Shelee M. T. Kimura,President and Chief Executive Officer,CI@hawaiianelectric.com,1-808-548-7311
Rockwood Water People's Utility District|OR,Rockwood Water People's Utility District,OR,Multnomah,Portland,"19601 NE Halsey St, Portland, OR",97230,45.547173,-122.500053,zip,647805.0,Large (250k+),1,1,0,0,0,0.0,0.0,6.0,Open,Not on any supplied list - verify before outreach,Jeremy Hudson,District Engineer,jhudson@rwpud.org,1-503-665-4179
Rubio Canon Land and Water Association|CA,Rubio Canon Land and Water Association,CA,Unspecified,,583 E Sacramento St,,,,,,Unknown,1,1,0,0,0,0.0,0.0,6.0,Open,Not on any supplied list - verify before outreach,Armando De La Paz,Assistant General Manager,armando@rclwa.org,1-626-797-0509
Medford Water Commission|OR,Medford Water Commission,OR,Unspecified,,200 S Ivy St,,,,,,Unknown,1,1,0,0,0,0.0,0.0,6.0,Open,Not on any supplied list - verify before outreach,Brad Taylor,General Manager,brtaylor@medfordwater.org,1-541-774-2440
Lummi Nation|WA,Lummi Nation,WA,Whatcom,Bellingham,"210 Lottie Street, Bellingham, WA",98225,48.747687,-122.454297,zip,92314.0,Mid (50-250k),1,0,0,1,1,3410000.0,0.0,6.0,Open,Not on any supplied list - verify before outreach,Justina Taylor,"Executive Assistant, Water and Sewer District",justinat@lummi-nsn.gov,
L. A. Water Cooperative|OR,L. A. Water Cooperative,OR,Unspecified,,23055 NE Albertson Rd,,,,,,Unknown,1,1,0,0,0,0.0,0.0,6.0,Open,Not on any supplied list - verify before outreach,Jason Bayne,Operations Manager,jason.bayne@lawatercoop.org,
City of Tucson|AZ,City of Tucson,AZ,Pima,Tucson,255 W Alameda St,85701,32.217975,-110.970869,zip,541482.0,Large (250k+),2,0,0,2,0,86000000.0,0.0,6.0,Open,Not on any supplied list - verify before outreach,Silvia Amparano,Deputy Director of Tucson Water,silvia.amparano@tucsonaz.gov,1-520-837-4444
North Marin County Water District|CA,North Marin County Water District,CA,Unspecified,Novato,999 Rush Creek Pl,94945,38.027654,-122.540951,zip,,Unknown,1,1,0,0,0,0.0,0.0,6.0,Open,Not on any supplied list - verify before outreach,,,,
Apple Valley Heights County Water Dist|CA,Apple Valley Heights County Water Dist,CA,San Bernardino,Apple Valley,9429 CERRA VISTA ST,92308,34.450143,-116.726751,zip,73453.0,Mid (50-250k),1,1,0,0,0,0.0,0.0,6.0,Open,Not on any supplied list - verify before outreach,Daniel Smith,General Manager,dsmith.avhcwd@gmail.com,1-760-247-7330
Hillsboro-Forest Grove-Beaverton Joint Water Commission|OR,Hillsboro-Forest Grove-Beaverton Joint Water Commission,OR,Washington,Hillsboro,150 E MAIN ST,97123,45.458397,-122.977963,zip,109128.0,Mid (50-250k),1,1,0,0,0,0.0,0.0,6.0,Open,Not on any supplied list - verify before outreach,,,,
City of Fullerton|CA,City of Fullerton,CA,Orange,Fullerton,303 West Commonwealth Avenue,92832,33.640302,-117.769442,zip,138632.0,Mid (50-250k),1,0,0,1,1,1400000.0,0.0,6.0,Open,Not on any supplied list - verify before outreach,Stephen Bise,Public Works Director,Stephen.Bise@cityoffullerton.com,1-714-738-6300
"Golden Gate Bridge, Highway and Transportation District|CA","Golden Gate Bridge, Highway and Transportation District",CA,Unspecified,,1011 Andersen Dr,,,,,,Unknown,1,0,1,1,0,0.0,0.0,5.0,Open,Not on any supplied list - verify before outreach,Denis Mulligan,General Manager,dmulligan@goldengate.org,1-415-461-7562
Walker Lake (Water) General Improvement District|NV,Walker Lake (Water) General Improvement District,NV,Mineral,Hawthorne,271 ROARK DR,89415,38.576848,-118.690644,zip,,Unknown,1,0,1,1,0,16269000.0,0.0,5.0,Open,Not on any supplied list - verify before outreach,Peter Stanton,Chief Executive Officer,info@walkerlake.gid.com,1-775-945-2088
Fair Oaks Water District|CA,Fair Oaks Water District,CA,Sacramento,Fair Oaks,10326 FAIR OAKS BLVD,95628,38.655263,-121.260709,zip,1552058.0,Large (250k+),1,0,1,1,0,753800.0,0.0,5.0,Open,Not on any supplied list - verify before outreach,Chris Petersen,President,boardofdirectors@fowd.com,1-916-967-5723
Arch Cape Domestic Water Supply District|OR,Arch Cape Domestic Water Supply District,OR,Clatsop,Arch Cape,32065 E SHINGLE MILL LN,97102,45.810934,-123.962989,zip,,Unknown,1,0,1,1,0,40500.0,0.0,5.0,Open,Not on any supplied list - verify before outreach,Sam Garrison,Board Member,sgarrisonacutil@gmail.com,1-503-436-2790
Tri-City Regional Sanitary District|AZ,Tri-City Regional Sanitary District,AZ,Gila,Claypool,PO BOX 2198,85532,33.415409,-110.814893,zip,,Unknown,1,0,1,1,0,0.0,0.0,5.0,Open,Not on any supplied list - verify before outreach,Mary Anne Moreno,Secretary,mamoreno41@gmail.com,
Ross Valley Sanitary District|CA,Ross Valley Sanitary District,CA,Unspecified,San Rafael,"2960 Kerner Blvd, San Rafael, CA",94901,37.970948,-122.504286,zip,,Unknown,2,0,1,1,0,0.0,0.0,5.0,Open,Not on any supplied list - verify before outreach,Josh Hill,Operations and Maintenance Supervisor,jhill@rvsd.org,1-415-870-9767
Rainbow Water District|OR,Rainbow Water District,OR,Unspecified,,1550 N 42nd St,,,,,,Unknown,1,0,1,1,0,35000.0,0.0,5.0,Open,Not on any supplied list - verify before outreach,Eric Carlson,Assistant Superintendent,eric@rwdonline.net,1-541-746-1676
Hoh Indian Tribe|WA,Hoh Indian Tribe,WA,Unspecified,Forks,PO Box 2196,98331,47.976301,-124.369332,zip,,Unknown,1,0,1,1,0,0.0,0.0,5.0,Open,Not on any supplied list - verify before outreach,Maria Lopez,Board Vice Chairwoman,maria.lopez@hohtribe-nsn.org,1-360-780-0747
City of Beaumont|CA,City of Beaumont,CA,Riverside,Beaumont,550 East 6th Street,92223,33.92703,-116.954753,zip,55000.0,Mid (50-250k),1,0,1,1,0,0.0,0.0,5.0,Open,Not on any supplied list - verify before outreach,Jennifer Ustation,Finance Director,justation@beaumontca.gov,1-951-572-3236
Golden State Water Company|CA,Golden State Water Company,CA,Los Angeles,Los Angeles,1700 W 162nd St,90012,33.786594,-118.298662,zip,59329.0,Mid (50-250k),1,0,0,0,1,0.0,0.0,3.0,Open,Not on any supplied list - verify before outreach,Paul Schubert,General Manager,pschubert@gswater.com,
City of Richmond|CA,City of Richmond,CA,Contra Costa,Richmond,450 Civic Center Plaza,94804,37.925174,-122.344381,zip,110567.0,Mid (50-250k),1,0,1,0,0,0.0,0.0,2.0,Open,Not on any supplied list - verify before outreach,,,,
City of Fontana|CA,City of Fontana,CA,San Bernardino,Fontana,8353 Sierra Avenue,92335,34.159844,-114.301225,zip,214547.0,Mid (50-250k),1,0,1,0,0,0.0,0.0,2.0,Open,Not on any supplied list - verify before outreach,Gia Kim,Public Works Director / City Engineer,gkim@fontana.org,1-909-350-6760
Encina Wastewater Authority|CA,Encina Wastewater Authority,CA,San Diego,Carlsbad,6200 AVENIDA ENCINAS,92011,33.1,-117.29,zip,3338330.0,Large (250k+),1,0,1,0,0,0.0,0.0,2.0,Open,Not on any supplied list - verify before outreach,Michael Steinlicht,General Manager,msteinlicht@encinajpa.com,1-760-438-3941
West Valley Sanitary District|CA,West Valley Sanitary District,CA,Unspecified,Campbell,"100 E Sunnyoaks Ave, Campbell, CA",95008,37.189396,-121.705327,zip,,Unknown,1,0,0,0,0,0.0,0.0,0.0,Open,Not on any supplied list - verify before outreach,Jon Newby,District Manager & Engineer,jnewby@westvalleysan.org,1-408-378-2407;ext=103
County of San Joaquin|CA,County of San Joaquin,CA,San Joaquin,Stockton,222 E WEBER AVE,95202,37.958573,-121.289206,zip,762148.0,Large (250k+),1,0,0,0,0,0.0,0.0,0.0,Open,Not on any supplied list - verify before outreach,Fritz Buchman,Director of Public Works,fbuchman@sjgov.org,1-209-468-3000
San Bernardino County Transportation Commission|CA,San Bernardino County Transportation Commission,CA,Unspecified,San Bernardino,"1170 W. Third Street, San Bernardino, CA",92410,34.095956,-116.479963,zip,,Unknown,1,0,0,0,0,0.0,0.0,0.0,Open,Not on any supplied list - verify before outreach,Bea Lint,Planning Commission Chairperson,blint@barstowca.org,
